Timestamp,CI,II,PI,ADI,Robot_X,Robot_Y,Robot_Theta
1742113854.7959611,0.0,0.0,0.0,0.0,0.0,0.0,0.0
1742113854.8958697,0.0,0.0,0.0,0.0,0.0,0.0,0.0
1742113854.9958856,0.0,0.0,0.0,0.0,0.0,0.0,0.0
1742113855.0978186,0.0,0.0,0.0,0.0,0.0,0.0,0.0
1742113855.1958518,0.0,0.0,0.0,0.0,0.0,0.0,0.0
1742113855.2958503,0.0,0.0,0.0,0.0,0.0,0.0,0.0
1742113855.3978179,0.0,0.0,0.0,0.0,0.0,0.0,0.0
1742113855.495797,0.0,0.0,0.0,0.0,0.0,0.0,0.0
1742113855.5958676,0.0,0.0,0.0,0.0,0.0,0.0,0.0
1742113855.6959019,0.0,0.0,0.0,0.0,0.0,0.0,0.0
1742113855.7958944,0.0,0.0,0.0,0.0,0.0,0.0,0.0
1742113855.896798,0.0,0.0,0.0,0.0,0.0,0.0,0.0
1742113855.9958725,0.0,0.0,0.0,0.0,0.0,0.0,0.0
1742113856.095952,0.0,0.0,0.0,0.0,0.0,0.0,0.0
1742113856.195914,0.0,0.0,0.0,0.0,0.0,0.0,0.0
1742113856.30584,0.0,0.0,0.0,0.0,0.0,0.0,0.0
1742113856.3959084,0.0,0.0,0.0,0.0,0.0,0.0,0.0
1742113856.4958353,0.0,0.0,0.0,0.0,0.0,0.0,0.0
1742113856.5958445,0.0,0.0,0.0,0.0,0.0,0.0,0.0
1742113856.6958263,0.0,0.0,0.0,0.0,0.0,0.0,0.0
1742113856.7959163,0.0,0.0,0.0,0.0,0.0,0.0,0.0
1742113856.8964074,0.0,0.0,0.0,0.0,0.0,0.0,0.0
1742113856.995852,0.0,0.0,0.0,0.0,0.0,0.0,0.0
1742113857.0995145,0.0,0.0,0.0,0.0,0.0,0.0,0.0
1742113857.1959038,0.0,0.0,0.0,0.0,0.0,0.0,0.0
1742113857.2962012,0.0,0.0,0.0,0.0,0.0,0.0,0.0
1742113857.3988457,0.0,0.0,0.0,0.0,0.0,0.0,0.0
1742113857.4959023,0.0,0.0,0.0,0.0,0.0,0.0,0.0
1742113857.5959742,0.0,0.0,0.0,0.0,0.0,0.0,0.0
1742113857.6974163,0.0,0.0,0.0,0.0,0.0,0.0,0.0
1742113857.7959871,0.0,0.0,0.0,0.0,0.0,0.0,0.0
1742113857.9044664,0.0,0.0,0.0,0.0,0.0,0.0,0.0
1742113857.9961417,0.0,0.0,0.0,0.0,0.0,0.0,0.0
1742113858.096013,0.0,0.0,0.0,0.0,0.0,0.0,0.0
1742113858.1958945,0.0,0.0,0.0,0.0,0.0,0.0,0.0
1742113858.2961662,0.0,0.0,0.0,0.0,0.0,0.0,0.0
1742113858.3958433,0.0,0.0,0.0,0.0,0.0,0.0,0.0
1742113858.4958954,0.0,0.0,0.0,0.0,0.0,0.0,0.0
1742113858.597101,0.0,0.0,0.0,0.0,0.0,0.0,0.0
1742113858.6974387,0.0,0.0,0.0,0.0,0.0,0.0,0.0
1742113858.7959118,0.0,0.0,0.0,0.0,0.0,0.0,0.0
1742113858.8959963,0.0,0.0,0.0,0.0,0.0,0.0,0.0
1742113858.9958422,0.0,0.0,0.0,0.0,0.0,0.0,0.0
1742113859.0958989,0.0,0.0,0.0,0.0,0.0,0.0,0.0
1742113859.1963267,0.0,0.0,0.0,0.0,0.0,0.0,0.0
1742113859.299258,0.0,0.0,0.0,0.0,0.0,0.0,0.0
1742113859.395896,0.0,0.0,0.0,0.0,0.0,0.0,0.0
1742113859.4958959,0.0,0.0,0.0,0.0,0.0,0.0,0.0
1742113859.5959044,0.0,0.0,0.0,0.0,0.0,0.0,0.0
1742113859.6958582,0.0,0.0,0.0,0.0,0.0,0.0,0.0
1742113859.7958887,0.0,0.0,0.0,0.0,0.0,0.0,0.0
1742113859.895883,0.0,0.0,0.0,0.0,0.0,0.0,0.0
1742113859.9966683,0.0,0.0,0.0,0.0,0.0,0.0,0.0
1742113860.0961041,0.0,0.0,0.0,0.0,0.0,0.0,0.0
1742113860.1960921,0.0,0.0,0.0,0.0,0.0,0.0,0.0
1742113860.298331,0.0,0.0,0.0,0.0,0.0,0.0,0.0
1742113860.3959525,0.0,0.0,0.0,0.0,0.0,0.0,0.0
1742113860.4959102,0.0,0.0,0.0,0.0,0.0,0.0,0.0
1742113860.5976803,0.0,0.0,0.0,0.0,0.0,0.0,0.0
1742113860.6958644,0.0,0.0,0.0,0.0,0.0,0.0,0.0
1742113860.795852,0.0,0.0,0.0,0.0,0.0,0.0,0.0
1742113860.8959055,0.0,0.0,0.0,0.0,0.0,0.0,0.0
1742113860.995862,0.0,0.0,0.0,0.0,0.0,0.0,0.0
1742113861.095891,0.0,0.0,0.0,0.0,0.0,0.0,0.0
1742113861.195929,0.0,0.0,0.0,0.0,0.0,0.0,0.0
1742113861.2996373,0.0,0.0,0.0,0.0,0.0,0.0,0.0
1742113861.395907,0.0,0.0,0.0,0.0,0.0,0.0,0.0
1742113861.4958975,0.0,0.0,0.0,0.0,0.0,0.0,0.0
1742113861.595853,0.0,0.0,0.0,0.0,0.0,0.0,0.0
1742113861.6959088,0.0,0.0,0.0,0.0,0.0,0.0,0.0
1742113861.799782,0.0,0.0,0.0,0.0,0.0,0.0,0.0
1742113861.8978732,0.0,0.0,0.0,0.0,0.0,0.0,0.0
1742113861.9961746,0.0,0.0,0.0,0.0,0.0,0.0,0.0
1742113862.0986526,0.0,0.0,0.0,0.0,0.0,0.0,0.0
1742113862.195898,0.0,0.0,0.0,0.0,0.0,0.0,0.0
1742113862.2958891,0.0,0.0,0.0,0.0,0.0,0.0,0.0
1742113862.3958967,0.0,0.0,0.0,0.0,0.0,0.0,0.0
1742113862.4959543,0.0,0.0,0.0,0.0,0.0,0.0,0.0
1742113862.5967019,0.0,0.0,0.0,0.0,0.0,0.0,0.0
1742113862.695984,0.0,0.0,0.0,0.0,0.0,0.0,0.0
1742113862.79598,0.0,0.0,0.0,0.0,0.0,0.0,0.0
1742113862.8959675,0.0,0.0,0.0,0.0,0.0,0.0,0.0
1742113862.9959254,0.0,0.0,0.0,0.0,0.0,0.0,0.0
1742113863.0958557,0.0,0.0,0.0,0.0,0.0,0.0,0.0
1742113863.1958468,0.0,0.0,0.0,0.0,0.0,0.0,0.0
1742113863.2959285,0.0,0.0,0.0,0.0,0.0,0.0,0.0
1742113863.395929,0.0,0.0,0.0,0.0,0.0,0.0,0.0
1742113863.4959395,0.0,0.0,0.0,0.0,0.0,0.0,0.0
1742113863.5960438,0.0,0.0,0.0,0.0,0.0,0.0,0.0
1742113863.6976497,0.0,0.0,0.0,0.0,0.0,0.0,0.0
1742113863.7961318,0.0,0.0,0.0,0.0,0.0,0.0,0.0
1742113863.8962667,0.0,0.0,0.0,0.0,0.0,0.0,0.0
1742113863.995919,0.0,0.0,0.0,0.0,0.0,0.0,0.0
1742113864.0959532,0.0,0.0,0.0,0.0,0.0,0.0,0.0
1742113864.1959267,0.0,0.0,0.0,0.0,0.0,0.0,0.0
1742113864.2959197,0.0,0.0,0.0,0.0,0.0,0.0,0.0
1742113864.395881,0.0,0.0,0.0,0.0,0.0,0.0,0.0
1742113864.4958541,0.0,0.0,0.0,0.0,0.0,0.0,0.0
1742113864.5958548,0.0,0.0,0.0,0.0,0.0,0.0,0.0
1742113864.7029333,0.0,0.0,0.0,0.0,0.0,0.0,0.0
1742113864.800305,0.0,0.0,0.0,0.0,0.0,0.0,0.0
1742113864.8959103,0.0,0.0,0.0,0.0,0.0,0.0,0.0
1742113864.9958873,0.0,0.0,0.0,0.0,0.0,0.0,0.0
1742113865.0958917,0.0,0.0,0.0,0.0,0.0,0.0,0.0
1742113865.195886,0.0,0.0,0.0,0.0,0.0,0.0,0.0
1742113865.295939,0.0,0.0,0.0,0.0,0.0,0.0,0.0
1742113865.3958366,0.0,0.0,0.0,0.0,0.0,0.0,0.0
1742113865.4988236,0.0,0.0,0.0,0.0,0.0,0.0,0.0
1742113865.5967355,0.0,0.0,0.0,0.0,0.0,0.0,0.0
1742113865.6962304,0.0,0.0,0.0,0.0,0.0,0.0,0.0
1742113865.7958639,0.0,0.0,0.0,0.0,0.0,0.0,0.0
1742113865.8958433,0.0,0.0,0.0,0.0,0.0,0.0,0.0
1742113865.996342,0.0,0.0,0.0,0.0,0.0,0.0,0.0
1742113866.0958245,0.0,0.0,0.0,0.0,0.0,0.0,0.0
1742113866.204721,0.0,0.0,0.0,0.0,0.0,0.0,0.0
1742113866.2959192,0.0,0.0,0.0,0.0,0.0,0.0,0.0
1742113866.3958645,0.0,0.0,0.0,0.0,0.0,0.0,0.0
1742113866.4959173,0.0,0.0,0.0,0.0,0.0,0.0,0.0
1742113866.5959783,0.0,0.0,0.0,0.0,0.0,0.0,0.0
1742113866.696296,0.0,0.0,0.0,0.0,0.0,0.0,0.0
1742113866.7958949,0.0,0.0,0.0,0.0,0.0,0.0,0.0
1742113866.8959515,0.0,0.0,0.0,0.0,0.0,0.0,0.0
1742113866.995872,0.0,0.0,0.0,0.0,0.0,0.0,0.0
1742113867.0959034,0.0,0.0,0.0,0.0,0.0,0.0,0.0
1742113867.195855,0.0,0.0,0.0,0.0,0.0,0.0,0.0
1742113867.2964678,0.0,0.0,0.0,0.0,0.0,0.0,0.0
1742113867.3958526,0.0,0.0,0.0,0.0,0.0,0.0,0.0
1742113867.4959455,0.0,0.0,0.0,0.0,0.0,0.0,0.0
1742113867.5958867,0.0,0.0,0.0,0.0,0.0,0.0,0.0
1742113867.6959045,0.0,0.0,0.0,0.0,0.0,0.0,0.0
1742113867.80168,0.0,0.0,0.0,0.0,0.0,0.0,0.0
1742113867.8970895,0.0,0.0,0.0,0.0,0.0,0.0,0.0
1742113867.9976354,0.0,0.0,0.0,0.0,0.0,0.0,0.0
1742113868.095928,0.0,0.0,0.0,0.0,0.0,0.0,0.0
1742113868.1958532,0.0,0.0,0.0,0.0,0.0,0.0,0.0
1742113868.2958963,0.0,0.0,0.0,0.0,0.0,0.0,0.0
1742113868.3958852,0.0,0.0,0.0,0.0,0.0,0.0,0.0
1742113868.4959009,0.0,0.0,0.0,0.0,0.0,0.0,0.0
1742113868.5958707,0.0,0.0,0.0,0.0,0.0,0.0,0.0
1742113868.695862,0.0,0.0,0.0,0.0,0.0,0.0,0.0
1742113868.7958896,0.0,0.0,0.0,0.0,0.0,0.0,0.0
1742113868.895898,0.0,0.0,0.0,0.0,0.0,0.0,0.0
1742113868.9958432,0.0,0.0,0.0,0.0,0.0,0.0,0.0
1742113869.0959234,0.0,0.0,0.0,0.0,0.0,0.0,0.0
1742113869.1958537,0.0,0.0,0.0,0.0,0.0,0.0,0.0
1742113869.2958982,0.0,0.0,0.0,0.0,0.0,0.0,0.0
1742113869.3959043,0.0,0.0,0.0,0.0,0.0,0.0,0.0
1742113869.4982543,0.0,0.0,0.0,0.0,0.0,0.0,0.0
1742113869.5959125,0.0,0.0,0.0,0.0,0.0,0.0,0.0
1742113869.6959217,0.0,0.0,0.0,0.0,0.0,0.0,0.0
1742113869.7959106,0.0,0.0,0.0,0.0,0.0,0.0,0.0
1742113869.8959017,0.0,0.0,0.0,0.0,0.0,0.0,0.0
1742113869.9972012,0.0,0.0,0.0,0.0,0.0,0.0,0.0
1742113870.0958912,0.0,0.0,0.0,0.0,0.0,0.0,0.0
1742113870.1958811,0.0,0.0,0.0,0.0,0.0,0.0,0.0
1742113870.2958343,0.0,0.0,0.0,0.0,0.0,0.0,0.0
1742113870.401543,0.0,0.0,0.0,0.0,0.0,0.0,0.0
1742113870.4967062,0.0,0.0,0.0,0.0,0.0,0.0,0.0
1742113870.5958424,0.0,0.0,0.0,0.0,0.0,0.0,0.0
1742113870.6958265,0.0,0.0,0.0,0.0,0.0,0.0,0.0
1742113870.795844,0.0,0.0,0.0,0.0,0.0,0.0,0.0
1742113870.8979845,0.0,0.0,0.0,0.0,0.0,0.0,0.0
1742113870.9959242,0.0,0.0,0.0,0.0,0.0,0.0,0.0
1742113871.0965054,0.0,0.0,0.0,0.0,0.0,0.0,0.0
1742113871.1958904,0.0,0.0,0.0,0.0,0.0,0.0,0.0
1742113871.2958915,0.0,0.0,0.0,0.0,0.0,0.0,0.0
1742113871.3959472,0.0,0.0,0.0,0.0,0.0,0.0,0.0
1742113871.4958737,0.0,0.0,0.0,0.0,0.0,0.0,0.0
1742113871.595896,0.0,0.0,0.0,0.0,0.0,0.0,0.0
1742113871.6958716,0.0,0.0,0.0,0.0,0.0,0.0,0.0
1742113871.797672,0.0,0.0,0.0,0.0,0.0,0.0,0.0
1742113871.8980367,0.0,0.0,0.0,0.0,0.0,0.0,0.0
1742113871.9958396,0.0,0.0,0.0,0.0,0.0,0.0,0.0
1742113872.0959013,0.0,0.0,0.0,0.0,0.0,0.0,0.0
1742113872.195873,0.0,0.0,0.0,0.0,0.0,0.0,0.0
1742113872.2958772,0.0,0.0,0.0,0.0,0.0,0.0,0.0
1742113872.3972106,0.0,0.0,0.0,0.0,0.0,0.0,0.0
1742113872.4958591,0.0,0.0,0.0,0.0,0.0,0.0,0.0
1742113872.599455,0.0,0.0,0.0,0.0,0.0,0.0,0.0
1742113872.695887,0.0,0.0,0.0,0.0,0.0,0.0,0.0
1742113872.8009813,0.0,0.0,0.0,0.0,0.0,0.0,0.0
1742113872.8959155,0.0,0.0,0.0,0.0,0.0,0.0,0.0
1742113872.9958785,0.0,0.0,0.0,0.0,0.0,0.0,0.0
1742113873.0989912,0.0,0.0,0.0,0.0,0.0,0.0,0.0
1742113873.1958933,0.0,0.0,0.0,0.0,0.0,0.0,0.0
1742113873.2958477,0.0,0.0,0.0,0.0,0.0,0.0,0.0
1742113873.3959372,0.0,0.0,0.0,0.0,0.0,0.0,0.0
1742113873.4958947,0.0,0.0,0.0,0.0,0.0,0.0,0.0
1742113873.5958343,0.0,0.0,0.0,0.0,0.0,0.0,0.0
1742113873.695867,0.0,0.0,0.0,0.0,0.0,0.0,0.0
1742113873.7959213,0.0,0.0,0.0,0.0,0.0,0.0,0.0
1742113873.8959036,0.0,0.0,0.0,0.0,0.0,0.0,0.0
1742113873.9968138,0.0,0.0,0.0,0.0,0.0,0.0,0.0
1742113874.0959256,0.0,0.0,0.0,0.0,0.0,0.0,0.0
1742113874.1959157,0.0,0.0,0.0,0.0,0.0,0.0,0.0
1742113874.2959003,0.0,0.0,0.0,0.0,0.0,0.0,0.0
1742113874.3959305,0.0,0.0,0.0,0.0,0.0,0.0,0.0
1742113874.4999409,0.0,0.0,0.0,0.0,0.0,0.0,0.0
1742113874.595841,0.0,0.0,0.0,0.0,0.0,0.0,0.0
1742113874.6958873,0.0,0.0,0.0,0.0,0.0,0.0,0.0
1742113874.7958622,0.0,0.0,0.0,0.0,0.0,0.0,0.0
1742113874.895821,0.0,0.0,0.0,0.0,0.0,0.0,0.0
1742113874.9959204,0.0,0.0,0.0,0.0,0.0,0.0,0.0
1742113875.0958998,0.0,0.0,0.0,0.0,0.0,0.0,0.0
1742113875.1959403,0.0,0.0,0.0,0.0,0.0,0.0,0.0
1742113875.2958994,0.0,0.0,0.0,0.0,0.0,0.0,0.0
1742113875.3959463,0.0,0.0,0.0,0.0,0.0,0.0,0.0
1742113875.49826,0.0,0.0,0.0,0.0,0.0,0.0,0.0
1742113875.5958629,0.0,0.0,0.0,0.0,0.0,0.0,0.0
1742113875.6958807,0.0,0.0,0.0,0.0,0.0,0.0,0.0
1742113875.7959247,0.0,0.0,0.0,0.0,0.0,0.0,0.0
1742113875.8959196,0.0,0.0,0.0,0.0,0.0,0.0,0.0
1742113875.9959223,0.0,0.0,0.0,0.0,0.0,0.0,0.0
1742113876.096689,0.0,0.0,0.0,0.0,0.0,0.0,0.0
1742113876.196934,0.0,0.0,0.0,0.0,0.0,0.0,0.0
1742113876.2959228,0.0,0.0,0.0,0.0,0.0,0.0,0.0
1742113876.3959029,0.0,0.0,0.0,0.0,0.0,0.0,0.0
1742113876.4958768,0.0,0.0,0.0,0.0,0.0,0.0,0.0
1742113876.5959098,0.0,0.0,0.0,0.0,0.0,0.0,0.0
1742113876.6958413,0.0,0.0,0.0,0.0,0.0,0.0,0.0
1742113876.7958791,0.0,0.0,0.0,0.0,0.0,0.0,0.0
1742113876.8958938,0.0,0.0,0.0,0.0,0.0,0.0,0.0
1742113876.9975038,0.0,0.0,0.0,0.0,0.0,0.0,0.0
1742113877.0966895,0.0,0.0,0.0,0.0,0.0,0.0,0.0
1742113877.1958542,0.0,0.0,0.0,0.0,0.0,0.0,0.0
1742113877.296698,0.0,0.0,0.0,0.0,0.0,0.0,0.0
1742113877.3958433,0.0,0.0,0.0,0.0,0.0,0.0,0.0
1742113877.4959064,0.0,0.0,0.0,0.0,0.0,0.0,0.0
1742113877.5959601,0.0,0.0,0.0,0.0,0.0,0.0,0.0
1742113877.695893,0.0,0.0,0.0,0.0,0.0,0.0,0.0
1742113877.7958856,0.0,0.0,0.0,0.0,0.0,0.0,0.0
1742113877.9001248,0.0,0.0,0.0,0.0,0.0,0.0,0.0
1742113877.9958704,0.0,0.0,0.0,0.0,0.0,0.0,0.0
1742113878.0959232,0.0,0.0,0.0,0.0,0.0,0.0,0.0
1742113878.195841,0.0,0.0,0.0,0.0,0.0,0.0,0.0
1742113878.2961245,0.0,0.0,0.0,0.0,0.0,0.0,0.0
1742113878.3979697,0.0,0.0,0.0,0.0,0.0,0.0,0.0
1742113878.4958754,0.0,0.0,0.0,0.0,0.0,0.0,0.0
1742113878.5959184,0.0,0.0,0.0,0.0,0.0,0.0,0.0
1742113878.699227,0.0,0.0,0.0,0.0,0.0,0.0,0.0
1742113878.795875,0.0,0.0,0.0,0.0,0.0,0.0,0.0
1742113878.8958862,0.0,0.0,0.0,0.0,0.0,0.0,0.0
1742113878.9968176,0.0,0.0,0.0,0.0,0.0,0.0,0.0
1742113879.098394,0.0,0.0,0.0,0.0,0.0,0.0,0.0
1742113879.195893,0.0,0.0,0.0,0.0,0.0,0.0,0.0
1742113879.2958817,0.0,0.0,0.0,0.0,0.0,0.0,0.0
1742113879.3958693,0.0,0.0,0.0,0.0,0.0,0.0,0.0
1742113879.4967031,0.0,0.0,0.0,0.0,0.0,0.0,0.0
1742113879.5958948,0.0,0.0,0.0,0.0,0.0,0.0,0.0
1742113879.6958857,0.0,0.0,0.0,0.0,0.0,0.0,0.0
1742113879.7974114,0.0,0.0,0.0,0.0,0.0,0.0,0.0
1742113879.8958972,0.0,0.0,0.0,0.0,0.0,0.0,0.0
1742113879.9958513,0.0,0.0,0.0,0.0,0.0,0.0,0.0
1742113880.0958967,0.0,0.0,0.0,0.0,0.0,0.0,0.0
1742113880.195861,0.0,0.0,0.0,0.0,0.0,0.0,0.0
1742113880.295905,0.0,0.0,0.0,0.0,0.0,0.0,0.0
1742113880.3967485,0.0,0.0,0.0,0.0,0.0,0.0,0.0
1742113880.4959219,0.0,0.0,0.0,0.0,0.0,0.0,0.0
1742113880.5959022,0.0,0.0,0.0,0.0,0.0,0.0,0.0
1742113880.6958725,0.0,0.0,0.0,0.0,0.0,0.0,0.0
1742113880.7965186,0.0,0.0,0.0,0.0,0.0,0.0,0.0
1742113880.8961215,0.0,0.0,0.0,0.0,0.0,0.0,0.0
1742113880.995886,0.0,0.0,0.0,0.0,0.0,0.0,0.0
1742113881.09592,0.0,0.0,0.0,0.0,0.0,0.0,0.0
1742113881.1965675,0.0,0.0,0.0,0.0,0.0,0.0,0.0
1742113881.295859,0.0,0.0,0.0,0.0,0.0,0.0,0.0
1742113881.3958845,0.0,0.0,0.0,0.0,0.0,0.0,0.0
1742113881.4959862,0.0,0.0,0.0,0.0,0.0,0.0,0.0
1742113881.5958855,0.0,0.0,0.0,0.0,0.0,0.0,0.0
1742113881.6961331,0.0,0.0,0.0,0.0,0.0,0.0,0.0
1742113881.7958796,0.0,0.0,0.0,0.0,0.0,0.0,0.0
1742113881.8958504,0.0,0.0,0.0,0.0,0.0,0.0,0.0
1742113881.9958756,0.0,0.0,0.0,0.0,0.0,0.0,0.0
1742113882.0959368,0.0,0.0,0.0,0.0,0.0,0.0,0.0
1742113882.2009041,0.0,0.0,0.0,0.0,0.0,0.0,0.0
1742113882.2959256,0.0,0.0,0.0,0.0,0.0,0.0,0.0
1742113882.3962407,0.0,0.0,0.0,0.0,0.0,0.0,0.0
1742113882.4960136,0.0,0.0,0.0,0.0,0.0,0.0,0.0
1742113882.5960464,0.0,0.0,0.0,0.0,0.0,0.0,0.0
1742113882.6962078,0.0,0.0,0.0,0.0,0.0,0.0,0.0
1742113882.7958815,0.0,0.0,0.0,0.0,0.0,0.0,0.0
1742113882.8966272,0.0,0.0,0.0,0.0,0.0,0.0,0.0
1742113882.9958253,0.0,0.0,0.0,0.0,0.0,0.0,0.0
1742113883.0958443,0.0,0.0,0.0,0.0,0.0,0.0,0.0
1742113883.1964366,0.0,0.0,0.0,0.0,0.0,0.0,0.0
1742113883.2958581,0.0,0.0,0.0,0.0,0.0,0.0,0.0
1742113883.3966525,0.0,0.0,0.0,0.0,0.0,0.0,0.0
1742113883.4959185,0.0,0.0,0.0,0.0,0.0,0.0,0.0
1742113883.5968904,0.0,0.0,0.0,0.0,0.0,0.0,0.0
1742113883.695907,0.0,0.0,0.0,0.0,0.0,0.0,0.0
1742113883.7986112,0.0,0.0,0.0,0.0,0.0,0.0,0.0
1742113883.8967083,0.0,0.0,0.0,0.0,0.0,0.0,0.0
1742113883.9958847,0.0,0.0,0.0,0.0,0.0,0.0,0.0
1742113884.0958605,0.0,0.0,0.0,0.0,0.0,0.0,0.0
1742113884.1972935,0.0,0.0,0.0,0.0,0.0,0.0,0.0
1742113884.2959104,0.0,0.0,0.0,0.0,0.0,0.0,0.0
1742113884.3958862,0.0,0.0,0.0,0.0,0.0,0.0,0.0
1742113884.4958575,0.0,0.0,0.0,0.0,0.0,0.0,0.0
1742113884.5959094,0.0,0.0,0.0,0.0,0.0,0.0,0.0
1742113884.6958988,0.0,0.0,0.0,0.0,0.0,0.0,0.0
1742113884.7958858,0.0,0.0,0.0,0.0,0.0,0.0,0.0
1742113884.8959143,0.0,0.0,0.0,0.0,0.0,0.0,0.0
1742113884.995899,0.0,0.0,0.0,0.0,0.0,0.0,0.0
1742113885.095851,0.0,0.0,0.0,0.0,0.0,0.0,0.0
1742113885.1958282,0.0,0.0,0.0,0.0,0.0,0.0,0.0
1742113885.2959068,0.0,0.0,0.0,0.0,0.0,0.0,0.0
1742113885.4005706,0.0,0.0,0.0,0.0,0.0,0.0,0.0
1742113885.4958615,0.0,0.0,0.0,0.0,0.0,0.0,0.0
1742113885.5958648,0.0,0.0,0.0,0.0,0.0,0.0,0.0
1742113885.695907,0.0,0.0,0.0,0.0,0.0,0.0,0.0
1742113885.7958994,0.0,0.0,0.0,0.0,0.0,0.0,0.0
1742113885.89589,0.0,0.0,0.0,0.0,0.0,0.0,0.0
1742113885.9959056,0.0,0.0,0.0,0.0,0.0,0.0,0.0
1742113886.0958772,0.0,0.0,0.0,0.0,0.0,0.0,0.0
1742113886.1958575,0.0,0.0,0.0,0.0,0.0,0.0,0.0
1742113886.2958972,0.0,0.0,0.0,0.0,0.0,0.0,0.0
1742113886.3972492,0.0,0.0,0.0,0.0,0.0,0.0,0.0
1742113886.4958892,0.0,0.0,0.0,0.0,0.0,0.0,0.0
1742113886.5958633,0.0,0.0,0.0,0.0,0.0,0.0,0.0
1742113886.6958618,0.0,0.0,0.0,0.0,0.0,0.0,0.0
1742113886.7959058,0.0,0.0,0.0,0.0,0.0,0.0,0.0
1742113886.8959506,0.0,0.0,0.0,0.0,0.0,0.0,0.0
1742113886.995898,0.0,0.0,0.0,0.0,0.0,0.0,0.0
1742113887.0958502,0.0,0.0,0.0,0.0,0.0,0.0,0.0
1742113887.195884,0.0,0.0,0.0,0.0,0.0,0.0,0.0
1742113887.2958195,0.0,0.0,0.0,0.0,0.0,0.0,0.0
1742113962.0062351,4.946285335147887e-15,0.0,1.9346821382797306e-05,1.4767539018956549e-09,0.0,0.0,0.0
1742113962.0433223,2.070844944789683e-14,0.0,2.7877633264605767e-05,3.5741890490890625e-09,0.04274452397879713,0.3830262011211274,0.046231354170314945
1742113962.1434598,2.9581876359948865e-14,0.0,3.0634179162926226e-05,4.454318907092597e-09,0.04274452397879713,0.3830262011211274,0.04623791068124022
1742113962.2462618,3.3406803445422555e-14,0.0,3.1635849443713825e-05,4.8015292780278994e-09,0.04274452397879713,0.3830262011211274,0.04625686495827886
1742113962.3437095,3.7307780560667076e-14,0.0,3.257411527667403e-05,5.140286106779997e-09,0.04274452397879713,0.3830262011211274,0.04624101012276859
1742113962.442911,2.111883740043017e-14,0.0,2.8023468382980658e-05,3.6177476958223135e-09,0.04274452398077244,0.38302620107817464,0.04624440758752086
1742113962.5430381,3.42143721169088e-14,0.0,3.183644316297847e-05,4.872850312814826e-09,0.042744523989981076,0.383026200879248,0.046260143213741514
1742113962.642943,2.5514335624096913e-14,0.0,2.9460262937906324e-05,4.06561349197596e-09,0.04276980760563731,0.3830273711884602,0.04624476521538939
1742113962.7430792,3.327587743322414e-14,0.0,3.160275378938631e-05,4.789904577981923e-09,0.04276980760563731,0.3830273711884602,0.046256030493252
1742113962.846164,3.326115148751304e-14,0.0,3.15990593981948e-05,4.788595991860611e-09,0.042744523976310234,0.38302620117462505,0.04622908919381358
1742113962.942971,2.7162800944447735e-14,0.0,2.9954010427460366e-05,4.225812434401162e-09,0.042744523976310234,0.38302620117462505,0.046244526796810355
1742113963.042866,2.4217657906585063e-14,0.0,2.9056065881677122e-05,3.936799495669747e-09,0.04276980759544813,0.3830273714084851,0.046237731867305946
1742113963.147648,2.420688541912026e-14,0.0,2.905266001250121e-05,3.935718437378045e-09,0.04274452397307016,0.3830262012446979,0.046246016912929684
1742113963.2439358,2.861642480369272e-14,0.0,3.036680128784556e-05,4.364012977928678e-09,0.04274452397307016,0.3830262012446979,0.046252692633144556
1742113963.3443458,2.861642480369272e-14,0.0,3.036680128784556e-05,4.364012977928678e-09,0.04274452397307016,0.3830262012446979,0.046239400797359734
1742113963.4428399,2.296742679647334e-14,0.0,2.865410883845105e-05,3.810075166939336e-09,0.04274452397307016,0.3830262012446979,0.04626300423669076
1742113963.545386,2.205510707770882e-14,0.0,2.8348094628890187e-05,3.715928845192561e-09,0.04274452397307016,0.3830262012446979,0.04625156014489388
1742113963.6443052,1.7688142943804965e-14,0.0,2.674034808570313e-05,3.2427611590395328e-09,0.04274452398162509,0.38302620106008556,0.046266163282863856
1742113963.7426445,2.2554468508661676e-14,0.0,2.8514271904283928e-05,3.767640916041088e-09,0.04276980758596949,0.3830273716134345,0.04625382512139529
1742113963.8495739,2.0821870265343117e-14,0.0,2.7917877694202277e-05,3.586260332078366e-09,0.04274452396711581,0.38302620137354815,0.046249175959102856
1742113963.9455109,2.8667247468690937e-14,0.0,3.0380698020221075e-05,4.368795594666053e-09,0.042744523960209335,0.38302620152274125,0.04623737423943721
1742113964.0430195,2.7007667223796706e-14,0.0,2.9903729330467257e-05,4.2108981475785655e-09,0.04274452397896766,0.3830262011173522,0.04626944153832652
1742113964.1466208,2.080892723192081e-14,0.0,2.7913289581979806e-05,3.5848840900853505e-09,0.0427445239715496,0.3830262012778496,0.04625674574898945
1742113964.2431564,1.179734239910626e-14,0.0,2.4026609228165003e-05,2.525433378646131e-09,0.0427445239715496,0.3830262012778496,0.04625686495827886
1742113964.3431332,1.662861634910918e-14,0.0,2.6307525190366698e-05,3.1214445585018042e-09,0.04274452396025197,0.3830262015219863,0.046264971189968376
1742113964.4437337,1.809564674825425e-14,0.0,2.6902000188751403e-05,3.288675745486693e-09,0.04274452396025197,0.3830262015219863,0.046263779097072716
1742113964.5481117,2.0426562457157736e-14,0.0,2.7777221622385085e-05,3.5440779316883188e-09,0.04274452396025197,0.3830262015219863,0.04626413672494142
1742113964.6429007,2.294199870642939e-14,0.0,2.8643011389169257e-05,3.807470741218753e-09,0.04274452396191464,0.38302620148581834,0.046266997747890594
1742113964.7428405,1.529914221581581e-14,0.0,2.5734581520372432e-05,1.2368970133287497e-07,0.0427698075476286,0.3830273724415427,0.0462761172585413
1742113964.8430822,1.614493934301119e-14,0.0,2.6102862463845572e-05,1.2706273782274325e-07,0.04274452394729167,0.38302620180153824,0.046271348886959274
1742113964.9447355,1.6152169672041208e-14,0.0,2.6105949886343497e-05,1.2709118644517097e-07,0.042769807545013805,0.3830273724980535,0.04627003758477416
1742113965.0446093,2.4751174922365155e-14,0.0,2.922364993233041e-05,1.5732506132960876e-07,0.04276980753914472,0.38302737262464515,0.046280051165096404
1742113965.1464689,2.093653756948986e-14,0.0,2.7958580656647387e-05,1.446946355933414e-07,0.042744523943241575,0.3830262018889452,0.046262169771663836
1742113965.2428994,2.761659763282271e-14,0.0,3.008289781353561e-05,1.6618242275530438e-07,0.042744523943241575,0.3830262018889452,0.046264792376033995
1742113965.3448145,2.740832335125409e-14,0.0,3.0022523807449003e-05,1.6555459326534584e-07,0.04276980754256954,0.3830273725507993,0.04626664012002206
1742113965.442924,2.1427370625683547e-14,0.0,2.8131161975123485e-05,1.4638090936212803e-07,0.04274452393678985,0.3830262020283399,0.04626914351510257
1742113965.5511248,2.2355802193993506e-14,0.0,2.8447408188063947e-05,1.4951856805759445e-07,0.04274452393678985,0.3830262020283399,0.046267176561824906
1742113965.6444502,4.1285202147751236e-14,0.0,3.345786780301548e-05,2.0318760333187465e-07,0.04274452393678985,0.3830262020283399,0.04627391188668455
1742113965.7430415,4.6777784555103993e-14,0.0,3.458194840843666e-05,2.1628172496793156e-07,0.04274452393678985,0.3830262020283399,0.046281124048702466
1742113965.843012,4.6798380425365786e-14,0.0,3.458599236704983e-05,2.1632933325225633e-07,0.04276980752463544,0.38302737293810285,0.046280468397609964
1742113965.943813,2.7463872005241944e-14,0.0,3.0039665903256993e-05,4.254664189084794e-09,0.04274452393832462,0.38302620199518955,0.04627599804925168
1742113966.0442257,2.6669444548860792e-14,0.0,2.9809660288633488e-05,4.178267859205392e-09,0.0427445239358093,0.3830262020494426,0.046258831911556476
1742113966.144734,2.5403542421201777e-14,0.0,2.9426493023329962e-05,4.054706590778376e-09,0.0427445239358093,0.3830262020494426,0.04627111046838017
1742113966.242437,3.4329516461938445e-14,0.0,3.186372660986422e-05,4.88296663741962e-09,0.0427445239358093,0.3830262020494426,0.04627999156045167
1742113966.3455431,3.154712312598157e-14,0.0,3.115912324724219e-05,4.634731117049e-09,0.0427445239358093,0.3830262020494426,0.04627748816537112
1742113966.4458978,2.461470476233404e-14,0.0,2.9181275564385936e-05,3.976517139465644e-09,0.04274452392300532,0.38302620232598583,0.046255613260738584
1742113966.5426984,4.171236674911106e-14,0.0,3.355027998455346e-05,5.5068623058266545e-09,0.042769807516251035,0.3830273731189551,0.04625412314461913
1742113966.6429555,3.585520401987665e-14,0.0,3.223456453731148e-05,5.015807528634358e-09,0.04274452391760519,0.38302620244278307,0.04627862065362199
1742113966.7425086,2.2356593772241386e-14,0.0,2.844872037766845e-05,3.747202666747431e-09,0.04274452391760519,0.38302620244278307,0.04626139491128178
1742113966.8429108,2.6436875877764958e-14,0.0,2.9737616323521485e-05,4.155738671152997e-09,0.04274452391760519,0.38302620244278307,0.04626187174844007
1742113966.942875,2.1274965450110842e-14,0.0,2.807770896878674e-05,3.6342339296258183e-09,0.04274452391760519,0.38302620244278307,0.04626091807412355
1742113967.0514686,2.2984938904263775e-14,0.0,2.8660344270445546e-05,3.811868170952468e-09,0.04276980753185455,0.38302737278213694,0.04625185816811761
1742113967.143432,2.2974706305875042e-14,0.0,2.8656957962650826e-05,3.810820554193763e-09,0.04274452393204342,0.3830262021308277,0.04626664012002206
1742113967.243822,3.254318932210496e-14,0.0,3.1417961526568335e-05,4.7245243784772666e-09,0.04274452393204342,0.3830262021308277,0.04625632851647593
1742113967.342594,1.895236440968226e-14,0.0,2.723451246000835e-05,3.3839337411389425e-09,0.04274452393204342,0.3830262021308277,0.0462433347039148
1742113967.443548,2.1085710360562373e-14,0.0,2.80118090271788e-05,3.6142436778946347e-09,0.04274452393204342,0.3830262021308277,0.04625537484215951
1742113967.5426216,3.3687757733806757e-14,0.0,3.1705919373292335e-05,4.8264160472517825e-09,0.042769807548324934,0.38302737242648144,0.046252036982052123
1742113967.6427364,2.977773744021149e-14,0.0,3.0688440698248986e-05,4.472500829696496e-09,0.042769807548324934,0.38302737242648144,0.04626252739953258
1742113967.7428632,1.7846787386524254e-14,0.0,2.6803341490289596e-05,3.260683701956801e-09,0.04274452395011963,0.3830262017405115,0.04627260058449954
1742113967.8429646,1.784678739112742e-14,0.0,2.680334149215163e-05,3.2606837024759504e-09,0.04274452393619299,0.38302620204115856,0.046256030493252
1742113967.9444015,2.7000126855944123e-14,0.0,2.990290533399628e-05,4.210172395335572e-09,0.04274452393619299,0.38302620204115856,0.04625752060937142
1742113968.0429673,2.700012685315543e-14,0.0,2.990290533316409e-05,4.2101723950671586e-09,0.0427445239417068,0.3830262019221071,0.04626693814324595
1742113968.145067,2.1972163481055163e-14,0.0,2.8317574206431105e-05,3.707296296490133e-09,0.0427445239417068,0.3830262019221071,0.046265030794613186
1742113968.2429323,2.94321014741451e-14,0.0,3.0593005893801394e-05,4.440384094834245e-09,0.0427445239417068,0.3830262019221071,0.04626568644570563
1742113968.342914,3.192163895350647e-14,0.0,3.125710186671276e-05,4.668618465962595e-09,0.04274452393846673,0.38302620199218396,0.046260143213741514
1742113968.442761,3.673217081780025e-14,0.0,3.2439273248387146e-05,5.091185088534236e-09,0.04274452393273975,0.3830262021157589,0.04625036805199824
1742113968.5434625,4.360184089100733e-14,0.0,3.394462100535849e-05,5.65953508604144e-09,0.04274452393273975,0.3830262021157589,0.04624226182030894
1742113968.6433122,2.7858678231746406e-14,0.0,3.015298508681953e-05,4.292315841404204e-09,0.04274452393273975,0.3830262021157589,0.04627003758477416
1742113968.7440867,1.6045632022285967e-14,0.0,2.606218878185597e-05,3.0534313874422182e-09,0.042769807544033256,0.38302737251916286,0.04625233500527585
1742113968.843279,3.1834424807901225e-14,0.0,3.1237261768785256e-05,4.660740712213745e-09,0.04274452393632089,0.3830262020381485,0.046269739561550324
1742113968.9426918,1.4422892458090288e-14,0.0,2.533759840035694e-05,2.8589408080641055e-09,0.04274452393632089,0.3830262020381485,0.04624327509927011
1742113969.0430195,1.1860783354195508e-14,0.0,2.4062032638193324e-05,2.533807907799821e-09,0.04274452394780326,0.3830262017902446,0.046286130838863564
1742113969.1428304,3.4786814420708244e-14,0.0,3.197656683008317e-05,4.923016278472926e-09,0.04274452394780326,0.3830262017902446,0.04626848786400999
1742113969.2427633,1.2923810670153227e-14,0.0,2.461164564358283e-05,2.6716792227752884e-09,0.04274452394048467,0.38302620194848025,0.046251083307735585
1742113969.3430514,1.2923810670153227e-14,0.0,2.461164564358283e-05,2.6716792227752884e-09,0.04274452394048467,0.38302620194848025,0.046264017515651956
1742113969.4429333,3.4155754875387856e-14,0.0,3.1820992131062117e-05,4.867695328745881e-09,0.04271924034325991,0.3830250312414156,0.046280766420833806
1742113969.5443978,2.8005209963251845e-14,0.0,3.0193654504470244e-05,4.3062381593216626e-09,0.042744523927780165,0.38302620222276174,0.046271348886959274
1742113969.6506622,1.2398865227262909e-14,0.0,2.4344284852006257e-05,2.604161199009863e-09,0.04274452392492378,0.383026202284551,0.046277786188594884
1742113969.7427924,2.0711913026053457e-14,0.0,2.7879156057007427e-05,3.5745580487917843e-09,0.04276980753907367,0.38302737262616215,0.046259189539425066
1742113969.842663,2.6088535373366943e-14,0.0,2.9635900568031667e-05,4.121852118130072e-09,0.04274452393504191,0.38302620206603244,0.04626932232903685
1742113969.9436107,3.592552881551672e-14,0.0,3.2251476110362134e-05,5.0218779557058325e-09,0.04274452393504191,0.38302620206603244,0.04626365988778326
1742113970.0430045,2.605651747375796e-14,0.0,2.9625482476593974e-05,4.118728754335397e-09,0.04274452393504191,0.38302620206603244,0.04625674574898945
1742113970.142745,2.339043174542719e-14,0.0,2.8791658151875087e-05,3.8532401149597726e-09,0.04276980754490012,0.3830273725003255,0.04626181214379521
1742113970.2464318,1.3388003939284178e-14,0.0,2.484281639776932e-05,2.730513577534597e-09,0.04274452393617878,0.38302620204116167,0.04625156014489388
1742113970.3436673,3.042284138272167e-14,0.0,3.086397159111118e-05,4.5320652740528776e-09,0.04274452393617878,0.38302620204116167,0.046275521212093565
1742113970.4447253,1.3845898366941e-14,0.0,2.50653786669756e-05,2.787789401108038e-09,0.04274452393617878,0.38302620204116167,0.046263481073848846
1742113970.542892,1.744136414526815e-14,0.0,2.6641412789539402e-05,3.214759035346014e-09,0.04274452393617878,0.38302620204116167,0.046253527098171425
1742113970.6428802,1.4170853632746046e-14,0.0,2.5219754613974962e-05,2.827997491930796e-09,0.04274452393617878,0.38302620204116167,0.046253050261013305
1742113970.7430398,1.7116142388199083e-14,0.0,2.6509508775329182e-05,3.177623229491416e-09,0.042769807549845495,0.38302737239332263,0.04625007002877448
1742113970.8427548,1.7116142388126903e-14,0.0,2.6509508775299583e-05,3.177623229483141e-09,0.04276980755010129,0.3830273723880482,0.0462430962853357
1742113970.952281,3.324950801237124e-14,0.0,3.159646617498422e-05,4.78756116517607e-09,0.04274452393346451,0.3830262020999342,0.04624267905282241
1742113971.0434864,3.324950801237124e-14,0.0,3.159646617498422e-05,4.78756116517607e-09,0.04274452393346451,0.3830262020999342,0.04625752060937142
1742113971.1434827,2.5322373905736282e-14,0.0,2.9401286018423862e-05,4.046704497915972e-09,0.042769807546847005,0.38302737245812457,0.046254838400356456
1742113971.2431154,1.16402572447671e-14,0.0,2.394193029641885e-05,2.5046228142394817e-09,0.04274452392840544,0.3830262022091917,0.04625471919106686
1742113971.342626,2.4521585654777186e-14,0.0,2.9151535194577948e-05,3.967224333949904e-09,0.042769807558642015,0.38302737220343497,0.0462370762162135
1742113971.4428642,2.304448345058529e-14,0.0,2.867712360469879e-05,3.817960823412809e-09,0.042769807558642015,0.38302737220343497,0.046263481073848846
1742113971.5442603,3.3074763359055795e-14,0.0,3.155287386004659e-05,4.77201384288237e-09,0.04274452394892592,0.38302620176612123,0.04625513642358035
1742113971.6428905,3.4850304941555315e-14,0.0,3.199168886194287e-05,4.928560734058474e-09,0.042769807569357,0.38302737197210224,0.04624518244790293
1742113971.747538,2.0787324319698947e-14,0.0,2.7905893906148936e-05,3.582586307029271e-09,0.04274452393836725,0.38302620199443416,0.046252156191341647
1742113971.842888,3.392772577590421e-14,0.0,3.1764806495083996e-05,4.84760944513842e-09,0.04274452393836725,0.38302620199443416,0.046263063841335564
1742113971.94276,1.9498770511317796e-14,0.0,2.743781484104177e-05,3.4438283646427396e-09,0.042769807550484984,0.3830273723797495,0.046260143213741514
1742113972.0430639,4.653691089520564e-14,0.0,3.453372682772088e-05,5.891764810663834e-09,0.04274452394662376,0.38302620181585123,0.04627212374734141
1742113972.1432393,2.361846572198721e-14,0.0,2.8864921278788212e-05,3.87638553413259e-09,0.042769807569143836,0.38302737197662573,0.04625251381921029
1742113972.2435722,3.036285037728623e-14,0.0,3.084710644972599e-05,4.526546641172664e-09,0.0427445239512565,0.3830262017156367,0.046252156191341647
1742113972.3434358,4.54425448138165e-14,0.0,3.4317914658322874e-05,5.805850247760684e-09,0.0427445239512565,0.3830262017156367,0.04624792426156256
1742113972.4427912,2.033312014790597e-14,0.0,2.7743673209089456e-05,3.5340614008374444e-09,0.0427445239512565,0.3830262017156367,0.046254242353908695
1742113972.5426953,3.0146017852106655e-14,0.0,3.078802751030992e-05,4.506565103026343e-09,0.0427445239512565,0.3830262017156367,0.046268607073299606
1742113972.6437001,3.534717685473381e-14,0.0,3.2112140881324314e-05,4.9718185134002315e-09,0.04271924035499808,0.38302503098747653,0.046261931353084665
1742113972.7426538,4.2499592533654387e-14,0.0,3.371598846577084e-05,5.570786601432897e-09,0.04274452396178674,0.38302620148807875,0.046257341795436994
1742113972.842859,4.2499592533654387e-14,0.0,3.371598846577084e-05,5.570786601432897e-09,0.04274452396178674,0.38302620148807875,0.04625740140008178
1742113972.9496446,4.706496272316366e-14,0.0,3.463805842898628e-05,5.932943287107184e-09,0.04274452396178674,0.38302620148807875,0.04626187174844007
1742113973.0433545,9.914903769325951e-14,0.0,4.2195124574036435e-05,9.397613826675235e-09,0.04274452396782635,0.38302620135772303,0.046272183351986136
1742113973.1467943,1.039876871535359e-13,0.0,4.273343250528391e-05,9.678126803893718e-09,0.04274452396782635,0.38302620135772303,0.046271766119472715
1742113973.2425904,1.1793680096125266e-13,0.0,4.4181824767379585e-05,1.0460119153415437e-08,0.04274452396782635,0.38302620135772303,0.04627820342110837
1742113973.3430746,1.5584118153560122e-13,0.0,4.757169195542125e-05,1.2423623784422318e-08,0.04274452396782635,0.38302620135772303,0.0462841042809412
1742113973.4441485,8.968404132397862e-14,0.0,4.1088556957325214e-05,2.994729392181848e-07,0.04274452396782635,0.38302620135772303,0.046260858469478756
1742113973.5429358,8.714144570305087e-14,0.0,4.0776845847682305e-05,2.951972996201877e-07,0.042769807566287454,0.3830273720384145,0.046277011328212964
1742113973.6428108,7.909135318208771e-14,0.0,3.974174657674474e-05,2.81231849515818e-07,0.042744523959527214,0.38302620153705336,0.04626419632958626
1742113973.7428157,7.909135318208771e-14,0.0,3.974174657674474e-05,2.81231849515818e-07,0.042744523959527214,0.38302620153705336,0.04625120251702527
1742113973.8490522,1.0639569187678544e-13,0.0,4.299044858888959e-05,3.261835248395992e-07,0.042744523959527214,0.38302620153705336,0.046283627443783025
1742113973.9426565,4.0724875122626864e-14,0.0,3.3336702453891076e-05,2.018040513038003e-07,0.04274452394933803,0.3830262017570787,0.046266222887508535
1742113974.0428352,8.099801600307726e-14,0.0,3.999481611584029e-05,2.8460150386650676e-07,0.04274452394933803,0.3830262017570787,0.046264851980678846
1742113974.1428883,9.361300579207633e-14,0.0,4.1556920405836006e-05,3.0596242545789233e-07,0.04274452394933803,0.3830262017570787,0.04626818984078613
1742113974.242973,7.475209078188606e-14,0.0,3.915177707377679e-05,2.7340828586911196e-07,0.04276980755209081,0.3830273723450919,0.04628982632683963
1742113974.3428607,1.6257257255770149e-13,0.0,4.810680354104953e-05,4.0320289254629794e-07,0.042744523955903446,0.3830262016154182,0.04627510397958012
1742113974.4435678,8.848892649621604e-14,0.0,4.093974720333838e-05,2.974708834427599e-07,0.042744523955903446,0.3830262016154182,0.04627277939843384
1742113974.5492508,8.038244629575939e-14,0.0,3.991347873574883e-05,8.255933470554868e-09,0.042744523955903446,0.3830262016154182,0.04626163332986088
1742113974.6466072,5.885491075198015e-14,0.0,3.675370369459215e-05,6.810816835925273e-09,0.042744523955903446,0.3830262016154182,0.04626187174844007
1742113974.7529027,5.201296124843084e-14,0.0,3.5566825696922725e-05,6.310574186369551e-09,0.04274452395928563,0.38302620154232825,0.046267653398983255
1742113974.8435397,5.201296124843084e-14,0.0,3.5566825696922725e-05,6.310574186369551e-09,0.04274452395928563,0.38302620154232825,0.046273256235592114
1742113974.944753,4.1498073714345956e-14,0.0,3.350539831519385e-05,5.4893815512121385e-09,0.04274452396782635,0.38302620135772303,0.04628529637383677
1742113975.042385,5.5542749109784484e-14,0.0,3.6190726204326875e-05,6.571601453340412e-09,0.04274452396782635,0.38302620135772303,0.04626675932931165
1742113975.1437783,5.5542749109784484e-14,0.0,3.6190726204326875e-05,6.571601453340412e-09,0.04274452396782635,0.38302620135772303,0.04627420990990857
1742113975.243035,3.52544592790646e-14,0.0,3.2089857916960526e-05,4.963764250762305e-09,0.04271924037384167,0.3830250305805811,0.04627128928231444
1742113975.3505793,3.527004985080056e-14,0.0,3.209363744478707e-05,4.965119151160364e-09,0.042744523979834526,0.38302620109850993,0.04626693814324595
1742113975.4485207,5.129504900408141e-14,0.0,3.5436321339346114e-05,6.256664532807668e-09,0.042744523988133665,0.3830262009191796,0.046281124048702466
1742113975.542571,4.3128993286417913e-14,0.0,3.384694686037863e-05,5.621569775659022e-09,0.042744523988133665,0.3830262009191796,0.046264792376033995
1742113975.6426125,5.6075815824514334e-14,0.0,3.62823253177501e-05,6.61046259701806e-09,0.042744523988133665,0.3830262009191796,0.04627486556100102
1742113975.7436743,5.628417796603909e-14,0.0,3.631798169478667e-05,6.625613958853953e-09,0.042744523988133665,0.3830262009191796,0.04627498477029059
1742113975.8427138,3.4118209948453914e-14,0.0,3.1812331176442653e-05,4.864391731181009e-09,0.042744523988133665,0.3830262009191796,0.04627128928231444
1742113975.9428864,3.461350488323891e-14,0.0,3.193388409470919e-05,4.907861874775453e-09,0.042744523988133665,0.3830262009191796,0.04629328339623658
1742113976.0429432,3.087038771117648e-14,0.0,3.0983347101455425e-05,4.573104893638627e-09,0.042744523988133665,0.3830262009191796,0.04627653449105478
1742113976.1447313,3.54889799289412e-14,0.0,3.214688013736019e-05,4.984121151711926e-09,0.04276980757533977,0.38302737184250457,0.04628934948968152
1742113976.2435322,3.548897992878826e-14,0.0,3.214688013732233e-05,4.984121151698663e-09,0.04276980757558135,0.3830273718372368,0.046288932257167924
1742113976.3425648,5.205890104549312e-14,0.0,3.557548174549474e-05,6.314014182673122e-09,0.042769807567310636,0.3830273720158157,0.04630305855797988
1742113976.4427407,2.722992894985192e-14,0.0,2.9972338094117732e-05,4.232255895313537e-09,0.04274452398219353,0.38302620104727714,0.04625758021401609
1742113976.5446653,3.490844919049259e-14,0.0,3.200625623521073e-05,4.933634923898669e-09,0.04274452398219353,0.38302620104727714,0.04627480595635621
1742113976.6467626,3.3025675137223725e-14,0.0,3.153987259747441e-05,4.767640730438842e-09,0.04274452398219353,0.38302620104727714,0.04627140849160421
1742113976.742846,3.089439694332944e-14,0.0,3.09905688596126e-05,4.575300061414622e-09,0.04276980757613558,0.38302737182517355,0.04627730935143687
1742113976.8427205,2.4202606663847162e-14,0.0,2.9051398985313426e-05,3.935288997639101e-09,0.04276980758039883,0.3830273717332471,0.046279514723293516
1742113976.9434693,2.1472975743802353e-14,0.0,2.8147022326169285e-05,3.6550762421237804e-09,0.042744523989142635,0.3830262008973295,0.04627063363122189
1742113977.0447104,1.7550953508265697e-14,0.0,2.6685705008058754e-05,3.227212792130128e-09,0.042744523989142635,0.3830262008973295,0.04626813023614143
1742113977.1428938,3.887196104762019e-14,0.0,3.292844262250906e-05,5.272272017853782e-09,0.042744523989142635,0.3830262008973295,0.04626634209679819
1742113977.2445822,2.447528791892161e-14,0.0,2.9137900394968317e-05,3.9625990333509645e-09,0.04276980757900617,0.38302737176338875,0.04626020281838619
1742113977.3469846,3.958713852222756e-14,0.0,3.30883403030926e-05,5.3319399985649724e-09,0.042744523976153914,0.38302620117764086,0.04627015679406379
1742113977.4428551,3.988776284243593e-14,0.0,9.407584577737699e-05,5.356898061701577e-09,0.04378115937942084,0.3830740288788195,0.045971239500515126
1742113977.5518744,3.503723684390833e-14,0.0,9.145004734339254e-05,4.944862589778906e-09,0.04888850842587544,0.383309160082018,0.04603942721413824
1742113977.6431732,3.811170303543632e-14,0.0,8.8849235024586e-05,5.2083803144081965e-09,0.06941766559755536,0.3842836920193715,0.04801347344445448
1742113977.7430553,7.929672538983374e-14,0.0,0.00010899355913482648,8.186919623980148e-09,0.090985608211966,0.3852593816901586,0.04318883507775517
1742113977.8582797,1.0290407292437632e-13,0.0,0.00011064814890473011,9.615747805059267e-09,0.10600657163698202,0.38589830385598445,0.04111322253274168
1742113977.9428828,2.333799389102444e-13,0.0,0.00013848096234038432,1.5940735172832763e-08,0.13759448942178665,0.3871584143864806,0.039162422113888005
1742113978.0461173,2.6842605432892674e-13,0.0,0.0001427931100856083,1.7378617593489116e-08,0.14586486840011048,0.3874791122032111,0.03835209696816652
1742113978.1438339,4.481485887998584e-13,0.0,0.00015999911349561232,2.384630026443637e-08,0.16582077745431434,0.38823264781353073,0.03720643609093879
1742113978.2428968,4.021107746418621e-13,0.0,0.00015012672828302814,2.2302910908450898e-08,0.18555014304365613,0.38894812362034203,0.036003793173305786
1742113978.3448887,7.754990560918938e-13,0.0,0.00018160896762502298,3.3452831644742664e-08,0.20621525129875806,0.3897013407977892,0.036495352678768314
1742113978.4441435,1.1294465724016309e-12,0.0,0.0001964963829089316,4.219157479459115e-08,0.2218469982056206,0.3902677177878475,0.036362613134853616
1742113978.551686,1.8122033149681329e-12,0.0,0.00021825486031004722,5.649104135090579e-08,0.25432416023977567,0.39145674104841266,0.03701665490197394
1742113978.6430535,1.7420995137464757e-12,0.0,0.0002172690249036182,5.5131912909928345e-08,0.2628227778261447,0.3917700442604217,0.03668036549615115
1742113978.7467768,2.451895698895253e-12,0.0,0.00023470542185283552,6.808099916240205e-08,0.2838168379261532,0.3925316336635758,0.03604682772683351
1742113978.842878,2.5291198747362404e-12,0.0,0.0002354354919278473,6.939675203486979e-08,0.31239852443779625,0.39358456628848604,0.037274325781337866
1742113978.9434528,4.756612909243585e-12,0.0,0.0002611384357271962,2.18096604953942e-06,0.3326084126164659,0.3943192371983173,0.0358448871903345
1742113979.042674,6.084761455982491e-12,0.0,0.0002859237339710603,2.4667309249252323e-06,0.35168084581297876,0.3949909282708264,0.035240317278377765
1742113979.1445565,9.64859126297292e-12,0.0,0.00031728774304032217,3.106218160878743e-06,0.3866964215981312,0.41560833547605824,0.05770727485091047
1742113979.2447464,9.757747414779715e-12,0.0,0.00031810597908513556,3.1237393320793774e-06,0.398876110915964,0.4163076840010804,0.0570052513447459
1742113979.3439474,1.3620850205582952e-11,0.0,0.0003433465459084972,3.6906436031650297e-06,0.4200042184807984,0.417464005656627,0.05351510136992291
1742113979.458515,1.9988946522410248e-11,0.0,0.0003738642587764117,4.470899967837599e-06,0.4474798970010596,0.41889091870470363,0.05087151616484483
1742113979.5437126,2.757280252815662e-11,0.0,0.0004014693777337823,5.2509811014853805e-06,0.46815801126652445,0.41992869896355334,0.04915412753493153
1742113979.6468036,2.4857446408178165e-11,0.0,0.0003922368387489404,4.985724261145833e-06,0.47660210231204303,0.42033310082549846,0.04655613988310658
1742113979.7532477,4.349429488425877e-11,0.0,0.00044487757837107417,6.595020461246407e-06,0.4974624621206658,0.4212681342362137,0.04231115668684793
1742113979.8429413,4.389932986866748e-11,0.0,0.0004436548754965772,6.6256569386489875e-06,0.5184536834851912,0.4221040542566641,0.03817805140883285
1742113979.943105,5.4424529299711565e-11,0.0,0.00046843514925327707,7.3772982384956865e-06,0.5348946900430178,0.422703693034701,0.03419467299849343
1742113980.0452726,7.139416286517234e-11,0.0,0.0004979555096167797,8.449506664011358e-06,0.5546273230652901,0.4233215711491862,0.02697917312056371
1742113980.1425185,1.0387807392005644e-10,0.0,0.0005425348757327538,1.0192059356187857e-05,0.5876481533279616,0.4241169638104392,0.021577979024952204
1742113980.2503662,1.1182055586357711e-10,0.0,0.0005349794380442378,1.0574523907182635e-05,0.5959228610652048,0.42429367656681904,0.021127069887226346
1742113980.3453898,1.7482631839726325e-10,0.0,0.0005753142959798724,1.3222190378196165e-05,0.6166736680579135,0.4246986216333202,0.018288458284443112
1742113980.4429157,2.2715048149050347e-10,0.0,0.0006489798087902153,1.5071512249621916e-05,0.635653584328665,0.4250415621447008,0.017332518991535453
1742113980.544985,4.2952450067023485e-10,0.0,0.0007471068893552484,2.072497287501807e-05,0.661821578471077,0.42545374582367046,0.014711404737537633
1742113980.6426642,4.216677206347245e-10,0.0,0.0007466730814586443,2.0534549438317963e-05,0.6702239198902475,0.42557016249772683,0.012997353967731674
1742113980.7547426,8.54829964124564e-10,0.0,0.0008733258516607387,2.9237475337733318e-05,0.7148755799177451,0.462190674164896,0.029217918339352035
1742113980.8428934,1.3188175962061027e-09,0.0,0.0009639542597956373,3.6315528306856596e-05,0.7357482853152959,0.4627902751546378,0.028428276005367695
1742113980.942789,1.5116730660562463e-09,0.0,0.0009945722510311095,3.8880240046278604e-05,0.7565718031632116,0.4633366914974628,0.02460708183346204
1742113981.04743,2.017930875947243e-09,0.0,0.0010626887721913115,4.4921385507876346e-05,0.7730951965408366,0.463721478512368,0.02147134107647351
1742113981.1455512,2.699203233074246e-09,0.0,0.001108320839636414,5.1953856768042216e-05,0.8060431184295567,0.4643800930266293,0.018917878094295865
1742113981.243805,3.6097591761928737e-09,0.0,0.001211969436849542,6.00812714262346e-05,0.814166433459647,0.46453173647236845,0.01841314596233781
1742113981.343306,4.704532389965732e-09,0.0,0.001288108157206247,6.858959388978573e-05,0.8341839465593779,0.4648918258791275,0.016942162933926017
1742113981.447012,4.847054103384101e-09,0.0,0.001297030984427896,6.962078786816551e-05,0.8551888027726875,0.46524764033991595,0.016891439381222093
1742113981.5430803,8.971823040977575e-09,0.0,0.0014927851145609449,9.471970777497983e-05,0.8841660636300332,0.4656960748763659,0.014660318317989678
1742113981.6585667,1.0581936724916331e-08,0.0,0.0015544279069153292,0.00010286854098759411,0.904185229790599,0.46594742119399335,0.010798771801571294
1742113981.7457917,1.3985842009878948e-08,0.0,0.0016568593911345613,0.00011826175210049505,0.9251669455383791,0.4661349362125131,0.007883508625606828
1742113981.854566,9.556370335517301e-09,0.0,0.0015174061488811795,9.775668946684571e-05,0.9332661214780842,0.4661977656589702,0.00763120216427265
1742113981.943261,1.2332231758625238e-08,0.0,0.0016136766037051255,0.00011105058198237972,0.9535650249056715,0.4662988745178076,0.0026181535154384365
1742113982.0438573,1.8404101830260507e-08,0.0,0.0017637954417836065,0.00013566171836690153,0.974319703050341,0.4662548241220712,-0.0051709814638097006
1742113982.1429145,3.3976948863800365e-08,0.0,0.002031652850555997,0.00018432837237875336,1.0031219131657991,0.4659815511139689,-0.011851291236301064
1742113982.2508574,3.895663223658037e-08,0.0,0.002096364522579371,0.00019737434543673697,1.0237479464944954,0.46568282252899795,-0.016429166373630132
1742113982.3434799,4.2245537831349485e-08,0.0,0.002130979811795403,0.00020553719330415477,1.028359751564409,0.5213006068730976,0.0012640064243982848
1742113982.4434695,5.468480742259377e-08,0.0,0.002261841856861847,0.00023384782962985518,1.0485575952944401,0.52125255089486,-0.005382626723795049
1742113982.5428152,6.931213472423383e-08,0.0,0.002388633219294443,0.0002632719786157156,1.0687289498052763,0.5210313870713348,-0.014490752887277658
1742113982.6443617,8.976160552264129e-08,0.0,0.0025374231449803867,0.0002996024124112509,1.097095153276328,0.5204079290946684,-0.028083294105081754
1742113982.7440479,1.0998223662865992e-07,0.0,0.0026589768061866747,0.00033163569866445305,1.1052665396004926,0.5201533296416407,-0.034211426448373834
1742113982.8512108,1.2693475358581817e-07,0.0,0.002749646266802755,0.0003562790389369239,1.1259813434447636,0.5193750945527675,-0.041692345809488406
1742113982.9503927,1.8319990206099626e-07,0.0,0.002996205987425055,0.00042801857677091104,1.1468128882032147,0.5183668339000231,-0.05263206310227401
1742113983.0428221,2.543629410866933e-07,0.0,0.0032322565804625363,0.0005043440701413007,1.16765943999485,0.5171631940951897,-0.06114944763138784
1742113983.1473396,3.106221968577726e-07,0.0,0.0033859564042935018,0.0005573349054722597,1.1843284152804614,0.5160667993331467,-0.07179662532761577
1742113983.2428036,4.0265881961498116e-07,0.0,0.003598933590430239,0.0006345540320689651,1.2172781173460265,0.5134259111462685,-0.08752140350296987
1742113983.3503826,3.515630317311221e-07,0.0,0.0035027961159044565,0.0005929275096764545,1.2253448397222684,0.5126988701937654,-0.09224972076371196
1742113983.4431584,5.411444566232513e-07,0.0,0.003874215581942701,0.0007356252147821276,1.2450404295311444,0.5107387903196168,-0.1034148032183934
1742113983.5451555,7.832331617569497e-07,0.0,0.004224044070781275,0.0008850046111501057,1.2649713011239214,0.5085931361251514,-0.110479086112528
1742113983.6512465,1.0718123787118862e-06,0.0,0.004546519568427867,0.0010352837189446602,1.2942102399893685,0.5051910741938688,-0.12060853786423689
1742113983.7425606,1.1447658376198114e-06,0.0,0.0046177794898210715,0.001069937305462246,1.3148578193442972,0.5026335184523516,-0.124461143683939
1742113983.847224,1.368494299431748e-06,0.0,0.004829699225136226,0.0011698266108410031,1.323044337855677,0.5016017247439732,-0.12628814525559431
1742113983.9429288,1.5991538746047244e-06,0.0,0.004996288178533163,0.0012645765594082171,1.34368049935199,0.4989535869137418,-0.1291705066676427
1742113984.0428593,2.020319711432271e-06,0.0,0.0052965604753485536,0.0014213795099945234,1.364207705161249,0.49625263805782627,-0.1317410165782262
1742113984.1429286,2.427413325993193e-06,0.0,0.0055165507235063905,0.0015580158298275383,1.3674077676222964,0.5225038871213439,-0.13122549312569784
1742113984.2431731,2.6263581014631635e-06,0.0,0.005619810525933762,0.0016206042396165582,1.375612177535487,0.5214131655659315,-0.13311114566781193
1742113984.3438544,3.2704024654045565e-06,0.0,0.005866651710477619,0.00180842541051727,1.3961543729657535,0.5186332179705788,-0.13642730968453562
1742113984.4425528,4.1970686126207295e-06,0.0,0.006229944784652661,0.0020486748430682527,1.4162623466380495,0.5158537184095184,-0.13842817800500073
1742113984.5428257,4.42968468363768e-06,0.0,0.006364535621752203,0.002104681610989577,1.4354124999514823,0.5131694584365771,-0.13972749965645953
1742113984.6567793,1.002395319814044e-05,0.0,0.007741100531140006,0.0031660627280804847,1.4621797604318232,0.5093968370884019,-0.14035913007714432
1742113984.7425416,4.0969772123916236e-05,0.0,0.010855267887379947,0.006400763401651106,1.4828793439867525,0.5064618311852707,-0.14144470947243842
1742113984.8448772,6.009599597658693e-05,0.0,0.011844472014184853,0.007752160729537729,1.4911980820455568,0.5052737692021401,-0.14227184312798663
1742113984.9443445,1.3821725531250191e-05,0.0,0.008338477095984854,0.003717758132430106,1.5118928056313337,0.5023046881257018,-0.14320960300423782
1742113985.043737,1.7467395243010237e-05,0.0,0.00877487195309766,0.004179401301982168,1.530905376553818,0.4995519824612158,-0.14405789630868124
1742113985.1434062,2.4317001638639234e-05,0.0,0.009580191658815015,0.004931227193979125,1.5507944362964707,0.4966706561647891,-0.14347287672021072
1742113985.24245,3.170331626580445e-05,0.0,0.010172145264333752,0.0056305697993901515,1.5783768456372087,0.49269774449044323,-0.14293619649865316
1742113985.3428118,4.172965906907236e-05,0.0,0.010919787100574533,0.006459849771401217,1.5976165121277432,0.48992381638794047,-0.14331188457467237
1742113985.4426427,4.880615164077416e-05,0.0,0.011347336646252482,0.006986139967161706,1.6129463214564908,0.48770090523820553,-0.14515444295861404
1742113985.5428517,4.007238236830168e-05,0.0,0.010819153021002729,0.006330275062609972,1.6249424699190769,0.4859460822904067,-0.14534952896096398
1742113985.644062,5.482382182788384e-05,0.0,0.011637766641424362,0.007404311029926001,1.6452069411120078,0.48300808736508216,-0.14327111499764605
1742113985.7427466,7.635384921369176e-05,0.0,0.012666311393320733,0.00873806896366078,1.6738161171916488,0.47888465359101495,-0.14274879949547936
1742113985.8427954,8.94901702332246e-05,0.0,0.013174746553559397,0.009459924430629697,1.6816080374496636,0.4777673199028296,-0.14210226791360062
1742113985.9462075,0.0001081819243850397,0.0,0.013774146999182928,0.010401054003563278,1.683446285219631,0.5449810014837997,-0.11765565887124045
1742113986.0472288,0.00012916435240237025,0.0,0.014321953353613621,0.011365049599644088,1.704008667428738,0.5425623441869405,-0.11710860744149197
1742113986.151622,0.00015507705370426588,0.0,0.015060662435755903,0.012452993764724444,1.7244368159307015,0.5400870673568381,-0.1229917646947574
1742113986.2446167,0.0001913807804993024,0.0,0.01582657193117878,0.013834044256807277,1.7514262071889135,0.5366376527627725,-0.13175239577919948
1742113986.342517,0.00022811253701829457,0.0,0.016537216107538097,0.015103394883876093,1.7714130958642471,0.5339067496051069,-0.13789179340035418
1742113986.4426339,0.0002737419448970889,0.0,0.017240781087119517,0.016545148681625346,1.7795084549805296,0.5327659007463126,-0.14211680904061305
1742113986.5430362,0.00032528170053162394,0.0,0.018071241630824027,0.018035567652048657,1.7996182205464493,0.5298196370204842,-0.14963033214241972
1742113986.6428626,0.0005054380228568607,0.0,0.020128328495589196,0.02248194882248558,1.8183266321116491,0.5269162325879417,-0.15675755754143708
1742113986.742761,0.0005266961485717382,0.0,0.020386118932772083,0.022949861624239443,1.846413221634947,0.5222330354532794,-0.16981806769997584
1742113986.8428104,0.0005662466944976957,0.0,0.020773746048962084,0.023795938613504947,1.8546941135221573,0.5208048464885788,-0.1717576624456118
1742113986.9426448,0.0006399510664597324,0.0,0.021520665615814512,0.025297254128852253,1.887163983656194,0.5150283179311668,-0.18041929021508196
1742113987.0426652,0.0006827297402901258,0.0,0.021925077166629718,0.026129097578946846,1.8954033842341573,0.5135115997527127,-0.18366702809960353
1742113987.1440315,0.0009733474904841117,0.0,0.023986981801209506,0.031198517440482836,1.9144729044105588,0.5098745541082632,-0.19142594352395056
1742113987.243882,0.0011137278099824794,0.0,0.024830560077415225,0.03337256073456874,1.932320764572438,0.5063201884594122,-0.20023193374306664
1742113987.345549,0.0012542500568032567,0.0,0.02560224721403924,0.03541539293588674,1.9482817037190472,0.5030126793981555,-0.20966991201073634
1742113987.4496932,0.0015797547238211734,0.0,0.02717133490694757,0.039746128412980974,1.9798744738748866,0.4961871291817701,-0.21598716989190095
1742113987.5442855,0.0016704112517203884,0.0,0.027678805620941997,0.04087066492877732,1.9876345827863986,0.49447121881342326,-0.2192483188214969
1742113987.6463785,0.001980193020677188,0.0,0.028754311206932344,0.04449935977828432,1.9956593681868355,0.5482011883950495,-0.20679317612330575
1742113987.748286,0.0022676142484432216,0.0,0.029785618593714744,0.047619473416273955,2.0146120272299726,0.5441160150414888,-0.21634964842478893
1742113987.8428693,0.0027583137610905977,0.0,0.03151743842142038,0.05251965118972705,2.0425861164072927,0.5376931828982237,-0.23285232681910653
1742113987.9536533,0.002912571527151363,0.0,0.0318052386270495,0.05396824554449925,2.0504859200419787,0.5357946715481301,-0.2388500441996301
1742113988.0422964,0.003484078926697256,0.0,0.033532984511931915,0.059026086831986894,2.0769099282307337,0.5292016058010116,-0.25323854584376465
1742113988.144406,0.003773754545362233,0.0,0.034053321505224145,0.061430892435013776,2.088909151287922,0.5260656670729453,-0.25801669258753906
1742113988.2459464,0.004273317530494476,0.0,0.03519774388848394,0.065370616721081,2.107870527943689,0.5209435148736716,-0.2678798903910365
1742113988.3434067,0.005073112030541195,0.0,0.037084138853013496,0.07122578206338766,2.1346648056766213,0.5132869691471758,-0.287362145373031
1742113988.446633,0.005725325109954877,0.0,0.03831495669605216,0.07566587810866188,2.1540266254289833,0.5074476858432373,-0.29650591511408947
1742113988.5428243,0.005986255080622241,0.0,0.038643109322327354,0.07737089298064383,2.161259494163346,0.505220883658497,-0.30082135100047264
1742113988.642816,0.006672120835745058,0.0,0.039785639817728785,0.08168305109228632,2.179088408974792,0.49964907676709736,-0.30574463505427496
1742113988.742855,0.007516427550050684,0.0,0.04108887017480408,0.086697333004255,2.199068198480049,0.4932401303395313,-0.3124837746111598
1742113988.8441668,0.00883766451987651,0.0,0.04293649906461784,0.09400885341220001,2.226911709063586,0.4840860726878553,-0.32261686224619984
1742113988.9423084,0.009852307044298432,0.0,0.04422551049784526,0.09925878824717957,2.2461203385715436,0.4775223978941465,-0.3337597121683802
1742113989.0440156,0.01029832791176215,0.0,0.045127456365745174,0.10148067752908506,2.2540763566665305,0.47474018838547494,-0.3390531112639155
1742113989.1459315,0.012150869584246502,0.0,0.04684052457994478,0.1102309828689126,2.28445700900447,0.4639324832217593,-0.3441680838553156
1742113989.2609782,0.011403905655745573,0.0,0.04603542532711921,0.10678907086282553,2.2711704985486847,0.47228786496221,-0.3541747839492141
1742113989.3426712,0.012641918563522515,0.0,0.04776870351829931,0.11243628668504894,2.2904342754117124,0.4651252705603106,-0.3572981567424117
1742113989.4429376,0.013712019312975691,0.0,0.048583622130451705,0.11709833181124184,2.305930432696215,0.45930489507963124,-0.3621360273402511
1742113989.5430114,0.015956953316374624,0.0,0.050673099021384053,0.12632083484672915,2.33565293291592,0.4479559476561352,-0.3667207570117294
1742113989.6539083,0.016578030384138878,0.0,0.05167950080188377,0.12875570039473544,2.3433069060871645,0.4450118759535364,-0.3676806004088699
1742113989.7463405,0.018248293858834953,0.0,0.05261046577369019,0.13508624600171162,2.362874746401161,0.43743776020962954,-0.3702820749324142
1742113989.848554,0.01990784425580244,0.0,0.05390955876509006,0.14109516028483202,2.3810357435169323,0.4303661161344685,-0.37190937114174943
1742113989.9426718,0.02251250537808189,0.0,0.05635795178123975,0.15004167880319752,2.407426700948193,0.42001604633823675,-0.37556522202904813
1742113990.0459437,0.024535224603464537,0.0,0.05718984629284904,0.15663723887844977,2.426463832082703,0.4124749467918427,-0.378165355448085
1742113990.1498952,0.02609777876190301,0.0,0.05836101779640899,0.16154806950843767,2.4404320587357944,0.4069138115989812,-0.3799315304797468
1742113990.2530012,0.027411103183960773,0.0,0.059191542693338255,0.16556298856918708,2.451736372230428,0.4023939123577911,-0.38080268216546176
1742113990.3427722,0.029706309297870076,0.0,0.06056159918664224,0.17235518355381738,2.470645021146936,0.39480393572144123,-0.3822645158809005
1742113990.4426708,0.033127163078356586,0.0,0.06250043706066653,0.18200868956826372,2.49707458026829,0.3842078630170924,-0.3813321204226791
1742113990.5439174,0.03577774505395878,0.0,0.06391565871232077,0.18915005961923137,2.516343057716938,0.3764951507822012,-0.3803218812983811
1742113990.6445084,0.03685155349844855,0.0,0.06445037959277648,0.1919675844991767,2.5238875735487483,0.37347993542063307,-0.38009869170601945
1742113990.7427495,0.04224221577365276,0.0,0.06786321035419934,0.20552911174247984,2.546143858167298,0.3831628394027593,-0.3789859192458286
1742113990.846043,0.045426689136244154,0.0,0.06856114573493029,0.21313537748633885,2.56548008184528,0.3754833596296052,-0.37752152253066423
1742113990.9427998,0.04861066009751001,0.0,0.06993555762759153,0.22047825311696845,2.584023026324857,0.36813794885697426,-0.3764129655448094
1742113991.0437796,0.0513201192567498,0.0,0.07107166538459564,0.22653944304855567,2.5992719176233123,0.3620985165980688,-0.3776600139228
1742113991.1424506,0.057012563709776795,0.0,0.07347317255856417,0.2387730380712546,2.6299972071485627,0.3499067392117752,-0.37861797977363015
1742113991.2466354,0.05846514235521246,0.0,0.07403171658249301,0.24179566239949893,2.637594143238289,0.34688631914345436,-0.3782257514086857
1742113991.343461,0.062129319949135065,0.0,0.07541049583831641,0.24925753739683593,2.656315414724986,0.3395101287263351,-0.37360510993873025
1742113991.443757,0.06605651308715589,0.0,0.07678659790762188,0.2570146164854363,2.675770720036013,0.3319259243305055,-0.3701746540156498
1742113991.549072,0.07171541899806151,0.0,0.07874525103909932,0.26779734688391055,2.7028663439131435,0.32150262107365535,-0.3646145241347446
1742113991.6426797,0.07572785845525992,0.0,0.08001860711321078,0.275186951825954,2.721513246943985,0.31442528576166673,-0.3616504745570316
1742113991.7450619,0.07737854322823907,0.0,0.08069987352755871,0.27816998980522517,2.7290688272355936,0.31157845563159015,-0.3590190785018099
1742113991.842828,0.0817352193725633,0.0,0.08208536824920132,0.2858937204147081,2.7486317653008996,0.3043491824604381,-0.3502020912257328
1742113991.9430306,0.08623500902698172,0.0,0.08448177098103493,0.29365797967530477,2.768347324951563,0.29724271746207087,-0.34368673730765725
1742113992.0502715,0.09079268365434451,0.0,0.0847539592285823,0.3013182431489081,2.787974463890322,0.29026468129421623,-0.340424098261942
1742113992.142908,0.0969112439833841,0.0,0.08651516503568626,0.3113057082409253,2.813935240579923,0.2811550381412822,-0.3357109801856174
1742113992.2439713,2.6552418336893904e-25,0.0,3.5749457008314387e-07,5.152903874214413e-13,2.814904418227698,0.2704146456983558,-0.35418715233330333
1742113992.3436468,3.189287667073624e-25,0.0,3.7192675176140923e-07,5.64737785797411e-13,2.822522433722156,0.2675902727167916,-0.3558902954531154
1742113992.4507556,7.842467142469327e-27,0.0,1.6788511675748195e-07,8.855770515584359e-14,2.8421131290716346,0.26036300376343213,-0.351073882527395
1742113992.5435302,1.5217633753842378e-26,0.0,1.935067921699569e-07,1.233597736453921e-13,2.8691398728377493,0.25070033039564343,-0.3357649659586391
1742113992.6445239,2.4746271333449936e-26,0.0,2.1483326724612442e-07,1.573094762989501e-13,2.8893013836146366,0.2438728677623505,-0.32177682871346086
1742113992.7431805,7.586027492854246e-20,0.0,5.378881688528337e-06,2.754274404058943e-10,2.908586509555505,0.23770213595050116,-0.30184980387215227
1742113992.8439589,8.885601536656807e-20,0.0,5.5660364036483145e-06,2.9808726132890696e-10,2.9163476077374924,0.23529868055825176,-0.29877724403862554
1742113992.9459085,1.3371031558011954e-19,0.0,6.08263954295545e-06,3.656642115112163e-10,2.9365802368548515,0.2291911493506671,-0.2888911580515346
1742113993.0433502,1.968774938092343e-19,0.0,6.615362586573489e-06,4.4370879392821853e-10,2.9559749735466454,0.22355211605501424,-0.2803932046366175
1742113993.1430106,3.3640911638868537e-19,0.0,7.433100657657009e-06,5.800078589025198e-10,2.9831669479229674,0.21590587784834092,-0.26831605190758323
1742113993.2578025,4.942361432663733e-19,0.0,8.080982657749578e-06,7.030193050452977e-10,3.002998677224838,0.21060911077536026,-0.257167658753439
1742113993.3519034,7.247783717823981e-19,0.0,8.782701734263125e-06,8.513391637781021e-10,3.0230165141896777,0.20552495846484042,-0.2425551628542385
1742113993.4433684,8.431430101524854e-19,0.0,8.474154690181045e-06,9.182281906761986e-10,3.03100722452875,0.20357170958375548,-0.23692258352760878
1742113993.5440476,1.2339401754461277e-18,0.0,9.858188153521605e-06,1.110828598590317e-09,3.0513359588045716,0.19879999868325093,-0.22674169296745864
1742113993.644684,2.0341244545135405e-18,0.0,1.0991308514648685e-05,1.426227350219291e-09,3.078446819290633,0.1928066445677672,-0.20911230797295186
1742113993.7433705,2.9283639447495188e-18,0.0,1.1897640279477346e-05,1.7112463132902637e-09,3.0985863877163524,0.18870919680168186,-0.1953174685907802
1742113993.84306,2.1267677752874922e-18,0.0,1.0387419832012909e-05,1.4583441895819698e-09,3.0944527947933693,0.20889790224487292,-0.1770644907899749
1742113993.9533634,2.629467804580096e-18,0.0,1.1622427943563596e-05,1.6215633828438824e-09,3.106444160956059,0.20679454058135072,-0.17021532105883477
1742113994.0432427,3.653425975847652e-18,0.0,1.2486524673845144e-05,1.9113937260145154e-09,3.125247025931259,0.2036810915509708,-0.16030473756274113
1742113994.143023,5.918346295109519e-18,0.0,1.3876994125559819e-05,2.4327651541218523e-09,3.1532678551679965,0.19938818419707793,-0.14477707194765924
1742113994.242883,8.43338846089922e-18,0.0,1.4991597387251496e-05,2.9040296935291864e-09,3.174199345909358,0.19646689269829842,-0.13494325923403624
1742113994.3442156,9.668230259823828e-18,0.0,1.5445771475048723e-05,3.109377793035743e-09,3.182354013863744,0.19538614135409027,-0.12858421849688426
1742113994.4440196,1.3567754617602275e-17,0.0,1.560736572179456e-05,3.6834433099482167e-09,3.202771402815742,0.1928237479164796,-0.12092347192248239
1742113994.5432844,1.8833260373474625e-17,0.0,1.785537180074586e-05,4.339730449402892e-09,3.222811611252169,0.19051683118590113,-0.11051018285235299
1742113994.6434891,2.576661589015668e-17,0.0,1.9114230691907075e-05,5.0760827308227234e-09,3.242245843514894,0.18848869131150003,-0.09903295087298275
1742113994.7453566,3.335982142681886e-17,0.0,2.0221480553508924e-05,5.77579617254789e-09,3.2585020497306942,0.1869885080071807,-0.0842166070886505
1742113994.8429525,5.956124461526365e-17,0.0,2.1630861790679716e-05,7.717593187987019e-09,3.295750010797022,0.1841199322729441,-0.07197315740069277
1742113994.9463043,6.305961097487924e-17,0.0,2.3261192315135428e-05,7.941008183781153e-09,3.299461471092883,0.1838582943863809,-0.06878317641695855
1742113995.0519638,8.412686624960434e-17,0.0,2.3334291477569444e-05,9.172069899951938e-09,3.318380879160543,0.1826546173182244,-0.059848201746548375
1742113995.147559,1.1447366557624275e-16,0.0,2.6507457420703117e-05,1.0699236681943378e-08,3.338903891946188,0.18155957301116388,-0.04908485459765313
1742113995.2429564,1.7311423717883702e-16,0.0,2.8992240514288088e-05,1.3157288367244865e-08,3.367001164278605,0.1804345483453833,-0.032258403772915674
1742113995.3428044,2.3305120096194615e-16,0.0,3.092520129657882e-05,1.526601457361895e-08,3.387622581669092,0.17990836166745972,-0.02088655280550834
1742113995.4528072,2.617734087286994e-16,0.0,3.1723160838169485e-05,1.6179413114470482e-08,3.395771171469846,0.1797545673090717,-0.01685644435366519
1742113995.5444112,3.487370802116636e-16,0.0,3.380024638357685e-05,1.8674503479655452e-08,3.416145198661738,0.17955408262012007,-0.00476766871889945
1742113995.643397,2.997225973075445e-16,0.0,3.275884190684414e-05,1.731249829769073e-08,3.4249895401569574,0.2012661277193626,0.015113611759909303
1742113995.7433054,3.7642481693619804e-16,0.0,3.441540946164953e-05,1.9401670467673603e-08,3.4417922835840784,0.2016085059807633,0.026193399967917235
1742113995.8494442,4.971398978597258e-16,0.0,3.652868514381625e-05,2.2296634227159172e-08,3.4626142022027437,0.2022121862864008,0.032761831822165355
1742113995.9440498,6.496674036724371e-16,0.0,3.673493422743336e-05,2.548857398271698e-08,3.482950203434598,0.20295970370895056,0.042400081696280366
1742113996.0433202,8.465876860795162e-16,0.0,4.103887330023422e-05,2.909617992244886e-08,3.503405108144676,0.20389568444819517,0.05018635565257911
1742113996.1435807,1.0838314501599331e-15,0.0,4.343346542284075e-05,3.292159549839487e-08,3.5228144211992856,0.20496185840860015,0.05773373419261821
1742113996.2445908,1.4012157984136452e-15,0.0,4.3419573036861484e-05,3.743281713167799e-08,3.5433492477391155,0.20628659121030601,0.06880529695964706
1742113996.3446393,1.7215588450166382e-15,0.0,4.798120555893064e-05,4.1491671995915495e-08,3.5600851829770193,0.20751466303151034,0.07883616262889749
1742113996.4560823,2.179914837707284e-15,0.0,5.04776471701303e-05,4.6689558122853164e-08,3.579608595042316,0.20913349379594592,0.0889936285636509
1742113996.5432563,2.759986991423416e-15,0.0,5.061165083525842e-05,5.253557833909717e-08,3.5994930289391505,0.2109811605258738,0.09705253416515235
1742113996.6494365,3.513268517126291e-15,0.0,5.6271159213810474e-05,5.927283118871825e-08,3.620238626277086,0.21312374140629053,0.10685517364955789
1742113996.7432537,4.391215123969349e-15,0.0,5.593646176845334e-05,6.62662442271278e-08,3.6397816215627614,0.21532306384487043,0.11545403772807962
1742113996.8432784,5.229177232995319e-15,0.0,6.121740024689581e-05,7.231305022605061e-08,3.6553368395029793,0.21719353089622828,0.12466992908931623
1742113996.959393,7.384156449365404e-15,0.0,6.610643660136013e-05,8.59311145590781e-08,3.686805357745314,0.22133167296157907,0.13492925936199057
1742113997.0476618,8.058810595069015e-15,0.0,6.749367925455383e-05,8.977087832403677e-08,3.6949048902524027,0.22244250531031895,0.13766552978969462
1742113997.1464329,1.004030730552916e-14,0.0,6.72281203144602e-05,1.0020133385104791e-07,3.7156183006945724,0.22545864199247134,0.14933784777141454
1742113997.2512963,1.0679183560885392e-14,0.0,7.16303592482137e-05,1.0334013528579007e-07,3.7400433997361944,0.24416157380697356,0.16978734649232985
1742113997.3433669,1.3947440721551814e-14,0.0,7.619606941663058e-05,1.1809928332361639e-07,3.766861387742665,0.24890449017532212,0.1802621475558674
1742113997.4459388,1.6959339695400237e-14,0.0,7.559340147539292e-05,1.3022802960730165e-07,3.7870129647378405,0.2526767990571326,0.18805617011598727
1742113997.5456629,1.8340109288084597e-14,0.0,7.331729345750731e-05,1.3542565963688195e-07,3.795191137464542,0.25424524225178047,0.19091039813570151
1742113997.6473813,2.1972240961080248e-14,0.0,8.404562303990943e-05,1.482303645043088e-07,3.8143604665458213,0.2580322624802296,0.19758051551393635
1742113997.7446513,2.581406379618166e-14,0.0,8.30221601113749e-05,1.6066755676296837e-07,3.831771685304332,0.261575483555454,0.20263987697176103
1742113997.844385,3.30056799420813e-14,0.0,9.192252519434635e-05,1.816746540992477e-07,3.8588752486564033,0.2672432233083022,0.20959669269136552
1742113997.9429035,3.900092614174045e-14,0.0,9.54176655131443e-05,1.9748652141789438e-07,3.8777473803807396,0.27134163360057073,0.21661311305574546
1742113998.0433078,4.179670968442555e-14,0.0,9.248344833199208e-05,2.0444243611448565e-07,3.8857025714540754,0.27311310288699,0.2215989223819171
1742113998.1432135,4.972617147449005e-14,0.0,0.000100718277401683,2.22993657924368e-07,3.9060100613747863,0.2777523505834729,0.22804587997011314
1742113998.2430625,5.805495324889874e-14,0.0,0.0001041482428963507,2.4094595503742894e-07,3.9245361931135676,0.2821182478643518,0.23363226569704174
1742113998.3428454,7.241399071116138e-14,0.0,0.00010451955433501639,2.690984777198886e-07,3.9516441331513903,0.28868646944720844,0.24121624148897297
1742113998.446103,8.44076121775508e-14,0.0,0.0001131708589925992,2.905298817291447e-07,3.9709689623608284,0.2935172964743078,0.24756127513460277
1742113998.5432165,8.940538076226874e-14,0.0,0.00011461552775769033,2.9900732559967276e-07,3.97835094972217,0.2954009253413101,0.252107559810201
1742113998.6431928,1.0383128013817454e-13,0.0,0.00011329901271250265,3.222286147103862e-07,3.997897158212325,0.3004902269130678,0.2585578552585041
1742113998.7449284,1.4500084078786718e-13,0.0,0.00012760180506990825,3.8078975930015135e-07,4.024282267469516,0.29710143203888784,0.26108023598728985
1742113998.8433843,1.6617337523677257e-13,0.0,0.0001258998367243933,4.076436866146372e-07,4.042908535064399,0.3021054761282773,0.26370212510166996
1742113998.9431956,2.0195021171377468e-13,0.0,0.0001257992216089474,4.493887089300027e-07,4.070252017260302,0.30958462884709803,0.2706169791513526
1742113999.0493546,2.125353854108226e-13,0.0,0.00013887886767728757,4.6101560213383514e-07,4.077589659462433,0.31163421466506946,0.27414807751713616
1742113999.1452677,2.3942011244626296e-13,0.0,0.00013660057493193847,4.893057453640443e-07,4.095000633184696,0.31657020544022885,0.27915689423619133
1742113999.2438922,2.719067813174882e-13,0.0,0.00014668871789378867,5.214468154255889e-07,4.1142154361567975,0.32219337338434606,0.2880257077509008
1742113999.3431754,3.059038638045143e-13,0.0,0.00015057004090331303,5.530857653244335e-07,4.132609059355573,0.3277367034966545,0.29588112309513914
1742113999.4434614,3.438897678993661e-13,0.0,0.00014810084921887485,5.86421152329421e-07,4.151429505537635,0.33352928181712826,0.3002538390451514
1742113999.5473528,4.057547193034919e-13,0.0,0.00016032037584935702,6.36988790563454e-07,4.178936142965199,0.34215975204648963,0.3072259135538183
1742113999.6430888,4.2287524515051593e-13,0.0,0.0001618030337843475,6.502885860527739e-07,4.1860013119759,0.3444138381562958,0.31044158413945055
1742113999.7559412,4.715751772314777e-13,0.0,0.00015895093767343704,6.867133151697859e-07,4.205072822737506,0.35058809837125793,0.315625757723435
1742113999.8557365,5.26236020894046e-13,0.0,0.00016984815390893657,7.254212713272517e-07,4.22494738041263,0.3571567412171017,0.32147368863163805
1742113999.9433072,5.774169877519817e-13,0.0,0.0001733836278461314,7.598795876663498e-07,4.242339827329005,0.36300771632563666,0.32626339867649884
1742114000.0434308,6.613277672439425e-13,0.0,0.00017144933963442074,8.132206141287507e-07,4.268731776939148,0.37203255309703565,0.33169230893193136
1742114000.1443639,7.258027520339298e-13,0.0,0.00018240090043363704,8.519405801075154e-07,4.287527204610939,0.3785525796881348,0.3353752799326025
1742114000.2432115,5.724121133369756e-13,0.0,0.00017305814133358524,7.565792181503373e-07,4.296403977064102,0.4022301688791803,0.3403836183291483
1742114000.3430374,6.23950308506486e-13,0.0,0.00017635325128893665,7.899052528667511e-07,4.315002275355255,0.4088530844081255,0.34243485257444856
1742114000.4431505,7.06223978961669e-13,0.0,0.00018128598042849227,8.403713339718752e-07,4.342558227227769,0.4186901308467714,0.34351822659788617
1742114000.5437455,7.303526430780199e-13,0.0,0.00018264282610125097,8.546067183670041e-07,4.350230637880529,0.42143918217790777,0.3445875339251566
1742114000.6432207,8.316674947399905e-13,0.0,0.00018049507492011208,9.119580553621918e-07,4.380764804135893,0.4324190180338814,0.34540292546568396
1742114000.7476811,8.58831475203505e-13,0.0,0.00018937355804690077,9.267316090451998e-07,4.388527988112003,0.4352148467387309,0.34595510289488307
1742114000.8448527,9.26288896972163e-13,0.0,0.00019255177251409396,9.62439035457396e-07,4.407300296919445,0.4420270641578856,0.3493110828143168
1742114000.9427352,1.0293488846101347e-12,0.0,0.00018937691203813544,1.014568324269063e-06,4.434177331205589,0.45173259197838966,0.34338328168211446
1742114001.0427008,1.1088011189597661e-12,0.0,0.00020042335451397886,1.052996257809004e-06,4.453374646063892,0.45855957864073993,0.3408723764163064
1742114001.1433566,1.1418401728454451e-12,0.0,0.00019383980514246958,1.0685692176201995e-06,4.461079596436761,0.46129272976937585,0.3408864431124734
1742114001.2448752,1.2270953101737147e-12,0.0,0.0002049819171907219,1.1077433412906233e-06,4.48037601709558,0.4681431933820335,0.3416210107546853
1742114001.3581662,1.3143079051980325e-12,0.0,0.00020813248090528524,1.1464326867278481e-06,4.499447117239114,0.4749473704725027,0.34308871552763465
1742114001.4432476,1.4071464711348991e-12,0.0,0.0002113068782111781,1.1862320477608497e-06,4.518640334088246,0.48170998129046083,0.3351804904681253
1742114001.5431106,1.5520112265523992e-12,0.0,0.00020758556168662664,1.2457974259695671e-06,4.546306882095337,0.49123141847764096,0.32861420438108907
1742114001.6434665,1.0986134744009293e-12,0.0,0.0001999663313982784,1.0481476396008959e-06,4.549177826534077,0.5172791482172272,0.33076905872142937
1742114001.7430522,1.1256802045178e-12,0.0,0.00020105056020899525,1.0609807748106465e-06,4.556313503625475,0.5197230577761047,0.3291714158228698
1742114001.847626,1.2034688839881923e-12,0.0,0.00020406063068816526,1.0970272940944507e-06,4.575929684456753,0.5263461999855377,0.32321381236827984
1742114001.9431775,1.2864087221294278e-12,0.0,0.00020718945973638352,1.134199595366454e-06,4.595516609688772,0.5328172103352973,0.3157813515833676
1742114002.0431285,1.4102323040216225e-12,0.0,0.00021144043996024323,1.187532022314187e-06,4.622347388294628,0.5414017861490699,0.30480324889934673
1742114002.1433032,1.5092761967486782e-12,0.0,0.00021458135997522388,1.2285260260770539e-06,4.641802224993981,0.5473700195623898,0.2928582396677796
1742114002.2436385,1.6189842128373282e-12,0.0,0.00020966249965646654,1.2723931046800466e-06,4.661608059984445,0.5532262115069138,0.2844302621058287
1742114002.3473866,1.6656681245294258e-12,0.0,0.0002193413101357629,1.2906076570861595e-06,4.669651986075024,0.5555678794949639,0.2821319070032896
1742114002.4514914,1.7805911349135127e-12,0.0,0.00022276406273050238,1.3343879251977337e-06,4.688535052184804,0.560971727821876,0.2764276232889953
1742114002.544124,1.9087244586559787e-12,0.0,0.0002261236142218729,1.3815659443747078e-06,4.708185674528195,0.5664515647709045,0.26925623084819944
1742114002.6608074,2.016980369291706e-12,0.0,0.00022881934268758112,1.4202043406818986e-06,4.723836349335116,0.5707269399919017,0.2632836070231259
1742114002.7443376,2.258271352043635e-12,0.0,0.0002257559019535881,1.5027545880960189e-06,4.755821839068531,0.5791692959512567,0.2528551783732238
1742114002.8449113,2.321555139144837e-12,0.0,0.0002271386439451148,1.5236650350863989e-06,4.76364249496028,0.5811764274255964,0.24959051276958585
1742114002.9431047,2.481854936243468e-12,0.0,0.00022179520068605523,1.5753904075636198e-06,4.782657516069349,0.5859938564530651,0.2463062968424619
1742114003.0430064,2.6495775388589607e-12,0.0,0.00024319712513939595,1.6277522965300835e-06,4.801424582797793,0.5906554468256324,0.2418739762476745
1742114003.1456459,2.165263509159408e-12,0.0,0.00023243715564043584,1.4714834382892006e-06,4.8269486777902415,0.6165929880456495,0.2342454787849516
1742114003.2428684,2.321706732031916e-12,0.0,0.00022717638662939063,1.523714780407382e-06,4.8470680002562005,0.6212597239892617,0.2246962186454862
1742114003.3440459,2.3865276083021434e-12,0.0,0.0002377045229784182,1.5448390234267594e-06,4.8550155362218135,0.6230652268336385,0.22207623687973915
1742114003.4451222,2.545255537757987e-12,0.0,0.00024095324964576074,1.595385701878385e-06,4.873453619625877,0.6271342520468917,0.21393138138047166
1742114003.543146,2.730105364315992e-12,0.0,0.00024481324337211904,1.6523030485706888e-06,4.893242737969686,0.6313016771847906,0.20333713260880415
1742114003.6433146,3.0256565363942783e-12,0.0,0.00025040389887735103,1.73944144379576e-06,4.92196001437074,0.6370365790542198,0.19273239341965615
1742114003.7428024,3.2560633379838054e-12,0.0,0.00025459548801364245,1.8044565214999794e-06,4.942517199724591,0.6409795933893427,0.18727999893418254
1742114003.843676,3.49637925940536e-12,0.0,0.0002586081514712246,1.8698607593629425e-06,4.9626686259104105,0.6447528888991929,0.18476086822739554
1742114003.9430926,3.594824880038238e-12,0.0,0.00025063238728941477,1.8960023417807895e-06,4.9706798624612105,0.6462506396704111,0.18488436905137004
1742114004.0428555,3.853546325417275e-12,0.0,0.0002643392267158043,1.9630451664231453e-06,4.991132090962921,0.6500677509814192,0.18396753040543498
1742114004.1441762,4.216280785743297e-12,0.0,0.0002695072245323158,2.0533584162886168e-06,5.018672411166008,0.6552243526750328,0.186361133730325
1742114004.2435222,4.4963464751844895e-12,0.0,0.0002734941181575299,2.120459024641714e-06,5.039290497888999,0.6591182290330035,0.18693667618027618
1742114004.343599,4.780190725365461e-12,0.0,0.0002671116592038437,2.186364728348283e-06,5.0594896460082595,0.6629116948536904,0.18462699619522985
1742114004.4452057,4.8890487417118326e-12,0.0,0.0002785018064989745,2.2111193413544715e-06,5.0670294492300485,0.6643142085071059,0.18319827285996373
1742114004.543052,5.1680423728343434e-12,0.0,0.00028200906121330244,2.2733328777005674e-06,5.085800200499264,0.6677591550826563,0.18078631130448275
1742114004.6444457,5.4730422999243945e-12,0.0,0.00028571570669625346,2.3394534190542015e-06,5.105817366036177,0.6714234517293374,0.18207973209610878
1742114004.7450125,3.974949082188186e-12,0.0,0.0002658366231419745,1.9937274342768585e-06,5.121561134302183,0.6984090790287514,0.1920869254055651
1742114004.8429294,4.178435320673857e-12,0.0,0.0002689173615332278,2.044122139372757e-06,5.141997745608123,0.7024417465504325,0.1958098315182359
1742114004.9470026,4.258492532048705e-12,0.0,0.0002700555530280976,2.0636115264382257e-06,5.150090428642258,0.7040517667065345,0.19695710172087255
1742114005.0430202,4.454675716958077e-12,0.0,0.00027257710898584653,2.1106102712149573e-06,5.170141595240381,0.70807612567455,0.19860481252104353
1742114005.1429157,4.647744867219391e-12,0.0,0.00027518285403320565,2.155862905478776e-06,5.190137649814673,0.7121177312352689,0.20044588078886577
1742114005.2610006,4.917265621664428e-12,0.0,0.00027857570822451,2.217490839138784e-06,5.218297195719742,0.7178023682306058,0.19645344247252045
1742114005.3488047,4.996405135831969e-12,0.0,0.00027957342980873486,2.2352639968987933e-06,5.226440299677222,0.7194183777217678,0.19535850514799674
1742114005.4430354,5.1970443290388324e-12,0.0,0.00028201729415116975,2.279702684351368e-06,5.247076563615494,0.723485216753236,0.19334196080595553
1742114005.5500321,5.390824506845728e-12,0.0,0.0002739061611672645,2.3218149165783493e-06,5.267000916253082,0.7273680453883156,0.19099830617338723
1742114005.6442494,5.587126866589172e-12,0.0,0.00028647634191051555,2.3637104024370607e-06,5.286939476906426,0.7311772147797111,0.18722878922850208
1742114005.7436635,5.8503415089325105e-12,0.0,0.00028930840804714127,2.4187479217422616e-06,5.313606959031318,0.7361819936801268,0.18498825063139507
1742114005.8428023,6.044189137039694e-12,0.0,0.00029137377699060406,2.4584932656079603e-06,5.334028140233542,0.7400273384814842,0.1872875594082505
1742114005.9519124,6.118771025641008e-12,0.0,0.0002921684155396104,2.4736149711790248e-06,5.342184761772188,0.741573674089711,0.1874263190212876
1742114006.0497704,6.30054526966127e-12,0.0,0.00029383276753882254,2.510088697568528e-06,5.362455196838184,0.7453989129329344,0.18630157937437605
1742114006.1464279,6.472896021919559e-12,0.0,0.00029563460442539886,2.5441886765567443e-06,5.382331488013264,0.7491288369954088,0.1844102047863634
1742114006.2430077,4.536621566020298e-12,0.0,0.00027307666404318624,2.1299346389080344e-06,5.385298404982095,0.7729406151966529,0.18233650368744383
1742114006.3430808,4.708822201662757e-12,0.0,0.0002751319173704026,2.169982074041801e-06,5.414259723775615,0.7782073169311872,0.1777765695481922
1742114006.4434774,4.757271296327094e-12,0.0,0.0002757486839159948,2.1811169836409723e-06,5.422384065652736,0.7796491049382794,0.1734966580300953
1742114006.5455933,4.877498636033997e-12,0.0,0.0002773593221195657,2.208505973737449e-06,5.441990047896638,0.7830230707816614,0.1670687739282277
1742114006.646801,5.004974546529815e-12,0.0,0.0002786061062413006,2.237180043387169e-06,5.46214282217619,0.7863510003524592,0.1615165416627552
1742114006.7429497,5.1361681844388765e-12,0.0,0.00028033214477823253,2.2663115814995248e-06,5.482489809478267,0.7895880580565802,0.1552550141244558
1742114006.8431065,5.325688187996751e-12,0.0,0.00028268986213214755,2.3077452606379134e-06,5.511093578877052,0.7939206484346393,0.14700632733398944
1742114006.9543672,5.380664316688929e-12,0.0,0.00028288756382532893,2.319625900159103e-06,5.519332482849549,0.7951301874107024,0.14452760857636007
1742114007.0446842,5.517178783030319e-12,0.0,0.00028450446878053326,2.3488675533180494e-06,5.53999963489224,0.7981131331141125,0.14156758231216926
1742114007.1443884,5.6538280087574225e-12,0.0,0.0002861907979283021,2.377777956150957e-06,5.560407493452914,0.8009411421202177,0.13496034783417246
1742114007.2434154,5.795390598073719e-12,0.0,0.0002872842930499142,2.407361750562993e-06,5.580934568982087,0.8036429157766882,0.12851946991974378
1742114007.3544426,5.998708043395688e-12,0.0,0.0002896288762472308,2.4492260090476926e-06,5.609868910645076,0.8072460302498943,0.12027120036179093
1742114007.4427793,6.146640233790326e-12,0.0,0.00029070351950610053,2.479241866738767e-06,5.6306071262374076,0.8096863325249402,0.11505573433929946
1742114007.544739,6.205888213255323e-12,0.0,0.0002913837889448882,2.491162020675356e-06,5.638905682376148,0.8106343119239146,0.11242669266754649
1742114007.6545289,6.3615798031632464e-12,0.0,0.0002930638015297415,2.5222172394865685e-06,5.659368215997574,0.81280652845623,0.10099726361328618
1742114007.7526233,6.524501423056242e-12,0.0,0.00029411723323658656,2.5543103615371883e-06,5.679747392659976,0.8147987954957046,0.09553795498901874
1742114007.8461125,5.665414223687241e-12,0.0,0.0002849641022785899,2.38021306266629e-06,5.683832627314615,0.8244746220345736,0.0840430806449006
1742114007.9453888,5.826158866195365e-12,0.0,0.00028692412181297765,2.4137437449313802e-06,5.704592094508811,0.826195734381491,0.08169561131506665
1742114008.0444336,5.888887997508149e-12,0.0,0.00028680553216332215,2.426703112765991e-06,5.712816291826982,0.8268637628730442,0.08040290577917793
1742114008.1429405,6.0441688034634515e-12,0.0,0.00028860436533821804,2.4584891302308927e-06,5.733681372553434,0.8285354128434843,0.07995610936194142
1742114008.242935,6.186080885588611e-12,0.0,0.00029027791967762233,2.4871833236793406e-06,5.754066425854205,0.830176878047741,0.08056503041296696
1742114008.3427513,6.36411683657888e-12,0.0,0.0002914349782899657,2.522720126486266e-06,5.78247165364337,0.8324970990512224,0.08144020541220398
1742114008.4440393,6.480290218898818e-12,0.0,0.0002927872031261184,2.5456414160087076e-06,5.80325775051233,0.8342032967313013,0.08259289963751533
1742114008.5449314,6.523120553771332e-12,0.0,0.0002932619832755752,2.55404004545178e-06,5.81160712263457,0.8348933264998912,0.08232134087591857
1742114008.642867,6.6216861848438496e-12,0.0,0.000283143423360047,2.5732637223657915e-06,5.832417937891648,0.8366077745786757,0.08191000922232361
1742114008.7430563,6.706820568269898e-12,0.0,0.0002942258266868257,2.589752993679107e-06,5.85307748735292,0.8383087122675459,0.08261191351919865
1742114008.8433802,6.771114477184718e-12,0.0,0.00028373986496362197,2.602136521626934e-06,5.872322070179109,0.839921585150563,0.0846214245131562
1742114008.944377,6.8117892348255865e-12,0.0,0.00029431921552705955,2.609940465762694e-06,5.888587020004763,0.8413250197942865,0.08829932911902169
1742114009.0427327,6.846309814462474e-12,0.0,0.0002936562981959653,2.616545396981003e-06,5.919891046454637,0.8442006326460518,0.09388744338064871
1742114009.1430933,6.846950074285994e-12,0.0,0.0002937498462649055,2.6166677424323467e-06,5.928281642522904,0.8449986372179499,0.09575616820364691
1742114009.24568,6.833869947594698e-12,0.0,0.00028354791350259896,2.6141671613718005e-06,5.949040142078601,0.8470129817149488,0.0975128362944672
1742114009.34285,6.8008669587851e-12,0.0,0.0002924439419907815,2.607847188541748e-06,5.969819080220233,0.8490781505833702,0.10009943945914015
1742114009.4427934,6.724487715016654e-12,0.0,0.0002817775203209927,2.5931617217244e-06,5.997338120995238,0.8519118881489014,0.10527687771826477
1742114009.542996,5.84775030987602e-12,0.0,0.00028303767974112236,2.4182122135734944e-06,5.998164624137544,0.8607472305837174,0.09658141012490529
1742114009.647303,5.753717729393946e-12,0.0,0.00028103660308333975,2.3986908365593816e-06,6.028989400649593,0.8638466550555197,0.1039319145232513
1742114009.743091,5.721026825480451e-12,0.0,0.0002808352492084158,2.3918668076380114e-06,6.037195568371644,0.8647083364997936,0.10530955667794487
1742114009.8429961,5.625942255947409e-12,0.0,0.00026847108034489534,2.3719068818036276e-06,6.057729358808146,0.8669289045849435,0.10935677166283873
1742114009.9429116,5.516875233118789e-12,0.0,0.00027925876391382136,2.3488029362036288e-06,6.077853004226881,0.8691744384946833,0.11228353853524467
1742114010.047665,5.428881354159021e-12,0.0,0.00026692036982558744,2.3299959987431353e-06,6.0924636426951935,0.8708420785660351,0.11621148462594295
1742114010.1445677,5.202808083536109e-12,0.0,0.000254853697943395,2.2809664801430357e-06,6.124780163479855,0.8747291533042407,0.12402791853249825
1742114010.2439258,5.143346510666113e-12,0.0,0.00027556737559438795,2.2678947309489726e-06,6.132388967484843,0.8756892464168669,0.1270091044455841
1742114010.3429677,4.991291234527937e-12,0.0,0.00027386654410516446,2.234119789654963e-06,6.150457007047038,0.8780658395971983,0.13327641363442683
1742114010.442975,4.807712306330667e-12,0.0,0.0002605024520777297,2.1926496086540292e-06,6.170768930837724,0.8808484878912957,0.1378172742873504
1742114010.5428596,4.650604899155178e-12,0.0,0.00026974476537524044,2.1565261183568305e-06,6.187309376395973,0.8831876859190153,0.14372665758431705
1742114010.6429887,4.462743256591866e-12,0.0,0.00025624370013892824,2.1125205931758078e-06,6.2062679897123445,0.8859595786719527,0.1482879030257539
1742114010.7428563,4.255312597851802e-12,0.0,0.00024365847974137377,2.0628409046389886e-06,6.226438041955689,0.8890165881839867,0.15294421787560725
1742114010.8430967,4.055422748291714e-12,0.0,0.00023152036022945613,2.0138080217070627e-06,6.245264560346357,0.8919839033498125,0.15858692999184862
1742114010.9430704,3.868481759370535e-12,0.0,0.00021932518048780448,1.966845636894399e-06,6.262526377716611,0.8947978349603627,0.16380466099084168
1742114011.043053,3.7228917904231815e-12,0.0,0.00021742673410858997,1.929479668310392e-06,6.275805959156941,0.8970263577452045,0.16901053066552432
1742114011.1543531,3.545423595172238e-12,0.0,0.0002532846513877633,1.8829295247491972e-06,6.291765374194611,0.8998010221596484,0.17572415943444514
1742114011.242897,3.4390700704530858e-12,0.0,0.0002227810385699993,1.8544729899497284e-06,6.308812226378322,0.901331144099558,0.1878503125726217
1742114011.3429534,3.3435041152770654e-12,0.0,0.0002213502176109962,1.8285251202204103e-06,6.316891759528787,0.9028763874411787,0.19009371219267782
1742114011.443533,3.141723368571076e-12,0.0,0.0002459964234406233,1.7724907245373884e-06,6.334081345078346,0.9062368504071827,0.19518537936797076
1742114011.5435834,2.944526295052136e-12,0.0,0.00023233153160659488,1.7159622067668436e-06,6.351231898385279,0.9096642813463554,0.19918985782256074
1742114011.644337,2.7666317900404976e-12,0.0,0.0002123037712161593,1.663319509306765e-06,6.367026779491894,0.9128999086042615,0.2051873963891499
1742114011.7565813,2.4446667243273544e-12,0.0,0.0002069234534172668,1.563543003670623e-06,6.396509412401684,0.9191839018474806,0.21465642867674772
1742114011.8447583,2.3737779625706105e-12,0.0,0.00018922488902573358,1.5407069684306002e-06,6.403209194262828,0.9206541034795617,0.21737618861784877
1742114011.9508462,2.2069396281535724e-12,0.0,0.00016323061658279336,1.4855772037001551e-06,6.419286356119173,0.9242630372035432,0.22263391433348587
1742114012.043883,2.059503005880479e-12,0.0,0.00018295909231516282,1.4350968628913098e-06,6.434092917750448,0.9276383508578867,0.22523565707793158
1742114012.1522448,1.966077569980641e-12,0.0,0.0001454000839144089,1.402168880691852e-06,6.443836518850773,0.929878134453638,0.2275878947793478
1742114012.2425392,1.791960969865687e-12,0.0,0.00017035314166293755,1.3386414642710298e-06,6.462924289908699,0.934287595260967,0.226696924549245
1742114012.351136,1.7161803269402814e-12,0.0,0.00015442970280726522,1.3100306587787483e-06,6.471625514868094,0.9363166216291283,0.23132355628600035
1742114012.442899,1.6530251955004506e-12,0.0,0.00016034782131334828,1.2857002743643057e-06,6.479040027119197,0.9380678506803513,0.23255403457274357
1742114012.5438044,1.5628796202948364e-12,0.0,0.00015137984011412856,1.2501518388959145e-06,6.4899468849553585,0.9406685332822207,0.23548562942137644
1742114012.6428688,1.4880571546224607e-12,0.0,0.00014960923960544078,1.219859481506973e-06,6.499295736650865,0.9429281756603025,0.23925610004057818
1742114012.7428467,1.3526780455418422e-12,0.0,0.00013974381486529973,1.1630468801995224e-06,6.516964752098346,0.9472854626777387,0.2443395417748919
1742114012.8433917,1.2845954760083976e-12,0.0,0.00013184580592323904,1.1333999629470602e-06,6.526267511820123,0.9496262812530976,0.24829037604918414
1742114012.9427638,1.2559922622761003e-12,0.0,0.00012510283281592731,1.120710605944327e-06,6.530265784618422,0.9506435007618013,0.24996836600890096
1742114013.0430114,1.1927678434318866e-12,0.0,0.00012950717049550352,1.0921391135894212e-06,6.539338061769385,0.9529664596933181,0.25145717082610064
1742114013.146786,1.1383747642942487e-12,0.0,0.0001283271992804862,1.0669464673985517e-06,6.547425635920462,0.9550535233443505,0.25287766872038764
1742114013.2511294,1.0803795427699996e-12,0.0,0.00012081891185578598,1.0394130761011234e-06,6.556339889095469,0.9573809734694763,0.25711865840544634
1742114013.3455422,1.0031789902388209e-12,0.0,0.00011864431483750598,1.001588233875988e-06,6.568665411186572,0.9606689958449515,0.264275984150075
1742114013.4433486,9.842575535183395e-13,0.0,0.00011809731949213108,9.920975524202948e-07,6.571767329414129,0.9615121080527942,0.266508058887624
1742114013.5432358,1.142954848403121e-12,0.0,0.000116777197954512,1.0690906642577706e-06,6.5882504632314465,0.9506770742821882,0.2663561874030462
1742114013.642833,1.0878858643746984e-12,0.0,0.000115358300081856,1.0430176721296233e-06,6.59605502953589,0.9528425145133674,0.27369256550058074
1742114013.742877,1.0391220668094596e-12,0.0,0.0001085667547720831,1.0193733696783821e-06,6.603058799426947,0.9548632007985827,0.2864549928305976
1742114013.8435364,9.75677227054526e-13,0.0,0.00010688120430449111,9.877637506279152e-07,6.612205875960228,0.9576673261526238,0.30752773815377893
1742114013.943933,9.36954763717131e-13,0.0,0.00010579565684029762,9.679642367965519e-07,6.617815597799478,0.9594866698263473,0.3177378945945135
1742114014.0472138,9.202066626923807e-13,0.0,0.00010011717732004483,9.592740289887874e-07,6.620266084420592,0.9602992205154735,0.32261903816445997
1742114014.154642,8.809278185504097e-13,0.0,9.901688317474997e-05,9.385775506320241e-07,6.626065123533024,0.9622712406259346,0.3316692882178656
1742114014.2442262,8.465181972294095e-13,0.0,9.802341649689845e-05,9.200642353821876e-07,6.631196650433068,0.9640824114888247,0.34350855880960157
1742114014.346259,8.22564170445485e-13,0.0,9.749318168031227e-05,9.069532349826451e-07,6.634814355350272,0.9653913284128244,0.35296030575021453
1742114014.4440672,7.715716160756909e-13,0.0,9.595051390597256e-05,8.783914936266693e-07,6.642606812790632,0.9683271663719495,0.3654965930579535
1742114014.5446994,7.590220011945877e-13,0.0,9.069319253545189e-05,8.712186873538628e-07,6.644567873746723,0.9690805227364443,0.3680532746909491
1742114014.642848,7.289280725230277e-13,0.0,8.976179093202143e-05,8.537728459742835e-07,6.649329332856993,0.9709429669574927,0.3763247304557198
1742114014.7430751,7.062616285439679e-13,0.0,8.903906270496374e-05,8.403937342364993e-07,6.652971335097476,0.9724013652998043,0.3836819701789254
1742114014.8427036,6.724832636300219e-13,0.0,8.79358613287301e-05,8.200507689344739e-07,6.658525599023861,0.9746671127753377,0.390057282984101
1742114014.94779,6.500570894456849e-13,0.0,8.718465247719518e-05,8.062611794236933e-07,6.662313903212947,0.9762360131492436,0.3944027000068062
1742114015.0429335,6.402669314129199e-13,0.0,8.231716413300573e-05,8.001668147411013e-07,6.663995622779211,0.9769380456246655,0.3965127044318549
1742114015.144261,6.191096195001986e-13,0.0,8.160701058919485e-05,7.86835192082941e-07,6.667679481955474,0.9784942781608237,0.4020591550467843
1742114015.2551296,6.042893057947746e-13,0.0,8.110050197295309e-05,7.773604735222743e-07,6.6703101052885785,0.9796167898535675,0.4047615104316107
1742114015.3433511,5.813714199172417e-13,0.0,8.030205093698147e-05,7.624771602594019e-07,6.674442441664382,0.9814115955177023,0.4158575111029977
1742114015.4445596,5.753614367742961e-13,0.0,8.008936512030907e-05,7.585258313164398e-07,6.675528884855893,0.9818961517336291,0.4231915050147407
1742114015.5457277,5.601316902678804e-13,0.0,7.953603994114766e-05,7.484194614438353e-07,6.678295159768226,0.9831502625181745,0.42805679374917693
1742114015.6537511,5.438564603651844e-13,0.0,7.4708657456516e-05,7.37466243542838e-07,6.681280944655924,0.9845328997661902,0.4380244784949653
1742114015.7475088,5.303665492186154e-13,0.0,6.628382659082502e-05,7.282626924528095e-07,6.683773767828782,0.9857149062087434,0.44577498966439894
1742114015.8455462,5.189923350789561e-13,0.0,6.590128536023032e-05,7.204112263693258e-07,6.685893899967965,0.9867375731877193,0.44937773281320265
1742114015.9468257,5.182688045860422e-13,0.0,6.587682494322542e-05,7.199088863085677e-07,6.68603082330506,0.9868032596410448,0.44522591167672815
1742114016.059354,5.192234117023213e-13,0.0,6.590909478074468e-05,7.20571586799203e-07,6.68584765029469,0.9867169590636831,0.4353851848243111
1742114016.1428459,5.200512103852462e-13,0.0,6.593705708380034e-05,7.211457622320512e-07,6.685686861833986,0.9866425414429951,0.427487807810151
1742114016.2500684,5.194725202505192e-13,0.0,6.591751074838427e-05,7.207444208944798e-07,6.685802426478148,0.9866941215237279,0.41635532909616163
1742114016.3428483,5.186787275764538e-13,0.0,6.589068232186419e-05,7.201935348060643e-07,6.685965051819593,0.9867644326080143,0.4035868220923775
1742114016.4532645,5.183477526304636e-13,0.0,6.587949023804945e-05,7.199637161902422e-07,6.686035211065544,0.9867934695720013,0.3855809741614693
1742114016.5480506,5.187813346962074e-13,0.0,6.589415187858958e-05,7.202647670795839e-07,6.68594127329456,0.9867557099548669,0.37881596618875185
1742114016.643105,5.1974671573271e-13,0.0,6.59267779867778e-05,7.209346126610304e-07,6.685729355983625,0.986672151512753,0.3722413354514471
1742114016.7428272,5.201712200473694e-13,0.0,6.594111660059399e-05,7.21228965064056e-07,6.68563492707969,0.986635637870652,0.3643991523383489
1742114016.8428824,5.19545358547136e-13,0.0,6.591997419429433e-05,7.207949490299832e-07,6.685777073894414,0.9866890880640202,0.3569926791785591
1742114016.944616,5.186239375000308e-13,0.0,6.588882644128257e-05,7.201554953619605e-07,6.685991022893191,0.9867672938929584,0.34478874737008747
1742114017.0462768,5.183238197141327e-13,0.0,6.587867571765137e-05,7.199470950800014e-07,6.686062633691648,0.9867925435291269,0.3356053405402534
1742114017.1428142,5.181262416743785e-13,0.0,6.587199162657781e-05,7.198098649465555e-07,6.686110477356067,0.9868090815807697,0.326351719438874
1742114017.2461693,5.181262416744245e-13,0.0,6.58719916265794e-05,7.198098649465875e-07,6.686110477356053,0.9868090815807662,0.32279153400643984
1742114017.3433518,5.185084478289486e-13,0.0,6.588492158659653e-05,7.200753070540251e-07,6.686014255714852,0.9867775936581307,0.31468279892190654
1742114017.4428835,5.190754412604816e-13,0.0,6.590409600818924e-05,7.2046890374289e-07,6.685869655648858,0.9867311883527599,0.3072825246451729
1742114017.5451133,5.192626860048939e-13,0.0,6.591042641888437e-05,7.205988384704029e-07,6.685821382910049,0.9867159480750765,0.2997588687537544
1742114017.6428266,5.188075250742211e-13,0.0,6.589503570079562e-05,7.202829479268693e-07,6.685942545272852,0.9867524898950553,0.28903790050729455
1742114017.7427864,5.186278763969321e-13,0.0,6.58889594130795e-05,7.201582301112251e-07,6.685991094301357,0.9867668256966446,0.2852131896613472
1742114017.843868,5.184510674860135e-13,0.0,6.58829781436859e-05,7.200354626586204e-07,6.686039741590761,0.9867808239834268,0.2763508134482735
1742114017.9448726,5.182770902825836e-13,0.0,6.587709166913987e-05,7.199146409697358e-07,6.6860884845457065,0.9867944857121866,0.27082725101693794
1742114018.0464978,5.182776146770792e-13,0.0,6.587710937605587e-05,7.19915005175666e-07,6.686088501962857,0.9867944222679697,0.26368148857339546
1742114018.1457405,5.182776146770314e-13,0.0,6.587710937605427e-05,7.199150051756328e-07,6.686088501962871,0.9867944222679732,0.26068039470895454
1742114018.255531,5.183613195775165e-13,0.0,6.587994184055368e-05,7.199731380944129e-07,6.686064022850033,0.9867879876833321,0.25550802284463575
1742114018.3429494,5.187770278511318e-13,0.0,6.589400642692623e-05,7.202617773081754e-07,6.6859415329350185,0.986756176015577,0.25234444671853723
1742114018.44648,5.189411527698425e-13,0.0,6.589955819428418e-05,7.203757025121284e-07,6.68589246762086,0.9867437213649186,0.24758573108895968
1742114018.546464,5.192667376181582e-13,0.0,6.591056978629638e-05,7.206016497470417e-07,6.685794252078509,0.9867191492300851,0.2434538179038399
1742114018.6433156,5.192667376181582e-13,0.0,6.591056978629638e-05,7.206016497470417e-07,6.685794252078509,0.9867191492300851,0.23971982532724076
1742114018.743882,5.191086703451479e-13,0.0,6.590522375194244e-05,7.204919641086554e-07,6.685843499429353,0.9867308642648034,0.23364193969949426
1742114018.8433225,5.191086703451479e-13,0.0,6.590522375194244e-05,7.204919641086554e-07,6.685843499429353,0.9867308642648034,0.23168011242135694
1742114018.9432633,5.189529251223797e-13,0.0,6.58999554606012e-05,7.203838734469142e-07,6.685892810949284,0.9867423053039897,0.22704430156930602
1742114019.044059,5.188755951083809e-13,0.0,6.5897339404227e-05,7.20330198664738e-07,6.685917481324012,0.9867479624636406,0.2216198020575876
1742114019.1437535,5.187999464560154e-13,0.0,6.589477994981459e-05,7.202776870457778e-07,6.68594219684708,0.9867534189976883,0.21617336803659118
1742114019.2464063,5.186507300071485e-13,0.0,6.588973087009287e-05,7.201740970120687e-07,6.685991681608954,0.9867640858490354,0.21057208114846876
1742114019.3430305,5.186501656733901e-13,0.0,6.588971182032651e-05,7.201737052082575e-07,6.685991667331621,0.9867641534733487,0.20511074596627882
1742114019.4436293,5.185772666580577e-13,0.0,6.588724478091121e-05,7.201230913240165e-07,6.686016452643329,0.98676928369437,0.20132322841867145
1742114019.5428905,5.184336555776496e-13,0.0,6.588238416787231e-05,7.200233715495975e-07,6.686066076104893,0.9867792853101527,0.1969084315894478
1742114019.6453557,5.185754446897547e-13,0.0,6.588718327320121e-05,7.201218262834107e-07,6.686016409204797,0.9867695016920806,0.19241769844278023
1742114019.74612,5.18856200096377e-13,0.0,6.589668483335429e-05,7.203167359546611e-07,6.685917007273545,0.9867502833850104,0.18764110141976986
1742114019.8433347,5.18856200096377e-13,0.0,6.589668483335429e-05,7.203167359546611e-07,6.685917007273545,0.9867502833850104,0.1845974498389596
1742114019.954557,5.189930895017085e-13,0.0,6.590131722798717e-05,7.204117499747686e-07,6.685867226572924,0.9867410962967913,0.18054349952920606
1742114020.042927,5.19128905055333e-13,0.0,6.590591297396178e-05,7.205060062590269e-07,6.685817421740595,0.9867320407982891,0.17910047107919388
1742114020.1447165,5.190611648032766e-13,0.0,6.590362080460353e-05,7.204589959208481e-07,6.685842327858637,0.98673654813987,0.17895992332681346
1742114020.242558,5.190614219198997e-13,0.0,6.590362948070654e-05,7.204591743602823e-07,6.6858423333717525,0.986736517487472,0.17711992794259712
1742114020.3433285,5.191286616629627e-13,0.0,6.590590476149569e-05,7.20505837355231e-07,6.685817416529915,0.9867320698097526,0.17650909954293895
1742114020.4482045,5.191286616629461e-13,0.0,6.590590476149512e-05,7.205058373552195e-07,6.685817416529929,0.9867320698097526,0.17603619629129097
1742114020.544065,5.192625988667378e-13,0.0,6.591043673251701e-05,7.205987780080797e-07,6.685767570909903,0.9867232415856382,0.17492468887551954
1742114020.6438646,5.191290017998863e-13,0.0,6.590591623831447e-05,7.205060733955588e-07,6.685817423689414,0.986732029283262,0.1740471892951362
1742114020.74294,5.191291352929815e-13,0.0,6.590592074261179e-05,7.205061660339775e-07,6.685817426473946,0.9867320133813209,0.17277153068765333
1742114020.842587,5.191290425626437e-13,0.0,6.590591761372035e-05,7.205061016831459e-07,6.68581742455153,0.9867320244259243,0.17143912845834414
1742114020.9440048,5.190629805487393e-13,0.0,6.590368207497392e-05,7.204602560507688e-07,6.685842366034464,0.9867363317769335,0.17058380180581742
1742114021.0427172,5.191947951412843e-13,0.0,6.590814261879211e-05,7.205517296775328e-07,6.685792476582222,0.9867277547218478,0.1699858480094305
1742114021.1428416,5.191291025534017e-13,0.0,6.590591963792741e-05,7.205061433141301e-07,6.6858174257584295,0.9867320172857319,0.16896946960672063
1742114021.2458394,5.190635324359088e-13,0.0,6.590370069787564e-05,7.204606390608087e-07,6.685842377286292,0.986736266062179,0.16793759399636918
1742114021.342822,5.189982864629553e-13,0.0,6.590149260511817e-05,7.204153569038872e-07,6.685867335214482,0.9867404770377206,0.1663598590491645
1742114021.450141,5.189982364734866e-13,0.0,6.59014909181614e-05,7.204153222089926e-07,6.6858673342175905,0.9867404829878179,0.16588314110025096
1742114021.5467823,5.189982364734866e-13,0.0,6.59014909181614e-05,7.204153222089926e-07,6.6858673342175905,0.9867404829878179,0.16588528686746293
1742114021.6433592,5.189982364734866e-13,0.0,6.59014909181614e-05,7.204153222089926e-07,6.6858673342175905,0.9867404829878179,0.16587861114724808
1742114021.7428536,5.189332628832928e-13,0.0,6.589929192774275e-05,7.203702262609781e-07,6.685892297471668,0.9867446623167186,0.1658801608680121
1742114021.8427587,5.189982360984397e-13,0.0,6.59014909055051e-05,7.204153219486935e-07,6.685867334210116,0.9867404830324578,0.16587157779916464
1742114021.94334,5.189332629957592e-13,0.0,6.589929193153836e-05,7.203702263390397e-07,6.685892297473899,0.986744662303332,0.16587944561227486
1742114022.0424929,5.189982364984523e-13,0.0,6.5901490919004e-05,7.204153222263199e-07,6.685867334218088,0.9867404829848461,0.16588695579751658
1742114022.1428115,5.189982364984523e-13,0.0,6.5901490919004e-05,7.204153222263199e-07,6.685867334218088,0.9867404829848461,0.16587932640298547
1742114022.2579827,5.189982364984523e-13,0.0,6.5901490919004e-05,7.204153222263199e-07,6.685867334218088,0.9867404829848461,0.1658747964499824
1742114022.3429973,5.189982364984523e-13,0.0,6.5901490919004e-05,7.204153222263199e-07,6.685867334218088,0.9867404829848461,0.16588683658822703
1742114022.446656,5.189332622458091e-13,0.0,6.589929190622876e-05,7.203702258185086e-07,6.685892297458949,0.9867446623926064,0.16588671737893754
1742114022.5549328,5.189982369359801e-13,0.0,6.590149093376893e-05,7.204153225299834e-07,6.685867334226799,0.9867404829327704,0.16588349872811975
1742114022.6425533,5.189982369359801e-13,0.0,6.590149093376893e-05,7.204153225299834e-07,6.685867334226799,0.9867404829327704,0.16588314110025096
1742114022.7430267,5.189982369359801e-13,0.0,6.590149093376893e-05,7.204153225299834e-07,6.685867334226799,0.9867404829327704,0.16588492923959428
1742114022.8430355,5.189982369359801e-13,0.0,6.590149093376893e-05,7.204153225299834e-07,6.685867334226799,0.9867404829327704,0.1658856444953314
1742114022.9466534,5.189982369359801e-13,0.0,6.590149093376893e-05,7.204153225299834e-07,6.685867334226799,0.9867404829327704,0.1658893399833076
1742114023.0478208,5.189982369359801e-13,0.0,6.590149093376893e-05,7.204153225299834e-07,6.685867334226799,0.9867404829327704,0.1658900552390448
1742114023.1425622,5.189982369359801e-13,0.0,6.590149093376893e-05,7.204153225299834e-07,6.685867334226799,0.9867404829327704,0.1658774190543524
1742114023.2579575,5.189982369359801e-13,0.0,6.590149093376893e-05,7.204153225299834e-07,6.685867334226799,0.9867404829327704,0.1658778958915107
1742114023.3436437,5.189982369359801e-13,0.0,6.590149093376893e-05,7.204153225299834e-07,6.685867334226799,0.9867404829327704,0.16587300831063917
1742114023.4491227,5.189982369359801e-13,0.0,6.590149093376893e-05,7.204153225299834e-07,6.685867334226799,0.9867404829327704,0.16587622696145693
1742114023.542909,5.189982369359801e-13,0.0,6.590149093376893e-05,7.204153225299834e-07,6.685867334226799,0.9867404829327704,0.16588159137948683
1742114023.6427119,5.189982369359801e-13,0.0,6.590149093376893e-05,7.204153225299834e-07,6.685867334226799,0.9867404829327704,0.16587932640298547
1742114023.7424514,5.189982369359801e-13,0.0,6.590149093376893e-05,7.204153225299834e-07,6.685867334226799,0.9867404829327704,0.16588182979806587
1742114023.8448303,5.189982369359801e-13,0.0,6.590149093376893e-05,7.204153225299834e-07,6.685867334226799,0.9867404829327704,0.1658842139838569
1742114023.9451425,5.189982369359801e-13,0.0,6.590149093376893e-05,7.204153225299834e-07,6.685867334226799,0.9867404829327704,0.16588588291391074
1742114024.0497317,5.189982370859755e-13,0.0,6.59014909388306e-05,7.20415322634087e-07,6.685867334229798,0.9867404829149162,0.16588731342538532
1742114024.1429338,5.189982370859755e-13,0.0,6.59014909388306e-05,7.20415322634087e-07,6.685867334229798,0.9867404829149162,0.16588647896035846
1742114024.2483459,5.189982370859755e-13,0.0,6.59014909388306e-05,7.20415322634087e-07,6.685867334229798,0.9867404829149162,0.16587944561227486
1742114024.343182,5.189982370859755e-13,0.0,6.59014909388306e-05,7.20415322634087e-07,6.685867334229798,0.9867404829149162,0.16589410835488957
1742114024.4474926,5.189982370859755e-13,0.0,6.59014909388306e-05,7.20415322634087e-07,6.685867334229798,0.9867404829149162,0.1658914857505196
1742114024.543966,5.189982370859755e-13,0.0,6.59014909388306e-05,7.20415322634087e-07,6.685867334229798,0.9867404829149162,0.16589315468057325
1742114024.6432424,5.189982370859755e-13,0.0,6.59014909388306e-05,7.20415322634087e-07,6.685867334229798,0.9867404829149162,0.16589553886636435
1742114024.744354,5.189982370859755e-13,0.0,6.59014909388306e-05,7.20415322634087e-07,6.685867334229798,0.9867404829149162,0.16589565807565376
1742114024.8449166,5.189982370859755e-13,0.0,6.59014909388306e-05,7.20415322634087e-07,6.685867334229798,0.9867404829149162,0.16588755184396442
1742114024.9448953,5.189982363108552e-13,0.0,6.590149091267327e-05,7.204153220961192e-07,6.68586733421435,0.9867404830071749,0.16589136654123005
1742114025.042997,5.189982363108552e-13,0.0,6.590149091267327e-05,7.204153220961192e-07,6.68586733421435,0.9867404830071749,0.16589494281991637
1742114025.1427512,5.189982363108552e-13,0.0,6.590149091267327e-05,7.204153220961192e-07,6.68586733421435,0.9867404830071749,0.16589458519204792
1742114025.2428706,5.189982363108552e-13,0.0,6.590149091267327e-05,7.204153220961192e-07,6.68586733421435,0.9867404830071749,0.1658981614707344
1742114025.3444843,5.189982363108552e-13,0.0,6.590149091267327e-05,7.204153220961192e-07,6.68586733421435,0.9867404830071749,0.16589029365762398
1742114025.4426417,5.189982363108552e-13,0.0,6.590149091267327e-05,7.204153220961192e-07,6.68586733421435,0.9867404830071749,0.16588922077401816
1742114025.5479841,5.189332613207998e-13,0.0,6.58992918750112e-05,7.203702251764712e-07,6.6858922974405175,0.9867446625027192,0.16588576370462102
1742114025.6431406,5.189982358733441e-13,0.0,6.590149089790888e-05,7.204153217924672e-07,6.685867334205625,0.9867404830592506,0.16588945919259704
1742114025.7434328,5.189982358733441e-13,0.0,6.590149089790888e-05,7.204153217924672e-07,6.685867334205625,0.9867404830592506,0.16588314110025096
1742114025.8433692,5.189982358733441e-13,0.0,6.590149089790888e-05,7.204153217924672e-07,6.685867334205625,0.9867404830592506,0.16589232021554642
1742114025.9428608,5.189982358733441e-13,0.0,6.590149089790888e-05,7.204153217924672e-07,6.685867334205625,0.9867404830592506,0.16589994961007767
1742114026.0452266,5.189982358733441e-13,0.0,6.590149089790888e-05,7.204153217924672e-07,6.685867334205625,0.9867404830592506,0.16589780384286554
1742114026.1426702,5.189982358733441e-13,0.0,6.590149089790888e-05,7.204153217924672e-07,6.685867334205625,0.9867404830592506,0.16589863830789253
1742114026.2430265,5.189982358733441e-13,0.0,6.590149089790888e-05,7.204153217924672e-07,6.685867334205625,0.9867404830592506,0.16589839988931357
1742114026.3433008,5.189982358733441e-13,0.0,6.590149089790888e-05,7.204153217924672e-07,6.685867334205625,0.9867404830592506,0.1659053140281074
1742114026.4431832,5.189982358733441e-13,0.0,6.590149089790888e-05,7.204153217924672e-07,6.685867334205625,0.9867404830592506,0.16590221458657906
1742114026.5435805,5.189982358733441e-13,0.0,6.590149089790888e-05,7.204153217924672e-07,6.685867334205625,0.9867404830592506,0.165898519098603
1742114026.642854,5.189982358733441e-13,0.0,6.590149089790888e-05,7.204153217924672e-07,6.685867334205625,0.9867404830592506,0.16590412193521184
1742114026.7426674,5.189982358733441e-13,0.0,6.590149089790888e-05,7.204153217924672e-07,6.685867334205625,0.9867404830592506,0.1658944659827583
1742114026.8455055,5.189982358733441e-13,0.0,6.590149089790888e-05,7.204153217924672e-07,6.685867334205625,0.9867404830592506,0.1658914857505196
1742114026.942845,5.189982358733441e-13,0.0,6.590149089790888e-05,7.204153217924672e-07,6.685867334205625,0.9867404830592506,0.16589303547128367
1742114027.0428298,5.189982358733441e-13,0.0,6.590149089790888e-05,7.204153217924672e-07,6.685867334205625,0.9867404830592506,0.16588957840188673
1742114027.1428802,5.189332599333476e-13,0.0,6.589929182818708e-05,7.203702242134578e-07,6.685892297412877,0.9867446626678795,0.16589386993631058
1742114027.243861,5.189982363358855e-13,0.0,6.590149091351789e-05,7.204153221134913e-07,6.685867334214848,0.9867404830041959,0.16588576370462102
1742114027.3465638,5.189982364233799e-13,0.0,6.590149091647058e-05,7.204153221742164e-07,6.685867334216596,0.9867404829937811,0.1658865981696479
1742114027.4438312,5.189332613958297e-13,0.0,6.589929187754338e-05,7.203702252285484e-07,6.685892297442024,0.9867446624937859,0.1658886247275703
1742114027.5431654,5.189982367359295e-13,0.0,6.590149092701786e-05,7.204153223911395e-07,6.68586733422282,0.9867404829565807,0.16588969761117628
1742114027.6433098,5.189982367359295e-13,0.0,6.590149092701786e-05,7.204153223911395e-07,6.68586733422282,0.9867404829565807,0.16589100891336128
1742114027.7430549,5.189982367359295e-13,0.0,6.590149092701786e-05,7.204153223911395e-07,6.68586733422282,0.9867404829565807,0.1658846908210151
1742114027.8429472,5.189982367359295e-13,0.0,6.590149092701786e-05,7.204153223911395e-07,6.68586733422282,0.9867404829565807,0.16588635975106888
1742114027.9427938,5.18998236985917e-13,0.0,6.590149093545402e-05,7.204153225646419e-07,6.685867334227808,0.9867404829268249,0.16589232021554642
1742114028.0460458,5.18998236985917e-13,0.0,6.590149093545402e-05,7.204153225646419e-07,6.685867334227808,0.9867404829268249,0.16588850551828085
1742114028.1428883,5.18998236985917e-13,0.0,6.590149093545402e-05,7.204153225646419e-07,6.685867334227808,0.9867404829268249,0.1658906512854927
1742114028.2430174,5.189982369484352e-13,0.0,6.590149093418917e-05,7.204153225386278e-07,6.685867334227055,0.9867404829312871,0.16589029365762398
1742114028.3471205,5.189982369484352e-13,0.0,6.590149093418917e-05,7.204153225386278e-07,6.685867334227055,0.9867404829312871,0.16589303547128367
1742114028.4430757,5.189982369484352e-13,0.0,6.590149093418917e-05,7.204153225386278e-07,6.685867334227055,0.9867404829312871,0.1658980422614448
1742114028.5426173,5.189982369484352e-13,0.0,6.590149093418917e-05,7.204153225386278e-07,6.685867334227055,0.9867404829312871,0.16589410835488957
1742114028.6426992,5.189982369484352e-13,0.0,6.590149093418917e-05,7.204153225386278e-07,6.685867334227055,0.9867404829312871,0.16589124733194044
1742114028.7463858,5.189332612333273e-13,0.0,6.589929187205918e-05,7.203702251157576e-07,6.685892297438784,0.9867446625131304,0.16588814789041206
1742114028.8501034,5.189982371609687e-13,0.0,6.590149094136146e-05,7.204153226861355e-07,6.68586733423129,0.98674048290599,0.16588826709970167
1742114028.943789,5.189982371609687e-13,0.0,6.590149094136146e-05,7.204153226861355e-07,6.68586733423129,0.98674048290599,0.16589458519204792
1742114029.0430079,5.189982371609687e-13,0.0,6.590149094136146e-05,7.204153226861355e-07,6.68586733423129,0.98674048290599,0.1658914857505196
1742114029.1431396,5.189982371609687e-13,0.0,6.590149094136146e-05,7.204153226861355e-07,6.68586733423129,0.98674048290599,0.16589303547128367
1742114029.2447917,5.189332610583105e-13,0.0,6.589929186615269e-05,7.203702249942806e-07,6.685892297435288,0.9867446625339653,0.16589255863412555
1742114029.3428183,5.189982371609687e-13,0.0,6.590149094136146e-05,7.204153226861355e-07,6.68586733423129,0.98674048290599,0.1658914857505196
1742114029.452011,5.189982371609687e-13,0.0,6.590149094136146e-05,7.204153226861355e-07,6.68586733423129,0.98674048290599,0.16588969761117628
1742114029.5434918,5.189982371609687e-13,0.0,6.590149094136146e-05,7.204153226861355e-07,6.68586733423129,0.98674048290599,0.16590126091226262
1742114029.6429274,5.189982371609687e-13,0.0,6.590149094136146e-05,7.204153226861355e-07,6.68586733423129,0.98674048290599,0.16589506202920615
1742114029.7425482,5.189982371609687e-13,0.0,6.590149094136146e-05,7.204153226861355e-07,6.68586733423129,0.98674048290599,0.1659059100745552
1742114029.8486874,5.189982371609687e-13,0.0,6.590149094136146e-05,7.204153226861355e-07,6.68586733423129,0.98674048290599,0.16590042644723585
1742114029.9428842,5.189982371609687e-13,0.0,6.590149094136146e-05,7.204153226861355e-07,6.68586733423129,0.98674048290599,0.1659000688193672
1742114030.043073,5.189982368859213e-13,0.0,6.590149093207958e-05,7.204153224952405e-07,6.685867334225804,0.9867404829387283,0.165897446214997
1742114030.1427655,5.189332598208534e-13,0.0,6.589929182439054e-05,7.203702241353771e-07,6.685892297410618,0.9867446626812733,0.16589685016854924
1742114030.24251,5.189982368234092e-13,0.0,6.590149092997002e-05,7.204153224518543e-07,6.685867334224554,0.9867404829461695,0.1658973270057075
1742114030.342917,5.189982368234092e-13,0.0,6.590149092997002e-05,7.204153224518543e-07,6.685867334224554,0.9867404829461695,0.16589947277291936
1742114030.4482894,5.189982368234092e-13,0.0,6.590149092997002e-05,7.204153224518543e-07,6.685867334224554,0.9867404829461695,0.16589470440133736
1742114030.5428724,5.189982364983786e-13,0.0,6.590149091900149e-05,7.204153222262688e-07,6.685867334218074,0.9867404829848567,0.165891604959809
1742114030.643056,5.189982371109284e-13,0.0,6.590149093967271e-05,7.204153226514053e-07,6.685867334230281,0.9867404829119479,0.165897446214997
1742114030.743063,5.189982371109284e-13,0.0,6.590149093967271e-05,7.204153226514053e-07,6.685867334230281,0.9867404829119479,0.16589553886636435
1742114030.842692,5.189982371109284e-13,0.0,6.590149093967271e-05,7.204153226514053e-07,6.685867334230281,0.9867404829119479,0.16589899593576124
1742114030.9443476,5.189982371109284e-13,0.0,6.590149093967271e-05,7.204153226514053e-07,6.685867334230281,0.9867404829119479,0.16590221458657906
1742114031.0451577,5.189982371109284e-13,0.0,6.590149093967271e-05,7.204153226514053e-07,6.685867334230281,0.9867404829119479,0.16589780384286554
1742114031.1431725,5.189982371109284e-13,0.0,6.590149093967271e-05,7.204153226514053e-07,6.685867334230281,0.9867404829119479,0.16590114170297318
1742114031.2425046,5.189982371109284e-13,0.0,6.590149093967271e-05,7.204153226514053e-07,6.685867334230281,0.9867404829119479,0.1659036450980537
1742114031.357684,5.189982371109284e-13,0.0,6.590149093967271e-05,7.204153226514053e-07,6.685867334230281,0.9867404829119479,0.16589494281991637
1742114031.4428577,5.189982371109284e-13,0.0,6.590149093967271e-05,7.204153226514053e-07,6.685867334230281,0.9867404829119479,0.16590304905160613
1742114031.5437481,5.189982371109284e-13,0.0,6.590149093967271e-05,7.204153226514053e-07,6.685867334230281,0.9867404829119479,0.1659085326789251
1742114031.6430562,5.189982371109284e-13,0.0,6.590149093967271e-05,7.204153226514053e-07,6.685867334230281,0.9867404829119479,0.16590483719094914
1742114031.7429156,5.189982371109284e-13,0.0,6.590149093967271e-05,7.204153226514053e-07,6.685867334230281,0.9867404829119479,0.16590114170297318
1742114031.8431883,5.189982371109284e-13,0.0,6.590149093967271e-05,7.204153226514053e-07,6.685867334230281,0.9867404829119479,0.16589756542428666
1742114031.9504776,5.189982371109284e-13,0.0,6.590149093967271e-05,7.204153226514053e-07,6.685867334230281,0.9867404829119479,0.16590304905160613
1742114032.0479984,5.189982371109284e-13,0.0,6.590149093967271e-05,7.204153226514053e-07,6.685867334230281,0.9867404829119479,0.16588802868112265
1742114032.1427279,5.189982371109284e-13,0.0,6.590149093967271e-05,7.204153226514053e-07,6.685867334230281,0.9867404829119479,0.16589780384286554
1742114032.2430246,5.189332596333572e-13,0.0,6.589929181806277e-05,7.203702240052383e-07,6.68589229740688,0.9867446627035932,0.16590149933084186
1742114032.3453417,5.189982371984229e-13,0.0,6.590149094262534e-05,7.204153227121304e-07,6.685867334232029,0.9867404829015332,0.16589780384286554
1742114032.4464836,5.189982371984229e-13,0.0,6.590149094262534e-05,7.204153227121304e-07,6.685867334232029,0.9867404829015332,0.1658979230521553
1742114032.5433376,5.189332603083327e-13,0.0,6.589929184084216e-05,7.203702244737304e-07,6.685892297420338,0.9867446626232432,0.16589911514505076
1742114032.6433392,5.189982371109284e-13,0.0,6.590149093967271e-05,7.204153226514053e-07,6.685867334230281,0.9867404829119479,0.1658979230521553
1742114032.7447948,5.189982371109284e-13,0.0,6.590149093967271e-05,7.204153226514053e-07,6.685867334230281,0.9867404829119479,0.16589828068002385
1742114032.845118,5.189982371109284e-13,0.0,6.590149093967271e-05,7.204153226514053e-07,6.685867334230281,0.9867404829119479,0.1659062677024239
1742114032.946809,5.189332585709133e-13,0.0,6.589929178220709e-05,7.203702232678092e-07,6.685892297385706,0.9867446628300662,0.16590495640023875
1742114033.0446181,5.189982372733902e-13,0.0,6.590149094515521e-05,7.20415322764161e-07,6.685867334233521,0.9867404828926105,0.16590376430734316
1742114033.145743,5.189982372733902e-13,0.0,6.590149094515521e-05,7.20415322764161e-07,6.685867334233521,0.9867404828926105,0.16591163212045362
1742114033.2451098,5.189982372733902e-13,0.0,6.590149094515521e-05,7.20415322764161e-07,6.685867334233521,0.9867404828926105,0.16591568523629835
1742114033.3431277,5.189982372733902e-13,0.0,6.590149094515521e-05,7.20415322764161e-07,6.685867334233521,0.9867404828926105,0.16591103607400576
1742114033.4496582,5.189982372733902e-13,0.0,6.590149094515521e-05,7.20415322764161e-07,6.685867334233521,0.9867404828926105,0.1659104400275581
1742114033.5430074,5.189982372733902e-13,0.0,6.590149094515521e-05,7.20415322764161e-07,6.685867334233521,0.9867404828926105,0.16591342025979694
1742114033.6483579,5.189982372733902e-13,0.0,6.590149094515521e-05,7.20415322764161e-07,6.685867334233521,0.9867404828926105,0.16591079765542666
1742114033.7431111,5.189332574459669e-13,0.0,6.589929174424202e-05,7.203702224869979e-07,6.6858922973632815,0.9867446629639804,0.16591198974832225
1742114033.8462002,5.18998236685856e-13,0.0,6.590149092532809e-05,7.204153223563863e-07,6.685867334221811,0.9867404829625421,0.16590745979531932
1742114033.9428556,5.18998236685856e-13,0.0,6.590149092532809e-05,7.204153223563863e-07,6.685867334221811,0.9867404829625421,0.16590865188821474
1742114034.0428777,5.18998236685856e-13,0.0,6.590149092532809e-05,7.204153223563863e-07,6.685867334221811,0.9867404829625421,0.16590579086526558
1742114034.1452775,5.188682824004977e-13,0.0,6.589709261578876e-05,7.203251227053639e-07,6.685917260458908,0.9867488432391944,0.16591616207345647
1742114034.2494328,5.189982374359737e-13,0.0,6.590149095064179e-05,7.204153228770011e-07,6.685867334236761,0.9867404828732589,0.16591830784066855
1742114034.3428633,5.189332560836063e-13,0.0,6.589929169826461e-05,7.203702215414005e-07,6.685892297336125,0.9867446631261565,0.16591663891061484
1742114034.4460032,5.189982380985214e-13,0.0,6.590149097300028e-05,7.204153233368384e-07,6.685867334249963,0.9867404827943993,0.16591640049203565
1742114034.5471015,5.189982380985214e-13,0.0,6.590149097300028e-05,7.204153233368384e-07,6.685867334249963,0.9867404827943993,0.16592224174722361
1742114034.6430323,5.189982380985214e-13,0.0,6.590149097300028e-05,7.204153233368384e-07,6.685867334249963,0.9867404827943993,0.1659245067237252
1742114034.747103,5.189982380985214e-13,0.0,6.590149097300028e-05,7.204153233368384e-07,6.685867334249963,0.9867404827943993,0.1659285598395698
1742114034.8465362,5.189982380985214e-13,0.0,6.590149097300028e-05,7.204153233368384e-07,6.685867334249963,0.9867404827943993,0.16593022876962343
1742114034.942834,5.189982380985214e-13,0.0,6.590149097300028e-05,7.204153233368384e-07,6.685867334249963,0.9867404827943993,0.16592927509530705
1742114035.043162,5.189982383485091e-13,0.0,6.590149098143641e-05,7.204153235103409e-07,6.685867334254965,0.9867404827646418,0.1659316592810981
1742114035.1429813,5.189982383485091e-13,0.0,6.590149098143641e-05,7.204153235103409e-07,6.685867334254965,0.9867404827646418,0.16593106323465043
1742114035.2434533,5.189982383485091e-13,0.0,6.590149098143641e-05,7.204153235103409e-07,6.685867334254965,0.9867404827646418,0.16593297058328313
1742114035.3442545,5.189982383485091e-13,0.0,6.590149098143641e-05,7.204153235103409e-07,6.685867334254965,0.9867404827646418,0.16593511635049502
1742114035.448419,5.189982383485091e-13,0.0,6.590149098143641e-05,7.204153235103409e-07,6.685867334254965,0.9867404827646418,0.16587646538003606
1742114035.5460703,5.188682922362429e-13,0.0,6.589709294774954e-05,7.203251295326596e-07,6.685917260654989,0.9867488420681969,0.16591103607400576
1742114035.6438413,5.187383690966157e-13,0.0,6.589269533374147e-05,7.202349402081349e-07,6.685967186995242,0.9867572017288566,0.1658761077521675
1742114035.7499642,5.187383690966157e-13,0.0,6.589269533374147e-05,7.202349402081349e-07,6.685967186995242,0.9867572017288566,0.1654351525901191
1742114035.8446512,5.190621247487018e-13,0.0,6.590365319663726e-05,7.204596621246062e-07,6.685842349281103,0.9867364335855537,0.16474493080362004
1742114035.9451091,5.196523952894982e-13,0.0,6.592362510330236e-05,7.208691942991448e-07,6.685617784187016,0.9866982061664391,0.1749836974738472
1742114036.0430157,5.192441239598336e-13,0.0,6.590981342997694e-05,7.205859587584493e-07,6.685767186104272,0.986725441759134,0.1991837792991034
1742114036.143088,5.192441239598336e-13,0.0,6.590981342997694e-05,7.205859587584493e-07,6.685767186104272,0.986725441759134,0.2392000728247993
1742114036.243909,5.192441239598336e-13,0.0,6.590981342997694e-05,7.205859587584493e-07,6.685767186104272,0.986725441759134,0.25797505909188917
1742114036.3476095,5.192441239598336e-13,0.0,6.590981342997694e-05,7.205859587584493e-07,6.685767186104272,0.986725441759134,0.3293948941825263
1742114036.4450302,5.192441239598336e-13,0.0,6.590981342997694e-05,7.205859587584493e-07,6.685767186104272,0.986725441759134,0.4486766629813545
1742114036.5548575,7.519088990493879e-13,0.0,7.27278420734052e-05,8.671268067874432e-07,6.685085971991981,0.9643902602767271,0.5762069124579906
1742114036.6442125,7.519088990493879e-13,0.0,7.27278420734052e-05,8.671268067874432e-07,6.685085971991981,0.9643902602767271,0.7815927166343212
1742114036.7488785,8.161632790544361e-13,0.0,7.419640513705833e-05,9.034175552060277e-07,6.67527363112967,0.9607248824881243,0.8936527476905689
1742114036.8508573,8.161632790544361e-13,0.0,7.419640513705833e-05,9.034175552060277e-07,6.67527363112967,0.9607248824881243,1.012867520868669
1742114036.9428172,5.555327289080991e-13,0.0,6.710732432869283e-05,7.453406797620126e-07,6.695489096697898,0.9813127495564196,1.1814739674044028
1742114037.0446339,5.555327289080991e-13,0.0,6.710732432869283e-05,7.453406797620126e-07,6.695489096697898,0.9813127495564196,1.2966692417574304
1742114037.14293,6.654238351237411e-13,0.0,7.0520367384152e-05,8.15735150109238e-07,6.741660179474181,0.9636399409949146,1.4142569348768865
1742114037.242432,6.654238351237411e-13,0.0,7.0520367384152e-05,8.15735150109238e-07,6.741660179474181,0.9636399409949146,1.6002899453596748
1742114037.3430107,5.621286483962312e-13,0.0,6.752186445218854e-05,7.497523913908052e-07,6.8163304439931665,0.9616288222362428,1.6738830084621383
1742114037.4430213,5.62355694234793e-13,0.0,6.752911765235843e-05,7.499037899856175e-07,6.816333582569484,0.9616037068986358,1.7535548682033488
1742114037.542848,5.62355694234793e-13,0.0,6.752911765235843e-05,7.499037899856175e-07,6.816333582569484,0.9616037068986358,1.818669843178935
1742114037.643015,5.683725480461274e-14,0.0,3.680951274281172e-05,2.38405651788318e-07,6.848500908035916,1.092639363150024,1.8235728365264035
1742114037.7427506,5.6814394953715515e-14,0.0,3.6805605842911785e-05,2.3835770378512106e-07,6.848494964592589,1.092663966123947,1.7635287863097286
1742114037.843456,5.6814394953715515e-14,0.0,3.6805605842911785e-05,2.3835770378512106e-07,6.848494964592589,1.092663966123947,1.7028805834136107
1742114037.9465723,5.6814394953715515e-14,0.0,3.6805605842911785e-05,2.3835770378512106e-07,6.848494964592589,1.092663966123947,1.6608972174010375
1742114038.0439134,5.6814394953715515e-14,0.0,3.6805605842911785e-05,2.3835770378512106e-07,6.848494964592589,1.092663966123947,1.6487347704253295
1742114038.142866,5.6838459926912126e-14,0.0,3.6809718057003315e-05,2.3840817923660279e-07,6.848497306948687,1.0926387640563284,1.6694681269011595
1742114038.2427726,3.469375044028716e-05,0.0,0.009214536468904501,0.005890140103621234,6.848494610503195,1.092663930701443,1.6941489797911742
1742114038.3428948,0.00013658603553465522,0.0,0.013685458598970666,0.011687002846523792,6.848494610503195,1.092663930701443,1.715338907845984
1742114038.4444022,0.020026199901751824,0.0,0.06290182991661525,0.14151395656171806,6.848494610503195,1.092663930701443,1.7144345861754515
1742114038.5426943,0.017898490329292072,0.0,0.060033391281684424,0.13378523957930513,6.848494610503195,1.092663930701443,1.6883873564086056
1742114038.6572762,0.017898490329292072,0.0,0.060033391281684424,0.13378523957930513,6.848494610503195,1.092663930701443,1.6195563894591427
1742114038.7516665,0.0003798346937593128,0.0,0.01826234650951622,0.06491712032837885,7.096065125270272,0.911162790393111,1.500522386300038
1742114038.8508403,0.07207512916139654,0.0,0.09590692416644823,0.401233991789012,7.0960658186279915,0.9111627188742206,1.4454422109002576
1742114038.9459238,0.07207512916139654,0.0,0.09590692416644823,0.401233991789012,7.0960658186279915,0.9111627188742206,1.4329838864678845
1742114039.0431778,0.07583752682808409,0.0,0.09665423675213292,0.4083860413244551,7.0960658186279915,0.9111627188742206,1.4433975331658826
1742114039.1435192,0.07583752682808409,0.0,0.09665423675213292,0.4083860413244551,7.0960658186279915,0.9111627188742206,1.438630353676747
1742114039.246663,0.7510369815938442,0.0,0.2692108097135204,0.9053715599989564,7.0960658186279915,0.9111627188742206,1.4281139485711558
1742114039.3427844,0.7510369815938442,0.0,0.2692108097135204,0.9053715599989564,7.0960658186279915,0.9111627188742206,1.3966298215264785
1742114039.4426122,0.7510369815938442,0.0,0.2692108097135204,0.9053715599989564,7.0960658186279915,0.9111627188742206,1.3210926167840464
1742114039.542638,0.6684186634535592,0.0,0.24926283521932968,0.8694667428865195,7.223097695084945,0.9415888622215878,1.2088280943381908
1742114039.647491,0.6965651871715309,0.0,0.25557112751690186,0.88200863155162,7.223097695084945,0.9415888622215878,1.109527829025996
1742114039.7428527,0.5773162200560734,0.0,0.22923990512105957,0.8263376778120393,7.327692064950639,0.9610371953643657,1.0546663564687597
1742114039.844643,0.7527970955652442,0.0,0.2686671142456447,0.9061077364651029,7.327692064950639,0.9610371953643657,0.9990284008031712
1742114039.9426475,0.06575018689046468,0.0,0.09542223404347575,0.3886400618112612,7.327692064950639,0.9610371953643657,0.9457228940969337
1742114040.0496469,0.21850906772625495,0.0,0.1495294882018241,0.3910795450588556,7.327692064950639,0.9610371953643657,0.8094601196294652
1742114040.1437047,0.2717768985960031,0.0,0.16347831843661842,0.44745408826077143,7.392411888212152,0.9721476047644728,0.7016276063634083
1742114040.2513645,0.2717768985960031,0.0,0.16347831843661842,0.44745408826077143,7.392411888212152,0.9721476047644728,0.5578068437291311
1742114040.3426495,0.29973141954079907,0.0,0.1706078207292954,0.47533000381102497,7.436931319479669,0.9618173348085648,0.5093102130493891
1742114040.4434187,0.2997067056521411,0.0,0.17060173786421756,0.4753058104680651,7.4369078023477755,0.9618079766382479,0.3468365344605215
1742114040.542607,0.3457493943853394,0.0,0.18134224690868067,0.519140405665052,7.476564118672755,0.9814388961322891,0.25283301445226797
1742114040.6512816,0.3457493943853394,0.0,0.18134224690868067,0.519140405665052,7.476564118672755,0.9814388961322891,0.19307184787969722
1742114040.7509081,0.3457493943853394,0.0,0.18134224690868067,0.519140405665052,7.476564118672755,0.9814388961322891,0.21177059980611918
1742114040.8434906,0.3457493943853394,0.0,0.18134224690868067,0.519140405665052,7.476564118672755,0.9814388961322891,0.2732064780829443
1742114040.9462526,0.3457493943853394,0.0,0.18134224690868067,0.519140405665052,7.476564118672755,0.9814388961322891,0.28531969162206766
1742114041.042912,8.664475486583486e-08,0.0,0.0017056951702170934,4.3710085166795504e-05,7.476564118672755,0.9814388961322891,0.2889514026282323
1742114041.1429913,6.880280037384609e-14,0.0,3.8880679251670325e-05,7.500073217409319e-09,7.476564118672755,0.9814388961322891,0.26531422706823465
1742114041.2469852,1.380710925847318e-12,0.0,8.618858147461985e-05,4.776126035536836e-08,7.476564118672755,0.9814388961322891,0.2641190347311985
1742114041.3526847,2.756725890363288e-12,0.0,0.00010362574238652069,7.318810198634376e-08,7.476564118672755,0.9814388961322891,0.2764595803854957
1742114041.4505558,2.756725890363288e-12,0.0,0.00010362574238652069,7.318810198634376e-08,7.476564118672755,0.9814388961322891,0.2581989822028172
1742114041.5449266,4.88985755023673e-12,0.0,0.00012074996284786855,1.0425192400017585e-07,7.476564118672755,0.9814388961322891,0.24558592411260724
1742114041.645071,9.534651860120756e-14,0.0,4.234274656082699e-05,9.173474371661005e-09,7.476564118672755,0.9814388961322891,0.22353220554571257
1742114041.7512436,5.258779176695651e-10,0.0,0.00042368492854719754,1.8713335083003731e-06,7.476564101463808,0.9814389714453409,0.226584440195371
1742114041.8430302,7.751644872536627e-11,0.0,0.00025315361083830463,5.739645949804431e-07,7.476564101463808,0.9814389714453409,0.2384836730597509
1742114041.9439752,1.268970637507076e-09,0.0,0.0005381108546743393,3.562261413073268e-05,7.476564101463808,0.9814389714453409,0.23385978313665512
1742114042.0513594,5.480157158474567e-10,0.0,0.000428921432390384,2.340973549289818e-05,7.476539928283941,0.981431302404328,0.256788617098142
1742114042.149704,1.7978881669836952e-11,0.0,0.0001710460210915453,4.240151137617261e-06,7.476025785521841,0.9812964846825043,0.2509309110281956
1742114042.2429469,1.821497080548288e-11,0.0,0.0001716444326903191,4.267900046332257e-06,7.476835104534885,0.9815030027793643,0.25088680359106164
1742114042.3431244,9.584028915608972e-10,0.0,0.0004989279584948836,3.095808281468504e-05,7.476540920003089,0.9814274627203794,0.24974561306219228
1742114042.4432683,9.618760946390242e-10,0.0,0.0004994161747020412,3.101412733963386e-05,7.476786499801932,0.9814887286890581,0.24268091293554436
1742114042.5438435,1.403493981547906e-09,0.0,0.0005532512314633573,3.7463235065166303e-05,7.476737263970904,0.9814769620529908,0.23851240249853245
1742114042.6429012,7.962501204593724e-10,0.0,0.00047457001146899595,2.8217904253494312e-05,7.476589707094391,0.9814410496529344,0.24293196769933825
1742114042.7464633,2.43822021165694e-07,0.0,0.002269314954402121,0.0004937833747360212,7.476614257363892,0.9814472073057452,0.24515092941503644
1742114042.8428092,2.436709831018776e-07,0.0,0.0022689268231884537,0.0004936304114434985,7.476565150275704,0.9814349183975075,0.24483597847204336
1742114042.945187,2.437464880438659e-07,0.0,0.002269120866596632,0.0004937068847442437,7.476589707521299,0.981441048041301,0.24508381458501946
1742114043.0552797,2.436709809981478e-07,0.0,0.002268926817763752,0.0004936304093126232,7.476565153076891,0.9814349071860047,0.2450455484030737
1742114043.1434073,2.437464878669764e-07,0.0,0.0022691208661405667,0.0004937068845650993,7.476589707757725,0.9814410470958315,0.2453684863684666
1742114043.245095,2.4374648786701796e-07,0.0,0.0022691208661406747,0.0004937068845651415,7.476589707757739,0.9814410470958332,0.24540973278265127
1742114043.3428063,2.4367097952138516e-07,0.0,0.0022689268139556846,0.000493630407816805,7.476565155057301,0.9814348992713171,0.24534714790563703
1742114043.442844,2.4367097952138516e-07,0.0,0.0022689268139556846,0.000493630407816805,7.476565155057301,0.9814348992713171,0.24535465809087872
1742114043.548765,0.00016574090903495817,0.0,0.014456693813840264,0.012874040120916128,7.4765651552258845,0.9814348985981329,0.24540949436407197
1742114043.6422198,0.10852643212199894,0.0,0.11313553421465389,0.46250507432769306,7.476589707510328,0.9814410480836528,0.24539340110998276
1742114043.7430758,0.00851912755701291,0.0,0.04775039074708426,0.19115567454870147,7.476589707510328,0.9814410480836528,0.24541497799139153
1742114043.844734,1.1140869313898024e-05,0.0,0.006635045194305439,0.019062516651491085,7.476589707510328,0.9814410480836528,0.2454208192465794
1742114043.942858,1.831606007947799e-10,0.0,0.00031908548624275075,0.00041594787462422125,7.476589707510328,0.9814410480836528,0.24541855427007797
1742114044.0517201,1.3605740553815878e-15,0.0,1.381160451638206e-05,6.88807680387512e-06,7.476589707510328,0.9814410480836528,0.24545443626623273
1742114044.143111,2.473730334643147e-15,0.0,1.6166232769084868e-05,8.477100762318454e-06,7.476589707510328,0.9814410480836528,0.24546754928808334
1742114044.2430148,1.460722440523404e-15,0.0,1.4071943004309549e-05,7.060057361026776e-06,7.476589707510328,0.9814410480836528,0.2454683837531103
1742114044.3429804,2.2194215308996014e-15,0.0,1.5712617756191018e-05,8.163733474809548e-06,7.476589707510328,0.9814410480836528,0.24545097919683584
1742114044.4428844,1.5208588190867306e-10,0.0,0.0003034917248285646,0.00038994476151946894,7.47656515565113,0.9814348969005753,0.2454783973334325
1742114044.548103,0.4543306934950603,0.0,0.20317413903728807,0.7603822518831782,7.476589707585134,0.9814410477851254,0.2454701718924534
1742114044.644119,0.45433069349506083,0.0,0.20486434623447367,0.7603822518831785,7.476589707585134,0.9814410477851254,0.24550593467931872
1742114044.744207,0.45433069349502603,0.0,0.2059380578017559,0.7603822518831583,7.476565155871114,0.9814348960225363,0.24551189514379637
1742114044.847722,0.4543306934950297,0.0,0.20601064886826576,0.7603822518831604,7.476565155969396,0.9814348956303487,0.245543843233396
1742114044.948353,0.4543306934893042,0.0,0.20601064886723786,0.7603822518798332,7.476565155983337,0.9814348955747345,0.24554837318639886
1742114045.047693,0.45433069349505967,0.0,0.20467725371852633,0.7603822518831779,7.476565155983337,0.9814348955747345,0.24554420086126444
1742114045.1475186,0.4543626935378531,0.0,0.20357383884919736,0.7604008473883683,7.476589707464129,0.9814410482680405,0.24554408165197497
1742114045.2434194,0.45429869424628133,0.0,0.20299090127504849,0.7603636559844368,7.476565156115001,0.9814348950493859,0.24555051895361077
1742114045.3452995,0.4543306934407541,0.0,0.20299786531963157,0.7603822518516197,7.476589707596148,0.9814410477412263,0.2455430087683691
1742114045.4441156,0.45429869427582037,0.0,0.20287751565498974,0.7603636560016034,7.476565156202284,0.9814348947010991,0.24556077095251194
1742114045.54446,0.45429869426452063,0.0,0.20287870765421434,0.7603636559950365,7.476540604723695,0.981428741999018,0.24555147262792706
1742114045.6445365,0.4543306934950406,0.0,0.20288580802444192,0.7603822518831668,7.476589707545912,0.981441047941713,0.2455714997885716
1742114045.7442148,0.4542986942961779,0.0,0.20287803341267435,0.7603636560134341,7.476565156120131,0.9814348950289009,0.24554753872137194
1742114045.8451147,0.45436269352789177,0.0,0.2028907088336892,0.7604008473825798,7.476589707550318,0.9814410479241573,0.24555373760442853
1742114045.944404,0.4543306934950445,0.0,0.2028826991144763,0.760382251883169,7.476565156171844,0.9814348948225682,0.24556387039404035
1742114046.0439618,0.4543306934950448,0.0,0.2028832837421824,0.7603822518831692,7.476565156171844,0.9814348948225682,0.24555719467382556
1742114046.143774,0.4543306934950448,0.0,0.20288217740202993,0.7603822518831692,7.476565156171844,0.9814348948225682,0.24557293030004632
1742114046.2463713,0.454362693564518,0.0,0.20288912930486366,0.7604008474038632,7.4765897074109375,0.9814410484802352,0.24559927555303687
1742114046.3507142,0.45433069349504235,0.0,0.20288332789845162,0.7603822518831678,7.476565156196045,0.9814348947259859,0.24558079811315672
1742114046.4587355,0.4543626935226128,0.0,0.20289028088408964,0.7604008473795123,7.476589707488699,0.9814410481700033,0.24557626816015365
1742114046.547083,0.45433069349504357,0.0,0.2028829749858332,0.7603822518831684,7.476565156209986,0.9814348946703753,0.24558997722845194
1742114046.6438837,0.4543306934950425,0.0,0.20288453220452723,0.7603822518831679,7.476589707421937,0.9814410484363361,0.2455904540656102
1742114046.746094,0.4543946943209494,0.0,0.20289899182636315,0.7604194424688336,7.4765897074996985,0.9814410481261007,0.24557781788091773
1742114046.8448765,0.4543306934950456,0.0,0.20288424869975705,0.7603822518831697,7.476565156258033,0.9814348944786762,0.24561489196996808
1742114046.9440663,0.4543306934819309,0.0,0.20288464696738331,0.7603822518755484,7.476565156289951,0.9814348943513647,0.24560452076177722
1742114047.0442662,0.4543306934950609,0.0,0.2028842509750516,0.7603822518831785,7.476565156289951,0.9814348943513647,0.2456218061087621
1742114047.144917,0.45433069346264493,0.0,0.20288425096927087,0.7603822518643409,7.476565156368821,0.981434894036747,0.24564743610601553
1742114047.2499897,0.4543306934950428,0.0,0.20288615330048768,0.760382251883168,7.4765897072179825,0.9814410492499679,0.2456550655005468
1742114047.3554952,0.45433069349502814,0.0,0.20288434264679894,0.7603822518831596,7.47658970713249,0.9814410495909307,0.2456828412650121
1742114047.451268,0.45429869431863723,0.0,0.20287738592921944,0.7603636560264864,7.476565156383501,0.9814348939782214,0.245662694895078
1742114047.5454009,0.4543306934942869,0.0,0.20288846888711093,0.7603822518827288,7.476565156385334,0.9814348939708992,0.24566329094152564
1742114047.6429093,1.7745035512503694e-13,0.0,4.998135173279024e-05,4.2124856691155275e-07,7.476565156402572,0.9814348939021276,0.2456688937781347
1742114047.743457,3.27977354861332e-15,0.0,1.7405893577102446e-05,5.726930721261887e-08,7.476589706955636,0.9814410502962598,0.24569500061254618
1742114047.85293,7.05366710104575e-15,0.0,2.129510196751055e-05,8.398611254871695e-08,7.476589706823532,0.9814410508230491,0.24571836563329802
1742114047.9444444,1.1765301625200689e-14,0.0,2.4372597669455454e-05,1.0846797511339782e-07,7.476565156362213,0.9814348940630886,0.2457065639136326
1742114048.0453398,8.832874083231317e-15,0.0,2.2596677586827252e-05,9.398337131233012e-08,7.476589706968468,0.9814410502450386,0.24569726558904767
1742114048.1440241,1.3222344588867019e-14,0.0,2.5136222804411905e-05,1.1498845415461075e-07,7.47656515643304,0.9814348937806638,0.24570358368139378
1742114048.2428963,1.0478140416066894e-14,0.0,2.3638330533026476e-05,1.0236278823902216e-07,7.47656515643304,0.9814348937806638,0.24572969051580568
1742114048.3428028,7.256372979027133e-15,0.0,2.1453219246562734e-05,8.518434703058499e-08,7.476589706802969,0.9814410509049942,0.24572241874914286
1742114048.442475,5.526923363162506e-15,0.0,1.9966211972282525e-05,7.434328055152332e-08,7.4765651564436695,0.9814348937382302,0.24573588939886223
1742114048.5432916,5.52944270501474e-15,0.0,1.9968619797048993e-05,7.43602225992818e-08,7.476589706775073,0.9814410510162013,0.24573124023656973
1742114048.6447515,6.549137596449348e-15,0.0,2.0880579525993488e-05,8.092674215887692e-08,7.4765651564172515,0.981434893843586,0.24572551819067134
1742114048.748322,1.4619632560254087e-14,0.0,2.581167147091053e-05,1.2091167255585411e-07,7.4765651564172515,0.981434893843586,0.24573827358465317
1742114048.8468945,1.4491936804530606e-14,0.0,2.5752157116381693e-05,1.203824605352898e-07,7.4765651564172515,0.981434893843586,0.24574041935186522
1742114048.9435189,1.6753636148349433e-14,0.0,2.6757426007970746e-05,1.2943583795977617e-07,7.476565156390095,0.9814348939518727,0.2457492408392919
1742114049.0481763,1.7918612812099013e-14,0.0,2.7237135288448854e-05,1.3386042287434704e-07,7.476565156390095,0.9814348939518727,0.2457820233939182
1742114049.142999,1.7918612812099013e-14,0.0,2.7237135288448854e-05,1.3386042287434704e-07,7.476565156390095,0.9814348939518727,0.24580503078680147
1742114049.243307,1.83611341737639e-14,0.0,2.74134748144444e-05,3.3183762000516172e-09,7.476540606402978,0.9814287353013214,0.24578655334692134
1742114049.3444033,1.7145373177265724e-14,0.0,2.692239619879224e-05,3.180971959983731e-09,7.47656515637027,0.9814348940308886,0.2458075341818822
1742114049.4429705,1.8917214335719868e-14,0.0,2.763068402080928e-05,3.3800582752556206e-09,7.47656515637027,0.9814348940308886,0.2457866725562109
1742114049.5433745,2.6836279474089356e-14,0.0,3.0306696418156e-05,4.194383054269878e-09,7.476565156322906,0.9814348942196567,0.24581158729772687
1742114049.6431227,2.562411782759501e-14,0.0,2.993801964501558e-05,4.076403002176601e-09,7.47658970614593,0.9814410535242999,0.2458206472037327
1742114049.743012,1.9760584280708742e-14,0.0,2.7951472729510404e-05,3.4722992711652625e-09,7.476540606536602,0.9814287347686861,0.24583447548132067
1742114049.8431034,3.0632498462376654e-14,0.0,3.138620406274539e-05,4.551319214267487e-09,7.476540606536602,0.9814287347686861,0.24584258171301007
1742114049.9433627,1.5185218121150007e-14,0.0,2.607214196559015e-05,2.951297461457709e-09,7.476565156192208,0.9814348947405858,0.24582863422613277
1742114050.0584757,1.518521811961959e-14,0.0,2.607214196490194e-05,2.9512974612741044e-09,7.47656515627186,0.9814348944230531,0.2458027658103002
1742114050.1429513,9.907949563661711e-15,0.0,2.3292987245303116e-05,2.2674908729374887e-09,7.476565156169073,0.9814348948327716,0.24583614441137427
1742114050.2455978,1.1169599829725973e-14,0.0,2.4041939640637097e-05,2.4416169967860087e-09,7.476540606617746,0.9814287344453021,0.24586010547857406
1742114050.347345,1.1136785555610226e-14,0.0,2.402285776574325e-05,2.437186707099264e-09,7.476565156096001,0.9814348951239538,0.24583554836492663
1742114050.4428794,2.820169997445791e-14,0.0,3.070748559814899e-05,4.324863450772767e-09,7.476589705748665,0.9814410551075614,0.2458790597556126
1742114050.5425942,3.089999444358563e-14,0.0,3.145877506328406e-05,4.575811747857762e-09,7.476589705739855,0.98144105514268,0.24587035747747552
1742114050.6442828,1.812230186049902e-14,0.0,2.7319300176589657e-05,3.291665187245996e-09,7.476565156313384,0.9814348942577009,0.24589062305669906
1742114050.7498965,2.46979365672157e-14,0.0,2.9649476102420628e-05,3.9848118619292756e-09,7.476565156313384,0.9814348942577009,0.24589431854467522
1742114050.8440301,9.384173051240848e-15,0.0,2.295970050842123e-05,2.1927301594695423e-09,7.476540607075307,0.9814287326220725,0.2459136304495823
1742114050.9431036,5.469893234829896e-15,0.0,1.9919100248182907e-05,1.5713873058773402e-09,7.476589705516943,0.9814410560308708,0.24591708751897937
1742114051.0428593,1.3773441350054026e-14,0.0,2.5418094483614234e-05,2.778774935359181e-09,7.476540607437457,0.9814287311793155,0.24595118137579086
1742114051.1430902,1.3084570892786178e-14,0.0,2.5074910599615298e-05,2.692144998802359e-09,7.476540607366928,0.9814287314602588,0.2459397372839939
1742114051.2429752,9.991711217009037e-15,0.0,2.3352520717845703e-05,2.2793047261890432e-09,7.476589705309053,0.9814410568590617,0.24593985649328348
1742114051.3468626,6.0349484322843245e-15,0.0,2.044230803736061e-05,1.6696982890457257e-09,7.476565156325506,0.9814348942094071,0.2459595260260594
1742114051.4506729,1.5679026536988745e-14,0.0,2.6295724224051638e-05,3.010177006665449e-09,7.476565156331375,0.9814348941859983,0.2459576186774267
1742114051.5434065,7.685308922608861e-15,0.0,2.1780919197354284e-05,1.93840831911593e-09,7.476540607458773,0.9814287310944465,0.24594760509710434
1742114051.6431298,8.195187760752118e-15,0.0,2.2154028624533372e-05,2.0168146748064327e-09,7.476589705335499,0.9814410567537024,0.2459725198386205
1742114051.7454512,1.2715539321649346e-14,0.0,2.487704928375002e-05,2.6450195098665486e-09,7.476565156453333,0.9814348937001967,0.2459651288626681
1742114051.8447816,1.2715539321120757e-14,0.0,2.4877049283459752e-05,2.6450195097986743e-09,7.476565156483076,0.9814348935816799,0.24595547291021477
1742114051.945218,5.1450331109920235e-15,0.0,1.9599807821732687e-05,1.5131056161189179e-09,7.476589705214991,0.9814410572336474,0.24599159332494852
1742114052.0471563,8.588385254839024e-15,0.0,2.243888342854455e-05,2.076009477641039e-09,7.476565156520181,0.9814348934338977,0.24599850746374255
1742114052.1438987,8.58838525579692e-15,0.0,2.2438883429209223e-05,2.076009477783961e-09,7.47656515644708,0.9814348937250781,0.2459747848151219
1742114052.2429395,4.610203478008791e-15,0.0,1.904149846739219e-05,1.4139840236928468e-09,7.476589705116538,0.981441057625787,0.24598789783697256
1742114052.3435724,3.1423285821035743e-15,0.0,1.7210110033169157e-05,1.116056471763493e-09,7.476589705116538,0.981441057625787,0.24601066681127673
1742114052.443589,6.2164143734492655e-15,0.0,2.06033825942537e-05,7.884424121931332e-08,7.476589705116538,0.981441057625787,0.24601686569433318
1742114052.5432768,4.875424157950827e-15,0.0,1.9322601438928404e-05,6.982423761095302e-08,7.476565156628226,0.9814348930037156,0.24605072113256568
1742114052.643196,2.6247454466881812e-15,0.0,1.641222542858408e-05,5.123226958361479e-08,7.476565156551061,0.9814348933109827,0.24602568718176018
1742114052.7439172,3.551502941936783e-15,0.0,1.777370158157212e-05,5.959448751299723e-08,7.47656515654775,0.9814348933241526,0.246053582155515
1742114052.842907,7.466385395852473e-15,0.0,2.161656200551732e-05,8.640824842486089e-08,7.47656515654775,0.9814348933241526,0.2460680064795506
1742114052.948415,1.2212091051147264e-14,0.0,2.4614760330099125e-05,1.1050833023418308e-07,7.476565156551416,0.9814348933095207,0.246066814386655
1742114053.045775,1.606346064739266e-14,0.0,2.646265570228636e-05,1.2674170839700978e-07,7.476565156551416,0.9814348933095207,0.24606299968938952
1742114053.1615593,1.8352369243967688e-14,0.0,2.741058602786704e-05,1.3547091659824145e-07,7.47658970490231,0.9814410584788327,0.2460579928992283
1742114053.2435613,2.0318584962341495e-14,0.0,2.815759165994498e-05,1.4254327399895616e-07,7.476589704886507,0.9814410585417548,0.24606311889867896
1742114053.3455176,2.097833097401477e-14,0.0,2.8397148889591837e-05,1.448389829224673e-07,7.476565156565016,0.9814348932553969,0.2460564431784641
1742114053.443091,2.2809142270471023e-14,0.0,2.903077794555758e-05,1.510269587539623e-07,7.476565156565016,0.9814348932553969,0.24605072113256568
1742114053.547128,1.5761649524688993e-14,0.0,2.633243794254045e-05,1.2554540821825779e-07,7.47656515664697,0.981434892929105,0.24607730480413562
1742114053.6429245,1.95619373430604e-14,0.0,2.7876405835994122e-05,1.3986399587835463e-07,7.47656515660691,0.9814348930885899,0.24606431099157455
1742114053.7466223,2.5529433808610657e-14,0.0,2.991144349854133e-05,1.597793284771552e-07,7.476589704804553,0.9814410588680467,0.24608386131506088
1742114053.842911,1.824911613127114e-14,0.0,2.737922649648471e-05,1.3508928947652045e-07,7.4765651566102065,0.9814348930754182,0.2461057958243384
1742114053.9442947,2.1744970731942125e-14,0.0,2.8669170965475412e-05,1.4746176023614435e-07,7.476589704598368,0.9814410596888905,0.246100550615598
1742114054.0437584,1.6421044757603317e-14,0.0,2.6617523148625192e-05,1.281446243804371e-07,7.476565156554713,0.9814348932963561,0.24611676307897698
1742114054.1432762,1.5544025077896134e-14,0.0,2.623482020260661e-05,1.246756795766365e-07,7.476565156554713,0.9814348932963561,0.24610066982488749
1742114054.2476761,1.307421235980727e-14,0.0,2.506130114361213e-05,1.1434252209833082e-07,7.476589704605345,0.9814410596610905,0.24608493419866687
1742114054.3456962,1.0795377655259637e-14,0.0,2.383178472279906e-05,1.0390080680754907e-07,7.4765651564245985,0.9814348938143258,0.24610329242925766
1742114054.4491668,1.0338759158036231e-14,0.0,2.3562618343755456e-05,1.0167968901425806e-07,7.4765651564245985,0.9814348938143258,0.24611139866094714
1742114054.5438044,1.0334094363648751e-14,0.0,2.3559839915288405e-05,1.0165674775266398e-07,7.476540608514014,0.9814287268921227,0.24611569019537097
1742114054.6455271,7.669842524989744e-15,0.0,2.177652311185565e-05,8.757763712837738e-08,7.476565156456218,0.981434893688494,0.24612689586858857
1742114054.7431674,9.891343733443927e-15,0.0,2.3290201052402326e-05,9.945523482172232e-08,7.476565156456218,0.981434893688494,0.24614930721502423
1742114054.8429735,8.425902627147329e-15,0.0,2.2325216690413846e-05,9.179271554512008e-08,7.476565156413571,0.9814348938582178,0.24613547893743623
1742114054.943292,8.425902626856542e-15,0.0,2.232521669019333e-05,9.179271554353614e-08,7.476565156434887,0.9814348937733541,0.24614239307623031
1742114055.042881,1.0487306347565711e-14,0.0,2.365077688685298e-05,1.0240755024687247e-07,7.476565156434887,0.9814348937733541,0.2461713609335912
1742114055.146143,1.0436551895890413e-14,0.0,2.3620652732972196e-05,1.0215944349833946e-07,7.476565156434887,0.9814348937733541,0.24617672535162105
1742114055.2543485,1.0436551895890413e-14,0.0,2.3620652732972196e-05,1.0215944349833946e-07,7.476565156434887,0.9814348937733541,0.2461777982352269
1742114055.3429089,1.177810614345322e-14,0.0,2.438869957969108e-05,1.0852698348085245e-07,7.476589703962048,0.9814410622216254,0.24618697735052214
1742114055.442661,1.177810614345322e-14,0.0,2.438869957969108e-05,1.0852698348085245e-07,7.476589703962048,0.9814410622216254,0.246209627115537
1742114055.5428119,1.4033852568650461e-14,0.0,2.5543254507277923e-05,1.1846456250140994e-07,7.47658970392564,0.9814410623664802,0.24622142883520243
1742114055.6431177,1.6677789316057938e-14,0.0,2.673511806635786e-05,1.2914251552474088e-07,7.476540609223562,0.9814287240682393,0.24623382660131568
1742114055.7552683,2.142101325028038e-14,0.0,2.856636475348764e-05,1.4635919257183806e-07,7.476565156524586,0.9814348934163384,0.24623323055486807
1742114055.8437803,2.780313059724792e-14,0.0,3.0604933764281575e-05,1.667427077783251e-07,7.47658970379473,0.9814410628873471,0.24623203846197253
1742114055.9444141,9.126109221822354e-15,0.0,2.2803663858041728e-05,9.553067162865733e-08,7.47658970379473,0.9814410628873471,0.2462298926947607
1742114056.0441768,1.811251926430968e-14,0.0,2.7331821635048443e-05,1.3458275990746243e-07,7.476565156424201,0.9814348938157682,0.2462464627860082
1742114056.1432066,1.5391578189053338e-14,0.0,2.6181475188641605e-05,1.2406279937617618e-07,7.476565156346979,0.9814348941230282,0.24622142883520243
1742114056.2440298,2.4608662324471427e-14,0.0,2.9639678264766985e-05,1.568714834648778e-07,7.476589703645075,0.9814410634828334,0.24623001190405006
1742114056.3437219,2.587731334681871e-14,0.0,3.0034186738235685e-05,1.6086426995084618e-07,7.476565156515406,0.9814348934529082,0.24626267524938705
1742114056.4506986,1.4617396982816934e-14,0.0,2.5828605936853262e-05,1.209024275307032e-07,7.4765406093276425,0.9814287236541581,0.24623096557836652
1742114056.5468385,2.5885556984157306e-14,0.0,3.00362905137618e-05,1.6088989086999006e-07,7.476565156571311,0.9814348932305119,0.24623835655431878
1742114056.6440291,1.8999019814744184e-14,0.0,2.7678065955465016e-05,1.3783693196942604e-07,7.476540609525131,0.9814287228684613,0.2462691125510227
1742114056.7425423,1.587504079757343e-14,0.0,2.6394877690338368e-05,1.2599619358366915e-07,7.4765406095538225,0.9814287227543339,0.2462737617133153
1742114056.8434875,1.959428961926316e-14,0.0,2.7906004896428735e-05,1.3997960429742313e-07,7.476565156531592,0.9814348933885242,0.24628151031713608
1742114056.9428716,1.9603039765471926e-14,0.0,2.790932325527899e-05,1.4001085588436322e-07,7.476589703498703,0.9814410640651463,0.24630106064062252
1742114057.04319,1.5042535928158904e-14,0.0,2.602457977030217e-05,1.2264801640531697e-07,7.476589703498703,0.9814410640651463,0.24629974933843723
1742114057.1559567,9.889117067844626e-15,0.0,2.3293933866145766e-05,9.944403988095328e-08,7.476589703503109,0.9814410640475888,0.24629831882696263
1742114057.244082,1.2134373653079116e-14,0.0,2.45888789923431e-05,1.1015613307065166e-07,7.476565156717342,0.9814348926496539,0.24634004207830565
1742114057.343936,8.685309181743152e-15,0.0,2.2514619590112084e-05,9.319500620603633e-08,7.476589703276872,0.9814410649473935,0.24635077091436508
1742114057.4511406,9.126579960376187e-15,0.0,2.281196226540603e-05,9.553313540534608e-08,7.47658970340342,0.9814410644440912,0.24633026691656235
1742114057.5430515,1.1200182763850281e-14,0.0,2.4077704787689198e-05,1.0583091591709051e-07,7.476589703357803,0.9814410646255087,0.24634504886846656
1742114057.6439898,1.7959801136383254e-14,0.0,2.7278641231123496e-05,1.3401418259416894e-07,7.476565156794976,0.9814348923409373,0.24636972519140374
1742114057.7440023,1.5824138080039363e-14,0.0,2.637457525467733e-05,1.2579403038315993e-07,7.476565156786151,0.9814348923760523,0.2463403997061742
1742114057.843328,1.2025646509380339e-14,0.0,2.4530039045440757e-05,1.0966150878672214e-07,7.47658970338982,0.9814410644982186,0.24634337993841288
1742114057.9434855,1.6796906135016087e-14,0.0,2.6793379357883603e-05,1.2960287857534682e-07,7.47656515683471,0.9814348921829179,0.2463488635657322
1742114058.0446033,1.6789392005422437e-14,0.0,2.6790219670245575e-05,1.2957388627891977e-07,7.476540610544134,0.981428718815673,0.24639595123510474
1742114058.1439753,1.1198152549940402e-14,0.0,2.4071942383101524e-05,1.0582132370151302e-07,7.476565156747867,0.9814348925282026,0.2463846263525974
1742114058.2449949,9.981389796652503e-15,0.0,2.33522969377415e-05,9.990690565047294e-08,7.476540610394011,0.9814287194125999,0.2463709172842992
1742114058.352435,8.027462694747222e-15,0.0,2.2051305202743628e-05,8.959610870315307e-08,7.476565156819262,0.9814348922443692,0.24640346142034655
1742114058.4434714,8.03109691339781e-15,0.0,2.205393371817983e-05,8.961638752704669e-08,7.4765897030314505,0.9814410659232564,0.24639988514166009
1742114058.5432248,1.536176271832182e-14,0.0,2.6169245263487637e-05,1.2394257831077188e-07,7.476565156845382,0.9814348921404914,0.24645233722906237
1742114058.6439104,1.483304770084189e-14,0.0,2.5932078427709194e-05,1.2179100008145877e-07,7.476565156845382,0.9814348921404914,0.24644506546239978
1742114058.7516415,1.3181402837465778e-14,0.0,2.5136569091846504e-05,1.1481029064271973e-07,7.476589702815801,0.9814410667806044,0.24643397899847158
1742114058.8433356,1.6004228921196008e-14,0.0,2.6453322969113163e-05,1.265078215811023e-07,7.476589702784892,0.9814410669035052,0.24644399257879387
1742114058.944045,1.3020027166964074e-14,0.0,2.5050201885718255e-05,1.1410533364818699e-07,7.476589702784892,0.9814410669035052,0.24646056267004132
1742114059.0459366,1.3014179249258458e-14,0.0,2.5047247927337764e-05,1.1407970568536043e-07,7.4765651569366725,0.9814348917776545,0.2464627084372534
1742114059.1429007,1.7290605028401968e-14,0.0,2.7000994579570058e-05,1.3149374520638604e-07,7.476589702726727,0.9814410671346625,0.24648011299352748
1742114059.2429564,1.4620471194727183e-14,0.0,2.5828724478816596e-05,1.2091514046936878e-07,7.476589702726727,0.9814410671346625,0.2464762982962621
1742114059.3427992,1.2208547156875076e-14,0.0,2.462876568060758e-05,1.104922945588292e-07,7.476565157015443,0.9814348914645592,0.24650323959570064
1742114059.4433367,1.2208547156875076e-14,0.0,2.462876568060758e-05,1.104922945588292e-07,7.476565157015443,0.9814348914645592,0.2465043124793064
1742114059.5457554,6.2961168696597225e-15,0.0,2.068290968857762e-05,7.934807413957645e-08,7.476565157015443,0.9814348914645592,0.24650467010717522
1742114059.6430612,6.2961168690862435e-15,0.0,2.06829096880847e-05,7.934807413596277e-08,7.476565157040852,0.981434891363616,0.24651289554815414
1742114059.7483084,7.566275085557534e-15,0.0,2.1709882520104492e-05,8.698433816243896e-08,7.476565157040852,0.981434891363616,0.24654734703283424
1742114059.8432329,5.59176110661446e-15,0.0,2.0044716852738075e-05,7.477807905138015e-08,7.476589702376259,0.9814410685274613,0.2465394792197239
1742114059.9429991,7.786916576214025e-15,0.0,2.1875645669356996e-05,8.824350727511926e-08,7.476589702376259,0.9814410685274613,0.24653757187109115
1742114060.0524406,3.6436267120962285e-15,0.0,1.7904692382065303e-05,6.036246111695769e-08,7.476589702218675,0.9814410691536324,0.2465630826590549
1742114060.1429343,5.042987496717946e-15,0.0,1.9506413340969097e-05,7.101399507644916e-08,7.476565157064783,0.9814348912685151,0.2465544995902074
1742114060.2595344,6.497151612404681e-15,0.0,2.0854619090685262e-05,8.060491059733694e-08,7.476565157111537,0.9814348910827135,0.24656963916998043
1742114060.3432417,8.025354276703985e-15,0.0,2.204940949553505e-05,8.958434169375798e-08,7.476565157111537,0.9814348910827135,0.24661040874700668
