Timestamp,CI,II,PI,ADI,Robot_X,Robot_Y,Robot_Theta
1742113651.926364,0.0,0.0,0.0,0.0,0.2455812839468834,0.40766111669431737,0.06487482207843435
1742113652.0293658,1.0505500594010372e-48,0.0,4.134501146472571e-14,1.0249634429583513e-24,0.2455812839468834,0.40766111669431737,0.06489091533252375
1742113652.1284366,2.055519202070767e-48,0.0,4.787814703438628e-14,1.4337081997640828e-24,0.2455812839468834,0.40766111669431737,0.06487500089236867
1742113652.228275,6.055208828307999e-49,0.0,3.598265238358549e-14,7.781522234311227e-25,0.24560654138640103,0.4076627576066594,0.06487935203143745
1742113652.3280082,1.8224590705422898e-47,0.0,8.554470170038793e-14,4.269026903806404e-24,0.24558128395896972,0.4076611165083941,0.06488155740329386
1742113652.4281545,1.822459070659585e-47,0.0,8.554470170215812e-14,4.2690269039437836e-24,0.24558128396044054,0.4076611164858077,0.06488334554263725
1742113652.5282702,4.193974899928643e-48,0.0,5.694799709306797e-14,2.0479196517267575e-24,0.24558128396044054,0.4076611164858077,0.06489163058826113
1742113652.628052,2.569683476860431e-48,0.0,5.0397140328355674e-14,1.603023230293445e-24,0.24558128396044054,0.4076611164858077,0.06486808675357482
1742113652.728232,7.576727484848991e-48,0.0,6.710339895894322e-14,2.7525855999131055e-24,0.24558128396044054,0.4076611164858077,0.06487649100848811
1742113652.8284352,7.866685266759198e-48,0.0,6.814714867908685e-14,2.8047611782038055e-24,0.24558128396044054,0.4076611164858077,0.06487011331149722
1742113652.9279974,4.6259529341985155e-49,0.0,3.356995114846179e-14,6.80143582943963e-25,0.24558128396044054,0.4076611164858077,0.06485366242953913
1742113653.0283878,4.6259529341985155e-49,0.0,3.356995114846179e-14,6.80143582943963e-25,0.24558128396044054,0.4076611164858077,0.06486999410220766
1742113653.1325893,2.1252013269016125e-47,0.0,8.887604904511222e-14,4.60999059315918e-24,0.24558128396044054,0.4076611164858077,0.06485640424319894
1742113653.23181,1.035275135787255e-47,0.0,7.366867316282793e-14,3.2175691690890736e-24,0.24558128396044054,0.4076611164858077,0.06487798112460755
1742113653.3362863,1.2769175330217928e-47,0.0,7.779623612517923e-14,3.573398288774696e-24,0.24558128396044054,0.4076611164858077,0.06486939805575988
1742113653.4343479,7.521897155472146e-49,0.0,3.8166919309736505e-14,8.672887152195712e-25,0.24558128396044054,0.4076611164858077,0.06487708705493589
1742113653.5280852,2.2264845926978835e-48,0.0,4.8756021436570174e-14,1.4921409426384236e-24,0.24558128396044054,0.4076611164858077,0.06489133256503714
1742113653.6288552,7.44985751542672e-49,0.0,3.807711851742115e-14,8.631255711324234e-25,0.24558128396044054,0.4076611164858077,0.06487064975330009
1742113653.729262,7.44985751542672e-49,0.0,3.807711851742115e-14,8.631255711324234e-25,0.24558128396044054,0.4076611164858077,0.06485795396396302
1742113653.8278983,2.2457271162262633e-48,0.0,4.908717590408276e-14,1.498575028560887e-24,0.24558128396044054,0.4076611164858077,0.06487452405521048
1742113653.9296906,3.3750651190608454e-49,0.0,3.072906307800887e-14,5.809531064604823e-25,0.24558128396044054,0.4076611164858077,0.0648753585202373
1742113654.0281518,3.3750651190608454e-49,0.0,3.072906307800887e-14,5.809531064604823e-25,0.24558128396044054,0.4076611164858077,0.06486373561450622
1742113654.1334293,8.798880566159876e-48,0.0,7.005394283612657e-14,2.9662907083021845e-24,0.24558128396044054,0.4076611164858077,0.06487261670657775
1742113654.228489,2.103615240746433e-47,0.0,8.862803112314385e-14,4.586518549778724e-24,0.24558128396044054,0.4076611164858077,0.0648539604527629
1742113654.3282504,2.770483482823169e-48,0.0,5.1301220193507247e-14,1.6644769397090394e-24,0.24558128396044054,0.4076611164858077,0.06484424489566461
1742113654.42792,1.7058232417703303e-47,0.0,8.410886276516673e-14,4.130161306499215e-24,0.24558128396044054,0.4076611164858077,0.06484829801150935
1742113654.5310338,1.7058232417703303e-47,0.0,8.410886276516673e-14,4.130161306499215e-24,0.24558128396044054,0.4076611164858077,0.06486850398608816
1742113654.6281188,1.2379756987810577e-48,0.0,4.274932052484939e-14,1.112643563222768e-24,0.24558128396044054,0.4076611164858077,0.06487899440356873
1742113654.7324474,1.4560410698006508e-47,0.0,8.09232139268186e-14,3.815810621349873e-24,0.24558128396044054,0.4076611164858077,0.06486641782352102
1742113654.8280904,1.4560410698006508e-47,0.0,8.09232139268186e-14,3.815810621349873e-24,0.24558128396044054,0.4076611164858077,0.06485753673144949
1742113654.929091,3.7965681159517527e-48,0.0,5.549311825608266e-14,1.948478410440247e-24,0.24558128396044054,0.4076611164858077,0.06486820596286429
1742113655.0364966,2.845766108763632e-48,0.0,5.162559051442593e-14,1.686939865188926e-24,0.24558128397339374,0.4076611162863335,0.06488400119372979
1742113655.1286602,1.465431745316555e-48,0.0,4.4391026229777693e-14,1.2105501828988979e-24,0.24558128397339374,0.4076611162863335,0.06488370317050603
1742113655.2283401,1.9126960479977936e-47,0.0,8.664318779363389e-14,4.373438061751639e-24,0.24560654143105864,0.40766275691941534,0.06487708705493589
1742113655.3279884,5.0625557150427803e-48,0.0,5.990701745225008e-14,2.250012381086553e-24,0.2455812839754543,0.4076611162547197,0.06486796754428525
1742113655.4316354,5.0625557150427803e-48,0.0,5.990701745225008e-14,2.250012381086553e-24,0.2455812839754543,0.4076611162547197,0.06486671584674493
1742113655.5282722,1.5501864113240403e-48,0.0,4.4948980162068135e-14,1.2450648221374019e-24,0.2455812839754543,0.4076611162547197,0.06486480849811224
1742113655.6360521,6.586425372898929e-49,0.0,3.6804184850685666e-14,8.11567949890761e-25,0.2455812839754543,0.4076611162547197,0.06486874240466739
1742113655.72992,2.1243004951163347e-47,0.0,8.894429848240153e-14,4.609013446624272e-24,0.2455812839754543,0.4076611162547197,0.06488012689181928
1742113655.8280406,2.1243004951163347e-47,0.0,8.894429848240153e-14,4.609013446624272e-24,0.2455812839754543,0.4076611162547197,0.06485556977817199
1742113655.941027,1.1476358236960078e-48,0.0,4.205288920245114e-14,1.0712776594776948e-24,0.2455812839754543,0.4076611162547197,0.06486510652133608
1742113656.028403,4.041141995722891e-47,0.0,1.030952128203638e-13,6.356997715685362e-24,0.2455812839754543,0.4076611162547197,0.06486272233554495
1742113656.1310964,4.2917791181186286e-48,0.0,5.728113883878081e-14,2.0716609563629444e-24,0.24560654141453142,0.40766275717383493,0.06487196105548525
1742113656.2307186,4.288228725591797e-48,0.0,5.726850551809223e-14,2.0708038839039772e-24,0.24558128396904522,0.4076611163533288,0.0648762525899089
1742113656.328004,8.234841640415646e-48,0.0,6.873477621373637e-14,2.869641378363444e-24,0.24558128396904522,0.4076611163533288,0.06485992091724058
1742113656.4280949,8.880125047905446e-47,0.0,1.237898773191283e-13,9.423441541127872e-24,0.24558128396904522,0.4076611163533288,0.06488525289127017
1742113656.5280006,3.18473738999531e-49,0.0,3.0093143840208016e-14,5.643347756425533e-25,0.24558128396904522,0.4076611163533288,0.06486421245166445
1742113656.6282392,2.2377690217579764e-47,0.0,9.008793044486189e-14,4.730506338393361e-24,0.24558128396904522,0.4076611163533288,0.06486021894046447
1742113656.7286055,4.095789801664644e-49,0.0,3.234637181595808e-14,6.399835780443623e-25,0.24558128396904522,0.4076611163533288,0.06486015933581958
1742113656.827923,6.746885405210919e-49,0.0,3.7010251343913975e-14,8.21394266184694e-25,0.24558128396904522,0.4076611163533288,0.06486194747516288
1742113656.928085,6.746885407960441e-49,0.0,3.701025134877094e-14,8.2139426635206315e-25,0.24558128397823964,0.4076611162118171,0.06487315314838059
1742113657.0285318,2.897727976143206e-47,0.0,9.568304312188174e-14,5.3830548726008784e-24,0.24558128397823964,0.4076611162118171,0.0648677887303509
1742113657.1280663,6.069160089608305e-49,0.0,3.6009168952757715e-14,7.790481429031395e-25,0.24558128397823964,0.4076611162118171,0.06487482207843435
1742113657.228183,1.579956953012109e-48,0.0,4.514018743538813e-14,1.2569633857086327e-24,0.24558128397823964,0.4076611162118171,0.06485163587161685
1742113657.328637,2.704875181112637e-48,0.0,5.100307973435515e-14,1.6446504738431924e-24,0.24558128397823964,0.4076611162118171,0.0648484172207988
1742113657.428682,2.704875181112637e-48,0.0,5.100307973435515e-14,1.6446504738431924e-24,0.24558128397823964,0.4076611162118171,0.06484364884921685
1742113657.5282736,4.819702501276834e-48,0.0,5.91081283474535e-14,2.1953820854869054e-24,0.24558128397823964,0.4076611162118171,0.06485372203418406
1742113657.6299372,9.215305812975956e-49,0.0,3.9992160760259634e-14,9.599638437449588e-25,0.24558128397823964,0.4076611162118171,0.06483733075687063
1742113657.7283268,5.4646414469410486e-48,0.0,6.119446275501981e-14,2.3376572560880367e-24,0.24560654144391236,0.4076627567214519,0.06486111301013611
1742113657.8321233,4.5787019807181587e-48,0.0,5.827364345709859e-14,2.13979017212393e-24,0.24558128396934364,0.4076611163488151,0.0648591460568586
1742113657.9283226,4.919030177132553e-49,0.0,3.4045542192046305e-14,7.013579811431929e-25,0.24558128396934364,0.4076611163488151,0.06487506049701337
1742113658.0280063,1.529623706612355e-47,0.0,8.175496062092249e-14,3.911040407119767e-24,0.24558128396934364,0.4076611163488151,0.0648677887303509
1742113658.12812,7.10558313475247e-48,0.0,6.58897969548028e-14,2.6656299695855143e-24,0.24558128396934364,0.4076611163488151,0.06484400647708544
1742113658.228026,7.10558313475247e-48,0.0,6.58897969548028e-14,2.6656299695855143e-24,0.24558128396934364,0.4076611163488151,0.06484901326724674
1742113658.3312535,8.040415314098165e-47,0.0,1.2078442011238996e-13,8.966836294980613e-24,0.24558128396934364,0.4076611163488151,0.06485658305713313
1742113658.428759,2.1055112913343485e-47,0.0,8.874911115743643e-14,4.588585066591169e-24,0.24558128396934364,0.4076611163488151,0.06485628503390915
1742113658.5289388,5.3214352869711116e-48,0.0,6.072265701538373e-14,2.3068236358618992e-24,0.24558128396489565,0.40766111641731406,0.06485086101123466
1742113658.627991,3.094974307703274e-47,0.0,9.719478086825617e-14,5.563249327239679e-24,0.24560654145550131,0.4076627565430524,0.06486486810275685
1742113658.728772,1.4420038613162212e-47,0.0,8.048068192563549e-14,3.797372593407475e-24,0.24558128399529977,0.407661115949117,0.06485151666232723
1742113658.8288262,1.4420038613162212e-47,0.0,8.048068192563549e-14,3.797372593407475e-24,0.24558128399529977,0.407661115949117,0.06485080140658996
1742113658.928545,2.005954386632223e-47,0.0,8.771945180271373e-14,4.4787882140510094e-24,0.24558128399529977,0.407661115949117,0.0648707689625897
1742113659.0281768,4.666273217213377e-47,0.0,1.0643778854038333e-13,6.831012529057005e-24,0.24558128399529977,0.407661115949117,0.06485956328937202
1742113659.1282265,9.152527775339526e-48,0.0,7.084994945695692e-14,3.0253144919726156e-24,0.24558128399529977,0.407661115949117,0.06486498731204654
1742113659.227877,1.6127767098688338e-48,0.0,4.5348421730039975e-14,1.2699514596506568e-24,0.24558128399529977,0.407661115949117,0.06486147063800478
1742113659.3288543,2.419523218824036e-48,0.0,4.9654574312792776e-14,1.5554816677878387e-24,0.2455812839890399,0.40766111604547195,0.0648538412434735
1742113659.428919,8.88149042979353e-48,0.0,7.024294418673376e-14,2.9801829524030115e-24,0.2455812839890399,0.40766111604547195,0.06487148421832689
1742113659.528025,5.318750528631862e-47,0.0,1.0961705777920263e-13,7.292976435332739e-24,0.2455812839890399,0.40766111604547195,0.06485103982516902
1742113659.6280308,2.4283365742357316e-47,0.0,9.190206571792833e-14,4.927815514237249e-24,0.2455812839890399,0.40766111604547195,0.0648617090565838
1742113659.7282276,2.122748789581658e-47,0.0,8.892453674124398e-14,4.60732980106879e-24,0.2455812839890399,0.40766111604547195,0.06486158984729434
1742113659.8287778,3.4910394917092597e-47,0.0,9.980923049513379e-14,5.908501918176264e-24,0.2455812839890399,0.40766111604547195,0.06486588138171809
1742113659.928142,1.7183623447193465e-47,0.0,8.429110486418397e-14,4.1453134317194236e-24,0.2455812839890399,0.40766111604547195,0.06488048451968806
1742113660.0328994,1.7183623447193465e-47,0.0,8.429110486418397e-14,4.1453134317194236e-24,0.2455812839890399,0.40766111604547195,0.0648658217770733
1742113660.1279244,3.751920550878709e-47,0.0,1.0142316651762677e-13,6.1252922794579436e-24,0.2455812839890399,0.40766111604547195,0.06488412040301947
1742113660.229501,6.661288377967345e-48,0.0,6.465253121592611e-14,2.580947186202644e-24,0.2455812839890399,0.40766111604547195,0.06486701386996886
1742113660.3281088,4.4238217951543726e-48,0.0,5.773663058049004e-14,2.1032883290586607e-24,0.24560654144405447,0.4076627567191995,0.06488388198444028
1742113660.4278822,4.60977099883878e-47,0.0,1.0615544034109761e-13,6.789529437920407e-24,0.24560654145999905,0.40766275647380557,0.06486445087024358
1742113660.5280886,1.8723882010227545e-48,0.0,4.6867616511996324e-14,1.3683523672734135e-24,0.24558128401427126,0.40766111565706264,0.06486731189319273
1742113660.6281383,6.692876184974846e-48,0.0,6.476645003353853e-14,2.587059370206808e-24,0.24558128401427126,0.40766111565706264,0.06487315314838059
1742113660.728071,5.0052427783143616e-48,0.0,5.967865682305173e-14,2.237239991220066e-24,0.24558128401427126,0.40766111565706264,0.06486933845111503
1742113660.8281813,8.274182865654978e-48,0.0,6.881675798198087e-14,2.8764879394245645e-24,0.24558128401427126,0.40766111565706264,0.06486552375384946
1742113660.9280667,8.274182865654978e-48,0.0,6.881675798198087e-14,2.8764879394245645e-24,0.24558128401427126,0.40766111565706264,0.06485521215030327
1742113661.0278952,1.1858036647979734e-48,0.0,4.2380100869192e-14,1.0889461257555277e-24,0.24560654148523042,0.40766275608539626,0.06485360282489448
1742113661.1282132,8.11318698670148e-48,0.0,6.84203242344429e-14,2.8483656694149154e-24,0.24558128401427126,0.40766111565706264,0.06487243789264337
1742113661.2281804,8.11318698670148e-48,0.0,6.84203242344429e-14,2.8483656694149154e-24,0.24558128401427126,0.40766111565706264,0.0648754181248822
1742113661.3379164,9.377961434943383e-48,0.0,7.135466253910785e-14,3.0623457405954968e-24,0.24558128401427126,0.40766111565706264,0.0648741664273419
1742113661.42879,5.114823657584353e-49,0.0,3.444415738867321e-14,7.151799534092348e-25,0.24558128401427126,0.40766111565706264,0.06485938447543749
1742113661.5282216,5.422788013660178e-48,0.0,6.097904274765426e-14,2.328688045587081e-24,0.24558128401427126,0.40766111565706264,0.06487804072925224
1742113661.6302326,6.263921657705895e-48,0.0,6.352266456061005e-14,2.5027827827651953e-24,0.24558128401427126,0.40766111565706264,0.06486796754428525
1742113661.7286167,1.925938194550538e-48,0.0,4.715407515413783e-14,1.3877817532128523e-24,0.24560654145349758,0.40766275657391926,0.06487231868335382
1742113661.8397076,3.829655198249052e-49,0.0,3.173719541967589e-14,6.1884207987571855e-25,0.24558128400352075,0.40766111582266085,0.064863258777348
1742113661.9280345,4.533704441141514e-49,0.0,3.3289850444922484e-14,6.733278875214893e-25,0.2456065414470885,0.4076627566725284,0.0648701729161419
1742113662.028072,4.533704444594522e-49,0.0,3.3289850453011564e-14,6.733278877779029e-25,0.24560654146441152,0.4076627564060633,0.06484907287189151
1742113662.1315122,1.2740287975852388e-47,0.0,7.7843893979662e-14,3.569353999794975e-24,0.2455812839888054,0.40766111604923605,0.06486188787051818
1742113662.2281618,1.0873838115963065e-47,0.0,7.444646335199903e-14,3.297550320459578e-24,0.2455812839888054,0.40766111604923605,0.06487345117160455
1742113662.3373067,1.0307078155184873e-47,0.0,7.331970309837636e-14,3.2104638535864057e-24,0.2455812839888054,0.40766111604923605,0.06486123221942557
1742113662.4286199,1.5476476820394738e-48,0.0,4.4941489630989586e-14,1.2440448874696901e-24,0.2455812839888054,0.40766111604923605,0.06485789435931816
1742113662.5279343,3.3091577018730575e-48,0.0,5.352644322563045e-14,1.8191090406770723e-24,0.2455812839888054,0.40766111604923605,0.06488447803088797
1742113662.6281207,4.2348873875904007e-48,0.0,5.704839187429785e-14,2.0578842016961012e-24,0.24560654142973704,0.4076627569397475,0.06487464326450013
1742113662.7282372,4.2313836848078337e-48,0.0,5.703585803992087e-14,2.057032737903759e-24,0.24558128398582113,0.40766111609515576,0.06488716023990286
1742113662.8356607,6.080653854325616e-48,0.0,6.301600411689521e-14,2.4658981840955267e-24,0.24558128398582113,0.40766111609515576,0.0648766698224225
1742113662.928083,6.080653854325616e-48,0.0,6.301600411689521e-14,2.4658981840955267e-24,0.24558128398582113,0.40766111609515576,0.0648623647076763
1742113663.0283346,8.29174239586791e-49,0.0,3.8986826434683623e-14,9.105900502348962e-25,0.24558128398582113,0.40766111609515576,0.06486528533527043
1742113663.1279671,4.7839801788975685e-49,0.0,3.379996007796682e-14,6.916632257752012e-25,0.24558128398582113,0.40766111609515576,0.06486564296313908
1742113663.2283604,5.841999997188765e-48,0.0,6.231452688924366e-14,2.4170229616593976e-24,0.24558128398582113,0.40766111609515576,0.06486784833499565
1742113663.3297274,9.579428827063964e-49,0.0,4.0349655831195945e-14,9.787455658680637e-25,0.24558128398582113,0.40766111609515576,0.06486570256778385
1742113663.427954,2.9225443408092052e-47,0.0,9.589572996092344e-14,5.4060561787769144e-24,0.24558128398582113,0.40766111609515576,0.0648549141270794
1742113663.5280821,2.9225443408092052e-47,0.0,9.589572996092344e-14,5.4060561787769144e-24,0.24558128398582113,0.40766111609515576,0.06485813277789726
1742113663.6281056,7.372091757924677e-48,0.0,6.655990744111137e-14,2.7151596192350604e-24,0.24558128398582113,0.40766111609515576,0.06486248391696589
1742113663.7283244,3.241767673311872e-47,0.0,9.822058634463207e-14,5.693652319304255e-24,0.24558128398582113,0.40766111609515576,0.06487011331149722
1742113663.8285391,2.7275780748311276e-48,0.0,5.104453184152294e-14,1.6515380936663639e-24,0.24558128398582113,0.40766111609515576,0.0648558081967511
1742113663.9337397,6.613321260069628e-48,0.0,6.448504384092648e-14,2.5716378555445224e-24,0.24558128398582113,0.40766111609515576,0.06485515254565857
1742113664.0279412,1.7209278462209586e-48,0.0,4.599655233226424e-14,1.3118413952231262e-24,0.24558128398582113,0.40766111609515576,0.06486784833499565
1742113664.1323714,2.24577390606212e-48,0.0,4.878420935860384e-14,1.498590639922097e-24,0.24558128398582113,0.40766111609515576,0.06486117261478078
1742113664.228508,1.5113749704867199e-47,0.0,8.165234864454571e-14,3.887640634738144e-24,0.24558128398582113,0.40766111609515576,0.06484025138446466
1742113664.3281696,1.5113749704867199e-47,0.0,8.165234864454571e-14,3.887640634738144e-24,0.24558128398582113,0.40766111609515576,0.06486957686969416
1742113664.4287205,5.561608590057786e-48,0.0,6.139067212544557e-14,2.358306296912635e-24,0.24558128398582113,0.40766111609515576,0.06485092061587937
1742113664.5281188,1.4249525800948317e-48,0.0,4.414505129903387e-14,1.1937137764534813e-24,0.2455812839873417,0.40766111607181443,0.0648527683598676
1742113664.6331859,4.697991233975788e-47,0.0,1.0657760517352526e-13,6.854189400633591e-24,0.24560654146768712,0.4076627563556334,0.06485449689456597
1742113664.7283318,2.6472581358569976e-48,0.0,5.068435072062801e-14,1.6270396847824571e-24,0.24558128400264678,0.4076611158362189,0.06486915963718083
1742113664.8282614,2.079634986540138e-47,0.0,8.865985118743697e-14,4.560301510361061e-24,0.24558128400264678,0.4076611158362189,0.06485479491778985
1742113664.928668,1.6730059283803736e-48,0.0,4.571430511929456e-14,1.2934473040601127e-24,0.24558128400118306,0.4076611158588017,0.06485300677844655
1742113665.0291524,2.958402713904014e-46,0.0,1.7285843415560262e-13,1.7200007889254047e-23,0.24558128400118306,0.4076611158588017,0.06485562938281679
1742113665.1281796,1.3204414564141439e-47,0.0,7.86360748192135e-14,3.633787908524855e-24,0.24558128400186519,0.40766111584826614,0.06485646384784362
1742113665.2282667,1.1677417605569623e-47,0.0,7.596537247820557e-14,3.417223669233494e-24,0.24558128400186519,0.40766111584826614,0.06486033814975392
1742113665.3287265,4.93639210006692e-47,0.0,1.0776895354647825e-13,7.025946270835637e-24,0.24558128400655477,0.40766111577600483,0.06486606019565234
1742113665.4374716,1.4477724955289465e-47,0.0,8.066437358589753e-14,3.8049605721070834e-24,0.24558128400655477,0.40766111577600483,0.06484656947681083
1742113665.5282335,1.4477724955289465e-47,0.0,8.066437358589753e-14,3.8049605721070834e-24,0.24558128400655477,0.40766111577600483,0.06485616582461982
1742113665.6331666,4.684333899856184e-47,0.0,1.0653004934072231e-13,6.844219385624764e-24,0.24560654147457228,0.4076627562495059,0.06486796754428525
1742113665.7281647,2.243156434345599e-47,0.0,9.026890049919397e-14,4.7361972449905406e-24,0.24558128399647927,0.4076611159310657,0.06483804601260802
1742113665.8280008,6.023429734289542e-48,0.0,6.279975209676596e-14,2.4542676574264555e-24,0.24558128399647927,0.4076611159310657,0.06485258954593322
1742113665.9281044,6.023429734289542e-48,0.0,6.279975209676596e-14,2.4542676574264555e-24,0.24558128399647927,0.4076611159310657,0.06484943049976012
1742113666.0281165,1.440389802464025e-47,0.0,8.051607652989341e-14,3.7952467672919834e-24,0.24558128399647927,0.4076611159310657,0.06483619826861997
1742113666.1277924,2.4290907562290166e-47,0.0,9.193473853466536e-14,4.928580684364431e-24,0.24558128399647927,0.4076611159310657,0.06482821124622014
1742113666.2285218,2.4290907566801857e-47,0.0,9.193473853974599e-14,4.928580684822138e-24,0.24558128400078516,0.40766111586482623,0.06483345645496026
1742113666.3300004,3.976018751261508e-48,0.0,5.610358123421598e-14,1.993995674835206e-24,0.24558128400078516,0.40766111586482623,0.06484025138446466
1742113666.4336352,1.1054464266760702e-48,0.0,4.171928369708175e-14,1.0514021241542506e-24,0.24558128400078516,0.40766111586482623,0.0648454369885601
1742113666.528084,2.58379728441847e-48,0.0,5.043505093971245e-14,1.6074194488118122e-24,0.24558128400078516,0.40766111586482623,0.06485556977817199
1742113666.62892,1.6401999290479627e-48,0.0,4.551732424672949e-14,1.280702904286534e-24,0.24558128400078516,0.40766111586482623,0.0648370327336469
1742113666.7281733,7.954398397534176e-49,0.0,3.860805720577218e-14,8.918743407865357e-25,0.24558128400078516,0.40766111586482623,0.06482248920032162
1742113666.8281286,1.2484054605461037e-48,0.0,4.2866697775081127e-14,1.1173206614692596e-24,0.24558128400078516,0.40766111586482623,0.06483721154758101
1742113666.9284613,2.4637358436094985e-48,0.0,4.9882701150032185e-14,1.5696292057710631e-24,0.24558128400078516,0.40766111586482623,0.06482099908420227
1742113667.0283115,2.4637358436094985e-48,0.0,4.9882701150032185e-14,1.5696292057710631e-24,0.24558128400078516,0.40766111586482623,0.06481605189868588
1742113667.1374547,6.428940517618457e-49,0.0,3.661998513649825e-14,8.0180674215289915e-25,0.24558128400078516,0.40766111586482623,0.06481450217792174
1742113667.2282774,6.428940520372526e-49,0.0,3.6619985141655976e-14,8.018067423246406e-25,0.24558128401060486,0.4076611157135259,0.06482648271152155
1742113667.3281364,3.982517237612482e-48,0.0,5.6079552259839654e-14,1.995624523203822e-24,0.24558128401060486,0.4076611157135259,0.06482666152545583
1742113667.4306982,3.0415763379461655e-48,0.0,5.2372399128269704e-14,1.7440115647398e-24,0.24560654152310946,0.4076627555020398,0.06482755559512744
1742113667.528394,6.199039259862717e-49,0.0,3.630586632624971e-14,7.873397779778891e-25,0.2455812839967777,0.4076611159265484,0.06483977454730645
1742113667.6281059,7.432477352491944e-49,0.0,3.804109595613082e-14,8.62118167799052e-25,0.2455812839967777,0.4076611159265484,0.06482660192081113
1742113667.7355468,7.456673097217385e-48,0.0,6.67352699211603e-14,2.73069095600681e-24,0.2455812839967777,0.4076611159265484,0.06483154910632748
1742113667.8281252,9.295021044361414e-48,0.0,7.116751453958285e-14,3.0487736951701437e-24,0.2455812839967777,0.4076611159265484,0.06482403892108578
1742113667.941894,2.298711204124813e-47,0.0,9.091388931003551e-14,4.794487672447196e-24,0.2455812839967777,0.4076611159265484,0.06483244317599904
1742113668.0357594,6.286017624038847e-47,0.0,1.1373136286905166e-13,7.92844097161532e-24,0.2455812839967777,0.4076611159265484,0.06480603831836368
1742113668.1306596,6.286017624038847e-47,0.0,1.1373136286905166e-13,7.92844097161532e-24,0.2455812839967777,0.4076611159265484,0.06481766122409492
1742113668.2291114,1.44054649947e-47,0.0,8.058071168634861e-14,3.795453200172543e-24,0.2455812839967777,0.4076611159265484,0.06480436938830984
1742113668.328354,1.9114855322099654e-48,0.0,4.7073134361010347e-14,1.382564838338501e-24,0.2455812839967777,0.4076611159265484,0.06481235641070981
1742113668.4286137,1.9114855322099654e-48,0.0,4.7073134361010347e-14,1.382564838338501e-24,0.2455812839967777,0.4076611159265484,0.06481450217792174
1742113668.5278494,5.985129459621825e-49,0.0,3.5915398057640364e-14,7.736361844964224e-25,0.2455812839967777,0.4076611159265484,0.06482922452518122
1742113668.6281102,5.985129459621825e-49,0.0,3.5915398057640364e-14,7.736361844964224e-25,0.2455812839967777,0.4076611159265484,0.06482386010715138
1742113668.7282636,8.866196894446353e-49,0.0,3.962507309115503e-14,9.416048478234568e-25,0.2455812839967777,0.4076611159265484,0.06482219117709773
1742113668.8282092,4.9453873646924174e-48,0.0,5.948853848339814e-14,2.2238226918287386e-24,0.2455812839967777,0.4076611159265484,0.06483083385059013
1742113668.9292479,1.1141920262619378e-47,0.0,7.495838763418968e-14,3.337951506930467e-24,0.2455812839967777,0.4076611159265484,0.06483554261752754
1742113669.0350447,8.999672728851246e-48,0.0,7.051056889739074e-14,2.999945454312669e-24,0.2455812839967777,0.4076611159265484,0.0648227276189008
1742113669.1283753,4.1964177628467763e-47,0.0,1.0397099340914217e-13,6.4779763528796366e-24,0.2456065415225268,0.407662755511077,0.06482016461917546
1742113669.2285845,5.164772643325855e-48,0.0,6.020923759299216e-14,2.2726136150533498e-24,0.24558128399878143,0.4076611158956931,0.06484412568637489
1742113669.3283207,1.458404436657604e-48,0.0,4.4349680603781473e-14,1.2076441680634258e-24,0.24558128399878143,0.4076611158956931,0.06482308524676936
1742113669.4294312,3.447205424141467e-47,0.0,9.952690257830317e-14,5.87129067934936e-24,0.24558128399878143,0.4076611158956931,0.06482415813037536
1742113669.529647,9.830213888269627e-48,0.0,7.231606146129693e-14,3.1353171910142724e-24,0.24558128399878143,0.4076611158956931,0.0648178996426739
1742113669.6284277,6.923810276954763e-48,0.0,6.538345536559838e-14,2.631313412908991e-24,0.24558128399878143,0.4076611158956931,0.06482999938556328
1742113669.728121,5.3968388870496265e-48,0.0,6.095215620829187e-14,2.3231097449431067e-24,0.24558128399878143,0.4076611158956931,0.06481354850360521
1742113669.8298624,5.3968388870496265e-48,0.0,6.095215620829187e-14,2.3231097449431067e-24,0.24558128399878143,0.4076611158956931,0.06482576745578422
1742113669.92968,8.027612554184771e-49,0.0,3.8686738927027196e-14,8.95969450047532e-25,0.24558128399878143,0.4076611158956931,0.0648273171765485
1742113670.0281432,3.5583102580706625e-48,0.0,5.4550182298072416e-14,1.8863483925485933e-24,0.24558128399878143,0.4076611158956931,0.06481074708530091
1742113670.1308548,3.229343941521245e-48,0.0,5.32252144157793e-14,1.7970375459408867e-24,0.24558128399878143,0.4076611158956931,0.06482391971179627
1742113670.2283068,8.776430645777923e-48,0.0,7.000135287780844e-14,2.962504117428012e-24,0.24558128399878143,0.4076611158956931,0.06482034343310968
1742113670.3283007,5.071852818305161e-49,0.0,3.434609826579221e-14,7.121694193311842e-25,0.24558128399878143,0.4076611158956931,0.06480651515552173
1742113670.4282668,1.1139278933646602e-47,0.0,7.492652471899782e-14,3.337555832289042e-24,0.2455812840005862,0.40766111586784426,0.06480872052737846
1742113670.5309944,1.4851928326749998e-47,0.0,8.116621115824226e-14,3.853819965534197e-24,0.2455812840005862,0.40766111586784426,0.06481408494540818
1742113670.6279798,5.943169780591859e-48,0.0,6.262778827752662e-14,2.4378617230252948e-24,0.2455812840005862,0.40766111586784426,0.06481915134021407
1742113670.7281718,5.943169780591859e-48,0.0,6.262778827752662e-14,2.4378617230252948e-24,0.2455812840005862,0.40766111586784426,0.06482314485141427
1742113670.8281295,8.572435118080798e-48,0.0,6.953172603827788e-14,2.927872114365789e-24,0.2455812840005862,0.40766111586784426,0.06480991262027405
1742113670.9283676,3.0132670331212115e-48,0.0,5.2349675793305165e-14,1.7358764452348593e-24,0.24560654155515493,0.4076627550082561,0.06480323690005908
1742113671.0375438,5.5423436729315174e-49,0.0,3.5162633246406135e-14,7.44469184918457e-25,0.2455812839997975,0.40766111587988707,0.06479149478503848
1742113671.1286461,5.796649334413513e-49,0.0,3.5581129247292057e-14,7.6135729683332735e-25,0.2455812839997975,0.40766111587988707,0.06479399818011884
1742113671.227932,6.535018553632087e-48,0.0,6.432994507153242e-14,2.5563682351398608e-24,0.2455812840044942,0.4076611158076222,0.06479972022601742
1742113671.3281353,1.8927001811031452e-49,0.0,2.59558648341695e-14,4.35051741877118e-25,0.2455812840044942,0.4076611158076222,0.06481336968967102
1742113671.4281418,5.905317933920371e-49,0.0,3.577220210568359e-14,7.684606648306971e-25,0.2455812840044942,0.4076611158076222,0.06482517140933645
1742113671.5279558,2.589012607289898e-48,0.0,5.046389363082825e-14,1.6090408967114223e-24,0.2455812840044942,0.4076611158076222,0.06480138915607105
1742113671.6282477,8.915437486081972e-48,0.0,7.03199271853368e-14,2.9858729855909767e-24,0.2455812840044942,0.4076611158076222,0.06479519027301459
1742113671.7283142,3.032962895379745e-48,0.0,5.2398438696682496e-14,1.741540380060062e-24,0.2455812840044942,0.4076611158076222,0.06481378692218438
1742113671.8280087,1.0889924469579667e-47,0.0,7.446866989836711e-14,3.299988555977076e-24,0.2455812840044942,0.4076611158076222,0.06482612508365304
1742113671.9282365,7.98813646406055e-49,0.0,3.8653226404687517e-14,8.937637531283393e-25,0.24560654157244954,0.4076627547417804,0.06477563994952826
1742113672.0307434,7.981477051756829e-49,0.0,3.864539405544458e-14,8.933911266492873e-25,0.24558128399360157,0.4076611159754835,0.06481104510852473
1742113672.1282322,7.899799537079299e-48,0.0,6.790642163244276e-14,2.8106582035315676e-24,0.24558128399360157,0.4076611159754835,0.0648224295956768
1742113672.228059,7.899799537079299e-48,0.0,6.790642163244276e-14,2.8106582035315676e-24,0.24558128399360157,0.4076611159754835,0.06478464025088908
1742113672.32805,6.453331611252021e-48,0.0,6.40811701659032e-14,2.5403408454874753e-24,0.24558128399360157,0.4076611159754835,0.0648165287358441
1742113672.4284713,1.1072164766592175e-47,0.0,7.482792041748997e-14,3.3274862534039375e-24,0.24558128399360157,0.4076611159754835,0.06478434222766542
1742113672.5280771,7.274078409920337e-48,0.0,6.630631380498148e-14,2.6970499457593175e-24,0.24558128399360157,0.4076611159754835,0.06480681317874562
1742113672.6281376,1.3767779388317507e-47,0.0,7.951302339389976e-14,3.71049584130174e-24,0.24558128399360157,0.4076611159754835,0.06480591910907402
1742113672.7280602,7.440952138935591e-47,0.0,1.1845124370400252e-13,8.626095373305114e-24,0.24558128399360157,0.4076611159754835,0.06480687278339049
1742113672.832039,2.7660332554276364e-47,0.0,9.471634810153552e-14,5.259309132792668e-24,0.24558128399360157,0.4076611159754835,0.06479924338885926
1742113672.9305103,6.211557802912246e-48,0.0,6.339844202005932e-14,2.4922997016635553e-24,0.24558128399360157,0.4076611159754835,0.06479370015689502
1742113673.0280137,1.1253363530795842e-47,0.0,7.516332216602646e-14,3.35460333434459e-24,0.24558128401055512,0.4076611157142853,0.06481438296863215
1742113673.1360571,6.864680238204161e-48,0.0,6.52207912091306e-14,2.62005348002749e-24,0.24558128401055512,0.4076611157142853,0.0648035945279277
1742113673.228096,1.3952423947345036e-47,0.0,7.978221094477731e-14,3.7352943588618334e-24,0.24558128401055512,0.4076611157142853,0.0648012699467816
1742113673.327924,7.502207407422828e-48,0.0,6.690245429140303e-14,2.739015773489234e-24,0.24558128401055512,0.4076611157142853,0.06479793208667413
1742113673.4283495,6.468274884889881e-48,0.0,6.413298401975278e-14,2.5432803394218816e-24,0.24558128401055512,0.4076611157142853,0.06480836289950986
1742113673.5284648,6.468274884889881e-48,0.0,6.413298401975278e-14,2.5432803394218816e-24,0.24558128401055512,0.4076611157142853,0.06478046792575495
1742113673.628391,5.800961080699933e-49,0.0,3.561991585364814e-14,7.616404060119141e-25,0.24558128401055512,0.4076611157142853,0.06478624957629812
1742113673.7282135,5.800961080699933e-49,0.0,3.561991585364814e-14,7.616404060119141e-25,0.24558128401055512,0.4076611157142853,0.06478785890170712
1742113673.8341885,1.5260685395964416e-48,0.0,4.4801733193856786e-14,1.2353414668003505e-24,0.24558128400903456,0.40766111573761954,0.06478601115771902
1742113673.9286451,7.396399890322862e-49,0.0,3.7927014927377456e-14,8.600232491231189e-25,0.24558128400903456,0.40766111573761954,0.06478970664569525
1742113674.0282753,3.2697824490176263e-49,0.0,3.032097616735497e-14,5.718201158596667e-25,0.24558128400903456,0.40766111573761954,0.0647883357388653
1742113674.1283135,5.78951149017387e-48,0.0,6.214758346368449e-14,2.4061403720842786e-24,0.24558128400903456,0.40766111573761954,0.06479787248202942
1742113674.2279534,4.981813702854132e-48,0.0,5.961165122937614e-14,2.2319976932905042e-24,0.24558128400903456,0.40766111573761954,0.06478255408832205
1742113674.3282259,1.9558647025728835e-48,0.0,4.732980807671634e-14,1.3985223282353713e-24,0.24558128400903456,0.40766111573761954,0.06479435580798752
1742113674.4309733,1.2530004006806242e-47,0.0,7.746991835292496e-14,3.539774570054743e-24,0.24558128400903456,0.40766111573761954,0.06479656117984423
1742113674.52797,4.251308540860703e-48,0.0,5.710635504921582e-14,2.0618701561593794e-24,0.24558128400903456,0.40766111573761954,0.06481497901507997
1742113674.6314135,9.620832746000299e-49,0.0,4.038334828931218e-14,9.808584375943503e-25,0.24558128400903456,0.40766111573761954,0.06479030269214298
1742113674.728275,9.620832746000299e-49,0.0,4.038334828931218e-14,9.808584375943503e-25,0.24558128400903456,0.40766111573761954,0.06479834931918754
1742113674.828081,6.370030402059001e-49,0.0,3.649418322723494e-14,7.981247021649563e-25,0.24560654158080553,0.4076627546130709,0.06479060071536674
1742113674.9282265,3.545383830913273e-48,0.0,5.450208018446669e-14,1.8829189655726753e-24,0.24560654157865258,0.4076627546461893,0.06479322331973686
1742113675.028155,2.231168414515597e-47,0.0,8.997599844586043e-14,4.723524546898848e-24,0.24558128400375523,0.4076611158189163,0.06480597871371878
1742113675.1278977,8.033510640823267e-48,0.0,6.824308682983769e-14,2.834344834494079e-24,0.24560654155032324,0.4076627550827805,0.06479870694705622
1742113675.228174,4.099008666344292e-48,0.0,5.657440646912321e-14,2.0246008659348864e-24,0.24558128397488588,0.4076611162637853,0.06481056827136654
1742113675.3285162,5.657156877264596e-49,0.0,3.5391646426207595e-14,7.52140736648707e-25,0.24558128397488588,0.4076611162637853,0.0648077072484174
1742113675.4279253,6.135423655215129e-48,0.0,6.318084553613678e-14,2.4769787353175095e-24,0.24558128397488588,0.4076611162637853,0.06480627673694271
1742113675.5294318,6.935399411795762e-48,0.0,6.540867544015888e-14,2.633514650005912e-24,0.24558128397488588,0.4076611162637853,0.06480019706317576
1742113675.628411,3.4007807510328175e-48,0.0,5.391698500325117e-14,1.844120590154781e-24,0.24558128397488588,0.4076611162637853,0.06480526345798159
1742113675.7281184,3.4007807510328175e-48,0.0,5.391698500325117e-14,1.844120590154781e-24,0.24558128397488588,0.4076611162637853,0.06479286569186829
1742113675.8281295,6.154947663573595e-48,0.0,6.323050608671948e-14,2.4809166982334562e-24,0.24558128398430767,0.4076611161185104,0.06480436938830984
1742113675.928537,1.2486838312968632e-47,0.0,7.740812100150066e-14,3.533672072075822e-24,0.24558128398430767,0.4076611161185104,0.06480645555087694
1742113676.0279956,1.0837734792247812e-47,0.0,7.438141431184328e-14,3.292071504728871e-24,0.24558128398430767,0.4076611161185104,0.06479209083148618
1742113676.1284063,1.1918237275737583e-49,0.0,2.2963692591662786e-14,3.452280011200943e-25,0.24558128398430767,0.4076611161185104,0.06481372731753961
1742113676.228179,6.263919864085288e-49,0.0,3.634825726709875e-14,7.914492949068366e-25,0.24558128398430767,0.4076611161185104,0.06480061429568904
1742113676.327939,2.5326960682540293e-48,0.0,5.018640477763071e-14,1.5914446481904512e-24,0.24558128398430767,0.4076611161185104,0.0648078264577068
1742113676.4284544,1.7042810051991768e-48,0.0,4.590158323094596e-14,1.3054811393502309e-24,0.24558128398430767,0.4076611161185104,0.06480556148120548
1742113676.528345,3.0790961336994977e-48,0.0,5.2586335985417505e-14,1.7547353457714067e-24,0.24558128398430767,0.4076611161185104,0.06480979341098432
1742113676.627968,2.749518051444344e-48,0.0,5.11800823905401e-14,1.658167075853439e-24,0.24558128398430767,0.4076611161185104,0.06479924338885926
1742113676.7282982,1.493174656010788e-47,0.0,8.132279799767517e-14,3.864161818571769e-24,0.24560654152759298,0.4076627554328036,0.06480216401645317
1742113676.8310654,1.491946393441522e-47,0.0,8.130497035365033e-14,3.862572191482668e-24,0.2455812839563123,0.4076611165498276,0.06481313127109192
1742113676.9279826,1.7609113527054e-48,0.0,4.6235926800489455e-14,1.326993350663597e-24,0.2455812839563123,0.4076611165498276,0.0648163499219097
1742113677.0353603,1.7675812781325264e-48,0.0,4.627148784102042e-14,1.3295041474672151e-24,0.2455812839563123,0.4076611165498276,0.06479972022601742
1742113677.128255,1.5959911083690545e-47,0.0,8.281946917867352e-14,3.9949857426141764e-24,0.2455812839563123,0.4076611165498276,0.06480317729541443
1742113677.2279184,3.775723120775799e-48,0.0,5.535505894586574e-14,1.943122003574608e-24,0.2455812839563123,0.4076611165498276,0.06481521743365906
1742113677.3282566,5.5781745376173716e-49,0.0,3.525842656764999e-14,7.4687177866199845e-25,0.24558128395230483,0.40766111661155335,0.06481032985278731
1742113677.4282293,2.87377220566965e-48,0.0,5.171105618424753e-14,1.6952204003225216e-24,0.24558128395230483,0.40766111661155335,0.06481903213092462
1742113677.527997,7.484198305067404e-49,0.0,3.8041064984466116e-14,8.651126114597686e-25,0.24558128395230483,0.40766111661155335,0.06481229680606507
1742113677.6281621,1.1298648218542584e-47,0.0,7.526079573321723e-14,3.3613461914153656e-24,0.24558128395230483,0.40766111661155335,0.06480675357410103
1742113677.7300973,1.1298648217397926e-47,0.0,7.526079573082753e-14,3.361346191245098e-24,0.24558128394996714,0.4076611166476827,0.06480389255115164
1742113677.8304331,1.3858080527355788e-47,0.0,7.969961647823114e-14,3.722644292348624e-24,0.24558128394996714,0.4076611166476827,0.0647890509946026
1742113677.928312,2.749111985171985e-48,0.0,5.116216849586544e-14,1.6580446270146002e-24,0.24558128394996714,0.4076611166476827,0.06480198520251897
1742113678.0282516,1.9035002270765436e-48,0.0,4.7039018689181565e-14,1.3796739568015857e-24,0.24558128394996714,0.4076611166476827,0.06479507106372505
1742113678.1280458,9.921596849444876e-49,0.0,4.070234486690245e-14,9.9607212838453e-25,0.24558128394996714,0.4076611166476827,0.06481462138721131
1742113678.229714,1.3074472236035207e-47,0.0,7.83956437324999e-14,3.615863968131988e-24,0.24558128394996714,0.4076611166476827,0.06478404420444142
1742113678.328446,8.848236888554298e-48,0.0,7.01616821394292e-14,2.9745986096537962e-24,0.24558128394996714,0.4076611166476827,0.06480788606235165
1742113678.4289296,1.0131848515182823e-47,0.0,7.295647594016372e-14,3.1830564737658713e-24,0.24558128394996714,0.4076611166476827,0.0647935213429608
1742113678.5284758,1.2877662056517796e-47,0.0,7.809929394725265e-14,3.5885459529617e-24,0.2455812839535838,0.40766111659198234,0.06479793208667413
1742113678.6286135,1.7822023960457214e-47,0.0,8.51980366907951e-14,4.2216139047119426e-24,0.2455812839593463,0.4076611165031636,0.06480496543475761
1742113678.7288423,2.231397219741372e-46,0.0,1.5942775716397228e-13,1.493786202822001e-23,0.2455812839593463,0.4076611165031636,0.06479364055225033
1742113678.8311331,4.6025723277067734e-48,0.0,5.833000399870763e-14,2.1453606521297936e-24,0.24558128396520829,0.40766111641283764,0.06480079310962339
1742113678.9305542,3.373661416968185e-48,0.0,5.377936673823343e-14,1.8367529548004504e-24,0.24558128396520829,0.40766111641283764,0.0648078264577068
1742113679.0281305,3.373661416968185e-48,0.0,5.377936673823343e-14,1.8367529548004504e-24,0.24558128396520829,0.40766111641283764,0.06480705159732483
1742113679.1282942,7.867453523879926e-49,0.0,3.850829059364992e-14,8.869866697915998e-25,0.24560654152915617,0.407662755408726,0.06480401176044127
1742113679.2280717,1.170864080097094e-47,0.0,7.602728431539848e-14,3.4217891228085546e-24,0.24558128396930812,0.4076611163496118,0.06481068748065613
1742113679.3283432,5.803974791705162e-49,0.0,3.563319520303284e-14,7.618382237525997e-25,0.24558128396930812,0.4076611163496118,0.06480335610934866
1742113679.4282484,7.99967909111108e-48,0.0,6.815410365664852e-14,2.8283703949644008e-24,0.24560654153204808,0.4076627553643135,0.06480579989978444
1742113679.5303903,3.394843877843043e-47,0.0,9.920534128059021e-14,5.8265288790522984e-24,0.24558128397219292,0.4076611163051984,0.06481164115497241
1742113679.6349962,5.222719472825545e-49,0.0,3.4588419538987025e-14,7.226838501603274e-25,0.24558128397521983,0.40766111625852997,0.0648153366429486
1742113679.7345629,7.386696208287302e-49,0.0,3.787593044097172e-14,8.59458911658219e-25,0.24558128397521983,0.40766111625852997,0.06483238357135444
1742113679.8296676,3.2902754681624416e-47,0.0,9.852901282364258e-14,5.7360922832207304e-24,0.24558128397521983,0.40766111625852997,0.06479948180743832
1742113679.9279068,3.0846062466810534e-47,0.0,9.711060952639271e-14,5.553923159966343e-24,0.24558128397521983,0.40766111625852997,0.0648113431317487
1742113680.031464,7.530287929727036e-49,0.0,3.803424883128345e-14,8.677723163207638e-25,0.24558128397561063,0.4076611162525081,0.06481181996890675
1742113680.1282332,1.2249785045820218e-47,0.0,7.692582808510349e-14,3.49996929212532e-24,0.24558128397561063,0.4076611162525081,0.06480943578311579
1742113680.2338576,9.12161722664199e-47,0.0,1.2462456941233886e-13,9.550715798641477e-24,0.24558128397561063,0.4076611162525081,0.06481915134021407
1742113680.3281736,1.5776746779580815e-47,0.0,8.257620996191044e-14,3.97199531464739e-24,0.24558128397561063,0.4076611162525081,0.0648173035962261
1742113680.4282267,4.9879726349616606e-48,0.0,5.956950550827598e-14,2.2333769576499308e-24,0.24560654151957806,0.4076627555562595,0.06481563466617242
1742113680.5280254,4.713782066393187e-46,0.0,1.96214931377814e-13,2.1711246086747732e-23,0.24558128396808598,0.4076611163684234,0.06480848210879937
1742113680.6281838,4.713782066393187e-46,0.0,1.96214931377814e-13,2.1711246086747732e-23,0.24558128396808598,0.4076611163684234,0.06479834931918754
1742113680.732989,4.547028494658627e-47,0.0,1.0582275573205785e-13,6.743165795573046e-24,0.24560654151738248,0.4076627555901293,0.06481241601535458
1742113680.8280354,6.905359099515691e-47,0.0,1.1631851356628398e-13,8.309849035641798e-24,0.24560654151738248,0.4076627555901293,0.06480895894595763
1742113680.9337723,1.7429456790788053e-46,0.0,1.4851016458699883e-13,1.3202066804401518e-23,0.2455812839668141,0.40766111638799085,0.0648003758771099
1742113681.02811,1.2760413843503507e-47,0.0,7.789551424396636e-14,3.572172146398254e-24,0.2455812839668141,0.40766111638799085,0.06480544227191573
1742113681.127968,1.326306930478187e-47,0.0,7.876890439463443e-14,3.641849709252411e-24,0.2455812839668141,0.40766111638799085,0.06480496543475761
1742113681.2282343,2.936942578886285e-48,0.0,5.1963980189485566e-14,1.7137510259329634e-24,0.2455812839668141,0.40766111638799085,0.06481879371234558
1742113681.3281817,8.243018741298708e-48,0.0,6.873100883980842e-14,2.8710657849131057e-24,0.24558128396016343,0.4076611164903676,0.06481068748065613
1742113681.4281514,2.0772827776036297e-47,0.0,8.857353548954495e-14,4.557721774750659e-24,0.24558128396016343,0.4076611164903676,0.06480454820224424
1742113681.5282648,1.0901421104759634e-46,0.0,1.3042968183391153e-13,1.04409870724753e-23,0.24558128396016343,0.4076611164903676,0.0648010315282025
1742113681.6280677,1.0901421104759634e-46,0.0,1.3042968183391153e-13,1.04409870724753e-23,0.24558128396016343,0.4076611164903676,0.06480323690005908
1742113681.7356892,2.6601057926778816e-48,0.0,5.07648297151135e-14,1.6309830755338577e-24,0.2455812839687681,0.4076611163578878,0.06481372731753961
1742113681.8281202,1.0006983723895231e-46,0.0,1.2751234582835714e-13,1.0003491252505412e-23,0.2455812839687681,0.4076611163578878,0.06479656117984423
1742113681.931555,2.506740859957907e-49,0.0,2.80755455330594e-14,5.0067363221542905e-25,0.2455812839687681,0.4076611163578878,0.06479399818011884
1742113682.0302866,2.922860930673927e-47,0.0,9.599316106805188e-14,5.406348981220069e-24,0.2455812839687681,0.4076611163578878,0.06479095834323546
1742113682.128125,1.659490270464324e-48,0.0,4.563098654870166e-14,1.2882120440611957e-24,0.2455812839687681,0.4076611163578878,0.06480484622546816
1742113682.2326071,1.0768138903588835e-48,0.0,4.150724509770351e-14,1.0376964345890774e-24,0.2455812839687681,0.4076611163578878,0.06479465383121155
1742113682.327976,1.8173862035230852e-47,0.0,8.572153050145807e-14,4.263081284145407e-24,0.24560654153487604,0.4076627553206551,0.06479936259814889
1742113682.4306755,1.09798377120013e-48,0.0,4.168269470917119e-14,1.0478472079459534e-24,0.24558128396867573,0.4076611163593915,0.06480067390033388
1742113682.536907,8.577417375397642e-48,0.0,6.953313489887215e-14,2.9287228232452523e-24,0.24558128396867573,0.4076611163593915,0.06479191201755181
1742113682.6281536,5.238853164207957e-48,0.0,6.0375573691093e-14,2.288854115973309e-24,0.24558128396867573,0.4076611163593915,0.064788693366734
1742113682.7283094,3.834699299493256e-48,0.0,5.5532874023361445e-14,1.9582388259589932e-24,0.2456065415415125,0.4076627552182819,0.06480144876071592
1742113682.8282053,4.599994412225337e-48,0.0,5.82550061923392e-14,2.144759756295641e-24,0.24558128396647305,0.40766111639326574,0.06479614394733073
1742113682.9280498,1.7639012990738392e-47,0.0,8.50052443349466e-14,4.1998824972537496e-24,0.24558128396647305,0.40766111639326574,0.06478386539050716
1742113683.0282815,6.638806194474834e-48,0.0,6.453532360632166e-14,2.5765880917358198e-24,0.24558128396647305,0.40766111639326574,0.06479530948230401
1742113683.1282315,6.644292689607222e-48,0.0,6.455065770210734e-14,2.5776525540901012e-24,0.2456065415476658,0.4076627551234413,0.06478237527438782
1742113683.2280302,3.991697707821754e-48,0.0,5.6086419266012914e-14,1.9979233488354236e-24,0.24558128398752643,0.4076611160688417,0.06481015103885311
1742113683.3319666,3.991697707821754e-48,0.0,5.6086419266012914e-14,1.9979233488354236e-24,0.24558128398752643,0.4076611160688417,0.06479280608722357
1742113683.4338806,2.2483517879078194e-48,0.0,4.878370895333853e-14,1.4994504953174744e-24,0.24558128398752643,0.4076611160688417,0.06478893178531307
1742113683.5282166,1.2021078557956636e-47,0.0,7.663680482041928e-14,3.467142708046012e-24,0.24558128398752643,0.4076611160688417,0.06478982585498463
1742113683.628309,2.960753834781287e-47,0.0,9.628321840878907e-14,5.441280947333346e-24,0.24558128398752643,0.4076611160688417,0.06478475946017871
1742113683.7293987,3.04200606954018e-48,0.0,5.244962252718504e-14,1.7441347624367162e-24,0.24558128397683276,0.40766111623368495,0.06477170604297304
1742113683.8279057,2.6395939765515803e-48,0.0,5.070343667115226e-14,1.6246827310436891e-24,0.24558128397683276,0.40766111623368495,0.06477289813586846
1742113683.9316182,6.496957435450171e-48,0.0,6.423018983992905e-14,2.548912990953236e-24,0.24558128397683276,0.40766111623368495,0.0647935809476055
1742113684.0282624,1.1494446630327088e-47,0.0,7.558146379349738e-14,3.390346093000992e-24,0.24558128397683276,0.40766111623368495,0.06477808373996402
1742113684.127991,3.0523725069792547e-47,0.0,9.67864982190792e-14,5.524828057939229e-24,0.24558128397683276,0.40766111623368495,0.06480180638858456
1742113684.2286756,6.682424314076045e-48,0.0,6.50716015375328e-14,2.5850385517581833e-24,0.24558128397683276,0.40766111623368495,0.06477814334460873
1742113684.3282251,2.8631017166835896e-47,0.0,9.576327380620241e-14,5.350795937693373e-24,0.24558128397683276,0.40766111623368495,0.06477742808887145
1742113684.4278872,3.0545990545624595e-47,0.0,9.715557174472642e-14,5.526842728504638e-24,0.24558128397683276,0.40766111623368495,0.06478231566974307
1742113684.528256,1.0020797179790995e-47,0.0,7.300137799423508e-14,3.1655642751002537e-24,0.24558128397658407,0.4076611162374508,0.06478201764651918
1742113684.629119,1.0022322704707634e-47,0.0,7.30070245676278e-14,3.1658052221682296e-24,0.24560654158307216,0.40766275457770185,0.06477331536838192
1742113684.7279594,3.775283345957873e-48,0.0,5.5740693694593875e-14,1.9430088383632927e-24,0.24558128397926993,0.4076611161960484,0.06477200406619682
1742113684.8282607,4.0526736151665375e-48,0.0,5.6752540121769505e-14,2.0131253351857e-24,0.24558128397926993,0.4076611161960484,0.06478100436755789
1742113684.9283826,4.0526736151665375e-48,0.0,5.6752540121769505e-14,2.0131253351857e-24,0.24558128397926993,0.4076611161960484,0.06478267329761174
1742113685.0279193,8.244601234002246e-49,0.0,3.899874535696198e-14,9.079978653059845e-25,0.24558128397926993,0.4076611161960484,0.06479209083148618
1742113685.1282606,5.157474104238857e-48,0.0,6.054030821796182e-14,2.2710072884600914e-24,0.24558128397926993,0.4076611161960484,0.06478011029788626
1742113685.2283697,5.127547542002725e-49,0.0,3.453756480765743e-14,7.160689591095766e-25,0.24558128397926993,0.4076611161960484,0.06477927583285947
1742113685.327942,2.460601816882633e-49,0.0,2.808595037497383e-14,4.9604453599275065e-25,0.24558128397394796,0.4076611162780974,0.06477277892657897
1742113685.4317093,1.5687050008756795e-47,0.0,8.255870320043122e-14,3.96068807264051e-24,0.24560654157184558,0.407662754750838,0.06477283853122374
1742113685.5282323,1.7873452999012338e-48,0.0,4.660680028803947e-14,1.3369163399035985e-24,0.24558128395734968,0.4076611165340349,0.06477778571674
1742113685.6305306,1.3725064413004283e-47,0.0,6.2971589663098505e-12,3.7047354039127116e-24,0.24558128397560353,0.40766111625251167,0.06480007785388607
1742113685.7337768,2.0081739498383172e-48,0.0,4.3139220538291425e-12,1.4171005433060554e-24,0.24671776088522535,0.40773659931908135,0.06785034555026669
1742113685.8286567,6.006661578285735e-49,0.0,3.2517090624128855e-12,7.750265529829113e-25,0.26381454199842125,0.4088853413186122,0.0648766698224225
1742113685.92814,2.813801901467488e-48,0.0,4.622811576496497e-12,1.6774390902406825e-24,0.2852330480921239,0.41027378800635805,0.0656189264638104
1742113686.0284538,1.1363536173074627e-47,0.0,6.051749614012637e-12,3.370984451621607e-24,0.3060715200014741,0.4116106153808827,0.06198024171420701
1742113686.1282668,2.0848913853446216e-47,0.0,6.945578833742997e-12,4.566061087353762e-24,0.32646274601152925,0.4127966873322446,0.05465113538333559
1742113686.2325573,7.146361854468874e-47,0.0,9.05052440985635e-12,8.453615708363417e-24,0.3431213243180693,0.4136357668681656,0.045306915221897594
1742113686.3284087,1.0144155943240258e-45,0.0,1.2874005253762856e-11,3.184989159045955e-23,0.3635530191477514,0.4145247071117595,0.04108565467425964
1742113686.432086,1.9763968672794052e-45,0.0,1.813300957319331e-11,4.445668529343371e-23,0.38446799421978284,0.4153672055964366,0.04007779973575248
1742113686.5279357,1.1605589395734946e-46,0.0,9.962237580587623e-12,1.0772924113598381e-23,0.4039657891405568,0.4161753350068942,0.04270767587253236
1742113686.628742,1.1513225618159068e-46,0.0,9.977974998261284e-12,1.0729969999100216e-23,0.4199723742694488,0.4168702904460506,0.04237603562900201
1742113686.728558,8.556058211522504e-46,0.0,1.5454546840682675e-11,2.9250740523143177e-23,0.4409111267815575,0.41775051707049826,0.04000180381366392
1742113686.8284652,3.331043403771845e-45,0.0,2.0117437481204736e-11,5.771519214012759e-23,0.4614467320960145,0.41857814018487005,0.04151236432620654
1742113686.9287946,7.377067935758197e-45,0.0,2.383356900215358e-11,8.588985933018052e-23,0.4821050392987445,0.4194988661958545,0.04654520171710625
1742113687.0302045,6.13467170474249e-45,0.0,2.286741318907372e-11,7.832414509423316e-23,0.5032376259342755,0.42056981532099336,0.05316763537952085
1742113687.1282854,2.434053595401338e-44,0.0,2.532119786660771e-11,1.5601453763676441e-22,0.5196131700048667,0.4214887284024771,0.059186810432163645
1742113687.2329504,4.633073642101685e-44,0.0,3.5332444248278995e-11,2.1524575819517756e-22,0.5401048956126502,0.42269100512908064,0.05750017779895442
1742113687.3283525,1.5522638216683468e-44,0.0,2.8504002134530582e-11,1.2458988007331682e-22,0.5595878961876721,0.42379999424525217,0.05573343652316706
1742113687.4286108,3.499770159599378e-44,0.0,3.334515681844572e-11,1.870767264947561e-22,0.5514638716456872,0.4457352917726194,0.07625509256710694
1742113687.5281973,2.777075451391094e-44,0.0,3.213195203458921e-11,1.6664559554308943e-22,0.5724808329588029,0.4474125965405422,0.08132703060497919
1742113687.6281805,3.3232680979866076e-44,0.0,3.313450961234531e-11,1.8229832961348296e-22,0.5892065460830054,0.44877346667237106,0.08048404211392098
1742113687.7280698,3.929472481620058e-43,0.0,5.636821492991438e-11,6.268550455743384e-22,0.6097944992682898,0.45041786817394946,0.07962841743817003
1742113687.8288338,7.477594614588842e-43,0.0,6.358906260256379e-11,8.64730860706893e-22,0.6305854109285747,0.4520643019108599,0.0767393207012623
1742113687.9285388,1.2000352278110846e-42,0.0,6.981976697630412e-11,1.0954611941146454e-21,0.6510058324889059,0.4535763383981566,0.07093132490505842
1742113688.0287778,1.9860082027759795e-42,0.0,6.610409996369924e-11,1.4092580327164999e-21,0.6720372728890425,0.45506133218121914,0.07054526562084833
1742113688.1282032,1.5196902804647046e-41,0.0,1.1974521340728437e-10,3.898320510764481e-21,0.6926384867182023,0.4565302991215452,0.07134212011685051
1742113688.2327554,1.1817567936968458e-41,0.0,1.1376441695877404e-10,3.437668968497179e-21,0.7080131655739237,0.45763350047154194,0.07192106003155394
1742113688.327962,3.7669621660911406e-41,0.0,1.4585004941177856e-10,6.137558281671255e-21,0.7281106491121889,0.45904936855033984,0.06775856966366454
1742113688.430569,1.123396021598446e-40,0.0,1.8588176623163669e-10,1.0599037794056807e-20,0.748567718085944,0.4604006657120596,0.0647927021442858
1742113688.528291,5.277097840924952e-40,0.0,2.5432977049110085e-10,2.297193470503726e-20,0.769406868998459,0.46172696460584817,0.06295401806225463
1742113688.6283627,2.2200114810701032e-38,0.0,5.71113581496075e-10,1.4899702953650128e-19,0.7902968397401509,0.4630517769766245,0.06347758526196161
1742113688.7281318,7.022261526070899e-38,0.0,7.152389366846728e-10,2.649955004537039e-19,0.8071448797188765,0.46412563132169105,0.06375272030224476
1742113688.8284929,1.051774577485125e-37,0.0,7.803796312432474e-10,3.2431074257340366e-19,0.8278566494354962,0.46546081976580034,0.06509740108837775
1742113688.9291177,9.634254512774176e-39,0.0,4.718295574786872e-10,9.81542383841583e-20,0.8483893031732705,0.46681992018307206,0.06712622398724236
1742113689.0282543,8.286318102054204e-37,0.0,1.2101074205507457e-09,9.102921565109854e-19,0.8687106436469776,0.467976882187469,0.09390897186277698
1742113689.1282458,1.58234318268744e-36,0.0,1.3873195103289395e-09,1.2579122317107183e-18,0.8893998079003183,0.4699185063114255,0.092776900844558
1742113689.2301168,2.5274437399617663e-36,0.0,1.548696147636271e-09,1.5897936155242812e-18,0.9058599035161947,0.4714137382630179,0.08864552410124135
1742113689.3336072,5.187604882168679e-34,0.0,4.154945785401192e-09,2.277631419296959e-17,0.9266594017473793,0.4732604213595897,0.08899510534284909
1742113689.4284756,9.104888636123974e-34,0.0,5.456888694985492e-09,3.0174308005526775e-17,0.9471556037550641,0.4750887620154405,0.08870429428098993
1742113689.530447,3.064532177714083e-32,0.0,1.1326625963666546e-08,1.7505805259153556e-16,0.9664947166825542,0.4767842392283912,0.08614880474088983
1742113689.6287656,8.105360156164647e-32,0.0,1.2279872512837534e-08,2.8469914218635514e-16,0.9868729733416615,0.47850800854612885,0.08425439031599352
1742113689.7283754,3.182416275411876e-30,0.0,3.053443073519159e-08,1.7839328113502136e-15,1.0076544371863605,0.4802697454719924,0.08491963775633166
1742113689.8278582,5.123760419938337e-30,0.0,3.387661654517385e-08,2.2635724905419614e-15,1.0271722131348255,0.48195580122392556,0.08788288267134037
1742113689.9298515,1.8510108039082233e-29,0.0,4.4930619661250373e-08,4.302337508736644e-15,1.0438354178984284,0.4834533058330015,0.0908691945838768
1742113690.0281641,1.898102261683974e-29,0.0,4.516683407301444e-08,4.3567215445607426e-15,1.063922269889062,0.48531146254415525,0.0929760995673974
1742113690.1357136,3.851391285318846e-28,0.0,7.723298498521898e-08,1.9624961873386776e-14,1.0841547788724597,0.487242724291467,0.09671343000410393
1742113690.2282948,2.0367035400737786e-27,0.0,1.22530467685364e-07,4.5129851983734434e-14,1.1050305505462177,0.48935662412650505,0.10391158493040409
1742113690.3281784,2.1825744831285348e-27,0.0,1.2415929830656358e-07,4.671803167010073e-14,1.120610017112888,0.49101334238322725,0.10803902776716547
1742113690.4337656,1.0292421517262402e-26,0.0,1.549116976827285e-07,1.0145157227595047e-13,1.140436477535303,0.4931829591607162,0.1101692381667932
1742113690.530577,5.229574466221087e-26,0.0,2.4490269337429036e-07,2.2868262868484536e-13,1.1605334342098885,0.4954393985834704,0.11291653545378037
1742113690.6292694,1.0802168023547928e-25,0.0,2.573107141210094e-07,3.2866651827571255e-13,1.164149080731221,0.5556579533201145,0.16168863146634527
1742113690.727931,4.68115065402363e-25,0.0,3.20414829363949e-07,6.84189349085736e-13,1.183477814649784,0.5588495699662417,0.16458952992291873
1742113690.8280847,6.684055499411438e-25,0.0,4.283607938892734e-07,8.175607316530949e-13,1.1986819060620633,0.5613859816716982,0.1659651455196898
1742113690.9316149,1.8608672614010408e-24,0.0,5.267091148173743e-07,1.3641360861002984e-12,1.2166567504125325,0.5643872939535939,0.16346973746152352
1742113691.0295727,8.476008468410868e-24,0.0,7.362755314391812e-07,2.911358526257264e-12,1.2367911651310308,0.5676708987258863,0.16107977001996462
1742113691.1294239,2.776864951864874e-23,0.0,9.435556476374066e-07,5.269596713093777e-12,1.257403098849359,0.571014178161148,0.15985572903485712
1742113691.228041,1.506413500850437e-22,0.0,1.3557310383414313e-06,1.22736037937129e-11,1.277915931780555,0.5743360835829598,0.16166025965543226
1742113691.3278897,7.478090896141311e-22,0.0,1.921550478871605e-06,2.7346098252111417e-11,1.293799106568514,0.576954703624823,0.16518962948651736
1742113691.439481,2.9780612005106927e-21,0.0,2.609785435631253e-06,5.457161533719423e-11,1.3135736057732714,0.5802431363213572,0.16364801495404674
1742113691.5293472,2.4713908486788454e-20,0.0,4.13167190988265e-06,1.572065790187817e-10,1.3340029187211115,0.5836053674824484,0.16229647963376465
1742113691.6280882,3.230037475873424e-19,0.0,7.142517984470637e-06,5.683341865375884e-10,1.354364655539932,0.5869102976946632,0.16001743643613286
1742113691.7297134,5.290305910280813e-19,0.0,7.971653719087641e-06,7.273448913879036e-10,1.374354941481812,0.590133990190898,0.15923673479886477
1742113691.8280106,2.23185979041503e-18,0.0,1.0877064333510291e-05,1.4939410264180546e-09,1.3908745521084356,0.592781161126581,0.15817171900601815
1742113691.9279401,3.606928132162203e-18,0.0,1.2122306395589742e-05,1.899191441683066e-09,1.4116727147305639,0.5960821312536151,0.15651453106732785
1742113692.0280337,1.2007254226991624e-17,0.0,1.4754319730841283e-05,3.465148514420648e-09,1.4320734920511597,0.5993033341091465,0.15756476490827023
1742113692.1286578,1.7766771811972142e-17,0.0,1.7120127232913596e-05,4.215064864503528e-09,1.4520464698773594,0.6024750094854507,0.1571828183445496
1742113692.227721,1.396478307788244e-17,0.0,1.5304168948754995e-05,3.736948364358603e-09,1.4353331224042094,0.6821936391489238,0.18236973504468876
1742113692.3279767,4.1179821805062e-17,0.0,2.070785599123621e-05,6.417150598596078e-09,1.4516191507414646,0.6851554293550866,0.17420366029188125
1742113692.4393961,7.832059809130882e-17,0.0,2.3660205337653016e-05,8.849892546879246e-09,1.4709340086417342,0.688429163697533,0.15873905639097177
1742113692.533863,1.814710531970902e-16,0.0,2.8724973003207056e-05,1.3471119225850916e-08,1.4909690169977239,0.691531544262391,0.14759960393354374
1742113692.6280653,5.33061223973678e-16,0.0,3.602999452205844e-05,2.3088118675493634e-08,1.5113434639262522,0.6944153084498286,0.13682099799558603
1742113692.7282832,2.3464474354965025e-15,0.0,4.988163493720712e-05,4.844014281044702e-08,1.5311216657627966,0.696987242723095,0.12427940587446172
1742113692.8463097,1.1237370957478649e-14,0.0,7.044342392829171e-05,1.0600646658331108e-07,1.5511044537531973,0.6993494107737419,0.11302771787092171
1742113692.9278514,9.691773315175748e-14,0.0,0.00011386405485013881,3.1131613056788027e-07,1.5676365650534052,0.7011424921416509,0.10277029494687993
1742113693.0290828,1.3752814354666696e-13,0.0,0.0001233616491148913,3.7084787116372524e-07,1.5880625684755998,0.7031754625579794,0.09438523272916763
1742113693.1281657,1.226836071152769e-12,0.0,0.00019914204438291363,1.1076263228872674e-06,1.6081587777545039,0.7049285192345103,0.0821718833868214
1742113693.2283072,1.7290769528980293e-12,0.0,0.00021532950244800833,1.3149437071213463e-06,1.629049639074701,0.7065951943697275,0.0784551761572071
1742113693.3280632,5.196066848053082e-12,0.0,0.0002747667790001379,2.2794882864478776e-06,1.6494670647069256,0.708147232493582,0.07346638659879644
1742113693.4277081,7.52059738976029e-12,0.0,0.00029893761481286136,2.742370760812675e-06,1.6658779585950967,0.7093084717026503,0.06742724399015392
1742113693.528231,1.0512806834033173e-11,0.0,0.0003237918016222239,3.2423458843919123e-06,1.6869933039603566,0.7106780464989892,0.062015797895640976
1742113693.628385,1.8730159332532055e-11,0.0,0.0003664033938733893,4.327835409593582e-06,1.7076844399446358,0.7119377636999822,0.059298124117107026
1742113693.72808,5.128631546737939e-11,0.0,0.0004608058911082311,7.161446464742957e-06,1.7286587231365615,0.7131249332389906,0.05430695037290517
1742113693.828277,1.7740883751025588e-10,0.0,0.00060979560176541,1.3319490887802577e-05,1.7489847442104463,0.7141069341958826,0.04414042453214603
1742113693.9281824,5.153086331082398e-10,0.0,0.0007745672521374487,2.270041041717616e-05,1.7314016909719854,0.7630905762809341,0.05670154389011357
1742113694.0307531,1.523812524943352e-09,0.0,0.0009643979491414389,3.903604135851063e-05,1.747627785464097,0.7639610565422092,0.04856330450641617
1742113694.1280293,2.8309913607214283e-09,0.0,0.0011412937857262658,5.3207061192302555e-05,1.7684118942145375,0.7649009360784724,0.041067066751594515
1742113694.228432,3.7228721103189833e-09,0.0,0.001178985970782619,6.1015343236918554e-05,1.7881149579489346,0.7656423363962386,0.03573650416004178
1742113694.3276484,7.702675612061609e-09,0.0,0.0014364030977139914,8.776488826439426e-05,1.8085304365400603,0.7662881290691868,0.028290393911476027
1742113694.4279556,1.3380265821276705e-08,0.0,0.0015846885303524,0.00011567309895250799,1.8244962193736285,0.7666973519340026,0.022508981786842252
1742113694.5281436,3.7380459006005085e-08,0.0,0.0020592369096929263,0.00019334026741991717,1.8447157227791706,0.7670835162997243,0.013640764318580557
1742113694.6423733,1.1024864186646027e-07,0.0,0.0025888988911540035,0.00033203710917073753,1.8642038932767093,0.7672838898313206,0.006757560335273704
1742113694.7326207,1.5608959692076196e-07,0.0,0.00286267618443521,0.0003950817597925295,1.8848826193712753,0.7673391341837643,-0.00030684176815052114
1742113694.8278432,1.996031637994658e-07,0.0,0.0030349710697037077,0.0004467696988376291,1.904725879281564,0.7672336042957735,-0.008227047361259532
1742113694.9336934,8.788534821919787e-07,0.0,0.004221109290169454,0.0009374718567466326,1.9211511880319776,0.7670283378846712,-0.017500636018638646
1742113695.0284567,1.1057908219698183e-06,0.0,0.004528345152774965,0.0010515658904556662,1.9408137974037487,0.7666429840547337,-0.023035523332481402
1742113695.1279302,2.5570587514819165e-06,0.0,0.005526414946730226,0.0015990805956805042,1.9602460451375734,0.766146397520961,-0.0281614631785204
1742113695.2276766,7.25334782152728e-06,0.0,0.007077754442266334,0.0026932040066670183,1.9806108577980908,0.7654997309295872,-0.03462135497463229
1742113695.3392236,8.988011469318961e-06,0.0,0.0074444610176528985,0.0029980012457167127,2.0005664571381487,0.764738509430174,-0.040188428796653894
1742113695.4278567,1.4562713042485454e-05,0.0,0.008375105777522889,0.0038161122942708924,2.0167767260028384,0.7640675881494534,-0.0425264209879685
1742113695.5391757,2.7498426417265267e-05,0.0,0.00975546516109324,0.005243894203477533,2.0375118174176237,0.7631642983888796,-0.045520660318260374
1742113695.627848,4.8735897768098733e-05,0.0,0.011197248485506772,0.006981110067037959,2.058344167729871,0.7621715159865659,-0.0500376195086289
1742113695.7278945,7.309898083624963e-05,0.0,0.012392947187046555,0.008549794198473414,2.05897205549563,0.8211772316709354,-0.030797457998660592
1742113695.8275955,0.00011617874845342635,0.0,0.01387908631314257,0.010778624608614326,2.0795117521162965,0.8204590403143861,-0.0375569227394138
1742113695.928273,0.00017894335437873557,0.0,0.01547047963254879,0.01337697104649388,2.0961771657775046,0.8197688554803637,-0.04664543897476536
1742113696.0278323,0.00032289318987843295,0.0,0.017901249559270003,0.017969228972842238,2.1167529725182135,0.8187141678838916,-0.05793807536926607
1742113696.1276178,0.00046783398320172866,0.0,0.01968036375837937,0.021629470247829203,2.1373157403995933,0.8174299932709364,-0.06865433484878876
1742113696.2278972,0.0006846313762319405,0.0,0.02165345370830529,0.026165461513834233,2.1577130003154963,0.815948549987672,-0.07741860181656234
1742113696.3287218,0.0010507594382641778,0.0,0.024146335838788044,0.03241541976072773,2.178194114133909,0.8142403498738027,-0.08659521371689179
1742113696.4275866,0.0016736495822699076,0.0,0.027371666282675778,0.04091026255439957,2.1991170977624748,0.8123539215955127,-0.09184614450302453
1742113696.528073,0.0022830701641920344,0.0,0.029562037820239338,0.04778148348672354,2.2147386090842787,0.8108619360760372,-0.09932062656250333
1742113696.6279123,0.0033442816301254338,0.0,0.032709148725726146,0.057829764223325635,2.232642048573261,0.8090402135898902,-0.10455391437378278
1742113696.7445722,0.004825637600845904,0.0,0.0360076929992449,0.0694668093469529,2.2523227093374487,0.8069349191950916,-0.10896924764480925
1742113696.8299894,0.006739516662216988,0.0,0.03942479090217396,0.08209455927293226,2.272995992033266,0.8045942938265416,-0.11474273235168804
1742113696.9382987,0.009466964216943721,0.0,0.04321824031217736,0.0972983258691727,2.2936878279726756,0.8021931053454399,-0.116358018225101
1742113697.0278277,0.012116253681447593,0.0,0.04624813382017782,0.11007385557637014,2.3102267542374335,0.8002350809607073,-0.11931268007126192
1742113697.127834,0.018178732613128388,0.0,0.051990629663208006,0.13482853041225507,2.3305560399256677,0.7977854368212789,-0.1213431719001804
1742113697.227963,0.027353431454831104,0.0,0.05812607620241302,0.16538872831856197,2.350654650478866,0.7953258579921147,-0.12297955781784395
1742113697.3275526,0.028527274455250003,0.0,0.05891127253845922,0.16890019080880284,2.33697258700726,0.8095941990801894,-0.12537828526594663
1742113697.4305062,0.0469156106572495,0.0,0.06815879958512727,0.21660011693729417,2.3567302850314746,0.8070604291597459,-0.12869218430616886
1742113697.5407655,0.05122313553980692,0.0,0.0704452795007731,0.22632528700922247,2.3730203389597975,0.8049465554805657,-0.13009724459745894
1742113697.627746,0.069430730126666,0.0,0.07663717305525128,0.2634971159740956,2.393898772930953,0.8021986582796625,-0.13205072722532782
1742113697.73345,0.08520585087052454,0.0,0.0816238230931952,0.29190041259053495,2.4131398857979036,0.7996188279641849,-0.13445505938627766
1742113697.8286166,0.08813329358641499,0.0,0.0825772063980222,0.2968725207667678,2.4328763576574204,0.796924675043547,-0.13655075869658023
1742113697.9275854,0.18855073544948805,0.0,0.10570176473074716,0.43422429163911136,2.453058814045903,0.7941294705401631,-0.13843217930891535
1742113698.02789,0.2007754270718647,0.0,0.10801094868785806,0.4480797106228586,2.4691269433835217,0.7918848732383683,-0.14007571778395217
1742113698.1279721,0.21685944151607411,0.0,0.1120594538049354,0.46568169549175337,2.489320474943554,0.7889871010805116,-0.14657858452894723
1742113698.2275178,0.23377747292017975,0.0,0.11700316773953282,0.4835054011282395,2.509567892019028,0.7859341161638635,-0.15575364670851263
1742113698.332173,0.24985330395752645,0.0,0.12645015679750218,0.4998532824314815,2.5280090224461063,0.7829611373081793,-0.1652270301351788
1742113698.4281743,0.264204364310124,0.0,0.13567633052676462,0.5140081364240492,2.5439029840298204,0.7802538021970502,-0.17059603772261175
1742113698.5275075,0.2744857594020341,0.0,0.13545041647708042,0.5239138854831337,2.5549953171636943,0.778299200936587,-0.1793167336950543
1742113698.6364536,0.28501030269392635,0.0,0.1314469475741558,0.533863561871314,2.5661243004936765,0.7762621750395287,-0.18223032794096505
1742113698.730293,0.2960583586250919,0.0,0.1418822986908706,0.5441124503492747,2.577572703244421,0.7741428598400777,-0.18500605664351016
1742113698.8275142,0.3095372905771375,0.0,0.14443976206032708,0.5563607557845337,2.5912633512592365,0.7714855958696187,-0.19550118289091614
1742113698.9281695,0.32062811261207724,0.0,0.15335493061152836,0.5662403311422433,2.6023123188688544,0.7692989917988466,-0.19530055365660226
1742113699.0278342,0.3308352414317256,0.0,0.15619178312917056,0.5751827895823427,2.6123182124395257,0.7673175003164001,-0.19544253192045724
1742113699.1275094,0.3373908261196699,0.0,0.15855828290735297,0.5808535324155909,2.6106568727257766,0.8125926981688476,-0.1886239418517873
1742113699.2279096,0.3447850188784617,0.0,0.13137090778631227,0.587183973621949,2.617558830341629,0.8112243804643242,-0.20891211123579
1742113699.3279073,0.35483839066801026,0.0,0.16196855858074644,0.5956831294136257,2.6268582753108873,0.8092020428709024,-0.21622035594099015
1742113699.437175,0.37478624998087384,0.0,0.1688458348482919,0.6121978846589343,2.6449775360843617,0.8052150355733811,-0.2180402049552725
1742113699.5281706,0.3860371847442316,0.0,0.13716730836910862,0.6213189074414456,2.655027395731466,0.8029522977526309,-0.2235174545776174
1742113699.6278691,0.39370306414660583,0.0,0.14007549745666698,0.6274576194027816,2.661813001973634,0.8014020646022271,-0.22690553159826254
1742113699.7275162,0.41541679352546107,0.0,0.14131216548824174,0.6445283496677715,2.680793440373357,0.796977944077387,-0.22938642592542627
1742113699.827847,0.43795088766369383,0.0,0.14419276511732823,0.6617785790305499,2.700148334511418,0.7924878868989662,-0.22647807688825575
1742113699.927808,0.46288155293847455,0.0,0.147630211116191,0.6803539909036137,2.721250706853226,0.7875784837465325,-0.23221693129652007
1742113700.028941,0.4864457642889234,0.0,0.1508053624216966,0.6974566397195767,2.7409867546060482,0.7829397714140214,-0.22970367164724323
1742113700.1338398,0.5057580841564703,0.0,0.15309978152056594,0.711166706304837,2.757054279845022,0.7791755506911002,-0.2304478058349416
1742113700.2277608,0.5303495362636726,0.0,0.15640164676423224,0.7282510118521447,2.777453886441421,0.7743732391772458,-0.23251257033460596
1742113700.3275156,0.5542438169076479,0.0,0.15957067810687803,0.7444755314364925,2.7972846342002455,0.769694980728481,-0.23011184425466505
1742113700.4278226,0.5787105087373391,0.0,0.1624484580151435,0.7607302470240941,2.817654324688668,0.7649873034736707,-0.2255761990081594
1742113700.527787,0.603090497367023,0.0,0.16567843316384595,0.7765890144516745,2.8381135831795987,0.7603304545633698,-0.22231475205533957
1742113700.6276197,0.6219876361656334,0.0,0.16772089422572772,0.7886619276760057,2.8541430285438523,0.7567400741048242,-0.21743432374113061
1742113700.7459023,0.6454070706153331,0.0,0.17084759996448834,0.8033723113322572,2.87427568497867,0.7523635782927585,-0.2088764676582143
1742113700.8304365,0.668605177614839,0.0,0.1739828011776226,0.8176828099054296,2.894593429598558,0.7481270618018332,-0.20162657590024913
1742113700.9284875,0.6807944311437593,0.0,0.17508803131137154,0.8251026791519703,2.901872430326655,0.7545544022160904,-0.20078818568271042
1742113701.0278583,0.7033678279718382,0.0,0.18102309575511863,0.838670273690345,2.922125339889824,0.7505063476261746,-0.19520317086261163
1742113701.12807,0.7207462102385248,0.0,0.1805877722216132,0.8489677321538934,2.938172956825859,0.7473728096651051,-0.19011877545398118
1742113701.2329874,0.7405897365066801,0.0,0.18565143885268245,0.8605752358200183,2.9570954971063443,0.7437756388894563,-0.18488453396838547
1742113701.3277326,0.7605511587333357,0.0,0.19281727612455019,0.872095842630462,2.9769335615305224,0.7401170967965616,-0.17933999070208917
1742113701.4277487,0.7784386229328489,0.0,0.18808624391421067,0.8822916881240856,2.9955515101594514,0.7368233688683716,-0.17212782868426676
1742113701.530764,0.79568329092758,0.0,0.18977862022473832,0.8920108132346715,3.014444119874561,0.7336326288700761,-0.16425965794604658
1742113701.6278193,0.8128161554534135,0.0,0.1924019092519384,0.9015631733014683,3.0344078163277075,0.7304031849894432,-0.15826426514666905
1742113701.7279131,0.8256567398125674,0.0,0.19335689280467153,0.9086565576787345,3.0504090903849956,0.7278810442573675,-0.15315286883395554
1742113701.8274274,0.8404114089713685,0.0,0.19573727625752688,0.9167395535109023,3.0702053163520517,0.7248913233696559,-0.1451380706695879
1742113701.927714,0.8543738866483921,0.0,0.20159569584205914,0.9243234751148497,3.090824074984802,0.7219275615274849,-0.1397471881775223
1742113702.0278077,0.8668255197515895,0.0,0.20021289795490865,0.9310346501347786,3.1114157112549847,0.7191357847237363,-0.13106803664248828
1742113702.1275096,0.8770402561759312,0.0,0.20205426825625675,0.9365042745102294,3.1305994800612424,0.7167036190277383,-0.12363039025348065
1742113702.227896,0.8845411194079161,0.0,0.20343337112012622,0.9405004622050518,3.146803118711553,0.7147135721800169,-0.11971740492862117
1742113702.3279417,0.8925696160356233,0.0,0.20498792262469334,0.9447590253792886,3.167440221503675,0.7122803816793617,-0.11341641911548017
1742113702.4443429,0.8988687084219401,0.0,0.20625747262615501,0.9480868675506164,3.187970528336301,0.7100282239476279,-0.10414378413241743
1742113702.5277584,0.9080890980991005,0.0,0.2079426991344544,0.9529370903155677,3.180200354078565,0.724770326955678,-0.09435925382925343
1742113702.6278775,0.9136883425753487,0.0,0.20913905108473083,0.955870463282211,3.2005397470179844,0.7228944802209742,-0.0899440993721612
1742113702.7280073,0.9175798444907564,0.0,0.20997887500993265,0.9579038806115968,3.221068801593262,0.7211523138165834,-0.08059224981619204
1742113702.8280573,0.9194384160240358,0.0,0.21039587832895187,0.9588735140903808,3.237749403447353,0.7198632552004796,-0.07334539789511049
1742113702.927897,0.9200717466569416,0.0,0.2148638889132237,0.9592037044637294,3.258577021191485,0.7183668198383728,-0.06950065988851867
1742113703.0321836,0.9188760473957198,0.0,0.21034277656050784,0.9585802248094417,3.278780234481019,0.7170127587137198,-0.06533828872991877
1742113703.1277637,0.9161513019851042,0.0,0.21415364849987698,0.9571579294897494,3.297598926747071,0.7158199911092495,-0.06183979410482724
1742113703.2278812,0.9115641215480009,0.0,0.20887383462945133,0.9547586718893948,3.3176348690398783,0.7146280861023957,-0.05754593509985288
1742113703.3453856,0.9067072372553197,0.0,0.20789218707426305,0.9522117607209646,3.333530604686075,0.713741997391022,-0.05347082514120433
1742113703.4286149,0.8987347873908427,0.0,0.20630634154319774,0.9480162379362722,3.3543838486504285,0.712659729431202,-0.050197874491942754
1742113703.5277112,0.8889624680171823,0.0,0.20442380759860074,0.942848062000014,3.3752660253712747,0.711649036223907,-0.04714712995840396
1742113703.6274457,0.8775201954958001,0.0,0.20651654459601337,0.9367604792559302,3.3960505278706705,0.7107173583316513,-0.04301950830770821
1742113703.7277584,0.8673130200284254,0.0,0.20048885897671595,0.931296418992592,3.412488659702916,0.7100435915692866,-0.038206492846740124
1742113703.8280842,0.8538032273200432,0.0,0.19814982358914107,0.92401473328083,3.4321926507699487,0.7093271252882634,-0.033716713374389126
1742113703.9275491,0.8380605105653098,0.0,0.19560767712797347,0.9154564493001892,3.4530380159861807,0.7086613727484767,-0.029381905978453998
1742113704.0280206,0.8209234668719696,0.0,0.19318267361351169,0.9060482696147979,3.473860414600736,0.7080736741636269,-0.02678236860586492
1742113704.1278098,0.8035785599558972,0.0,0.1909705799576195,0.8964254346881827,3.4934700841940014,0.7075842416917943,-0.02374682325674378
1742113704.2290957,0.8186644308023264,0.0,0.19342333582609764,0.9048007685685984,3.495323059083425,0.7304868891774987,-0.034877301836998456
1742113704.3280437,0.8025026331281301,0.0,0.19429799008168025,0.8958251130260471,3.5120439524434843,0.72992412435228,-0.032608451033623066
1742113704.4282234,0.7817164239541321,0.0,0.18833428402653318,0.8841472863466426,3.532510367606271,0.7292867311082123,-0.029183866168053088
1742113704.5275922,0.7606142109528957,0.0,0.1856232099285845,0.8721319917036042,3.5523458646504977,0.7287205634592624,-0.02709281602004294
1742113704.6278906,0.7378140641216708,0.0,0.18259898193759155,0.8589610376039596,3.5729415892297354,0.728176918423884,-0.026351393843681764
1742113704.7279608,0.7140375082462757,0.0,0.17958021405037913,0.8450074012967435,3.593663177836426,0.7276061391870083,-0.02886271634200328
1742113704.8317585,0.6943825621556191,0.0,0.17703521831170713,0.833296203132847,3.61033608910045,0.7271288419582049,-0.027764560366661584
1742113704.9277174,0.6689477122898576,0.0,0.1737618702931371,0.8178922375777005,3.6314626519454762,0.7265525133697963,-0.026742340708763492
1742113705.0354066,0.6435964961264029,0.0,0.17057862429447734,0.8022446610145828,3.652134243398443,0.7260053963206179,-0.02607888140776871
1742113705.1285071,0.6180856713530019,0.0,0.16732324608209084,0.7861842477136017,3.672653819921628,0.72545468177311,-0.027517499114067544
1742113705.2276921,0.5924259985761219,0.0,0.16410112928230838,0.7696921453257283,3.693096236705422,0.7248611193179819,-0.02946531930068245
1742113705.3277674,0.5716056581407805,0.0,0.16143851291781394,0.7560460687952689,3.7096171407113374,0.724381055483402,-0.02820372738936653
1742113705.4274595,0.5452412342128943,0.0,0.15805922705451622,0.7384045193610981,3.730541108910124,0.7238035264938691,-0.027177395010979054
1742113705.5277836,0.5190085659871964,0.0,0.1547146932336602,0.7204224913113113,3.7514402985470454,0.7232459574004917,-0.025956811095268675
1742113705.6279175,0.49312004466712633,0.0,0.15134903133970437,0.7022250669601067,3.772239645004298,0.7227449253719005,-0.023439051295311455
1742113705.727998,0.4675272046717605,0.0,0.15077020882750541,0.6837596102957241,3.7930392909477106,0.7222563182224278,-0.02377921500304444
1742113705.82778,0.44730985048680155,0.0,0.14531666761469098,0.6688122684930365,3.8096890269497763,0.7218608755339595,-0.02306062140563243
1742113705.927891,0.44350556529844654,0.0,0.1449202771527528,0.6659621350335517,3.818110260626611,0.7385735880860285,-0.028721246007514106
1742113706.0306048,0.41951723435133675,0.0,0.14168239476456643,0.6477015009642457,3.8380468302975856,0.7379999446415866,-0.029001149419379285
1742113706.1276429,0.395809178323504,0.0,0.14013498827779486,0.6291336728577671,3.858185494258322,0.737409915500983,-0.030152055505347355
1742113706.2285569,0.37268176468923453,0.0,0.13517621136227767,0.6104766700613828,3.8783228808223527,0.736777797984951,-0.03147349048001773
1742113706.327499,0.3560371508658652,0.0,0.1343879759112069,0.5966884872912038,3.893172651934705,0.7363025916768233,-0.032144757989478266
1742113706.427779,0.33466581642203175,0.0,0.12969197059524573,0.5785030824654539,3.912753486855678,0.7356882687096888,-0.03035316157681951
1742113706.5280135,0.3137012796570305,0.0,0.12656586895928537,0.5600904209652496,3.9326137351969095,0.7351024315848242,-0.028595241788458937
1742113706.6275935,0.29292619778831586,0.0,0.12338818188142767,0.5412265678884545,3.9530312145843,0.7345221467739336,-0.028339776280951693
1742113706.727904,0.2727943939441369,0.0,0.12021856699973803,0.5222972275861101,3.9736257864044973,0.7339364454880144,-0.02845910477979206
1742113706.8277755,0.2537697127972226,0.0,0.1171317841352377,0.5037556082042388,3.993942163859259,0.7333625702385795,-0.027882191423010967
1742113706.9277475,0.23572662306902845,0.0,0.11409996924747215,0.4855168617762193,4.014107255798052,0.7328116435893524,-0.026866707089972516
1742113707.027766,0.22127578523125915,0.0,0.11158700694973306,0.4703996016487037,4.030983404728929,0.7323586403010047,-0.027092787507605624
1742113707.1278052,0.20418043445777712,0.0,0.10850094194150592,0.45186329177946855,4.051907325091989,0.7317793892549851,-0.028287920239996968
1742113707.2274995,0.18833853057844263,0.0,0.10552655987413151,0.4339798734716192,4.072375296216094,0.7311938354351657,-0.028397354367804675
1742113707.327781,0.17338307740999026,0.0,0.1025949768183407,0.41639293631135277,4.0928176616413765,0.7305984620235275,-0.029687496903968012
1742113707.427848,0.16194003574057603,0.0,0.1002663523163796,0.40241773785529883,4.109312905033207,0.7301068576260654,-0.030226024869513646
1742113707.5275316,0.14834630579214952,0.0,0.09738343661545747,0.3851575077707165,4.13003293147311,0.729481828398054,-0.02917626786572946
1742113707.6278644,0.14430132467002701,0.0,0.09651505829953813,0.3798701418511687,4.137629535867838,0.7352612370931197,-0.04340567205138633
1742113707.7280798,0.13179957954507068,0.0,0.09369774907590976,0.36304211814205617,4.15831466488131,0.734374158460458,-0.04311539743133028
1742113707.8352282,0.12019418229107048,0.0,0.09094925290188872,0.3466903262150106,4.178872742950553,0.7334783058068837,-0.04343303058333836
1742113707.927764,0.1112929658944236,0.0,0.08873197935956727,0.3336060039843762,4.195688830438904,0.7327556935935569,-0.04275121305175248
1742113708.0279977,0.10097740855114622,0.0,0.08601529924475447,0.3177694267092827,4.216526328960661,0.7318773129228795,-0.04110368106551598
1742113708.129038,0.09141177048005159,0.0,0.08334737945406484,0.30234379517372534,4.237390190646472,0.7310237082395705,-0.04077061031051112
1742113708.227837,0.08277945219647488,0.0,0.08079654047150696,0.2877141849066098,4.25774768982,0.7301769729206473,-0.04243352029509973
1742113708.32795,0.07496910825803305,0.0,0.07835177989747551,0.2738048725973171,4.2776740574958225,0.7293192193106499,-0.04304583881087721
1742113708.4282646,0.06903556416742877,0.0,0.07639220149166073,0.26274619724637077,4.293958910335327,0.7286147767508311,-0.04266103122420754
1742113708.5279105,0.06203823726275861,0.0,0.07395476055163355,0.2490747623962705,4.31469538244334,0.7277436342728141,-0.04190113160796593
1742113708.6326854,0.05576664453737366,0.0,0.07161834508752489,0.23614962319972832,4.334977155004843,0.7269034128566823,-0.04045643422790018
1742113708.733993,0.04992664737442989,0.0,0.0692723527169308,0.2234427160916862,4.355640677005546,0.726107988616933,-0.03766091678328943
1742113708.8295777,0.04476044621205243,0.0,0.06704886231567471,0.21156664721087876,4.375673139167951,0.7253696804104219,-0.036615630127863494
1742113708.930883,0.04085636252019938,0.0,0.06525363215524914,0.20212956864397494,4.392139618509113,0.7247738509986164,-0.03512301061339811
1742113709.0286546,0.036346173306492764,0.0,0.06304718110934117,0.19064672382837522,4.412907756596574,0.7240697980972133,-0.03231289003081745
1742113709.1289515,0.032256692858820504,0.0,0.06089494274963674,0.1796014834538415,4.4337281610511425,0.7234151679500425,-0.03070451829619835
1742113709.2278116,0.028698686826722886,0.0,0.059179539966841305,0.169406867708257,4.453765042023626,0.7228084876392149,-0.03021874044127892
1742113709.3274739,0.03128654026206617,0.0,0.06101386665900432,0.1768800165707426,4.437802034999095,0.715590427290314,-0.032462313495687
1742113709.4279208,0.027914441169689646,0.0,0.05840663543548536,0.16707615380325716,4.457281141054381,0.7149623795757396,-0.03176851543050144
1742113709.5278459,0.02488307203825302,0.0,0.05650364253775154,0.15774369096180366,4.476610593460819,0.7144097792565667,-0.02676220210652681
1742113709.6276398,0.022484287011526716,0.0,0.054884559045861064,0.1499476142241907,4.493411391303454,0.7139801121028775,-0.023802235446980936
1742113709.7279146,0.01977678852789683,0.0,0.05343502029491973,0.14062997023357726,4.514363455199998,0.713514320989951,-0.020352974258473808
1742113709.8278584,0.0174085563544797,0.0,0.05103618546351687,0.13194148837450523,4.534861782551772,0.7131455185997773,-0.01610465320210783
1742113709.9292903,0.015449017270166784,0.0,0.049359465644368675,0.12429407576456242,4.5537667951415415,0.7128659086048721,-0.014011993728688754
1742113710.027811,0.013891235748547294,0.0,0.0479244130928268,0.11786108665945386,4.570369375766887,0.7126646831310364,-0.009569897972157838
1742113710.1279895,0.01212258228815892,0.0,0.046160343743111204,0.11010259891646028,4.591351266684725,0.712498397560676,-0.005753114543965869
1742113710.230069,0.01057983624769994,0.0,0.044453754311338474,0.10285833095913981,4.612004536814666,0.7123971293262468,-0.00410403283696503
1742113710.3279877,0.009251963961579157,0.0,0.042837080714286345,0.09618712991652863,4.632050442341779,0.712317532130113,-0.0038358715401205163
1742113710.428169,0.008059529765391744,0.0,0.04156962154161683,0.08977488382276941,4.652374842937235,0.7122610323563929,-0.0020145324097189826
1742113710.52764,0.006988249405347958,0.0,0.039676070400144675,0.08359574992395222,4.673078967988744,0.7122364500079676,-0.000314667545369635
1742113710.6302319,0.006272454945296898,0.0,0.03882187666675737,0.0791988317167425,4.688569099021834,0.7122494628286073,0.002395496047922659
1742113710.7278776,0.005436724830974969,0.0,0.0370977865129294,0.07373414969317113,4.708817510164565,0.7123228728552569,0.005237624324747661
1742113710.827394,0.0047375101250658564,0.0,0.0357571179594039,0.06882957304143225,4.728053234230686,0.7124458464883272,0.008016690887400181
1742113710.9278145,0.004085389540429422,0.0,0.034365399454874934,0.06391705203174988,4.748477815053647,0.7126610102202111,0.012019142784067675
1742113711.0280986,0.0035034904397120326,0.0,0.033179554570853725,0.05919029007964087,4.769382608531728,0.7129377670252754,0.01359628168482454
1742113711.1275036,0.003759095414981816,0.0,0.03366101908885905,0.06131146234581113,4.764263036210302,0.7518113236658461,0.03084704963402912
1742113711.2278707,0.003230285343550815,0.0,0.03232586432513455,0.05683559926270519,4.784704370730815,0.7524411268798019,0.030343330781032313
1742113711.3278406,0.002762093446521005,0.0,0.031009406172840374,0.052555622406370614,4.805526298365855,0.7530452018161817,0.027108646313716657
1742113711.42799,0.0023756691341915567,0.0,0.029802325601987187,0.04874083641251509,4.825289335306785,0.7534697654492408,0.018017626683284427
1742113711.5275555,0.0020311265394630995,0.0,0.028611134946225743,0.04506802125080598,4.845560900699731,0.7537737866278427,0.013082242886592542
1742113711.627836,0.0017840957667896577,0.0,0.027674141750958826,0.04223855782090172,4.862138206098031,0.7539725569775264,0.010870850960780845
1742113711.7278244,0.001514710724203481,0.0,0.026529452567192205,0.03891928473396551,4.882815990731011,0.7541803410529528,0.008997298161555992
1742113711.8300145,0.0012798359674833554,0.0,0.025388983756374647,0.035774795142437296,4.903823222002352,0.7543433799451638,0.0059823760195272845
1742113711.928081,0.0010805312856737345,0.0,0.02424499447483612,0.03287143571056388,4.924653718685157,0.7544334972024096,0.0037022003336445192
1742113712.0281482,0.0009106594279525028,0.0,0.02324675594070175,0.030177134190517544,4.945433745040468,0.7544750009796779,0.0006775030298726755
1742113712.128121,0.0007996662731915505,0.0,0.022488989591954906,0.028278371119842646,4.961050428110887,0.7544634848478573,-0.00287821205420329
1742113712.2278724,0.0006733845285258196,0.0,0.02153748752604926,0.025949653726510872,4.981475873689114,0.7543613651233194,-0.009005986769626854
1742113712.3277428,0.0005648610774241846,0.0,0.020604732796027068,0.02376680621001031,5.002103124924012,0.7541626625651077,-0.010347270091007513
1742113712.4308553,0.0004713621654683483,0.0,0.019672600927481857,0.021710876662823828,5.023083957316949,0.7538943973335748,-0.014631413538883396
1742113712.532243,0.0003945591425599236,0.0,0.018799465550330893,0.019863512845413916,5.043455761337263,0.7535289180431963,-0.020408295710514297
1742113712.6280677,0.0003414841724340426,0.0,0.018123766786369892,0.018479290366083936,5.059827988176984,0.7531768648135575,-0.02264543684286904
1742113712.734212,0.00028412423073737226,0.0,0.01730820063413951,0.016855985012373863,5.0804503781429915,0.7526869777122993,-0.02424003990454513
1742113712.827888,0.00023584812196573169,0.0,0.016532060335812525,0.01535734749120862,5.101097940253744,0.7521909230326251,-0.02422567518515412
1742113712.9314477,0.00022142885882476152,0.0,0.016176460533904972,0.014880485839674776,5.10592196134678,0.7279508602523066,-0.04609952884981434
1742113713.0300975,0.00018348759804666034,0.0,0.015516151076419495,0.013545759411958428,5.126427931894895,0.7270227021391928,-0.04463903623888294
1742113713.1278696,0.00015381812934210507,0.0,0.014843223680536043,0.012402343703595102,5.145467298647958,0.7261590218263159,-0.045695111335013236
1742113713.229002,0.00013259516196224242,0.0,0.014303309162702404,0.01151499726279787,5.161345953899968,0.7254359341270895,-0.04505793768236442
1742113713.328114,0.00010936502268410195,0.0,0.013637888532736914,0.010457773313860936,5.181751668530069,0.724532081242133,-0.0435447545654514
1742113713.4280837,8.98454647106825e-05,0.0,0.013001325700583816,0.009478684756372188,5.202360611655266,0.7236407515950383,-0.04272560793230338
1742113713.5277712,7.421676362632184e-05,0.0,0.012410722882155592,0.008614915183930823,5.2221860094172285,0.7227915196150025,-0.042905435145590795
1742113713.6391833,6.118778830370655e-05,0.0,0.011830861601746092,0.007822262352012143,5.242011695784967,0.7219490580778682,-0.042229458869193034
1742113713.7280023,5.0172479746920535e-05,0.0,0.01122764146317151,0.007083253471881445,5.262191904965363,0.7211032231250485,-0.04178904014894771
1742113713.8280227,4.258736788445452e-05,0.0,0.010817897246134175,0.006525899775851183,5.278705790601066,0.7204232936458634,-0.04036252218553813
1742113713.9278772,3.511391126618871e-05,0.0,0.01032170154518904,0.005925699221711199,5.29797736953644,0.7196586663285434,-0.03891335445711405
1742113714.0279732,2.8685133892167285e-05,0.0,0.009834330050889527,0.005355850435940803,5.3179844999933295,0.718920431716958,-0.03542976099321639
1742113714.1278296,2.327865065190582e-05,0.0,0.0093095515634003,0.004824795400004628,5.338448588890884,0.7182120903812965,-0.03427384811708723
1742113714.2280798,1.963281091919448e-05,0.0,0.008972523843725563,0.004430892790306992,5.3549923779497846,0.7176543457889348,-0.033025548041556274
1742113714.327988,1.61565486223641e-05,0.0,0.008554517521012132,0.004019520944386793,5.373763154165346,0.7170492956034789,-0.030316576541159514
1742113714.428425,1.3087289151977102e-05,0.0,0.008127472540241687,0.003617635851212377,5.393877001126938,0.716476954100246,-0.026847943843100477
1742113714.5289063,1.0486887447066462e-05,0.0,0.007572689813365983,0.00323834640627998,5.4148274453965115,0.7159430540955292,-0.024975702346060627
1742113714.6290843,8.469758245324936e-06,0.0,0.0073279528604553905,0.0029102849079299673,5.434842422524625,0.7154622503585184,-0.023337766707632893
1742113714.7276363,7.723050242477888e-06,0.0,0.0071666534778315645,0.002779037646826305,5.441711730350669,0.6961711019024577,-0.01498037411613962
1742113714.8279011,6.4901636487424316e-06,0.0,0.006871976160818186,0.0025475799592441515,5.457833100551007,0.6959488995114445,-0.011597035664754094
1742113714.928049,5.157387549441918e-06,0.0,0.006449861783326464,0.002270988231903001,5.478966429395236,0.6957350113460343,-0.007264135617452007
1742113715.038718,4.115972005655404e-06,0.0,0.00615773660813286,0.0020287858451929824,5.499518374737413,0.6956198495373247,-0.003363130826192079
1742113715.1283033,3.316404277307013e-06,0.0,0.005849731657182117,0.0018210997439204182,5.51903289784881,0.6956148866609002,0.0018008367832133046
1742113715.2278848,2.6365195514202054e-06,0.0,0.005544281907880219,0.0016237362936820147,5.539584999206419,0.6956979986911627,0.005378784399790408
1742113715.3279166,2.1835221663790088e-06,0.0,0.0053058011678591265,0.0014776745806770206,5.556340181901341,0.6958245005238677,0.010575176935953782
1742113715.430685,1.7241961755759504e-06,0.0,0.005015212990448553,0.0013130865072705417,5.577169151542698,0.6960912942470401,0.015740694266123453
1742113715.5315602,1.3555730119219e-06,0.0,0.004734842206334977,0.0011642907763621164,5.598199185755568,0.6964546877703981,0.01900220082358805
1742113715.6467319,1.0697827886410559e-06,0.0,0.004475896693603696,0.001034303044876624,5.618721767605372,0.6968786518959273,0.022138716440958644
1742113715.728558,8.435609568266928e-07,0.0,0.004233325635696392,0.000918455745709445,5.639141591086421,0.6973693568389336,0.025064231615824425
1742113715.8279035,6.960525711485206e-07,0.0,0.004049369220721329,0.000834297651410167,5.655537132957484,0.6978047069436748,0.027855874758524555
1742113715.9277313,5.446109719841669e-07,0.0,0.0038268435910033625,0.0007379776229562566,5.676308294969452,0.698412941160985,0.03144687579230755
1742113716.027975,4.2614700510855477e-07,0.0,0.0036110073121929606,0.0006527993605301363,5.696900583289967,0.6990740087738523,0.033289553385538684
1742113716.1325336,3.3492863683523206e-07,0.0,0.00341078222543724,0.0005787301934712169,5.716959004762423,0.6997947487100085,0.03699273036078893
1742113716.2295985,2.607981015349959e-07,0.0,0.003172079413439831,0.0005106839546480738,5.737622793459941,0.7005832868431696,0.03881776497916675
1742113716.3279138,2.0315962286166532e-07,0.0,0.0030346962438304527,0.0004507323184126753,5.75808298459966,0.701396426856828,0.04078877137259932
1742113716.434857,1.6822127497888948e-07,0.0,0.002906661263276369,0.000410147869650556,5.773433334746862,0.7020340118935824,0.04220479891852816
1742113716.527657,1.3737567548526733e-07,0.0,0.002774586147188976,0.0003706422473022568,5.788793652575592,0.6902850620477103,0.032964251427931954
1742113716.6278675,1.0600872559218601e-07,0.0,0.0026107763637257643,0.00032558981186791766,5.809587539439661,0.6909766346338042,0.0335098127415612
1742113716.7280102,8.186373783833197e-08,0.0,0.002457032827012954,0.0002861183982870238,5.830153816872198,0.6916588083378183,0.03347136774568106
1742113716.8298903,6.335323301014873e-08,0.0,0.0023145220691970204,0.00025170068138594446,5.850390231929524,0.6923595956658559,0.035886309533400815
1742113716.9345806,4.8840303306183306e-08,0.0,0.0021799881863422545,0.00022099842376402441,5.870775231171805,0.693152136265093,0.04052760401277072
1742113717.0279906,3.965654799509111e-08,0.0,0.0020796887651414963,0.00019913951891849873,5.886985122204635,0.6938320531340736,0.04390498199967874
1742113717.1277215,3.0285259923146424e-08,0.0,0.001956371410494074,0.00017402660694027918,5.907820565049619,0.6947579136259012,0.045564673333449573
1742113717.2279387,2.3058166183289546e-08,0.0,0.001800952774542136,0.00015184915601770577,5.928729170702169,0.6957458180332434,0.048755488782210435
1742113717.32767,1.7643556871020076e-08,0.0,0.0017247363708860534,0.00013282905130663277,5.9491023714321045,0.6967988849831297,0.05364354649095073
1742113717.4277878,1.4463200534643698e-08,0.0,0.001647112509816384,0.00012026304725327601,5.964137812553986,0.6976557373344754,0.06040968695191891
1742113717.527923,1.0990601706819091e-08,0.0,0.001546850049666917,0.00010483607063801605,5.984777140028271,0.6989331674742356,0.06422575512437362
1742113717.6281412,8.309894037636034e-09,0.0,0.0014244492022896427,9.115862020476195e-05,6.005638864099623,0.7003025750555896,0.06725927391557232
1742113717.7277014,6.315715309288425e-09,0.0,0.001336442499110846,7.94714748151085e-05,6.025964664573749,0.7017190094002768,0.07101073065309066
1742113717.828168,4.891098664875728e-09,0.0,0.00128744951134439,6.99363901332899e-05,6.044769808338785,0.7031090643335745,0.07562579908875965
1742113717.9307735,3.96278784907041e-09,0.0,0.0012259947958386456,6.295067790794957e-05,6.060161996817925,0.7043168923905974,0.08095016279725567
1742113718.0287106,2.8254935113034655e-09,0.0,0.001134035383440577,5.3155371424753165e-05,6.084729898881065,0.7063586333830916,0.0848869303753808
1742113718.1281145,2.2551551706754257e-09,0.0,0.0010774156693302793,4.748847408240684e-05,6.100991537547657,0.7077996859038524,0.09232857027558837
1742113718.2279677,1.6922124134528397e-09,0.0,0.0009880227418323818,4.113650949525056e-05,6.121577521632915,0.7097568493822717,0.09795334139375234
1742113718.3277864,1.5405943521478107e-09,0.0,0.0009899854333876366,3.925040575774741e-05,6.1299563355834294,0.7374591353970086,0.12236350960999483
1742113718.4280772,1.165613931494564e-09,0.0,0.0009031272898701938,3.414108861027375e-05,6.149766590563345,0.7399808324876673,0.1288322824981785
1742113718.527911,9.211728274248335e-10,0.0,0.0008823438348686252,3.0350829106052994e-05,6.166378895961245,0.7421679669301735,0.13346111960679055
1742113718.6279156,6.995065547294785e-10,0.0,0.0008277800147732888,2.6448186227593728e-05,6.185690300244758,0.7447945908491818,0.13835823722153656
1742113718.7279122,5.282451065167879e-10,0.0,0.0007512019327134173,2.2983583413314553e-05,6.205262258623932,0.7475690121545853,0.14439833350449557
1742113718.8282824,3.9913879006059524e-10,0.0,0.0006869410918354939,1.9978458150232596e-05,6.224667990110234,0.7504318629755069,0.14940214343338962
1742113718.9304981,3.065683456267656e-10,0.0,0.0006293974134794554,1.7509093226856883e-05,6.242826957304473,0.7532447036197318,0.1563384551551913
1742113719.0279655,2.5024848706046587e-10,0.0,0.0005783010391800161,1.5819244200038946e-05,6.256722337866194,0.7554718121239077,0.16232425160675992
1742113719.1305315,1.9655399394148605e-10,0.0,0.0005293757954848494,1.4019771536707938e-05,6.273174167874103,0.7582195638440012,0.16989982314377775
1742113719.2300093,1.5652605993886094e-10,0.0,0.0005019995639463908,1.2511037524476574e-05,6.2886066362893445,0.760921890802285,0.17857980914383872
1742113719.3315191,1.2659448933240987e-10,0.0,0.0004641332447535319,1.1251421658279894e-05,6.302921885607532,0.7635451923995458,0.18486195988923068
1742113719.4282055,1.0270575104656716e-10,0.0,0.0004240268310679206,1.0134384591407964e-05,6.316964515949309,0.7662487017455195,0.19365531392365448
1742113719.5303729,8.421054959486501e-11,0.0,0.0004038336518371105,9.176630623211606e-06,6.3302398460716205,0.7689188295416347,0.20097381062775613
1742113719.6279519,7.243577916869631e-11,0.0,0.0003756750800454539,8.510921170396087e-06,6.34027383694945,0.7710158737834423,0.21272474713593462
1742113719.7321365,6.035473726439907e-11,0.0,0.0003594724464029553,7.768831138877912e-06,6.352388211069112,0.773672350184162,0.22036343999176966
1742113719.8278155,5.102399865849528e-11,0.0,0.00033376104236722574,7.143108473101559e-06,6.3634975077452935,0.7761845504728075,0.22434640116959548
1742113719.9282947,4.327829904872381e-11,0.0,0.0003212405188467301,6.578624403986278e-06,6.374349601702463,0.7786861633467321,0.22836095280915253
1742113720.0282817,3.70810278537475e-11,0.0,0.00029756023630020194,6.0894193363363885e-06,6.38450126327939,0.7810708853411725,0.23246270604401567
1742113720.1276546,3.287862311460537e-11,0.0,0.0002886819387506048,5.73398841249312e-06,6.3923791589434416,0.7829521879018309,0.23625755496293047
1742113720.2278452,2.861308556818984e-11,0.0,0.00026621331632295926,5.34912007419817e-06,6.401455259500295,0.7851551961407068,0.24042171426087383
1742113720.3279648,2.499720013945675e-11,0.0,0.00025729773429363536,4.999720006106017e-06,6.410253647574834,0.7873217880946122,0.24387860484391205
1742113720.4276757,2.206105708765947e-11,0.0,0.00023972423870596745,4.696919957552978e-06,6.418370344233054,0.7893971121381771,0.25385040231019
1742113720.527921,1.9452351671204963e-11,0.0,0.00023255770230028852,4.410482022546398e-06,6.426524300057267,0.7915306209609962,0.25755119509964924
1742113720.627937,1.8665889744869764e-11,0.0,0.00023157286067238393,4.320403886776069e-06,6.428066022446579,0.7634817602212962,0.2555196758354841
1742113720.7276607,1.67285258784349e-11,0.0,0.00021499737943871022,4.090052063046985e-06,6.435161806129905,0.7653597112049315,0.2636188741768537
1742113720.8280346,1.5027760379492323e-11,0.0,0.00020922698923471584,3.876565539171539e-06,6.442091100461475,0.7672715271294663,0.2770864244545636
1742113720.9283214,1.3609187730956446e-11,0.0,0.000203995702849909,3.6890632592782205e-06,6.44848795799188,0.7691132358576418,0.28370814286124085
1742113721.0278707,1.2417568771685905e-11,0.0,0.00019926405756823332,3.5238570872959513e-06,6.454388591029435,0.7708484857125413,0.28829913102042065
1742113721.1280382,1.1353707001359955e-11,0.0,0.00018617889714061313,3.369526228026717e-06,6.46014765676761,0.7726149916860194,0.3036394592369732
1742113721.2278981,1.060348682639865e-11,0.0,0.00018291999184850215,3.2562995602982612e-06,6.464537459566891,0.7740113399151856,0.31228308640372143
1742113721.327672,9.792631713287138e-12,0.0,0.00017920908674541535,3.1293180907806637e-06,6.469639065330703,0.7756744801085471,0.31985549889456616
1742113721.429084,8.950859753303904e-12,0.0,0.0001751274070153989,2.9917987487971016e-06,6.475394648769672,0.7776170051874267,0.32899634800803057
1742113721.52795,8.440713379494972e-12,0.0,0.0001650550095629494,2.905290584346938e-06,6.47914769125952,0.7789229665739441,0.33675818405997143
1742113721.6276913,7.836215197010125e-12,0.0,0.00016200049729624892,2.799324060735042e-06,6.483894351660048,0.7806078161825649,0.34555475674521313
1742113721.7282226,7.377549490009626e-12,0.0,0.00015956831901929353,2.716164481398287e-06,6.487742937205432,0.7820223787925276,0.356224226578587
1742113721.8302965,7.027100928541576e-12,0.0,0.00015763261206322248,2.650867957583247e-06,6.490845562750884,0.7831917865906739,0.366035270317906
1742113721.9284356,6.583377378499658e-12,0.0,0.0001550742027353683,2.5658093028320825e-06,6.494999981119669,0.7847995587791026,0.37305502854239325
1742113722.0288417,6.214243458383808e-12,0.0,0.00014512831797029702,2.492838434071452e-06,6.498671263691044,0.7862528427662827,0.37979464493643617
1742113722.1279864,5.871037979891035e-12,0.0,0.00014301483396022432,2.423022488523587e-06,6.50228240984422,0.7877200627425509,0.38963656388174855
1742113722.2285147,5.621448618829223e-12,0.0,0.0001414122471871263,2.3709594300260016e-06,6.505041297402549,0.7888640326706913,0.3951961275185286
1742113722.327569,5.406628555547445e-12,0.0,0.0001399877202028084,2.325215808381546e-06,6.507513956309758,0.7899052155671527,0.40254096947562085
1742113722.427862,5.1698879030046495e-12,0.0,0.0001383660388861859,2.273738749945703e-06,6.510353241008637,0.7911191378038431,0.40543405972372865
1742113722.5276728,4.9562233139105986e-12,0.0,0.00013685170130641779,2.2262576926112122e-06,6.513027198301664,0.7922690477729866,0.40757398568045494
1742113722.6281567,4.739538657035435e-12,0.0,0.0001286687674149812,2.177048152208728e-06,6.515857108515611,0.7935046579139815,0.41426103077780574
1742113722.7279916,4.5210009761511684e-12,0.0,0.00012705262231547528,2.1262645593037496e-06,6.5188427808897345,0.7948262053192128,0.4183540817345319
1742113722.8277583,4.418140164656841e-12,0.0,0.00012626949200327908,2.101937240893943e-06,6.520297487810289,0.7954792583514028,0.4276086565102277
1742113722.9291239,4.2929556895723785e-12,0.0,0.0001253018479557966,2.071944905052347e-06,6.5221138634293325,0.7963152842280987,0.4360455747688946
1742113723.0277252,4.159520727094526e-12,0.0,0.00012424313233120937,2.039490310615504e-06,6.5241082828551455,0.7972486766454878,0.44002180062186097
1742113723.1285021,4.049439348214578e-12,0.0,0.00012335492911033828,2.0123218798727447e-06,6.5258014928591095,0.7980493834585864,0.4438255306328475
1742113723.227925,3.946698801584276e-12,0.0,0.0001225047442636734,1.98663001124625e-06,6.527423065377512,0.7988239291004025,0.446796226128453
1742113723.329053,2.1975003101346125e-12,0.0,9.455015183092699e-05,1.4823968126431643e-06,6.563753882532133,0.8038233680291675,0.43817961730368243
1742113723.4282196,2.1495130212421758e-12,0.0,9.40070717742394e-05,1.4661217620791855e-06,6.565129272245535,0.8044672417882595,0.4353971532762776
1742113723.5279372,2.1471406558576133e-12,0.0,9.397962709108493e-05,1.4653124772066924e-06,6.565198043395874,0.8044994347920511,0.42742944278128236
1742113723.6278994,2.1495277321671068e-12,0.0,9.40072499965142e-05,1.4661267790225737e-06,6.5651288773209515,0.8044681021943489,0.41859639205343796
1742113723.7277117,2.1415258277994422e-12,0.0,9.391456619718854e-05,1.4633953081103692e-06,6.565360911215073,0.8045692093620147,0.4051300338686237
1742113723.8360572,2.1423314176534142e-12,0.0,9.392390821420617e-05,1.463670529064999e-06,6.565337527845621,0.8045595193234227,0.39806461848623853
1742113723.92829,2.1431361554895796e-12,0.0,9.393323807547646e-05,1.4639454072777372e-06,6.565314175271446,0.8045497577598368,0.39380240954763984
1742113724.028023,2.145564191787147e-12,0.0,9.39613852162195e-05,1.4647744508241351e-06,6.565243795807312,0.8045212580122083,0.37319934882528877
1742113724.1300666,2.1431194611179043e-12,0.0,9.393303440308899e-05,1.4639397054243402e-06,6.56531462054749,0.8045486349788185,0.36267531432516675
1742113724.2279358,2.138210725819272e-12,0.0,9.387604672694357e-05,1.4622621946214954e-06,6.565457001335297,0.8046014578528666,0.3513054899156819
1742113724.3276145,2.136569394151765e-12,0.0,9.385697337948639e-05,1.461700856588572e-06,6.565504661908442,0.8046185163740063,0.3417654088915118
1742113724.4280357,2.1382149633481e-12,0.0,9.38760987355209e-05,1.4622636435841862e-06,6.565456888996614,0.8046017755638939,0.3312977603853472
1742113724.5279133,2.1390392184555147e-12,0.0,9.388567657802828e-05,1.4625454585945404e-06,6.5654329758786005,0.804593479915189,0.3226137212694416
1742113724.628285,2.139042067113017e-12,0.0,9.38857116429104e-05,1.4625464324639465e-06,6.565432900810954,0.8045937077359309,0.31313670195944404
1742113724.7279549,2.1390430024629677e-12,0.0,9.388572317149781e-05,1.46254675223152e-06,6.565432876220832,0.804593784512539,0.30676639594442956
1742113724.830995,2.14071296074309e-12,0.0,9.390513701157723e-05,1.4631175485049347e-06,6.565384510182106,0.8045788429706136,0.2977826646745929
1742113724.9276378,2.1390382135631e-12,0.0,9.38856640016844e-05,1.462545115052216e-06,6.565433001564109,0.804593372569677,0.2890727571428545
1742113725.028883,2.1373617543818115e-12,0.0,9.386616170699642e-05,1.4619718719530178e-06,6.565481571224957,0.804607638312623,0.2836806825578938
1742113725.1279058,2.137361754382305e-12,0.0,9.386616170700216e-05,1.4619718719531868e-06,6.565481571224943,0.8046076383126213,0.27661979712851154
1742113725.2276845,2.1348400708725427e-12,0.0,9.383680620683084e-05,1.461109191974557e-06,6.565554671142003,0.8046281825750654,0.2702479413927325
1742113725.3279495,2.13736875862308e-12,0.0,9.38662487135167e-05,1.4619742674284933e-06,6.565481389394073,0.8046082969215025,0.26162791766531546
1742113725.427937,2.139909647365464e-12,0.0,9.389582427258384e-05,1.4628430016120883e-06,6.565407868300646,0.8045893132815927,0.25260425128347963
1742113725.5277793,2.1416069883149535e-12,0.0,9.39155733314065e-05,1.4634230380566495e-06,6.565358808726849,0.8045768364769508,0.24433923282034475
1742113725.6296034,2.143309909940257e-12,0.0,9.393538350946633e-05,1.464004750654948e-06,6.565309639952197,0.8045647973089078,0.23518920459158513
1742113725.727983,2.141603242428377e-12,0.0,9.391552650217526e-05,1.4634217582188593e-06,6.565358904430447,0.8045764392399839,0.23095286406881904
1742113725.8276677,1.3423898375024218e-12,0.0,8.270450767777204e-05,1.1586154830237777e-06,6.594399274369742,0.8226034479783575,0.21720885501139614
1742113725.9303916,1.3423900479730912e-12,0.0,8.27045112876494e-05,1.1586155738522986e-06,6.59439926576146,0.8226034873066919,0.21402763591044402
1742113726.0295184,1.3418474373772688e-12,0.0,8.269507087307163e-05,1.1583813868399598e-06,6.594424004948799,0.8226088355263368,0.21008908019297576
1742113726.1318378,1.3407616717830875e-12,0.0,8.267617538887293e-05,1.157912635643591e-06,6.594473531920123,0.8226193045248387,0.20609145627253514
1742113726.2279742,1.3402187184610985e-12,0.0,8.266672377499358e-05,1.1576781584106605e-06,6.594498311465792,0.8226244625244963,0.20206683144801113
1742113726.3279119,1.3407621815552804e-12,0.0,8.267618413132854e-05,1.1579128557690688e-06,6.594473511171934,0.8226194052259856,0.1969286130451486
1742113726.4277074,1.3418513115204204e-12,0.0,8.269513727825588e-05,1.1583830590613886e-06,6.594423847513049,0.8226096051500278,0.19269209370844814
1742113726.5279536,1.3413058729439201e-12,0.0,8.268564662916056e-05,1.158147604126486e-06,6.594448710275749,0.8226143458119299,0.1873941348575874
1742113726.628085,1.341851598187525e-12,0.0,8.269514218687005e-05,1.1583831827972663e-06,6.594423835960008,0.8226096661473825,0.18238472209208464
1742113726.727602,1.3423980781990965e-12,0.0,8.270464887447249e-05,1.1586190392873305e-06,6.594398940059939,0.8226051027052552,0.17709653840296724
1742113726.828092,1.3429453505053595e-12,0.0,8.271416732302286e-05,1.1588551896183402e-06,6.5943740211706015,0.8226006665133543,0.17245578036540007
1742113726.9282994,1.3418499900640739e-12,0.0,8.269511467633254e-05,1.1583824886729228e-06,6.594423900282173,0.8226093035038069,0.16854941115611058
1742113727.0277212,1.3385656826492719e-12,0.0,8.263794391011411e-05,1.1569639936701884e-06,6.594573676549622,0.8226343985272795,0.16460870967143032
1742113727.1276782,1.3374717488016764e-12,0.0,8.261888688311018e-05,1.156491136499401e-06,6.594623638505276,0.8226425426273334,0.1607176588558481
1742113727.2279124,1.3358316761321994e-12,0.0,8.259030201437412e-05,1.1557818462548195e-06,6.59469861385427,0.8226545579197211,0.1559149549984262
1742113727.3276188,1.3369258290096902e-12,0.0,8.26093735876964e-05,1.156255088209211e-06,6.594648591102832,0.8226467961923216,0.15137325988047567
1742113727.4278963,1.3380215576153227e-12,0.0,8.262846489998583e-05,1.156728817664418e-06,6.594598540918618,0.8226392131562417,0.14765434727900484
1742113727.5279005,1.3402176252315013e-12,0.0,8.266670462895697e-05,1.1576776862458313e-06,6.594498363554813,0.8226245647414139,0.14310979113810515
1742113727.6299036,1.3407672927886394e-12,0.0,8.267627115236255e-05,1.1579150628559244e-06,6.594473315352296,0.8226209279218573,0.13809316621058434
1742113727.7280533,1.342419872921528e-12,0.0,8.27050208604435e-05,1.1586284447231252e-06,6.5943980835316225,0.8226106398788389,0.1334437654995249
1742113727.8304427,1.3440756245605354e-12,0.0,8.273380827394084e-05,1.15934275542677e-06,6.594322806581538,0.822600687546954,0.12800513968699426
1742113727.927621,1.344628161382273e-12,0.0,8.274341099633442e-05,1.1595810283814895e-06,6.594297707552933,0.8225974198560042,0.12294637427561739
1742113728.0282931,1.345734991578053e-12,0.0,8.276264084733205e-05,1.1600581845657797e-06,6.594247468102559,0.8225912127393737,0.11905025706522909
1742113728.1288998,1.346289108197559e-12,0.0,8.277226495886972e-05,1.1602969913765867e-06,6.5942223345387205,0.8225882236236046,0.11734335885279637
1742113728.2278304,1.3468435460957636e-12,0.0,8.278189270505905e-05,1.1605358874656843e-06,6.594197197310841,0.8225852654790895,0.11652486787074055
1742113728.3305535,1.3468435460957636e-12,0.0,8.278189270505905e-05,1.1605358874656843e-06,6.594197197310841,0.8225852654790895,0.11538802848093974
1742113728.4279287,1.3473983657904616e-12,0.0,8.279152510868745e-05,1.1607748988457933e-06,6.594172054164623,0.8225823580676117,0.11402981744044287
1742113728.528623,1.347953505596237e-12,0.0,8.28011611211973e-05,1.1610139988803912e-06,6.594146907433078,0.8225794818309922,0.11325561270945521
1742113728.6279402,1.347953505596237e-12,0.0,8.28011611211973e-05,1.1610139988803912e-06,6.594146907433078,0.8225794818309922,0.11210017667048444
1742113728.728686,1.3479535473923967e-12,0.0,8.28011618287184e-05,1.1610140168802428e-06,6.594146905876535,0.8225794957359707,0.11099457011454558
1742113728.8311815,1.3485091920540138e-12,0.0,8.281080457386518e-05,1.1612532850562852e-06,6.5941217486982495,0.8225767123522534,0.11002629266016942
1742113728.9279094,1.3479535216188095e-12,0.0,8.280116139254514e-05,1.1610140057806407e-06,6.594146906834133,0.8225794870672818,0.10902153716319056
1742113729.032355,1.3468426093272397e-12,0.0,8.278187684043162e-05,1.1605354838725267e-06,6.5941972322182565,0.8225849532442204,0.10785549149744965
1742113729.1492057,1.3462874544916314e-12,0.0,8.277223694348916e-05,1.1602962787545393e-06,6.5942223962331425,0.8225876741261349,0.10754632220499975
1742113729.2282994,1.3473980858004983e-12,0.0,8.279152036692404e-05,1.160774778241024e-06,6.594172064614902,0.8225822656695403,0.10648911462061857
1742113729.327955,1.3451772766367832e-12,0.0,8.275295394088239e-05,1.1598177773412438e-06,6.594272744315113,0.8225929282478326,0.10512303576701144
1742113729.4276893,1.345177232744904e-12,0.0,8.275295319799392e-05,1.159817758419358e-06,6.594272745934312,0.8225929128276253,0.10389786229365328
1742113729.5279784,1.3440679606602956e-12,0.0,8.273367827690931e-05,1.1593394501440445e-06,6.59432309372918,0.8225981687128208,0.10219108329051001
1742113729.6286905,1.3429592395086525e-12,0.0,8.271440543679404e-05,1.1588611821562808e-06,6.594373454293667,0.8226033006408411,0.10097699628108005
1742113729.7307012,1.3424051463013996e-12,0.0,8.270477082701693e-05,1.1586220895103803e-06,6.594398637120371,0.8226058415231723,0.10042869315379117
1742113729.82797,1.3418512476216072e-12,0.0,8.269513770069901e-05,1.1583830314803506e-06,6.594423821041978,0.8226083715304231,0.09942632184260358
1742113729.9280272,1.3412974858432333e-12,0.0,8.268550508277684e-05,1.1581439832090106e-06,6.5944490081664995,0.8226108694500684,0.09866791234248126
1742113730.0279143,1.3401905603096806e-12,0.0,8.266624454647673e-05,1.1576659968702893e-06,6.594499385151984,0.8226158376111226,0.09793918595545735
1742113730.1354527,1.340190519953856e-12,0.0,8.266624386301379e-05,1.1576659794404672e-06,6.594499386626104,0.8226158225333045,0.09674208626978853
1742113730.2287135,1.3396372718395923e-12,0.0,8.265661451725149e-05,1.1574270049724917e-06,6.594524579562751,0.8226182611369239,0.09588848815196024
1742113730.3276346,1.3390841485245913e-12,0.0,8.264698547722833e-05,1.1571880350766643e-06,6.594549776118818,0.8226206620547742,0.09476225838892915
1742113730.4280233,1.3396372715164944e-12,0.0,8.265661451184957e-05,1.1574270048329157e-06,6.594524579573182,0.8226182609583379,0.09374456868403414
1742113730.529846,1.3390840421436269e-12,0.0,8.264698367613169e-05,1.1571879891113745e-06,6.594549779980234,0.8226206211125984,0.09338586793177595
1742113730.6280317,1.338531038358679e-12,0.0,8.263735485269244e-05,1.156949021503834e-06,6.59457498033813,0.8226229817918362,0.09341000781290984
1742113730.728249,1.3390840419358672e-12,0.0,8.26469836726147e-05,1.1571879890216053e-06,6.594549779987766,0.8226206210322431,0.09339868293040245
1742113730.8279953,1.3390840419358672e-12,0.0,8.26469836726147e-05,1.1571879890216053e-06,6.594549779987766,0.8226206210322431,0.09338813290827731
1742113730.929434,1.3390840419358672e-12,0.0,8.26469836726147e-05,1.1571879890216053e-06,6.594549779987766,0.8226206210322431,0.09339105353587134
1742113731.0345027,1.338531037351905e-12,0.0,8.263735483564565e-05,1.1569490210687352e-06,6.594574980374638,0.8226229814020485,0.09339659676783531
1742113731.1278882,1.3385310373867905e-12,0.0,8.26373548362363e-05,1.156949021083812e-06,6.594574980373373,0.8226229814155666,0.09339766965144135
1742113731.2277737,1.3390840419707625e-12,0.0,8.264698367320547e-05,1.1571879890366832e-06,6.594549779986501,0.8226206210457558,0.09339033828013397
1742113731.3290248,1.3390840419707625e-12,0.0,8.264698367320547e-05,1.1571879890366832e-06,6.594549779986501,0.8226206210457558,0.0933818148159311
1742113731.428151,1.3390840419805436e-12,0.0,8.264698367337105e-05,1.1571879890409094e-06,6.594549779986146,0.8226206210495075,0.0933815167927071
1742113731.5277712,1.3390840419515093e-12,0.0,8.264698367287961e-05,1.1571879890283642e-06,6.594549779987197,0.8226206210382401,0.09338241086237888
1742113731.6278877,1.3390840419515093e-12,0.0,8.264698367287961e-05,1.1571879890283642e-06,6.594549779987197,0.8226206210382401,0.09338974223368629
1742113731.72793,1.339084042186348e-12,0.0,8.26469836768549e-05,1.1571879891298337e-06,6.594549779978685,0.8226206211291132,0.09338253007166832
1742113731.830624,1.339084042186348e-12,0.0,8.26469836768549e-05,1.1571879891298337e-06,6.594549779978685,0.8226206211291132,0.09337913260691623
1742113731.9279566,1.3385310372491974e-12,0.0,8.263735483390659e-05,1.1569490210243481e-06,6.594574980378361,0.8226229813622314,0.09338998065226513
1742113732.0280023,1.3390840422505919e-12,0.0,8.264698367794259e-05,1.1571879891575922e-06,6.594549779976354,0.8226206211538987,0.09338461623423562
1742113732.1310573,1.3390840422505919e-12,0.0,8.264698367794259e-05,1.1571879891575922e-06,6.594549779976354,0.8226206211538987,0.0933805631183907
1742113732.228074,1.3390840422505919e-12,0.0,8.264698367794259e-05,1.1571879891575922e-06,6.594549779976354,0.8226206211538987,0.09337573514216406
1742113732.3284502,1.3385310367001702e-12,0.0,8.263735482461046e-05,1.1569490207870743e-06,6.594574980398271,0.8226229811496992,0.09337788090937583
1742113732.4276326,1.3390840425764392e-12,0.0,8.264698368345837e-05,1.157187989298385e-06,6.594549779964545,0.8226206212800733,0.09337323174708352
1742113732.5282066,1.3390840425764392e-12,0.0,8.264698368345837e-05,1.157187989298385e-06,6.594549779964545,0.8226206212800733,0.09337323174708352
1742113732.628053,1.3390840425764392e-12,0.0,8.264698368345837e-05,1.157187989298385e-06,6.594549779964545,0.8226206212800733,0.09337949023478485
1742113732.7277098,1.3390840425764392e-12,0.0,8.264698368345837e-05,1.157187989298385e-06,6.594549779964545,0.8226206212800733,0.09337519870036094
1742113732.8297117,1.3385310368146045e-12,0.0,8.263735482654804e-05,1.1569490208365296e-06,6.594574980394121,0.8226229811940051,0.09337102637522679
1742113732.92871,1.3390840428383473e-12,0.0,8.264698368789196e-05,1.1571879894115507e-06,6.594549779955052,0.8226206213814589,0.09337347016566244
1742113733.0278177,1.3390840428383473e-12,0.0,8.264698368789196e-05,1.1571879894115507e-06,6.594549779955052,0.8226206213814589,0.09336172805064175
1742113733.1288648,1.3390840428383473e-12,0.0,8.264698368789196e-05,1.1571879894115507e-06,6.594549779955052,0.8226206213814589,0.09334235654108985
1742113733.2278957,1.3390840428383473e-12,0.0,8.264698368789196e-05,1.1571879894115507e-06,6.594549779955052,0.8226206213814589,0.09336077437632541
1742113733.3276455,1.3385310363046906e-12,0.0,8.263735481791419e-05,1.1569490206161595e-06,6.5945749804126095,0.8226229809964849,0.09336524472468348
1742113733.4278412,1.3390840425395836e-12,0.0,8.264698368283446e-05,1.1571879892824604e-06,6.594549779965881,0.8226206212658038,0.09335022435420005
1742113733.5279868,1.3390840425395836e-12,0.0,8.264698368283446e-05,1.1571879892824604e-06,6.594549779965881,0.8226206212658038,0.09335922465556128
1742113733.6277046,1.3390840427568104e-12,0.0,8.264698368651173e-05,1.1571879893763203e-06,6.594549779958008,0.8226206213499232,0.09335254893534631
1742113733.7307706,1.339084042758766e-12,0.0,8.264698368654483e-05,1.157187989377165e-06,6.594549779957937,0.822620621350671,0.09335248933070152
1742113733.8279376,1.339084042758766e-12,0.0,8.264698368654483e-05,1.157187989377165e-06,6.594549779957937,0.822620621350671,0.09335546956294039
1742113733.927933,1.339084042758766e-12,0.0,8.264698368654483e-05,1.157187989377165e-06,6.594549779957937,0.822620621350671,0.09335064158671352
1742113734.0278032,1.339084042758766e-12,0.0,8.264698368654483e-05,1.157187989377165e-06,6.594549779957937,0.822620621350671,0.09335362181895232
1742113734.1278002,1.339084042758766e-12,0.0,8.264698368654483e-05,1.157187989377165e-06,6.594549779957937,0.822620621350671,0.09335886702769255
1742113734.2275813,1.3385310360852755e-12,0.0,8.263735481419905e-05,1.1569490205213346e-06,6.594574980420568,0.8226229809116177,0.09336524472468348
1742113734.3279204,1.3390840434107698e-12,0.0,8.264698369758187e-05,1.1571879896588841e-06,6.5945497799343045,0.8226206216030203,0.09335105881922706
1742113734.4279296,1.3390840434107698e-12,0.0,8.264698369758187e-05,1.1571879896588841e-06,6.5945497799343045,0.8226206216030203,0.09334724412196135
1742113734.527882,1.339084043422197e-12,0.0,8.264698369777526e-05,1.1571879896638217e-06,6.594549779933892,0.8226206216075322,0.09334688649409272
1742113734.627864,1.339084043422197e-12,0.0,8.264698369777526e-05,1.1571879896638217e-06,6.594549779933892,0.8226206216075322,0.09334402547114348
1742113734.72787,1.339084043422197e-12,0.0,8.264698369777526e-05,1.1571879896638217e-06,6.594549779933892,0.8226206216075322,0.09336095319025964
1742113734.8278146,1.3390840433817403e-12,0.0,8.264698369709051e-05,1.157187989646341e-06,6.594549779935356,0.8226206215917617,0.09336220488779999
1742113734.9279428,1.3390840439848336e-12,0.0,8.264698370729945e-05,1.1571879899069267e-06,6.5945497799135,0.8226206218253296,0.09334366784327482
1742113735.0298135,1.3390840439848336e-12,0.0,8.264698370729945e-05,1.1571879899069267e-06,6.5945497799135,0.8226206218253296,0.09336405263178801
1742113735.1276004,1.3385310369482889e-12,0.0,8.263735482881146e-05,1.156949020894304e-06,6.594574980389275,0.8226229812458357,0.09335332379572853
1742113735.22799,1.3385310370376145e-12,0.0,8.263735483032403e-05,1.1569490209329082e-06,6.594574980386035,0.8226229812803822,0.09335606560938807
1742113735.3380814,1.3390840446172705e-12,0.0,8.264698371800527e-05,1.1571879901801912e-06,6.594549779890578,0.8226206220701684,0.09334867463343603
1742113735.4307687,1.3390840446172705e-12,0.0,8.264698371800527e-05,1.1571879901801912e-06,6.594549779890578,0.8226206220701684,0.09336202607386566
1742113735.527635,1.3390840446172705e-12,0.0,8.264698371800527e-05,1.1571879901801912e-06,6.594549779890578,0.8226206220701684,0.09336578116648649
1742113735.6279385,1.3390840446172705e-12,0.0,8.264698371800527e-05,1.1571879901801912e-06,6.594549779890578,0.8226206220701684,0.09335797295802102
1742113735.727749,1.3390840446172705e-12,0.0,8.264698371800527e-05,1.1571879901801912e-06,6.594549779890578,0.8226206220701684,0.09335880742304771
1742113735.8279064,1.3390840446172705e-12,0.0,8.264698371800527e-05,1.1571879901801912e-06,6.594549779890578,0.8226206220701684,0.09336637721293434
1742113735.92796,1.3385310377085896e-12,0.0,8.263735484168498e-05,1.1569490212228842e-06,6.594574980361706,0.8226229815402437,0.0933608935856149
1742113736.0277305,1.3390840440836681e-12,0.0,8.264698370897247e-05,1.1571879899496314e-06,6.594549779909919,0.8226206218636385,0.09334891305201512
1742113736.1281676,1.3390840440836681e-12,0.0,8.264698370897247e-05,1.1571879899496314e-06,6.594549779909919,0.8226206218636385,0.09336637721293434
1742113736.2287343,1.3390840441479166e-12,0.0,8.264698371006007e-05,1.157187989977392e-06,6.594549779907588,0.8226206218884204,0.09336441025965671
1742113736.3276858,1.3390840441479166e-12,0.0,8.264698371006007e-05,1.157187989977392e-06,6.594549779907588,0.8226206218884204,0.09334885344737033
1742113736.4284534,1.3390840441479166e-12,0.0,8.264698371006007e-05,1.157187989977392e-06,6.594549779907588,0.8226206218884204,0.09335737691157309
1742113736.5286992,1.3390840441479166e-12,0.0,8.264698371006007e-05,1.157187989977392e-06,6.594549779907588,0.8226206218884204,0.09335582719080907
1742113736.627635,1.3390840441479166e-12,0.0,8.264698371006007e-05,1.157187989977392e-06,6.594549779907588,0.8226206218884204,0.09335105881922706
1742113736.7301672,1.3390840441479166e-12,0.0,8.264698371006007e-05,1.157187989977392e-06,6.594549779907588,0.8226206218884204,0.09335076079600316
1742113736.827915,1.3390840441479166e-12,0.0,8.264698371006007e-05,1.157187989977392e-06,6.594549779907588,0.8226206218884204,0.0933541582607553
1742113736.9304564,1.3390840441479166e-12,0.0,8.264698371006007e-05,1.157187989977392e-06,6.594549779907588,0.8226206218884204,0.09335278735392535
1742113737.0301254,1.3390840441479166e-12,0.0,8.264698371006007e-05,1.157187989977392e-06,6.594549779907588,0.8226206218884204,0.09335791335337627
1742113737.1279826,1.3390840441479166e-12,0.0,8.264698371006007e-05,1.157187989977392e-06,6.594549779907588,0.8226206218884204,0.09335523114436126
1742113737.228034,1.3390840441479166e-12,0.0,8.264698371006007e-05,1.157187989977392e-06,6.594549779907588,0.8226206218884204,0.09335874781840303
1742113737.328006,1.3385310376658814e-12,0.0,8.263735484096182e-05,1.1569490212044269e-06,6.594574980363255,0.82262298152372,0.09336423144572231
1742113737.4278529,1.3390840440683303e-12,0.0,8.264698370871291e-05,1.1571879899430042e-06,6.594549779910473,0.8226206218576291,0.09336071477168059
1742113737.5277307,1.3390840440295197e-12,0.0,8.26469837080559e-05,1.1571879899262348e-06,6.59454977991188,0.8226206218426118,0.09336190686457607
1742113737.6279063,1.3390840440295197e-12,0.0,8.26469837080559e-05,1.1571879899262348e-06,6.59454977991188,0.8226206218426118,0.09336578116648649
1742113737.7283106,1.3390840440295197e-12,0.0,8.26469837080559e-05,1.1571879899262348e-06,6.59454977991188,0.8226206218426118,0.09337168202631914
1742113737.8278651,1.3390840440295197e-12,0.0,8.26469837080559e-05,1.1571879899262348e-06,6.59454977991188,0.8226206218426118,0.09336125121348346
1742113737.9278593,1.3390840440295197e-12,0.0,8.26469837080559e-05,1.1571879899262348e-06,6.59454977991188,0.8226206218426118,0.09335117802851656
1742113738.0320094,1.3390840440295197e-12,0.0,8.26469837080559e-05,1.1571879899262348e-06,6.59454977991188,0.8226206218426118,0.09336631760828956
1742113738.1277115,1.3390840440295197e-12,0.0,8.26469837080559e-05,1.1571879899262348e-06,6.59454977991188,0.8226206218426118,0.09336542353861776
1742113738.2349248,1.3390840440295197e-12,0.0,8.26469837080559e-05,1.1571879899262348e-06,6.59454977991188,0.8226206218426118,0.09336160884135235
1742113738.3291528,1.3390840440295197e-12,0.0,8.26469837080559e-05,1.1571879899262348e-06,6.59454977991188,0.8226206218426118,0.09335684046977018
1742113738.4276142,1.3390840440295197e-12,0.0,8.26469837080559e-05,1.1571879899262348e-06,6.59454977991188,0.8226206218426118,0.09336178765528652
1742113738.5305104,1.3390840440295197e-12,0.0,8.26469837080559e-05,1.1571879899262348e-06,6.59454977991188,0.8226206218426118,0.09335815177195521
1742113738.634712,1.3390840440295197e-12,0.0,8.26469837080559e-05,1.1571879899262348e-06,6.59454977991188,0.8226206218426118,0.09336107239954919
1742113738.7284055,1.3390840440295197e-12,0.0,8.26469837080559e-05,1.1571879899262348e-06,6.59454977991188,0.8226206218426118,0.09336494670145974
1742113738.8278933,1.3390840440295197e-12,0.0,8.26469837080559e-05,1.1571879899262348e-06,6.59454977991188,0.8226206218426118,0.09336882100337014
1742113738.9289992,1.3390840440295197e-12,0.0,8.26469837080559e-05,1.1571879899262348e-06,6.59454977991188,0.8226206218426118,0.0933827088856027
1742113739.0277038,1.338531038540626e-12,0.0,8.263735485577296e-05,1.1569490215824664e-06,6.5945749803315366,0.8226229818624393,0.09337579474680882
1742113739.1278968,1.3390840445807338e-12,0.0,8.264698371738684e-05,1.1571879901644044e-06,6.594549779891899,0.822620622055906,0.09337203965418796
1742113739.227993,1.3390840445807338e-12,0.0,8.264698371738684e-05,1.1571879901644044e-06,6.594549779891899,0.822620622055906,0.09338080153696988
1742113739.3278089,1.3390840445807338e-12,0.0,8.264698371738684e-05,1.1571879901644044e-06,6.594549779891899,0.822620622055906,0.09337084756129234
1742113739.4291208,1.3390840445807338e-12,0.0,8.264698371738684e-05,1.1571879901644044e-06,6.594549779891899,0.822620622055906,0.09335922465556128
1742113739.5284193,1.3390840445807338e-12,0.0,8.264698371738684e-05,1.1571879901644044e-06,6.594549779891899,0.822620622055906,0.09336369500391946
1742113739.6277413,1.3390840445807338e-12,0.0,8.264698371738684e-05,1.1571879901644044e-06,6.594549779891899,0.822620622055906,0.09336655602686864
1742113739.7278843,1.3390840445807338e-12,0.0,8.264698371738684e-05,1.1571879901644044e-06,6.594549779891899,0.822620622055906,0.09336393342249846
1742113739.828134,1.3385310386319063e-12,0.0,8.263735485731863e-05,1.156949021621915e-06,6.594574980328225,0.8226229818977409,0.09338425860636691
1742113739.9276464,1.3385310385347532e-12,0.0,8.263735485567363e-05,1.1569490215799282e-06,6.59457498033175,0.8226229818601904,0.09338127837412799
1742113740.030697,1.3390840441476028e-12,0.0,8.264698371005469e-05,1.1571879899772563e-06,6.594549779907602,0.8226206218884258,0.0933574961208627
1742113740.1279645,1.3390840441476028e-12,0.0,8.264698371005469e-05,1.1571879899772563e-06,6.594549779907602,0.8226206218884258,0.09336750970118494
1742113740.227894,1.3390840441476028e-12,0.0,8.264698371005469e-05,1.1571879899772563e-06,6.594549779907602,0.8226206218884258,0.09336452946894624
1742113740.3290763,1.3390840441476028e-12,0.0,8.264698371005469e-05,1.1571879899772563e-06,6.594549779907602,0.8226206218884258,0.09337621197932224
1742113740.4278967,1.3390840441476028e-12,0.0,8.264698371005469e-05,1.1571879899772563e-06,6.594549779907602,0.8226206218884258,0.09338324532740577
1742113740.5278034,1.338531038761677e-12,0.0,8.263735485951581e-05,1.1569490216779981e-06,6.594574980323522,0.8226229819480615,0.09338175521128636
1742113740.6282191,1.339084043955804e-12,0.0,8.264698370680814e-05,1.1571879898943836e-06,6.594549779914551,0.8226206218140764,0.0933805631183907
1742113740.7281413,1.339084043955804e-12,0.0,8.264698370680814e-05,1.1571879898943836e-06,6.594549779914551,0.8226206218140764,0.09337460265391334
1742113740.8277197,1.339084043955804e-12,0.0,8.264698370680814e-05,1.1571879898943836e-06,6.594549779914551,0.8226206218140764,0.09337335095637299
1742113740.9326854,1.339084043955804e-12,0.0,8.264698370680814e-05,1.1571879898943836e-06,6.594549779914551,0.8226206218140764,0.09337829814188946
1742113741.0287044,1.339084043955804e-12,0.0,8.264698370680814e-05,1.1571879898943836e-06,6.594549779914551,0.8226206218140764,0.09338676200144745
1742113741.1331124,1.3385310061334688e-12,0.0,8.263735430708599e-05,1.1569490075770275e-06,6.594574981506021,0.8226229692876377,0.09263556466334319
1742113741.2280674,1.3374255780323451e-12,0.0,8.26181010532836e-05,1.156471174752032e-06,6.594625385590625,0.8226276545444247,0.09272610411875708
1742113741.3279142,1.3374255780323451e-12,0.0,8.26181010532836e-05,1.156471174752032e-06,6.594625385590625,0.8226276545444247,0.09253179297678925
1742113741.4296298,1.3407449943966796e-12,0.0,8.26758921487462e-05,1.1579054341338413e-06,6.5944741574098416,0.8226137711829136,0.09172027573817222
1742113741.5279934,1.3435170547970906e-12,0.0,8.272410115664498e-05,1.1591018310731333e-06,6.594348144571008,0.8226020863896544,0.092817656853132
1742113741.6279736,1.3412987477859502e-12,0.0,8.268552642981722e-05,1.1581445280214167e-06,6.594448962392214,0.822611352480159,0.08756136164896945
1742113741.7284305,1.3418532325536431e-12,0.0,8.269517126623673e-05,1.1583838882484697e-06,6.5944237491387625,0.8226091337656083,0.0897401498340891
1742113741.8301337,1.3418532325536431e-12,0.0,8.269517126623673e-05,1.1583838882484697e-06,6.5944237491387625,0.8226091337656083,0.11937945351832366
1742113741.9279068,1.3418532325536431e-12,0.0,8.269517126623673e-05,1.1583838882484697e-06,6.5944237491387625,0.8226091337656083,0.19780116544001555
1742113742.0275795,1.341326543292267e-12,0.0,8.268600291467157e-05,1.1581565279755007e-06,6.594447833367177,0.82261691713156,0.34313040242426857
1742113742.128643,1.3418379501522573e-12,0.0,8.269490775836527e-05,1.1583772917975634e-06,6.594424400017765,0.8226073510989789,0.48702054486506424
1742113742.2311156,1.3093192484195756e-12,0.0,8.213492732412967e-05,1.1442548878722675e-06,6.595753968596554,0.8160094260395949,0.5806355517303523
1742113742.3279376,1.309319248419571e-12,0.0,8.21349273241296e-05,1.1442548878722656e-06,6.595753968596554,0.8160094260395896,0.6778154414093076
1742113742.4280806,1.4315770656312063e-12,0.0,8.421824949617047e-05,1.1964852968721372e-06,6.590515550656583,0.8240627758834247,0.7972736424593214
1742113742.5280128,1.4315358150930266e-12,0.0,8.421756565150504e-05,1.1964680585343792e-06,6.590517270988549,0.8240612424563132,0.8883318967012646
1742113742.630649,1.4315358150930266e-12,0.0,8.421756565150504e-05,1.1964680585343792e-06,6.590517270988549,0.8240612424563132,0.9889764851717234
1742113742.728655,1.3440894375588743e-12,0.0,8.273897486841414e-05,1.1593487126653801e-06,6.593856671405668,0.8050062432153657,1.047453962561703
1742113742.828043,1.3438730917119154e-12,0.0,8.273533366110635e-05,1.1592554040037577e-06,6.593867143064848,0.8050292861144435,1.1711955893012047
1742113742.9337656,7.629198804958148e-13,0.0,7.143648963846818e-05,8.734528496122815e-07,6.627634801495724,0.7882059396258914,1.2944278486495444
1742113743.0281477,7.63055492994385e-13,0.0,7.143999688383117e-05,8.735304762825307e-07,6.627622428338277,0.7881568536976467,1.4374320276503985
1742113743.1281989,2.8046397931941904e-13,0.0,5.4829697233112845e-05,5.295884999878859e-07,6.686623325215365,0.766342575401854,1.548759963206271
1742113743.2279525,2.804861670006724e-13,0.0,5.483092382349805e-05,5.296094476127408e-07,6.686621646212146,0.7664184803107048,1.612551238230685
1742113743.327886,2.8048616700067144e-13,0.0,5.483092382349796e-05,5.296094476127399e-07,6.686621646212146,0.7664184803106968,1.5899882575788293
1742113743.429042,2.8048069484316253e-13,0.0,5.483061585451902e-05,5.296042813678553e-07,6.686621799414809,0.7663931700880005,1.527526404551486
1742113743.5276983,2.8047627739262427e-13,0.0,5.4830404892976516e-05,5.296001108313935e-07,6.686623731865566,0.7664184068959994,1.4823901912488735
1742113743.6308255,2.804829630749324e-13,0.0,5.4830734894737575e-05,5.296064228037009e-07,6.686621322021793,0.7663932111920646,1.453186299494723
1742113743.728131,2.804829630749324e-13,0.0,5.4830734894737575e-05,5.296064228037009e-07,6.686621322021793,0.7663932111920646,1.4447627326764862
1742113743.827657,2.804829630749324e-13,0.0,5.4830734894737575e-05,5.296064228037009e-07,6.686621322021793,0.7663932111920646,1.4438324233808313
1742113743.938066,2.804829630749324e-13,0.0,5.4830734894737575e-05,5.296064228037009e-07,6.686621322021793,0.7663932111920646,1.4585483333387173
1742113744.0286403,2.80475879433279e-13,0.0,5.483038400666036e-05,5.295997351144343e-07,6.686623815588405,0.7664183987479083,1.477466132334689
1742113744.1287472,2.8047474540271123e-13,0.0,5.4830324488376776e-05,5.295986644646219e-07,6.686624054154208,0.7664183752102822,1.4585235378064907
1742113744.2278912,2.804706349011068e-13,0.0,5.483010872202889e-05,5.295947836800385e-07,6.686624917427224,0.7664182530165187,1.3896260520734587
1742113744.328978,2.8049288578376063e-13,0.0,5.483125580929451e-05,5.296157907235779e-07,6.6866192414037755,0.7663935869750471,1.3274016639509
1742113744.4277878,2.804655937392908e-13,0.0,5.4829844005515304e-05,5.295900242067356e-07,6.686625971550683,0.766417986482554,1.294616725138644
1742113744.528605,2.8049437868354907e-13,0.0,5.4831334207620045e-05,5.29617200139449e-07,6.686618929627286,0.7663936751239175,1.282149340800265
1742113744.6279168,2.8049437868354907e-13,0.0,5.4831334207620045e-05,5.29617200139449e-07,6.686618929627286,0.7663936751239175,1.2998085281171594
1742113744.7276998,2.8049437868354907e-13,0.0,5.4831334207620045e-05,5.29617200139449e-07,6.686618929627286,0.7663936751239175,1.310899045161227
1742113744.8279395,2.8046859082147383e-13,0.0,5.483000139736365e-05,5.295928538240238e-07,6.686625345412168,0.766418159170728,1.3155131599225793
1742113744.9279938,2.8046859082147383e-13,0.0,5.483000139736365e-05,5.295928538240238e-07,6.686625345412168,0.766418159170728,1.3129666110791955
1742113745.0275915,2.8046619095558754e-13,0.0,5.4829875364827804e-05,5.295905880541945e-07,6.686625846610212,0.7664180165532377,1.2717900535383024
1742113745.1285257,2.80499960065717e-13,0.0,5.4831627328650484e-05,5.296224693739088e-07,6.686617765060788,0.7663940307365387,1.1792440673627653
1742113745.227916,4.224344490947573e-14,0.0,3.3332980728205785e-05,2.05532101895241e-07,6.796335200362925,0.7506555141280034,1.0866850901164347
1742113745.3279448,4.224344490947573e-14,0.0,3.3332980728205785e-05,2.05532101895241e-07,6.796335200362925,0.7506555141280034,0.998256235174113
1742113745.4278255,4.224344490947573e-14,0.0,3.3332980728205785e-05,2.05532101895241e-07,6.796335200362925,0.7506555141280034,0.9479505110301307
1742113745.5281591,3.641398988711786e-15,0.0,1.7446930812038732e-05,6.03440054082573e-08,6.932706174910869,0.7157735710229876,0.8896610365890336
1742113745.6280744,3.641398988711786e-15,0.0,1.7446930812038732e-05,6.03440054082573e-08,6.932706174910869,0.7157735710229876,0.8229424582504106
1742113745.7280982,3.64134278440638e-15,0.0,1.7446859570770832e-05,6.034353970729907e-08,6.932706986340328,0.715772754443452,0.7319705115341018
1742113745.8283823,2.3931138591345457e-16,0.0,8.523838506665958e-06,1.5469692495762627e-08,7.080039479841595,0.7131672193853582,0.6466234249807009
1742113745.9280272,2.3930760033770073e-16,0.0,8.523803005843346e-06,1.546957014068913e-08,7.080040263156455,0.7131660676782285,0.5365498585439334
1742113746.0294542,2.702831334426434e-17,0.0,4.810485120362525e-06,5.19887616165882e-09,7.194581599874205,0.7216962769921125,0.46196606337294205
1742113746.1280582,2.702831334426434e-17,0.0,4.810485120362525e-06,5.19887616165882e-09,7.194581599874205,0.7216962769921125,0.3584617632554496
1742113746.227892,1.855639886078578e-18,0.0,2.3861936261915045e-06,1.3622187365025404e-09,7.330441652900653,0.7231961098346371,0.33464984024751165
1742113746.328128,1.8556344167527945e-18,0.0,2.386191810998827e-06,1.3622167289946172e-09,7.330441782559625,0.723195717263371,0.3019811304925679
1742113746.4339888,1.8556344167527945e-18,0.0,2.386191810998827e-06,1.3622167289946172e-09,7.330441782559625,0.723195717263371,0.27331642235505565
1742113746.5341973,1.8556310980127156e-18,0.0,2.3861907110134598e-06,1.3622155108545474e-09,7.33044185910979,0.723195430699219,0.2498785647271871
1742113746.6281264,1.8556310980127156e-18,0.0,2.3861907110134598e-06,1.3622155108545474e-09,7.33044185910979,0.723195430699219,0.22975514258134358
1742113746.7284284,1.8556285009309024e-18,0.0,2.3861898513502988e-06,1.3622145575976285e-09,7.330441917365668,0.7231951689512321,0.20856616820085033
1742113746.8360064,1.856544229306604e-18,0.0,2.3864958680998205e-06,1.3625506336670957e-09,7.330417104954513,0.7231901714421749,0.17504844988572588
1742113746.9280374,2.8762108530561795e-19,0.0,1.4571991646576143e-06,5.363031654816312e-10,7.424050574414025,0.7690193809533898,0.16738498452826492
1742113747.028221,2.876214555620964e-19,0.0,1.4571996111278058e-06,5.363035106747824e-10,7.424050522294422,0.7690197128190874,0.14083999637289996
1742113747.1285205,2.876214555620964e-19,0.0,1.4571996111278058e-06,5.363035106747824e-10,7.424050522294422,0.7690197128190874,0.11895692590399737
1742113747.2279253,2.8747362336700957e-19,0.0,1.4570064817979814e-06,5.361656678369193e-10,7.424075664917908,0.7690226247476879,0.11594116929694177
1742113747.327985,2.8762100713701144e-19,0.0,1.4571990792072886e-06,5.3630309260437e-10,7.424050582850043,0.7690192305297909,0.14059573653861046
1742113747.4277968,2.8762100713701144e-19,0.0,1.4571990792072886e-06,5.3630309260437e-10,7.424050582850043,0.7690192305297909,0.17203629258795744
1742113747.5285754,2.874748024053067e-19,0.0,1.457007903853848e-06,5.361667673451113e-10,7.424075498885074,0.769023682724919,0.19263792279883382
1742113747.6280954,2.874749614079421e-19,0.0,1.4570080985270586e-06,5.361669156223108e-10,7.42407547564909,0.7690237989469075,0.2020033026091671
1742113747.727896,2.874749614079421e-19,0.0,1.4570080985270586e-06,5.361669156223108e-10,7.42407547564909,0.7690237989469075,0.2099139714591122
1742113747.8280017,2.874749614079421e-19,0.0,1.4570080985270586e-06,5.361669156223108e-10,7.42407547564909,0.7690237989469075,0.2340466404311275
1742113747.9279652,2.8761861162815734e-19,0.0,1.4571961342641986e-06,5.363008592461486e-10,7.424050936478423,0.769017597338479,0.2490859055869198
1742113748.0287397,2.8747498192402064e-19,0.0,1.4570081239516071e-06,5.361669347544855e-10,7.424075472561739,0.7690238111504826,0.22929615024252903
1742113748.1295674,2.876195990490034e-19,0.0,1.4571973545298483e-06,5.363017798301655e-10,7.424050788857443,0.7690182124375653,0.21742356065436366
1742113748.2313504,2.8689659665409567e-19,0.0,1.4562509003209792e-06,5.356272926710285e-10,7.424174301809117,0.7690457890103364,0.2297283435217953
1742113748.3279724,2.879059771491121e-19,0.0,1.4575721737656337e-06,5.365687068299009e-10,7.424001878005399,0.7690050343385089,0.23989218715353974
1742113748.4287848,2.8718589515982198e-19,0.0,1.4566297270188525e-06,5.358972804183857e-10,7.424124849052504,0.7690349322970835,0.23766809943839065
1742113748.527942,2.8776181796634884e-19,0.0,1.4573835883919867e-06,5.364343556916809e-10,7.4240264722587455,0.7690110136664021,0.2387495661131954
1742113748.6299112,2.876177470329916e-19,0.0,1.4571950718393737e-06,5.36300053172654e-10,7.424051063972755,0.769017003528349,0.23896551374121658
1742113748.7288525,2.8747374539801415e-19,0.0,1.457006600723499e-06,5.36165781636626e-10,7.42407565597486,0.7690229922073968,0.23886168245001788
1742113748.8281705,2.8761773800881467e-19,0.0,1.4571950606790209e-06,5.363000447592884e-10,7.424051065324264,0.769016997981188,0.239115896259985
1742113748.928008,2.873298306116819e-19,0.0,1.4568181967903242e-06,5.360315574774324e-10,7.4241002456291625,0.7690289905199847,0.23908263686820028
1742113749.0280712,2.8790700550693786e-19,0.0,1.4575734439921817e-06,5.365696651013155e-10,7.424001724406821,0.7690056739538544,0.22858083490057948
1742113749.129409,2.8848832029451406e-19,0.0,1.4583331436198838e-06,5.371110874805268e-10,7.423902759933711,0.7689843168340307,0.20891493800803196
1742113749.2280216,2.890712149803376e-19,0.0,1.4590941344997853e-06,5.376534338961648e-10,7.423803733730651,0.7689632475466759,0.21249318364783285
1742113749.3287544,2.871822487431055e-19,0.0,1.4566252288983187e-06,5.358938782474619e-10,7.424125391592128,0.7690325500006061,0.21186024192496306
1742113749.4282277,2.883437718293616e-19,0.0,1.45814423663814e-06,5.369765095694239e-10,7.423927370350256,0.7689902660651668,0.20829147342368115
1742113749.527974,2.8674847855152405e-19,0.0,1.4560571490307014e-06,5.354890088055254e-10,7.424199559599927,0.7690488277891365,0.21270460132285124
1742113749.630708,2.8602637204155425e-19,0.0,1.4551104792624888e-06,5.348143341773425e-10,7.424323260857392,0.76907554426346,0.21280288938208589
1742113749.728072,2.868931737859368e-19,0.0,1.4562466785846512e-06,5.356240974656917e-10,7.424174810762949,0.7690435242808373,0.21217966321631426
1742113749.8277292,2.8660393830916457e-19,0.0,1.4558677699540276e-06,5.353540308143431e-10,7.424224296157803,0.7690541881951756,0.2123357081763364
1742113749.928018,2.87037891059567e-19,0.0,1.4564361949093224e-06,5.357591726322257e-10,7.424150069328519,0.7690381864636766,0.21231460813208583
1742113750.0280511,2.868931708082917e-19,0.0,1.4562466749201118e-06,5.356240946860884e-10,7.424174811203343,0.7690435222367817,0.21243155244513526
1742113750.1277318,2.870378938246148e-19,0.0,1.4564361983114656e-06,5.357591752127207e-10,7.4241500689197295,0.7690381883594544,0.2123590731970883
1742113750.227978,2.8703789266739946e-19,0.0,1.4564361968876191e-06,5.357591741327436e-10,7.424150069090814,0.7690381875660428,0.2124232077948667
1742113750.3289568,2.868931725153223e-19,0.0,1.4562466770210222e-06,5.356240962795851e-10,7.424174810950845,0.7690435234077189,0.21230960134192464
1742113750.4286299,2.870378941429686e-19,0.0,1.456436198703173e-06,5.357591755098261e-10,7.424150068872663,0.7690381885777136,0.21238982919379232
1742113750.5278986,0.013072927782112592,0.0,0.055285825420633816,0.1143369047250825,7.424174810864827,0.7690435238066389,0.2123399401061154
1742113750.628133,0.010371040513936607,0.0,0.051293753792904406,0.10183830572990012,7.424174810864827,0.7690435238066389,0.21236312631293308
1742113750.7278388,0.0056801625303327195,0.0,0.042343521309589384,0.07536685299475307,7.424174810864827,0.7690435238066389,0.21232724431677832
1742113750.8307498,0.0023006710175683784,0.0,0.031943642448547124,0.04796531056470268,7.424174810864827,0.7690435238066389,0.21234184745474827
1742113750.929003,0.0011819422266838337,0.0,0.02605574491814257,0.03437938665368877,7.424174810864827,0.7690435238066389,0.2123389268271542
1742113751.0279295,0.0007031087049255992,0.0,0.022271975026806928,0.026516197029845725,7.424174810864827,0.7690435238066389,0.2123612189643003
1742113751.1278434,0.0008129814966651289,0.0,0.023264329846241175,0.028512830386777262,7.424174810864827,0.7690435238066389,0.21235305312796598
1742113751.2279186,0.0008129814966651289,0.0,0.023264329846241175,0.028512830386777262,7.424174810864827,0.7690435238066389,0.21235305312796598
1742113751.3396423,0.00014693700189902828,0.0,0.01399519223766528,0.012121757376677207,7.424174810864827,0.7690435238066389,0.21235257629080767
1742113751.4290926,8.232611427141392e-05,0.0,0.011818152283879883,0.009073373918858074,7.424150068633708,0.7690381896859826,0.21233690026923174
1742113751.5283191,3.0386639696141822e-05,0.0,0.008858298899712621,0.005512407794797281,7.424174810797098,0.7690435241207609,0.21233171466513634
1742113751.627624,8.748054654965383e-06,0.0,0.00620411617886131,0.002957711049944768,7.424174810711733,0.7690435245167322,0.21236372235938078
1742113751.728236,2.1448509895639333e-06,0.0,0.004171232735045201,0.0014645309793800652,7.424174810711733,0.7690435245167322,0.21234387401267052
1742113751.8279731,8.365493378779448e-07,0.0,0.0032038970337931,0.000914630711204224,7.424174810711733,0.7690435245167322,0.21234625819846145
1742113751.927875,2.615009167748332e-07,0.0,0.002317778934249745,0.0005113716034107029,7.424174810711733,0.7690435245167322,0.21234244350119594
1742113752.0279424,1.0487997313720333e-07,0.0,0.0017999421111364,0.00032385177649227635,7.424174810656737,0.7690435247718597,0.21236306670828828
1742113752.138852,1.0487997313720333e-07,0.0,0.0017999421111364,0.00032385177649227635,7.424174810656737,0.7690435247718597,0.21234226468726167
1742113752.229959,4.472955195499179e-09,0.0,0.000757728632941251,6.688015546856316e-05,7.424174810656737,0.7690435247718597,0.21233880761786464
1742113752.3359487,4.472955196649744e-09,0.0,0.0007577286329938674,6.688015547716486e-05,7.424174810612058,0.7690435249790681,0.2123555565230466
1742113752.4387681,6.058005617978391e-10,0.0,0.0004404613390402984,2.4613016105261035e-05,7.424174810612058,0.7690435249790681,0.21235358956976894
1742113752.5278027,1.28704272276068e-10,0.0,0.00029001299428789147,1.1344790534693359e-05,7.424174810612058,0.7690435249790681,0.21235293391867638
1742113752.628069,3.804156172098944e-11,0.0,0.00020899161524564575,6.167784182426412e-06,7.424174810612058,0.7690435249790681,0.21233725789710053
1742113752.7282135,1.718331001169052e-11,0.0,0.00016889990403373757,4.145275625539335e-06,7.424174810612058,0.7690435249790681,0.21234315875693338
1742113752.8278987,2.9753583560472107e-12,0.0,0.0001057095447795959,1.7249227101662296e-06,7.424150068475214,0.7690381904211474,0.2123476291052914
1742113752.9282312,3.684418007335449e-13,0.0,6.065411483641097e-05,6.069940697680208e-07,7.4241748106737475,0.7690435246929646,0.2123546624533747
1742113753.031029,5.330314712446933e-14,0.0,3.632813879390773e-05,2.3087474336633127e-07,7.4241748106737475,0.7690435246929646,0.21235853675528515
1742113753.1279125,4.663454639317787e-15,0.0,1.9089850325963298e-05,6.828949142670333e-08,7.424150068464726,0.7690381904698178,0.21236002687140462
1742113753.2280946,4.277918527184738e-16,0.0,1.0182869736507693e-05,2.0683129664498888e-08,7.42417481061382,0.7690435249709573,0.21233558896704666
1742113753.3332088,4.277918527184738e-16,0.0,1.0182869736507693e-05,2.0683129664498888e-08,7.42417481061382,0.7690435249709573,0.21234137061758993
1742113753.4279315,1.6049035018174663e-17,0.0,4.299877293070609e-06,4.006124688295992e-09,7.42417481061382,0.7690435249709573,0.21235269550009722
1742113753.5288904,1.6049035018174663e-17,0.0,4.299877293070609e-06,4.006124688295992e-09,7.42417481061382,0.7690435249709573,0.21232301238699927
1742113753.6282432,2.2380334020951735e-18,0.0,2.568559283192296e-06,1.4960058161969737e-09,7.42417481061382,0.7690435249709573,0.21232760194464687
1742113753.7278502,4.230594713132073e-19,0.0,1.6623606843522593e-06,6.504302201721622e-10,7.42417481061382,0.7690435249709573,0.21234137061758993
1742113753.8279827,1.5827198173826537e-20,0.0,7.062255504681339e-07,1.258061929072911e-10,7.42417481061382,0.7690435249709573,0.21235901359244344
1742113753.9314017,4.3569540472638094e-21,0.0,5.049786827166187e-07,6.600722723508244e-11,7.42417481061382,0.7690435249709573,0.21235126498862272
1742113754.0279772,5.852080672727092e-23,0.0,1.650849703579856e-07,7.649889327779253e-12,7.42417481061382,0.7690435249709573,0.21233636382742882
1742113754.128163,1.6188720539721127e-24,0.0,6.522962523305828e-08,1.272349029933262e-12,7.42417481061382,0.7690435249709573,0.21234500650092125
1742113754.228947,1.2956556424191206e-25,0.0,3.3961996279384165e-08,3.5995216938075544e-13,7.42417481061382,0.7690435249709573,0.21233451608344087
1742113754.3279734,5.2174425600937e-26,0.0,2.6843939966208924e-08,2.2841721826722476e-13,7.42417481061382,0.7690435249709573,0.21232742313071243
1742113754.4279013,9.703672328439208e-27,0.0,1.740332916597742e-08,9.850721967672831e-14,7.42417481061382,0.7690435249709573,0.2123209858290767
1742113754.5334377,1.2378372622305608e-28,0.0,5.659031303786169e-09,1.1125813508371245e-14,7.42417481061382,0.7690435249709573,0.21233928445502276
1742113754.6281552,5.866633972024592e-29,0.0,4.66800037405656e-09,7.659395519246014e-15,7.42417481061382,0.7690435249709573,0.21234607938452715
1742113754.728326,6.149263322114973e-30,0.0,2.6132463545747864e-09,2.4797708204822018e-15,7.424174810579629,0.7690435251294954,0.21233326438590064
1742113754.828656,3.8969900591488075e-32,0.0,7.128099246194704e-10,1.9740795473204233e-16,7.424174810579629,0.7690435251294954,0.21234274152441995
1742113754.9282818,9.894411474743516e-34,0.0,2.779343080652207e-10,3.145538344185859e-17,7.424174810579629,0.7690435251294954,0.21232462171240807
1742113755.02889,5.187220879420786e-35,0.0,1.3059171458584793e-10,7.202236374502565e-18,7.424174810579629,0.7690435251294954,0.2123340988509274
1742113755.128461,5.891537072089383e-37,0.0,4.1534372104492655e-11,7.675634874125646e-19,7.424174810579629,0.7690435251294954,0.21233362201376904
1742113755.2282557,7.884003275490139e-39,0.0,1.380135118479942e-11,8.879190996644986e-20,7.424150068308762,0.7690381911931876,0.21232718471213352
1742113755.3285968,9.538511768972851e-39,0.0,1.4473242068544843e-11,9.766530483735179e-20,7.424174810654975,0.7690435247799776,0.2123445296637631
1742113755.430457,6.085360511380504e-39,0.0,1.2905466560679282e-11,7.800872073928981e-20,7.424174810654975,0.7690435247799776,0.21233964208289138
1742113755.5281818,4.91333558284094e-40,0.0,6.791310544442093e-12,2.2166045165615224e-20,7.424174810654975,0.7690435247799776,0.21232992652579308
1742113755.6361356,5.530689186452553e-40,0.0,6.998649574245709e-12,2.3517417346410624e-20,7.424174810654975,0.7690435247799776,0.21232074741049775
1742113755.7297618,5.530689186452553e-40,0.0,6.998649574245709e-12,2.3517417346410624e-20,7.424174810654975,0.7690435247799776,0.21233105901404384
1742113755.8308558,2.2441357425205144e-41,0.0,3.0897702975926486e-12,4.737230987106829e-21,7.424174810654975,0.7690435247799776,0.21233362201376904
1742113755.9287267,7.31056638707294e-43,0.0,1.2901354189969724e-12,8.550185019678194e-22,7.424174810654975,0.7690435247799776,0.2123309398047543
1742113756.034741,9.134417306749234e-45,0.0,4.222861264480924e-13,9.557414559779874e-23,7.424174810654975,0.7690435247799776,0.21233397964163783
1742113756.1333485,6.503158628838097e-48,0.0,6.669965937443216e-14,2.5501291396394215e-24,7.424174810654975,0.7690435247799776,0.21233338359519002
1742113756.2286074,1.779883745765579e-47,0.0,8.618837386399724e-14,4.218866845215168e-24,7.424174810654975,0.7690435247799776,0.21232706550284397
1742113756.3287323,1.779883745765579e-47,0.0,8.618837386399724e-14,4.218866845215168e-24,7.424174810654975,0.7690435247799776,0.21232569459601408
1742113756.428443,9.21892623192026e-46,0.0,2.35388411913685e-13,3.0362684716474364e-23,7.424174810654975,0.7690435247799776,0.21232486013098725
1742113756.528532,9.777777114606744e-49,0.0,4.119730536947989e-14,9.888264314128513e-25,7.424150068448498,0.7690381905450323,0.21233123782797825
1742113756.6290243,3.2577314107495304e-48,0.0,5.594633910214325e-14,1.8049186715055974e-24,7.4241748106801,0.769043524663477,0.21232509854956644
1742113756.7355852,7.628606907003422e-48,0.0,6.946204931411841e-14,2.7619932851119356e-24,7.4241748106801,0.769043524663477,0.21231794599219322
1742113756.8330204,4.7057113132883865e-49,0.0,3.4190404818982436e-14,6.859818739069121e-25,7.4241748106801,0.769043524663477,0.21231180671378136
1742113756.9290526,8.060808311100724e-49,0.0,3.9219091186038887e-14,8.978200438339925e-25,7.424199552907396,0.7690488588018258,0.21234685424490926
1742113757.030242,1.1335046881319049e-49,0.0,2.3817272868398644e-14,3.3667561363007938e-25,7.4241748106875605,0.7690435246288168,0.21232223752661708
1742113757.1285672,1.0194960877424934e-47,0.0,7.478387792378408e-14,3.1929548818335867e-24,7.4241748106875605,0.7690435246288168,0.21234160903616914
1742113757.2285204,6.908594546320401e-48,0.0,6.778777631900505e-14,2.6284205421356e-24,7.4241748106875605,0.7690435246288168,0.21232670787497518
1742113757.3284233,9.500483715958563e-49,0.0,4.089743935059171e-14,9.747042482701388e-25,7.4241748106875605,0.7690435246288168,0.21233827117606172
1742113757.4286306,1.644013390529111e-48,0.0,4.6995491630509895e-14,1.2821908557344774e-24,7.4241748106875605,0.7690435246288168,0.21231532338782322
1742113757.5284946,7.069466333625634e-48,0.0,6.817533641880522e-14,2.6588468052194423e-24,7.4241748106875605,0.7690435246288168,0.21232879403754243
1742113757.628672,1.350389779290528e-49,0.0,2.49053588322308e-14,3.6747649983237407e-25,7.4241748106875605,0.7690435246288168,0.2123271251074887
1742113757.728464,1.484819134139767e-47,0.0,8.24357870180187e-14,3.853335093318211e-24,7.4241748106875605,0.7690435246288168,0.21233487371130946
1742113757.828497,8.568781975616976e-48,0.0,7.158972651119075e-14,2.9272481916668727e-24,7.4241748106875605,0.7690435246288168,0.21232068780585284
1742113757.9352896,1.984978392957334e-48,0.0,4.939142613388374e-14,1.4088926122871587e-24,7.424150068404629,0.7690381907485495,0.21233046296759622
1742113758.0292368,4.7607871605914674e-48,0.0,6.160411877734677e-14,2.1819228127024722e-24,7.424174810698219,0.7690435245794109,0.21232539657279012
1742113758.1321669,4.7607871605914674e-48,0.0,6.160411877734677e-14,2.1819228127024722e-24,7.424174810698219,0.7690435245794109,0.21234131101294515
1742113758.2280984,4.185237965783242e-48,0.0,5.969382521183262e-14,2.0457854153804212e-24,7.424174810698219,0.7690435245794109,0.2123182440154171
1742113758.3286502,2.3687533664287908e-48,0.0,5.161439712653738e-14,1.539075490815441e-24,7.424174810698219,0.7690435245794109,0.21232068780585284
1742113758.4286778,1.192989744591258e-48,0.0,4.33664717737076e-14,1.0922406990179675e-24,7.424174810698219,0.7690435245794109,0.2123330855719662
1742113758.5283897,6.629212406866158e-50,0.0,2.0774026473620678e-14,2.574725695460811e-25,7.424174810698219,0.7690435245794109,0.21233105901404384
1742113758.63058,1.4105968364683652e-48,0.0,4.520175765425763e-14,1.1876854956041037e-24,7.424174810698219,0.7690435245794109,0.2123264694563962
1742113758.739901,2.454441825167684e-49,0.0,2.8978007601121866e-14,4.954232357457293e-25,7.424174810698219,0.7690435245794109,0.21233457568808548
1742113758.8283796,2.6756353323062935e-48,0.0,5.3196555465185494e-14,1.6357369386017708e-24,7.424174810698219,0.7690435245794109,0.21233773473425852
1742113758.9286022,4.713120138644109e-49,0.0,3.4209882962495125e-14,6.865216776361916e-25,7.424174810698219,0.7690435245794109,0.2123271251074887
1742113759.0332391,6.103431035234014e-48,0.0,6.562267385302831e-14,2.4705123021822848e-24,7.424174810698219,0.7690435245794109,0.21231878045722016
1742113759.1283774,3.1582294343701174e-48,0.0,5.5489616853851815e-14,1.7771408031920593e-24,7.424174810698219,0.7690435245794109,0.21233356240912435
1742113759.2298422,6.760465053369751e-49,0.0,3.75055041220811e-14,8.222204724628152e-25,7.424174810698219,0.7690435245794109,0.2123411321990109
1742113759.3286562,7.499555970463911e-50,0.0,2.1454577401708306e-14,2.7385317179948657e-25,7.424174810698219,0.7690435245794109,0.2123188996665097
1742113759.4289382,7.499555970463911e-50,0.0,2.1454577401708306e-14,2.7385317179948657e-25,7.424174810698219,0.7690435245794109,0.2123297477118587
1742113759.5286212,2.1460479309359797e-48,0.0,5.036214734813635e-14,1.4649395656258246e-24,7.424174810698219,0.7690435245794109,0.21232366803809172
1742113759.6320357,2.1460479309359797e-48,0.0,5.036214734813635e-14,1.4649395656258246e-24,7.424174810698219,0.7690435245794109,0.21234685424490926
1742113759.7355306,5.106656886586624e-48,0.0,6.270190421486001e-14,2.2597913369571588e-24,7.424174810698219,0.7690435245794109,0.21234214547797206
1742113759.8284948,2.0832892645906637e-48,0.0,4.99731972400934e-14,1.4433604070330679e-24,7.424174810698219,0.7690435245794109,0.2123481655470944
1742113759.928729,7.740874265294183e-49,0.0,3.879639748397521e-14,8.798223835123873e-25,7.424174810644658,0.7690435248279073,0.21232807878180512
1742113760.0313475,1.2454711423293104e-49,0.0,2.4383536186890836e-14,3.529123322199595e-25,7.424174810644658,0.7690435248279073,0.2123357081763364
1742113760.1284971,3.287072589149935e-49,0.0,3.1233326779532843e-14,5.733299738501324e-25,7.42417481062256,0.7690435249303942,0.21234399322196001
1742113760.2284892,1.538232261391817e-48,0.0,4.6207625447750064e-14,1.2402549179067249e-24,7.42417481062256,0.7690435249303942,0.2123353505484676
1742113760.3387675,3.3379449490663604e-48,0.0,5.629694501401576e-14,1.8270043648186394e-24,7.42417481062256,0.7690435249303942,0.21235245708151815
1742113760.4283278,1.0405964938733348e-49,0.0,2.3294304880979266e-14,3.2258277912395367e-25,7.42417481062256,0.7690435249303942,0.21234727147742274
1742113760.5317757,4.5872619099164553e-48,0.0,6.105211686999313e-14,2.141789417733792e-24,7.42417481062256,0.7690435249303942,0.2123318934790707
1742113760.6284645,2.687270105302428e-48,0.0,5.326413899714518e-14,1.6392895123505268e-24,7.42417481062256,0.7690435249303942,0.21235049012824067
1742113760.7287204,7.5048087059913e-49,0.0,3.850373454541906e-14,8.663029900670608e-25,7.42417481062256,0.7690435249303942,0.21233463529273036
1742113760.8310258,7.5048087059913e-49,0.0,3.850373454541906e-14,8.663029900670608e-25,7.42417481062256,0.7690435249303942,0.21234238389655105
1742113760.9282997,3.882415005898797e-49,0.0,3.256301731479156e-14,6.230902828562484e-25,7.42417481062256,0.7690435249303942,0.21232629064246183
1742113761.0287485,4.634849369290445e-49,0.0,3.406960703169831e-14,6.807972803478614e-25,7.42417481062256,0.7690435249303942,0.21233046296759622
1742113761.1286187,5.367166926422041e-49,0.0,3.5373619570031215e-14,7.326095089761012e-25,7.42417481062256,0.7690435249303942,0.21233064178153038
1742113761.2282097,1.2029273621141767e-49,0.0,2.4175148410077717e-14,3.4683243246763654e-25,7.424174810647031,0.7690435248168423,0.21233982089682576
1742113761.3288233,1.9303600583820265e-50,0.0,1.518550185055338e-14,1.3893739807488934e-25,7.424174810647031,0.7690435248168423,0.21233338359519002
1742113761.4342408,3.023553664690588e-49,0.0,3.057471427787187e-14,5.498684992514654e-25,7.424174810647031,0.7690435248168423,0.21233278754874219
1742113761.5282953,4.565518025001032e-49,0.0,3.393899086839127e-14,6.756861716063924e-25,7.424174810647031,0.7690435248168423,0.2123479867331602
1742113761.644167,1.5055651898034017e-49,0.0,2.5604170745689318e-14,3.8801613237124583e-25,7.424174810647031,0.7690435248168423,0.21235704663916596
1742113761.728453,2.6389565688548785e-49,0.0,2.952912423425163e-14,5.137077543560033e-25,7.424174810647031,0.7690435248168423,0.21235662940665245
1742113761.8283322,1.5728352782313583e-49,0.0,2.589288503406838e-14,3.965898735761364e-25,7.424174810623512,0.7690435249259764,0.21234780791922567
1742113761.9323633,3.2636324382599797e-49,0.0,3.116755049979096e-14,5.712821052912457e-25,7.4241995527196565,0.7690488596726563,0.21236539128943435
1742113762.0285342,1.5981523563857644e-48,0.0,4.667493651161121e-14,1.2641805078333411e-24,7.424174810574058,0.7690435251552934,0.2123476291052914
1742113762.1282606,1.7616719647522623e-49,0.0,2.664542794512549e-14,4.1972276144525e-25,7.424199552696592,0.7690488597795735,0.21235937122031215
1742113762.2339542,4.433372445054676e-50,0.0,1.8761917462667198e-14,2.105557514069534e-25,7.424174810544486,0.7690435252924459,0.2123552584998226
1742113762.333088,8.946022952134496e-50,0.0,2.2427427414332638e-14,2.9909902962287414e-25,7.424174810565958,0.7690435251928989,0.21236330512686727
1742113762.4288352,1.5448982504617078e-49,0.0,2.577233733379862e-14,3.9305193683045346e-25,7.424174810565958,0.7690435251928989,0.21237147096320158
1742113762.5311198,9.985449882862727e-49,0.0,4.142275325648425e-14,9.992722293180536e-25,7.424174810594721,0.7690435250594341,0.2123606825224972
1742113762.6306071,2.5177903741780606e-50,0.0,1.6246012921730756e-14,1.5867546672936117e-25,7.42419955262919,0.7690488600922176,0.21237498763724316
1742113762.7297401,3.665184447461233e-50,0.0,1.7875026228435906e-14,1.9144671445238315e-25,7.4241748105851855,0.769043525103676,0.21236813310309408
1742113762.8309748,3.0125106290882682e-49,0.0,3.0546296127883274e-14,5.4886342828505785e-25,7.4241748105851855,0.769043525103676,0.2123487615935421
1742113762.9288473,3.0125106290882682e-49,0.0,3.0546296127883274e-14,5.4886342828505785e-25,7.4241748105851855,0.769043525103676,0.21234923843070033
1742113763.0289783,2.0662666190052867e-49,0.0,2.773687002837159e-14,4.54562055060174e-25,7.4241748105851855,0.769043525103676,0.21237617973013884
1742113763.1287456,2.0680071574318154e-49,0.0,2.7742780133411785e-14,4.547534669941303e-25,7.4241995526484175,0.7690488600029948,0.2123768949858761
1742113763.2291656,1.5323015594823108e-49,0.0,2.5718156511306665e-14,3.91446236344445e-25,7.42417481056404,0.7690435252017451,0.212367060219488
1742113763.3311768,1.3523566949108413e-50,0.0,1.3870111428478698e-14,1.1629087216591169e-25,7.42417481056404,0.7690435252017451,0.21237832549735067
1742113763.4282827,1.19565075911142e-50,0.0,1.3445147691956612e-14,1.0934581652314916e-25,7.42417481056404,0.7690435252017451,0.21235758308096891
1742113763.531168,2.527625545033844e-50,0.0,1.6261568255213634e-14,1.5898507933242804e-25,7.424150068422406,0.7690381906659489,0.21235984805747035
1742113763.630524,1.1944517051464569e-09,0.0,0.0005284660022912423,3.4560840631362786e-05,7.424174810511559,0.7690435254450794,0.2123715305678463
1742113763.7301483,3.653372253510671e-10,0.0,0.00038334920727809384,1.9113796727784544e-05,7.42415006845691,0.76903819050594,0.21236729863806736
1742113763.8299892,5.18762642257331e-11,0.0,0.000225824945189329,7.2025179087408805e-06,7.424199552583389,0.7690488603045811,0.2123547816626643
1742113763.9403193,5.18762642257331e-11,0.0,0.000225824945189329,7.2025179087408805e-06,7.424199552583389,0.7690488603045811,0.21233833078070646
1742113764.0298498,1.1236452142552376e-11,0.0,0.00014962895427273886,3.352081762510034e-06,7.424174810366409,0.7690435261182973,0.2123592520110226
1742113764.131954,1.864139820095131e-12,0.0,9.200408400751314e-05,1.3653350578136968e-06,7.424174810382311,0.7690435260445572,0.21236521247550008
1742113764.2294288,5.748222056647526e-13,0.0,6.660797075972697e-05,7.581703012283933e-07,7.424174810382311,0.7690435260445572,0.21236229184790603
1742113764.3299959,2.8969167255521586e-13,0.0,5.515618986235282e-05,5.382301297356139e-07,7.424174810382311,0.7690435260445572,0.21233874801321986
1742113764.4299486,1.19921604020516e-13,0.0,4.344899332641931e-05,3.46296988177079e-07,7.424199552571778,0.7690488603583994,0.21236002687140462
1742113764.530278,5.591383023015691e-15,0.0,1.960807342457409e-05,7.47755509709938e-08,7.424174810450509,0.7690435257282147,0.21236253026648524
1742113764.6307728,5.59138302208448e-15,0.0,1.960807342372521e-05,7.477555096476709e-08,7.424174810437805,0.7690435257872021,0.21235776189490324
1742113764.7296474,3.698545596992091e-16,0.0,9.650957061543173e-06,1.9231603149483123e-08,7.424174810437805,0.7690435257872021,0.21236747745200155
1742113764.8295748,1.5484946767651477e-16,0.0,7.714069389122025e-06,1.2443852605865868e-08,7.424199552624557,0.7690488601135836,0.2123347545020199
1742113764.9316363,1.5470172673413963e-16,0.0,1.216342806503176e-05,1.2437914886914914e-08,7.4241748103775365,0.7690435260666675,0.21236264947577468
1742113765.0301535,1.5470172662731177e-16,0.0,1.0527680026088748e-05,1.243791488262047e-08,7.42417481032237,0.7690435263225393,0.2123419666640376
1742113765.1339104,1.5484946751769717e-16,0.0,8.713322059340374e-06,1.2443852599484501e-08,7.424199552428064,0.769048861024979,0.21236032489462844
1742113765.2368016,1.5477557973821442e-16,0.0,8.472582632432407e-06,1.2440883398626258e-08,7.4241748103257095,0.7690435263070547,0.21236145738287932
1742113765.3294525,1.5477557973821442e-16,0.0,7.792343754701957e-06,1.2440883398626258e-08,7.4241748103257095,0.7690435263070547,0.2123703980795956
1742113765.4294105,1.5477557973821442e-16,0.0,7.780561794736286e-06,1.2440883398626258e-08,7.4241748103257095,0.7690435263070547,0.21234965566321382
1742113765.5315535,1.5484946744752405e-16,0.0,7.761549140275742e-06,1.244385259666491e-08,7.424199552409291,0.7690488611119886,0.21237343791647909
1742113765.632139,1.5470172677580785e-16,0.0,7.713758845935784e-06,1.2437914888589961e-08,7.42417481033128,0.7690435262812443,0.21237194780035978
1742113765.7324135,1.54775579738254e-16,0.0,7.71307401608545e-06,1.2440883398627848e-08,7.42417481033128,0.7690435262812443,0.212346675430975
1742113765.8309114,1.5477557973821e-16,0.0,7.713072366481523e-06,1.244088339862608e-08,7.4241995525191555,0.7690488606024619,0.2123385095946408
1742113765.930122,1.547755797195363e-16,0.0,7.713072366235819e-06,1.2440883397875583e-08,7.424199552506423,0.7690488606614565,0.21234327796622274
1742113766.0430582,1.5470172673439027e-16,0.0,7.712883357286712e-06,1.2437914886924989e-08,7.424174810305033,0.7690435264029123,0.21236849073096273
1742113766.1302624,1.5477557973821222e-16,0.0,7.713074333181829e-06,1.2440883398626168e-08,7.424174810305033,0.7690435264029123,0.21236980203314787
1742113766.229815,1.5477557969328425e-16,0.0,7.713074425229923e-06,1.2440883396820511e-08,7.424174810274351,0.7690435265452251,0.21235829833670605
1742113766.3299859,1.5477557973821442e-16,0.0,7.713073626721696e-06,1.2440883398626258e-08,7.424174810274351,0.7690435265452251,0.21234739068671227
1742113766.4308417,1.547755797382133e-16,0.0,7.713073922521062e-06,1.2440883398626213e-08,7.424174810274351,0.7690435265452251,0.2123642588011837
1742113766.5356889,1.5477557973821111e-16,0.0,7.713072448497202e-06,1.2440883398626125e-08,7.424174810274351,0.7690435265452251,0.21233612540884975
1742113766.630042,1.5477557963273772e-16,0.0,7.713072447109376e-06,1.244088339438714e-08,7.424174810202345,0.7690435268792513,0.21236312631293308
1742113766.7301006,1.547755797382155e-16,0.0,7.713076250221976e-06,1.24408833986263e-08,7.424174810202345,0.7690435268792513,0.21236062291785246
1742113766.830942,1.5484946742984048e-16,0.0,7.714040208961668e-06,1.2443852595954377e-08,7.424199552378781,0.7690488612535589,0.21235829833670605
1742113766.9315865,1.5477557973821442e-16,0.0,7.713073584759072e-06,1.2440883398626258e-08,7.4241748102552805,0.769043526633709,0.21235591415091531
1742113767.0310018,1.5470172670177856e-16,0.0,7.712106357746539e-06,1.2437914885614009e-08,7.424150068146091,0.7690381919474891,0.21235662940665245
1742113767.1319845,1.5484946750510675e-16,0.0,7.714041815133258e-06,1.2443852598978612e-08,7.424199552363035,0.7690488613265618,0.2123630071036433
1742113767.2349546,1.547755797382573e-16,0.0,7.713074541589325e-06,1.2440883398627982e-08,7.424174810288832,0.7690435264781197,0.21237486842795375
1742113767.3332152,1.547755797382573e-16,0.0,7.713074015649879e-06,1.2440883398627982e-08,7.424174810288832,0.7690435264781197,0.21235829833670605
1742113767.431759,1.547755797382551e-16,0.0,7.713072471906095e-06,1.2440883398627892e-08,7.424174810288832,0.7690435264781197,0.21234560254736898
1742113767.5404003,1.547755797382551e-16,0.0,7.713072471906095e-06,1.2440883398627892e-08,7.424174810288832,0.7690435264781197,0.21235400680228234
1742113767.6350543,1.5484946752863387e-16,0.0,7.714041278601508e-06,1.2443852599923942e-08,7.424199552446495,0.7690488609394368,0.212338449989996
1742113767.7308755,1.5470172682537615e-16,0.0,7.712104575755628e-06,1.2437914890582591e-08,7.424174810281514,0.7690435265120392,0.21234995368643758
1742113767.8294654,2.6201145482535274e-74,0.0,1.3548729608115317e-20,1.6186767893108023e-37,7.424199552327735,0.7690488614902531,0.2123673582427121
1742113767.9299762,2.7371676906957327e-67,0.0,8.1112538512774595e-19,5.231794807420999e-34,7.424199552325845,0.7690488614991011,0.2123680734984493
1742113768.0304704,1.34359832491909e-68,0.0,3.790396633227266e-19,1.1591368879123336e-34,7.424174810224443,0.7690435267767466,0.21236074212714198
1742113768.1299295,1.1641296807685853e-77,0.0,1.927801238726876e-21,3.411934467085476e-39,7.424174810224443,0.7690435267767466,0.21237331870718962
1742113768.229769,3.4609100640802846e-77,0.0,2.5450799318693102e-21,5.882949994756274e-39,7.424174810224443,0.7690435267767466,0.2123519206397152
1742113768.3298476,4.2230693183467467e-73,0.0,2.737855435814265e-20,6.498514690563334e-37,7.424174810224443,0.7690435267767466,0.2123557353369809
1742113768.4296181,5.721917052134122e-73,0.0,2.943393965430447e-20,7.564335431572374e-37,7.424174810224443,0.7690435267767466,0.21237206700964947
1742113768.5327613,8.165579226740726e-74,0.0,1.815544403810653e-20,2.8575477645598028e-37,7.424174810224443,0.7690435267767466,0.2123590731970883
1742113768.6300666,8.173961041825317e-74,0.0,1.816060554796936e-20,2.859013998186318e-37,7.4241995523197915,0.769048861527116,0.21236551049872396
1742113768.7301538,6.0074548384413214e-74,0.0,1.6672430027870107e-20,2.4510109829295586e-37,7.424174810224926,0.769043526774535,0.21237254384680748
1742113768.836448,1.6404867162287075e-73,0.0,2.145482785070846e-20,4.050292231714531e-37,7.424174810224926,0.769043526774535,0.21237707379981033
1742113768.938317,5.014128031833635e-74,0.0,1.5898906265537725e-20,2.239224872993696e-37,7.424174810267999,0.7690435265747055,0.21236092094107614
1742113769.0459602,4.636929522836172e-72,0.0,5.04117977452985e-20,2.153353088287235e-36,7.424174810267999,0.7690435265747055,0.21236986163779267
1742113769.129734,1.1451051226407311e-73,0.0,1.9690411989383488e-20,3.3839401924985778e-37,7.424174810178641,0.7690435269891083,0.21233636382742882
1742113769.231081,9.723314949945937e-74,0.0,1.897802100947662e-20,3.1182230436493695e-37,7.424174810178641,0.7690435269891083,0.21235674861594203
1742113769.3296628,7.431245575657062e-76,0.0,5.49197827093757e-21,2.7260311032079334e-38,7.42419955231756,0.7690488615374402,0.2123422050826167
1742113769.4296093,3.085800045969638e-75,0.0,7.858557137993826e-21,5.55499779115135e-38,7.424174810141437,0.7690435271616582,0.21234607938452715
1742113769.53192,6.588627102340826e-75,0.0,9.627182606954053e-21,8.1170358520465e-38,7.424174810141437,0.7690435271616582,0.212348523174963
1742113769.6297958,6.595440016626393e-75,0.0,9.62985925142069e-21,8.121231443953801e-38,7.424199552233773,0.7690488619260396,0.21236711982413295
1742113769.730265,9.45325236787296e-75,0.0,1.0457424032552268e-20,9.722783741230163e-38,7.424174810096773,0.7690435273688614,0.2123683715216732
1742113769.829508,5.417540240114473e-71,0.0,9.382474731676274e-20,7.36039417430512e-36,7.424174810096773,0.7690435273688614,0.21233582738562584
1742113769.9309433,1.8253079207708678e-70,0.0,1.273649415030349e-19,1.3510395703941716e-35,7.424174810155918,0.7690435270945599,0.21235800031348226
1742113770.0296755,9.561800660598772e-72,0.0,6.019423951115736e-20,3.0922161406665564e-36,7.424174810155918,0.7690435270945599,0.21235049012824067
1742113770.1346982,7.397047914219845e-74,0.0,1.764273864251582e-20,2.719751443463142e-37,7.424150068010647,0.7690381925757244,0.21235460284872995
1742113770.2419407,9.150360373011324e-71,0.0,1.0663810367445254e-19,9.565751602990391e-36,7.424174810164814,0.7690435270532667,0.21234530452414518
1742113770.3306777,2.8670690240539322e-71,0.0,7.916892541238531e-20,5.354501866704252e-36,7.424174810164814,0.7690435270532667,0.21233594659491536
1742113770.4297736,3.944985760644895e-68,0.0,4.952062297152053e-19,1.9861988220329037e-34,7.424199552347929,0.7690488613966018,0.2123515630118466
1742113770.53225,4.653516970745237e-73,0.0,2.794315688171317e-20,6.8216691291393175e-37,7.4241748102207765,0.7690435267937037,0.21236866954489708
1742113770.6300483,2.7150515780699222e-74,0.0,1.36910155838234e-20,1.6477413565453537e-37,7.4241748102207765,0.7690435267937037,0.21236109975501047
1742113770.7342234,2.7150515780699222e-74,0.0,1.36910155838234e-20,1.6477413565453537e-37,7.4241748102207765,0.7690435267937037,0.21234441045447341
1742113770.8303385,7.005208485759203e-74,0.0,1.7313542725593604e-20,2.6467354393212786e-37,7.4241748102207765,0.7690435267937037,0.21234578136130325
1742113770.9297626,3.59017922425359e-66,0.0,1.5454745940166471e-18,1.8947768270309805e-33,7.424150068084401,0.7690381922335732,0.21235668901129723
1742113771.029802,1.9986634848112322e-63,0.0,7.775647880456276e-18,4.47064143586939e-32,7.4241748102757725,0.7690435265385709,0.21234005931540495
1742113771.1404834,1.072702314795936e-59,0.0,6.803734817054421e-17,3.275213450747807e-30,7.4241748102757725,0.7690435265385709,0.21235096696539885
1742113771.230494,3.644740856259306e-65,0.0,2.7827130543620475e-18,6.037168919501347e-33,7.4241748102757725,0.7690435265385709,0.21234280112906456
1742113771.3299797,2.9742429350577794e-63,0.0,8.521241393322483e-18,5.453662012866015e-32,7.4241995524541124,0.7690488609040322,0.21235502008124352
1742113771.4291208,8.90764541730713e-67,0.0,1.0907342747752379e-18,9.438032325282178e-34,7.424174810326178,0.7690435263048236,0.21236247066184044
1742113771.5306282,8.90764541730713e-67,0.0,1.0907342747752379e-18,9.438032325282178e-34,7.424174810326178,0.7690435263048236,0.21236473563834204
1742113771.6295083,2.6789319457195924e-66,0.0,1.4412571435373842e-18,1.6367443128722312e-33,7.42419955246811,0.7690488608391455,0.2123476291052914
1742113771.7296464,1.821437303308649e-63,0.0,7.52132408256604e-18,4.2678300145491377e-32,7.424174810274664,0.7690435265437348,0.2123683715216732
1742113771.829358,6.280152103194653e-64,0.0,5.741819045499601e-18,2.506023164935762e-32,7.424174810274664,0.7690435265437348,0.21237361673041344
1742113771.937614,5.959550221643461e-64,0.0,5.665704793613839e-18,2.4412190032120143e-32,7.424174810274664,0.7690435265437348,0.21235364917441374
1742113772.031773,3.261656256559305e-61,0.0,2.800362353910593e-17,5.711091188695296e-31,7.424174810274664,0.7690435265437348,0.21236908677741045
1742113772.1297867,8.946931473288708e-66,0.0,1.956326407541557e-18,2.9911421686855188e-33,7.424174810274664,0.7690435265437348,0.21236551049872396
1742113772.2306283,7.731329601040456e-68,0.0,5.873849195206724e-19,2.780526856737848e-34,7.424174810274664,0.7690435265437348,0.21236926559134495
1742113772.3292356,4.669777608691979e-63,0.0,9.551363182449209e-18,6.833577107702802e-32,7.424174810247948,0.7690435266676126,0.2123592520110226
1742113772.429784,2.2393790607033067e-66,0.0,1.3771385254047661e-18,1.4964554990721598e-33,7.424174810214566,0.7690435268224665,0.21237176898642532
1742113772.541087,1.8973373322048353e-65,0.0,2.3667153843480417e-18,4.3558435832853724e-33,7.424174810214566,0.7690435268224665,0.21235430482550618
1742113772.629308,2.855242681940989e-62,0.0,1.510257197152772e-17,1.68974633656682e-31,7.424199552322634,0.7690488615138502,0.21236402038260455
1742113772.7297754,2.8525475563199535e-62,0.0,1.5098946784701382e-17,1.6889486541395963e-31,7.42417481019946,0.7690435268925171,0.21235919240637774
1742113772.8315594,4.173418019462506e-60,0.0,5.345873898946242e-17,2.042894519906132e-30,7.42417481019946,0.7690435268925171,0.21235829833670605
1742113772.9329557,3.1299833059976937e-59,0.0,8.905688597653567e-17,5.594625372621203e-30,7.424174810163208,0.7690435270606368,0.21234470847769746
1742113773.031804,1.4538116957067333e-61,0.0,2.2814035094611554e-17,3.812888269680523e-31,7.424174810163208,0.7690435270606368,0.21237421277686128
1742113773.1347241,3.2216295938377388e-56,0.0,5.178428004232404e-16,1.7948898556284e-28,7.424174810122665,0.769043527248666,0.21235901359244344
1742113773.2373931,1.003827333094647e-62,0.0,1.1587387410118071e-17,1.0019118389831747e-31,7.424199552178436,0.7690488621826415,0.21236688140555382
1742113773.3357277,4.997640128695344e-53,0.0,3.3446305032673735e-15,7.069398933923127e-27,7.424174810057167,0.7690435275524603,0.212354066406927
1742113773.4308338,4.99764012537413e-53,0.0,3.3446305026861893e-15,7.06939893157412e-27,7.4241748100807,0.7690435274433263,0.21236288789435387
1742113773.5294492,7.915031189333682e-51,0.0,1.2112052904444518e-14,8.89664610363573e-26,7.424199552183836,0.7690488621575611,0.2123597884528255
1742113773.629964,2.824492776459012e-50,3.895611440151257e-185,1.6734688168303922e-14,1.680622734720381e-25,7.424174810058602,0.769043527545815,0.21235311273261062
1742113773.7294323,7.218709930031875e-49,3.895611440151257e-185,3.814082238370577e-14,8.496299153179503e-25,7.424174810058602,0.769043527545815,0.2123596096388911
1742113773.8290691,2.3167285663660397e-46,3.9070694558827437e-185,1.6573010018489812e-13,1.5220803416265645e-23,7.4241995521782655,0.7690488621833662,0.2123762393347835
1742113773.9344208,2.3148590869978943e-46,3.8956114582318226e-185,1.6569578051569336e-13,1.5214660978799015e-23,7.424174810086896,0.7690435274145653,0.21234774831458078
1742113774.0288403,1.7457114182537743e-56,3.8956114582318226e-185,4.4308127641038643e-16,1.3212537297028812e-28,7.424174810086896,0.7690435274145653,0.21236002687140462
1742113774.1286411,1.4061805136747197e-56,3.8956114582318226e-185,4.194534069648211e-16,1.1858248241939953e-28,7.424174810086896,0.7690435274145653,0.2123613977782344
1742113774.2292824,8.116072477005994e-54,3.9070694613903825e-185,2.1070767141604316e-15,2.8488721412176423e-27,7.424199552186863,0.7690488621435492,0.2123671794287777
1742113774.328348,1.6795240431120768e-50,3.907069458432128e-185,1.466316577201528e-14,1.295964522319989e-25,7.424199552182245,0.7690488621649276,0.2123689079634762
1742113774.4283946,3.5281192791257513e-47,3.895611449288752e-185,1.0265090297053499e-13,5.939797369545321e-24,7.424174810072898,0.7690435274794485,0.21235692742987627
1742113774.5286813,8.626937637496211e-43,3.895611449288752e-185,1.346521549959663e-12,9.2881309408816e-22,7.424174810072898,0.7690435274794485,0.21236992124243748
1742113774.6308503,8.626937637496211e-43,3.895611449288752e-185,1.346521549959663e-12,9.2881309408816e-22,7.424174810072898,0.7690435274794485,0.21233064178153038
1742113774.7283313,5.185725370191156e-41,3.895611449288752e-185,3.827736813881895e-12,7.20119807406459e-21,7.424174810072898,0.7690435274794485,0.2123564505927181
1742113774.8283098,4.340141577410103e-31,3.895611449288752e-185,1.3250507778438444e-09,6.587975089061967e-16,7.424174810072898,0.7690435274794485,0.21233761552496908
1742113774.938484,1.3007776789912708e-42,3.895611449288752e-185,1.4949483557480155e-12,1.1405164089092585e-21,7.424174810072898,0.7690435274794485,0.21233016494437207
1742113775.0329049,1.2153229607422205e-45,3.895611449288752e-185,2.527670548492306e-13,3.4861482480557543e-23,7.424174810072898,0.7690435274794485,0.21233880761786464
1742113775.1287298,5.620779383851532e-45,3.895611449288752e-185,3.7360394914624884e-13,7.497185727892522e-23,7.424174810072898,0.7690435274794485,0.21234023812933914
1742113775.232303,5.620779383851532e-45,3.895611449288752e-185,3.7360394914624884e-13,7.497185727892522e-23,7.424174810072898,0.7690435274794485,0.21234274152441995
1742113775.3310869,1.6323632227529072e-44,3.895611449288752e-185,4.890158027484765e-13,1.2776397077239372e-22,7.424174810072898,0.7690435274794485,0.2123554969184016
1742113775.4302554,1.7514949180374357e-42,3.895611449288752e-185,1.6115496747598213e-12,1.3234405608252437e-21,7.424174810072898,0.7690435274794485,0.212338449989996
1742113775.5401828,9.253760123774813e-20,3.895611449288752e-185,1.1206898943890625e-06,3.0419993628820524e-10,7.424174810072898,0.7690435274794485,0.2123441720358944
1742113775.629721,1.9172642574904264e-18,3.9070694981684614e-185,2.46858963312662e-06,1.3846531181095236e-09,7.4241995522442465,0.7690488618773585,0.21235937122031215
1742113775.7295237,2.6670467884569672e-17,3.9070695522685424e-185,4.918764486301312e-06,5.164345833168967e-09,7.424199552328659,0.7690488614858051,0.21232772115393633
1742113775.8301313,1.4490860229631104e-16,3.884186926326909e-185,7.666687715087594e-06,1.203779889748583e-08,7.424150067848942,0.7690381933256063,0.21234059575720796
1742113775.9296985,2.619354593574665e-15,3.907069615848143e-185,1.6419262568573495e-05,5.1179630651018426e-08,7.424199552427865,0.7690488610256807,0.21233988050147048
1742113776.032407,5.723747180830834e-14,3.907069657517115e-185,3.707474508269837e-05,2.392435407870155e-07,7.42419955249288,0.7690488607240908,0.2123155022017575
1742113776.1372118,5.721254695426812e-14,3.8956114996785025e-185,3.707046041484182e-05,2.391914441493845e-07,7.424174810151754,0.7690435271137037,0.2123381519667721
1742113776.22999,4.284375356293613e-12,3.8956114996785025e-185,0.0001167133125300534,2.069873270587746e-06,7.424174810151754,0.7690435271137037,0.21233058217688552
1742113776.3320599,4.284375354962751e-12,3.895611519685595e-185,0.00011671331252040679,2.0698732702662624e-06,7.424174810183061,0.7690435269684421,0.21234232429190644
1742113776.4297347,1.4958899184487682e-11,3.895611519685595e-185,0.0001630227797509894,3.867673614007221e-06,7.424174810183061,0.7690435269684421,0.212346675430975
1742113776.5293908,1.043435877077276e-11,3.9070696101390664e-185,0.00014802426268322363,3.2302258080160217e-06,7.424199552418955,0.7690488610669703,0.21234333757086746
1742113776.6300213,9.153618796350872e-26,7.099194813783015e-68,3.4043512528311384e-08,3.025494801904454e-13,7.42419955242039,0.7690488610603357,0.21234280112906456
1742113776.7312791,9.148091963326948e-26,7.090601396863947e-68,3.403816769196034e-08,3.0245812872738185e-13,7.4241748102045335,0.7690435268688987,0.21233970168753624
1742113776.8351114,8.046964260572573e-09,7.090601396863947e-68,0.00088882460853342,8.970487311496835e-05,7.4241748102045335,0.7690435268688987,0.2123318934790707
1742113776.9304786,2.3558282508995418e-08,7.090601396863947e-68,0.0011915408778237614,0.0001534870760324641,7.4241748102045335,0.7690435268688987,0.21235019210501663
1742113777.0309515,2.3558282508995418e-08,7.090601396863947e-68,0.0011915408778237614,0.0001534870760324641,7.4241748102045335,0.7690435268688987,0.21232635024710658
1742113777.132281,2.6070784315890105e-08,7.090601335140254e-68,0.001225001782625118,0.0001614644986239703,7.424174810271765,0.7690435265569899,0.2123515630118466
1742113777.2327058,3.1402782753048887e-07,7.0991947034843575e-68,0.0024343505744346535,0.0005603818586736092,7.424199552540401,0.7690488605036219,0.21232086661978733
1742113777.3376663,6.725216476974168e-08,7.082018413638053e-68,0.001589757527041288,0.00025933022340202013,7.4241500679056855,0.7690381930623698,0.21232509854956644
1742113777.4311001,2.056449778459243e-06,7.090601453767316e-68,0.004111873180388356,0.001434032697834761,7.4241748101425316,0.7690435271564713,0.2123545432440853
1742113777.5310555,2.700628029039527e-06,7.090601453767316e-68,0.004439647283254533,0.0016433587645549364,7.4241748101425316,0.7690435271564713,0.21233380082770353
1742113777.6325638,4.686171008460636e-06,7.090601369139069e-68,0.0051860923137189915,0.014112034498616092,7.424174810234732,0.7690435267287974,0.2123683715216732
1742113777.7307754,4.033731040760324e-06,7.090601369139069e-68,0.00497161152917506,0.013396198539125848,7.424174810234732,0.7690435267287974,0.21233833078070646
1742113777.8310208,4.033731040760324e-06,7.090601369139069e-68,0.00497161152917506,0.013396198539125848,7.424174810234732,0.7690435267287974,0.2123401189200497
1742113777.9326105,4.532937880196387e-06,7.099194834965567e-68,0.005137949024540646,0.013950067471922597,7.42419955239734,0.7690488611672546,0.2123515630118466
1742113778.0322332,6.6521887714759136e-06,7.0991948770378995e-68,0.005727404327606861,0.015937428583447422,7.424199552351553,0.769048861379618,0.21236872914954188
1742113778.1305132,6.652188769571375e-06,7.099194822546143e-68,0.005727404327148973,0.01593742858186308,7.42419955241084,0.7690488611045829,0.21234649661704072
1742113778.235381,5.4540424852640274e-06,7.09919484592336e-68,0.0054141359209536185,0.014875504619785512,7.424199552385417,0.7690488612225614,0.21235603336020487
1742113778.3323147,4.134328875935247e-06,7.090601383728013e-68,0.005006121096711089,0.013511270468113474,7.42417481021883,0.7690435268025322,0.21235770229025844
1742113778.4325047,2.5607387049958157e-06,7.090601383728013e-68,0.004373572769558384,0.011440899264901949,7.42417481021883,0.7690435268025322,0.21235811952277184
1742113778.5353053,1.819743747748658e-06,7.090601350172758e-68,0.003976066500682703,0.010161270168807218,7.424174810255408,0.7690435266329345,0.21237182859107015
1742113778.635192,6.245963113114779e-06,7.090601350172758e-68,0.0056258130089883234,0.015592525521598647,7.424174810255408,0.7690435266329345,0.21235174182578095
1742113778.7450428,7.432486740877865e-06,7.090601350172758e-68,0.005911840081321183,0.0027262587443010367,7.424174810255408,0.7690435266329345,0.2123557353369809
1742113778.8326454,7.432486741512745e-06,7.090601364905188e-68,0.005911840081460701,0.0027262587444174748,7.424174810239336,0.76904352670741,0.2123497152678586
1742113778.943261,4.871779881344966e-06,7.082018249540422e-68,0.005242716630735536,0.0022072108828439948,7.4241500680846855,0.7690381922320828,0.2123515630118466
1742113779.033562,4.8731275830489955e-06,7.090601406051361e-68,0.0052431310491199605,0.002207516156916863,7.424174810194501,0.7690435269153539,0.2123643184058285
1742113779.1312158,5.330813350838204e-06,7.099194951538909e-68,0.005384488110501213,0.0023088554200811715,7.424199552270466,0.7690488617556781,0.2123552584998226
1742113779.2306957,6.589309456524491e-06,7.0906014415084274e-68,0.005720768983182091,0.002566965028301806,7.4241748101558755,0.7690435270945333,0.21235615256949436
1742113779.3516493,6.589309456524491e-06,7.0906014415084274e-68,0.005720768983182091,0.002566965028301806,7.4241748101558755,0.7690435270945333,0.2123456621520138
1742113779.4353251,6.356028695441951e-07,7.0906014415084274e-68,0.0029599451907181846,0.0007972470567798887,7.4241748101558755,0.7690435270945333,0.21234750989600173
1742113779.5340018,3.0067365185930304e-09,7.0906013832876766e-68,0.000679254091364156,5.48337169868415e-05,7.424174810219299,0.7690435268003188,0.21237129214926712
1742113779.6290977,6.295678590183659e-06,7.0906013832876766e-68,0.006240564770709235,0.0025091190864890527,7.424174810219299,0.7690435268003188,0.21236014608069426
1742113779.7297232,6.295678590183681e-06,7.0906013832876766e-68,0.006059668504918355,0.0025091190864890574,7.424174810219299,0.7690435268003188,0.21237099412604318
1742113779.8292723,6.295678590183704e-06,7.0906013832876766e-68,0.006647664230092885,0.0025091190864890618,7.424174810219299,0.7690435268003188,0.21233976129218102
1742113779.9296145,6.295678590183704e-06,7.0906013832876766e-68,0.006647664230092885,0.0025091190864890618,7.424174810219299,0.7690435268003188,0.21235168222113615
1742113780.0293093,6.295678590183726e-06,7.0906013832876766e-68,0.006292569916452042,0.002509119086489066,7.424174810219299,0.7690435268003188,0.2123271251074887
1742113780.1288896,6.2990603701536615e-06,7.099194855996185e-68,0.010296002638770325,0.0025097928938766366,7.424199552374432,0.769048861273431,0.21234625819846145
1742113780.2292733,6.29567859018376e-06,7.0906013856249864e-68,0.010334824739967628,0.002509119086489073,7.424174810216769,0.7690435268121121,0.2123596096388911
1742113780.337447,6.29567859018263e-06,7.090601439753933e-68,0.010663504734680376,0.002509119086488848,7.42417481015778,0.7690435270856746,0.21233749631567955
1742113780.433191,6.794376479170049e-06,1.1633089446637715e-79,0.011438844495909439,0.002606602478163874,7.42417481015778,0.7690435270856746,0.2123239064566709
1742113780.5290556,6.794376479170049e-06,1.1633089446637715e-79,0.011438844495909439,0.002606602478163874,7.42417481015778,0.7690435270856746,0.21235084775610918
1742113780.6289837,2.562405936785704e-05,1.2046753585926682e-37,0.014100087013848317,0.0050620212729557985,7.424150067903454,0.7690381930726797,0.21234548333807948
1742113780.7287683,4.9002366778564236e-05,1.1175082364368441e-11,0.015836108247031907,0.0070001690535703666,7.424174810083713,0.7690435274292948,0.21234995368643758
1742113780.8296673,8.765038995289056e-05,1.1175082364368441e-11,0.017708267571157923,0.009362178696910809,7.424174810083713,0.7690435274292948,0.21233344319983485
1742113780.9326565,0.00020051836215796763,1.1175082364368441e-11,0.02100892691857219,0.014160450634000588,7.424174810083713,0.7690435274292948,0.21232789996787071
1742113781.030752,0.0008536876856796317,1.1175082364368441e-11,0.029276740637988064,0.02921793431575257,7.424174810083713,0.7690435274292948,0.21233880761786464
1742113781.1304955,6.295678590184106e-06,1.1175082364368441e-11,0.009156394189266764,0.002509119086489142,7.424174810083713,0.7690435274292948,0.2123419666640376
1742113781.2312994,6.295678590184106e-06,1.1175082364368441e-11,0.009156394189266764,0.002509119086489142,7.424174810083713,0.7690435274292948,0.21234101298972136
1742113781.3298697,1.0017755397700994e-05,7.085537213333362e-88,0.012054884484541499,0.003165083789996877,7.424174810083713,0.7690435274292948,0.21234286073370934
1742113781.429084,2.7152474401887508e-05,7.085537273034986e-88,0.014150526005112664,0.005210803623423887,7.424174810063519,0.7690435275229444,0.2123352909438229
1742113781.5288808,0.026032780983400616,7.085537273034986e-88,0.07414340699722496,0.1613467724604388,7.424174810063519,0.7690435275229444,0.2123353505484676
1742113781.6288097,0.04092993755136784,7.061989015547915e-88,0.08496292830193165,0.20231148645434802,7.424150067834304,0.76903819339344,0.21232849601431858
1742113781.7327666,0.04093575697407095,7.08553715033429e-88,0.08496724496125212,0.20232586827707166,7.424174810105015,0.7690435273304796,0.21234393361731532
1742113781.8289518,6.295678590183636e-06,7.08553715033429e-88,0.00989253913235348,0.0025091190864890483,7.424174810105015,0.7690435273304796,0.212334158455572
1742113781.9286811,6.29567859018358e-06,7.08553715033429e-88,0.00967285568818499,0.002509119086489037,7.424174810105015,0.7690435273304796,0.2123217606894588
1742113782.029085,6.295678590183569e-06,7.08553715033429e-88,0.009716273466412444,0.002509119086489035,7.424174810105015,0.7690435273304796,0.21233886722250941
1742113782.1302025,6.295678590183592e-06,7.08553715033429e-88,0.010064656312855275,0.002509119086489039,7.424174810105015,0.7690435273304796,0.21232033017798413
1742113782.2339272,6.295678590183625e-06,7.08553715033429e-88,0.010129336763549069,0.002509119086489046,7.424174810105015,0.7690435273304796,0.21234596017523769
1742113782.3334217,6.293988356372698e-06,7.061988990244327e-88,0.009904605135185542,0.0025087822457066093,7.424150067842888,0.7690381933536194,0.21232229713126183
1742113782.4300652,6.2939883563394805e-06,7.085537148916754e-88,0.009828731064121079,0.002508782245699989,7.424174810105484,0.7690435273282663,0.21232140306159009
1742113782.5331023,6.2956785901845644e-06,7.085537148916754e-88,0.010039046839076523,0.0025091190864892335,7.424174810105484,0.7690435273282663,0.21233153585120204
1742113782.6280107,2.5452159978303893e-06,7.109163630998515e-88,0.004350211160153141,0.0015953733098652456,7.424199552338976,0.7690488614378577,0.21233856919928543
1742113782.7279315,2.39228461352929e-06,7.085537203442633e-88,0.004274594422685502,0.001546701203700731,7.424174810087038,0.7690435274137997,0.2123445296637631
1742113782.8298268,2.3929690978432618e-06,7.109163772032818e-88,0.004274939723230463,0.001546922460190963,7.424199552291455,0.7690488616583284,0.21235025170966135
1742113782.9279766,2.4609750222498612e-06,7.109163692785191e-88,0.004308931790076108,0.0015687495090835443,7.424199552318157,0.7690488615344453,0.21234023812933914
1742113783.0283053,2.460271822558375e-06,7.085537122106827e-88,0.004308583475458959,0.0015685253656088495,7.424174810114536,0.769043527286227,0.21234214547797206
1742113783.1277149,3.4036228487287543e-06,7.085537122106827e-88,0.004720988901465156,0.0018448910126966185,7.424174810114536,0.769043527286227,0.21235388759299278
1742113783.2277822,3.755534079965866e-06,7.085537122106827e-88,0.004853980701753016,0.0019379200396213118,7.424174810114536,0.769043527286227,0.21232402566596034
1742113783.327729,4.196941473947145e-06,7.085537122106827e-88,0.005008548009093577,0.0020486438133426573,7.424174810114536,0.769043527286227,0.21233934405966767
1742113783.4310012,4.699386153081088e-06,7.085537217078684e-88,0.005171352220811564,0.002167806761010097,7.424174810082434,0.7690435274351817,0.21232730392142288
1742113783.5286517,4.699386153081088e-06,7.085537217078684e-88,0.005171352220811564,0.002167806761010097,7.424174810082434,0.7690435274351817,0.21233159545584673
1742113783.6279564,5.193389923854477e-06,7.085537217078684e-88,0.005311435683859162,0.002278901034238757,7.424174810082434,0.7690435274351817,0.2123007202498531
1742113783.7315671,5.0792124121622205e-06,7.085537217078684e-88,0.005277987509414073,0.002253710809345827,7.424174810082434,0.7690435274351817,0.21230846885367385
1742113783.8279347,6.037929116515604e-06,7.085537217078684e-88,0.005542533360397059,0.002457219794099747,7.424174810082434,0.7690435274351817,0.21234560254736898
1742113783.927908,6.616633638138353e-06,7.085537217078684e-88,0.005688234865118067,0.0025722817960204813,7.424174810082434,0.7690435274351817,0.21231258157416355
1742113784.0276823,7.4614551064167995e-06,7.085537217078684e-88,0.0058854976805613425,0.002731566419916748,7.424174810082434,0.7690435274351817,0.2123237276427363
1742113784.133284,7.2129294121328745e-06,7.085537217078684e-88,0.005829526713539601,0.002685689746067642,7.424174810082434,0.7690435274351817,0.21231121066733363
1742113784.2353532,7.86480153329088e-06,7.085537217078684e-88,0.005974541578449282,0.0028044253481401284,7.424174810082434,0.7690435274351817,0.21232408527060506
1742113784.3392408,8.056620133231097e-08,7.085537217078684e-88,0.0016631567100637208,0.00028384185972528956,7.424174810082434,0.7690435274351817,0.21235019210501663
1742113784.4278984,7.439457197225416e-06,7.085537217078684e-88,0.005880593404822868,0.002727536837006132,7.424174810082434,0.7690435274351817,0.21233421806021688
1742113784.5289838,7.4394571972320635e-06,7.085537241994604e-88,0.005880593404823737,0.0027275368370073506,7.424174810074007,0.7690435274742651,0.21233105901404384
1742113784.6282313,7.305735698807959e-06,7.085537241994604e-88,0.00585073438884547,0.002702912447492142,7.424174810074007,0.7690435274742651,0.21236485484763143
1742113784.7283266,6.253669560482893e-06,7.085537241994604e-88,0.005598301845640189,0.0025007338044027985,7.424174810074007,0.7690435274742651,0.2123441720358944
1742113784.8302221,7.041432441263066e-06,7.085537241994604e-88,0.005789884268841239,0.0026535697543616722,7.424174810074007,0.7690435274742651,0.2123588943831539
1742113784.9277291,6.762523615635407e-06,7.085537241994604e-88,0.005724022699472277,0.0026004852654140163,7.424174810074007,0.7690435274742651,0.21233666185065267
1742113785.0400283,6.780633026868992e-06,7.109163793738937e-88,0.00572835074040925,0.0026039648666733185,7.424199552284151,0.7690488616922515,0.2123364234320735
1742113785.127844,6.598665131495277e-06,7.085537118369559e-88,0.005684213447174592,0.0025687867041650765,7.424174810115829,0.7690435272803366,0.212335529362402
1742113785.2278543,6.9104819296160675e-06,7.085537118369559e-88,0.005759035225214668,0.0026287795513538345,7.424174810115829,0.7690435272803366,0.21234399322196001
1742113785.3314965,6.234479259385472e-06,7.085537118369559e-88,0.005593479645108915,0.0024968939223334002,7.424174810115829,0.7690435272803366,0.21234810594244963
1742113785.4278839,6.2344792593685386e-06,7.085537103802112e-88,0.005593479645105111,0.0024968939223300093,7.4241748101207605,0.769043527257482,0.21234995368643758
1742113785.5303469,5.267574966764118e-06,7.10916365979089e-88,0.005332959757126278,0.002295119815339521,7.4241995523292985,0.7690488614828439,0.21233314517661095
1742113785.6280642,5.059669674104927e-06,7.085537031869487e-88,0.005272261234152086,0.0022493709507559944,7.424174810145075,0.7690435271446621,0.21233630422278418
1742113785.7279558,5.330207387978487e-06,7.085537031869487e-88,0.005358888819999954,0.002308724190538681,7.424174810145075,0.7690435271446621,0.2123350525252437
1742113785.8275802,5.039599764310282e-06,7.085537031869487e-88,0.005266340643206735,0.0022449052907217003,7.424174810145075,0.7690435271446621,0.21233946326895717
1742113785.927992,5.09471368945475e-06,7.085537031869487e-88,0.005282563474044033,0.0022571472458514418,7.424174810145075,0.7690435271446621,0.21235716584845546
1742113786.0280037,4.806143716435055e-06,7.08553721473096e-88,0.005196280527374267,0.0021922918866873215,7.42417481008323,0.7690435274314975,0.21233397964163783
1742113786.1276407,4.692969155587846e-06,7.08553721473096e-88,0.0051692267305412975,0.0021663261886400776,7.42417481008323,0.7690435274314975,0.21232342961951245
1742113786.2278874,4.798857004900323e-06,7.08553721473096e-88,0.005201938675252006,0.00219062936274038,7.42417481008323,0.7690435274314975,0.21233684066458702
1742113786.327749,4.798857005045802e-06,7.085537331320084e-88,0.005201938675291382,0.002190629362773585,7.424174810043809,0.7690435276143681,0.21232205871268284
1742113786.4346356,4.105451551545485e-06,7.085537331320084e-88,0.00497754193793838,0.002026191390650322,7.424174810043809,0.7690435276143681,0.21234965566321382
1742113786.5280108,4.180767701902751e-06,7.085537331320084e-88,0.005003135354793797,0.002044692569043755,7.424174810043809,0.7690435276143681,0.21235084775610918
1742113786.628043,4.3357587777177e-06,7.085537331320084e-88,0.005054870146386336,0.002082248490866952,7.424174810043809,0.7690435276143681,0.21233397964163783
1742113786.7291925,4.565713476841066e-06,7.1091638239267e-88,0.005129199471207021,0.0021367530219566946,7.424199552273976,0.7690488617394458,0.2123445296637631
1742113786.8278766,4.546361374009317e-06,7.109163803646885e-88,0.005123181419725324,0.0021322198230973553,7.424199552280811,0.7690488617077413,0.2123419666640376
1742113786.927948,4.570324307150504e-06,7.085537470005969e-88,0.005130765383498724,0.0021378316835407095,7.424174809996913,0.7690435278319008,0.21233332399054533
1742113787.0277643,4.742871707498408e-06,7.085537470005969e-88,0.005184957198814143,0.002177813515317234,7.424174809996913,0.7690435278319008,0.21233636382742882
1742113787.1283154,4.78884553800989e-06,7.085537470005969e-88,0.005199123220527399,0.0021883431033569416,7.424174809996913,0.7690435278319008,0.21233171466513634
1742113787.2279117,4.377393588427267e-06,7.085537470005969e-88,0.005068692094440422,0.0020922221651696713,7.424174809996913,0.7690435278319008,0.21233582738562584
1742113787.329153,4.378616598817138e-06,7.109163860252074e-88,0.005069092223739986,0.002092514420217251,7.42419955226174,0.769048861796227,0.2123318934790707
1742113787.4317803,4.478882988323715e-06,7.109163978164668e-88,0.005101716146267239,0.0021163371631958165,7.424199552221992,0.7690488619805702,0.2123467946402645
1742113787.530884,4.4226995314939355e-06,7.085537406548749e-88,0.005083477429340966,0.002103021524258355,7.4241748100183855,0.769043527732352,0.21234882119818696
1742113787.636794,4.384336400757968e-06,7.109164073453009e-88,0.005070966544664139,0.0020938807035640705,7.42419955218989,0.7690488621295248,0.21235162261649115
1742113787.728718,4.396809997681317e-06,7.085537485523341e-88,0.005075032019933111,0.0020968571715024647,7.424174809991669,0.7690435278562369,0.21232742313071243
1742113787.8433006,4.744578815861558e-06,7.10916420881787e-88,0.005185477301641116,0.002178205411769413,7.424199552144259,0.7690488623411529,0.2123564505927181
1742113787.931845,4.2903545130271035e-06,7.085537594591818e-88,0.005039969759711232,0.002071317096204032,7.424174809954792,0.7690435280273107,0.2123555565230466
1742113788.0281065,4.2714662274418286e-06,7.085537594591818e-88,0.005033720836999072,0.002066752580122214,7.424174809954792,0.7690435280273107,0.2123436355940914
1742113788.1314754,4.116674540314313e-06,7.109164304564877e-88,0.004981418564179719,0.0020289589794557977,7.424199552111986,0.7690488624908394,0.21236324552222263
1742113788.227776,4.3386239273859755e-06,7.061989005726587e-88,0.005055880080748573,0.0020829363714203984,7.424150067837658,0.7690381933779626,0.21234131101294515
1742113788.3278925,4.056484560077378e-06,7.085537039419137e-88,0.004960714878872332,0.0020140716372754417,7.42417481014256,0.7690435271564677,0.21237892154379845
1742113788.4279194,4.07247643560415e-06,7.085537039419137e-88,0.004966229339206911,0.0020180377686267793,7.42417481014256,0.7690435271564677,0.21235829833670605
1742113788.5277421,4.053436948252972e-06,7.085537039419137e-88,0.004959675383188383,0.0020133149153207432,7.42417481014256,0.7690435271564677,0.2123497152678586
1742113788.6304717,4.216684002075721e-06,7.085537039419137e-88,0.00501541191475919,0.00205345659853714,7.42417481014256,0.7690435271564677,0.21236366275473592
1742113788.7279475,4.1495361468713626e-06,7.109163561705715e-88,0.004992641839554461,0.0020370410272921267,7.424199552362381,0.7690488613294804,0.21234131101294515
1742113788.8276525,4.363004308996708e-06,7.085536954798976e-88,0.005063970257791766,0.002088780579428272,7.424174810171166,0.7690435270237455,0.2123523378722285
1742113788.9276886,3.116779275844305e-08,7.085536954798976e-88,0.001282650185186468,0.0001765440249865258,7.424174810171166,0.7690435270237455,0.21235019210501663
1742113789.0278149,3.117810130296123e-08,7.109163674434998e-88,0.0012827661808425628,0.00017657321796626246,7.424199552324396,0.7690488615057056,0.21234989408179272
1742113789.1297588,3.0138656829176254e-08,7.109163698957958e-88,0.00127084926734254,0.00017360488711201725,7.424199552316125,0.7690488615440483,0.2123529935233212
1742113789.2319064,3.8081934341104183e-06,7.085536955735609e-88,0.004872991926869669,0.001951459308853356,7.424174810170854,0.769043527025211,0.21237254384680748
1742113789.3280168,3.277473579445645e-06,7.085536955735609e-88,0.0046708959348974784,0.001810379402071744,7.424174810170854,0.769043527025211,0.21237921956702235
1742113789.4296622,4.587769230306609e-06,7.109163895639915e-88,0.005128265351145512,0.002141907848229379,7.424199552249831,0.7690488618515321,0.2123664641730404
1742113789.5280135,4.758519814124844e-08,7.085536948688612e-88,0.0014387263183044839,0.00021814031755099385,7.424174810173241,0.7690435270141531,0.2123571062438106
1742113789.6373184,2.1312448930563386e-08,7.085537114157431e-88,0.0011556041344916702,0.00014598783829676836,7.424174810117279,0.7690435272737055,0.21233612540884975
1742113789.7306867,5.708596508279215e-06,7.085537062449708e-88,0.005464057989115083,0.0023892669395191523,7.424174810134772,0.7690435271925917,0.21234268191977515
1742113789.8279798,4.2467196280503036e-06,7.085537062449708e-88,0.005025292431155625,0.002060757052165612,7.424174810134772,0.7690435271925917,0.2123406553618527
1742113789.9468148,4.2467196280503036e-06,7.085537062449708e-88,0.005025292431155625,0.002060757052165612,7.424174810134772,0.7690435271925917,0.21234095338507666
1742113790.0337536,2.5302082026250375e-05,7.061988625282421e-88,0.008340977584803923,0.005030117496266899,7.424150067966764,0.7690381927792043,0.21234560254736898
1742113790.1281362,6.209299031270185e-06,7.085536947752985e-88,0.005595963486880502,0.0024918465103754253,7.424174810173568,0.7690435270126752,0.2123197341315365
1742113790.2279248,5.909956225855192e-06,7.08553678556329e-88,0.005518061898428617,0.0024310401530734105,7.424174810228408,0.7690435267582796,0.21234029773398397
1742113790.3284745,5.559690718811549e-06,7.08553678556329e-88,0.0054232450458417125,0.0023578996413782223,7.424174810228408,0.7690435267582796,0.21233278754874219
1742113790.4286938,6.072094958187241e-06,7.08553678556329e-88,0.005551847640991595,0.0024641621209220877,7.424174810228408,0.7690435267582796,0.212338449989996
1742113790.529726,6.072094958187241e-06,7.08553678556329e-88,0.005551847640991595,0.0024641621209220877,7.424174810228408,0.7690435267582796,0.2123358869902707
1742113790.6276004,5.674593944448059e-06,7.08553678556329e-88,0.005454696252925882,0.002382140622307604,7.424174810228408,0.7690435267582796,0.21234208587332726
1742113790.7278886,6.120228380345363e-06,7.08553678556329e-88,0.00557278449166594,0.0024739095335814852,7.424174810228408,0.7690435267582796,0.21234023812933914
1742113790.83322,6.061814502626576e-06,7.08553678556329e-88,0.005549174977627183,0.0024620752430879475,7.424174810228408,0.7690435267582796,0.21233397964163783
1742113790.9277406,6.355070215489114e-06,7.08553678556329e-88,0.005632600693070074,0.0025209264597542535,7.424174810228408,0.7690435267582796,0.21234756950064665
1742113791.0279088,6.193065138595698e-06,7.085536991476473e-88,0.005591626858597522,0.0024885869762971313,7.424174810158789,0.7690435270812515,0.21232146266623497
1742113791.1279273,5.78461550382368e-06,7.109163558876547e-88,0.005484462281558129,0.0024051227627345097,7.424199552363348,0.7690488613250448,0.21234143022223467
1742113791.22767,5.554249891477667e-06,7.085536967496179e-88,0.005421631862439257,0.002356745614502691,7.424174810166889,0.769043527043646,0.21234625819846145
1742113791.3303027,5.163642442917898e-06,7.085537090658846e-88,0.005310841347645482,0.002272364944923658,7.424174810125237,0.7690435272368354,0.21233064178153038
1742113791.4279811,4.458219303152858e-06,7.085536958089979e-88,0.005094858906143823,0.002111449573907191,7.424174810170072,0.7690435270288898,0.21234745029135693
1742113791.5282323,4.557109945354073e-06,7.10916344804274e-88,0.005126403141869706,0.0021347388471084873,7.424199552400722,0.7690488611517559,0.21233827117606172
1742113791.6340868,3.7033809263060877e-06,7.085536786976395e-88,0.004827137829534846,0.001924417035443744,7.424174810227939,0.7690435267604876,0.21233964208289138
1742113791.7341616,3.6639574433888926e-06,7.085536786976395e-88,0.004812493435323693,0.0019141466619329076,7.424174810227939,0.7690435267604876,0.2123407149664974
1742113791.8278785,3.3404597072721556e-06,7.085536666163874e-88,0.004688483266078032,0.0018276924542362579,7.424174810268795,0.7690435265709858,0.21235603336020487
1742113791.9278915,1.9631614166448008e-06,7.085536799671181e-88,0.004036836832195384,0.0014011286224486319,7.424174810223647,0.7690435267803988,0.21233910564108863
1742113792.0291338,1.9631614166448008e-06,7.085536799671181e-88,0.004036836832195384,0.0014011286224486319,7.424174810223647,0.7690435267803988,0.2123515630118466
1742113792.1279664,1.5087923283807102e-06,7.085536799671181e-88,0.003755236049790239,0.0012283290798400525,7.424174810223647,0.7690435267803988,0.21234393361731532
1742113792.22844,8.904235743044535e-07,7.085536799671181e-88,0.0032400281627513092,0.0009436225804337525,7.424174810223647,0.7690435267803988,0.21235692742987627
1742113792.3290462,0.000930410364949929,0.0,0.023953689258296943,0.030502628820315292,7.42419955238212,0.76904886123803,0.212353291546545
1742113792.428173,0.0003764092469976756,0.4774758910637603,0.018212942199388266,0.5872797720156743,7.4241748102265035,0.7690435267671258,0.21236622575446115
1742113792.5332944,2.5972489174841164e-07,0.47746856510370367,0.0023050686411842792,0.5872732843035587,7.424199552374475,0.7690488612734256,0.21236181501074797
1742113792.631426,1.0873143094877608e-07,0.47747589094140597,0.0018131586266430192,0.5872797719073202,7.424174810237631,0.7690435267155067,0.21234584096594797
1742113792.7310355,5.4217147336895594e-08,0.47747589094140597,0.0014979065994761094,0.5872797719073202,7.424174810237631,0.7690435267155067,0.2123487019888973
1742113792.828134,1.8941648956867156e-08,0.47747589094140597,0.001122291084203246,0.5872797719073202,7.424174810237631,0.7690435267155067,0.2123495364539243
1742113792.9279747,1.8941648956867156e-08,0.47747589094140597,0.001122291084203246,0.5872797719073202,7.424174810237631,0.7690435267155067,0.2123590731970883
1742113793.028016,1.5468812030924128e-08,0.47747589094140597,0.0010617797331495618,0.5872797719073202,7.424174810237631,0.7690435267155067,0.21235388759299278
1742113793.134418,8.447325048448863e-06,0.4774685652242951,0.006016936778710069,0.587273284410352,7.424199552363504,0.7690488613243005,0.21236002687140462
1742113793.2288673,1.9454402248025534e-06,0.4774758908330296,0.00398729172546357,0.5872797718113447,7.424174810247493,0.7690435266697868,0.21236622575446115
1742113793.333816,4.3263180287878715e-10,0.4774758908330296,0.00040167804079103243,0.5872797718113447,7.424174810247493,0.7690435266697868,0.2123541856162167
1742113793.428111,7.675880738130004e-11,0.4774685646370134,0.00025198634240693006,0.5872732838902669,7.424199552416923,0.769048861076536,0.21234703305884362
1742113793.532339,7.672935828070372e-11,0.4774758906547644,0.000251960618989363,0.5872797716534772,7.424174810263693,0.7690435265945759,0.21235388759299278
1742113793.6289792,3.5706988741041144e-12,0.4774758906547644,0.00011082585961498886,0.5872797716534772,7.424174810263693,0.7690435265945759,0.21235949042960162
1742113793.7311623,3.5706988741041144e-12,0.4774758906547644,0.00011082585961498886,0.5872797716534772,7.424174810263693,0.7690435265945759,0.21235949042960162
1742113793.83205,8.651085109184541e-13,0.4774758909379191,7.605145878403474e-05,0.5872797719042323,7.424174810237943,0.7690435267140341,0.21234983447714792
1742113793.93524,1.8004710329736308e-12,0.0,9.238633415849271e-05,1.3418163186418739e-06,7.424199552408183,0.7690488611170991,0.21236109975501047
1742113794.0344489,2.6263685598959504e-12,0.0,0.00010217026906409076,1.6206074663211788e-06,7.424174810285649,0.769043526492819,0.21236777547522545
1742113794.1282117,2.9756128675834446e-13,0.0,5.724439061585486e-05,5.454917843179166e-07,7.424174810285649,0.769043526492819,0.21234333757086746
1742113794.227838,8.679236339992773e-14,0.0,4.130951026166464e-05,2.946054368132532e-07,7.424174810285649,0.769043526492819,0.21235215905829422
1742113794.3280892,3.273212612894884e-13,0.0,5.874325735555929e-05,5.72119971063315e-07,7.424174810285649,0.769043526492819,0.21236729863806736
1742113794.4304864,3.2102618944369417e-13,0.0,5.844103202859951e-05,5.665917308289048e-07,7.424174810285649,0.769043526492819,0.21234780791922567
1742113794.5283113,7.108874165336032e-13,0.0,7.214831611723234e-05,8.431413977107299e-07,7.424174810285649,0.769043526492819,0.21236354354544648
1742113794.6281524,1.312168650812655e-13,0.0,4.610120547713884e-05,3.6223868523566816e-07,7.4241748102823095,0.7690435265083035,0.21236229184790603
1742113794.7317061,1.312168650812655e-13,0.0,4.610120547713884e-05,3.6223868523566816e-07,7.4241748102823095,0.7690435265083035,0.21236312631293308
1742113794.8277106,2.8316339660882583e-13,0.0,5.649375261788485e-05,5.321309957226941e-07,7.424199552383385,0.7690488612321325,0.2123608017317867
1742113794.928047,2.132863932628167e-14,0.0,2.8478324185156917e-05,1.4604327894936372e-07,7.424174810338272,0.7690435262487512,0.21234929803534494
1742113795.0290372,1.6801051210933636e-14,1.9262691322192318e-36,2.6753329823478617e-05,1.2961886903893905e-07,7.424174810338272,0.7690435262487512,0.2123654508940792
1742113795.1277668,2.2409152131571195e-14,1.9262691322192318e-36,2.8870476797496765e-05,1.496968674741432e-07,7.424174810338272,0.7690435262487512,0.2123731398932553
1742113795.2289183,8.52120381343836e-15,1.9262691322192318e-36,2.236112636674182e-05,9.231036677122652e-08,7.424174810338272,0.7690435262487512,0.2123546624533747
1742113795.3308814,6.513023861866563e-15,1.9262691322192318e-36,2.084665612335482e-05,8.07033076265562e-08,7.424174810338272,0.7690435262487512,0.21235853675528515
1742113795.4296708,8.174044525017948e-15,1.9292385956687414e-36,2.212289209044272e-05,9.041042265700314e-08,7.424199552406748,0.7690488611237356,0.21236235145255095
1742113795.5281105,3.97236951278757e-15,1.9262691404102784e-36,1.829448078811377e-05,6.30267364916475e-08,7.424174810315208,0.7690435263556683,0.21235919240637774
1742113795.631069,3.974188929491668e-15,1.9292385777877224e-36,1.829670673604053e-05,6.304116852891979e-08,7.424199552456983,0.7690488608907309,0.21236622575446115
1742113795.7280195,3.685103839156243e-14,1.9262691119918133e-36,3.293093061964468e-05,1.9196624284379386e-07,7.424174810395172,0.7690435259847792,0.21235984805747035
1742113795.8283486,3.685103839156243e-14,6.588855750820816e-192,3.293093061964468e-05,1.9196624284379386e-07,7.424174810395172,0.7690435259847792,0.212366046940527
1742113795.9351397,1.1429638161067996e-13,6.588855750820816e-192,4.4437945126232344e-05,3.3807747870965906e-07,7.424174810395172,0.7690435259847792,0.21235275510474194
1742113796.0286121,3.7417632676332614e-13,6.588855750820816e-192,6.0858098227098004e-05,6.116995396134659e-07,7.424174810395172,0.7690435259847792,0.21236014608069426
1742113796.1295133,6.958530509638302e-13,6.631547460816989e-192,7.179391558975054e-05,8.341780690978577e-07,7.424199552469545,0.7690488608324806,0.2123606825224972
1742113796.2281773,1.065560900034376e-12,6.588855803217621e-192,8.039560294290724e-05,1.032260093210222e-06,7.424174810366239,0.769043526118983,0.21237427238150597
1742113796.3291593,1.4160309328400581e-12,6.588855803217621e-192,8.67066867132608e-05,1.1899709798310453e-06,7.424174810366239,0.769043526118983,0.2123555565230466
1742113796.4281542,7.905406414382515e-15,6.546438729148066e-192,2.1924273478143816e-05,8.891235242857156e-08,7.424150068221124,0.7690381915994049,0.21234154943152436
1742113796.5288987,7.908988782056348e-15,6.588855745630162e-192,2.1926889251104355e-05,8.893249564729615e-08,7.4241748103980285,0.7690435259715063,0.21237725261374474
1742113796.6278777,7.126549727784399e-15,8.097474657117104e-17,2.1342679441062342e-05,8.441889437669981e-08,7.4241748103980285,0.7690435259715063,0.2123650336615657
1742113796.727976,3.768143967514579e-15,8.097474657117104e-17,1.8031322399010098e-05,6.138520968046439e-08,7.4241748103980285,0.7690435259715063,0.21237409356757161
1742113796.827773,2.5728450253585003e-06,1.1476028537879038e-17,0.004282636699502847,0.0016040090477795006,7.424150068251322,0.7690381914593072,0.21234655622168563
1742113796.9280858,3.1882955424683272e-06,2.245276437720604e-104,0.004582215268730706,0.001785579889690833,7.424174810392145,0.7690435259987893,0.21235758308096891
1742113797.0306416,3.970092227229851e-15,2.245276437720604e-104,1.826094746479998e-05,6.300866787379219e-08,7.424174810392145,0.7690435259987893,0.2123554969184016
1742113797.129388,5.778188457223634e-06,2.5474704828573806e-25,0.005473766774406617,0.002403786275279821,7.424174810392145,0.7690435259987893,0.21235937122031215
1742113797.227592,5.162343153907357e-06,1.2928684367910477e-06,0.005302283901562627,0.002272079037777374,7.424174810392145,0.7690435259987893,0.21237021926566116
1742113797.328052,1.3972421327630335e-14,1.2928684367910477e-06,2.544439498730821e-05,5.758629262355017e-05,7.424174810392145,0.7690435259987893,0.2123613977782344
1742113797.4281316,1.6292894798489964e-14,1.2934865712196942e-06,2.6520139416874045e-05,5.7606114791516174e-05,7.424199552480502,0.7690488607816004,0.21235114577933317
1742113797.5283544,3.863484253061369e-14,1.292868434833806e-06,3.332366621065455e-05,5.758629256078177e-05,7.42417481042871,0.7690435258291899,0.21237546447440148
1742113797.6280642,1.6440923271225033e-13,1.292868434833806e-06,4.890417708093821e-05,5.758629256078177e-05,7.42417481042871,0.7690435258291899,0.2123597884528255
1742113797.7295806,2.055652267867433e-13,1.292868434833806e-06,5.189113305901585e-05,5.758629256078177e-05,7.42417481042871,0.7690435258291899,0.21237737182303432
1742113797.83376,1.974560420014931e-13,1.292868434833806e-06,5.133809062027739e-05,5.758629256078177e-05,7.42417481042871,0.7690435258291899,0.21238065007849707
1742113797.9311821,4.5252600150108255e-13,1.292868434833806e-06,6.394096309971408e-05,5.758629256078177e-05,7.42417481042871,0.7690435258291899,0.2123710537306881
1742113798.0304818,5.413282299308223e-13,1.292868434833806e-06,6.705734501714184e-05,5.758629256078177e-05,7.42417481042871,0.7690435258291899,0.21235049012824067
1742113798.1277583,7.399420505935548e-13,1.293486568384988e-06,7.286659420038383e-05,5.760611470061966e-05,7.424199552533452,0.7690488605360599,0.2123654508940792
1742113798.2282107,4.3550020062530596e-13,1.2928684321365809e-06,6.329157796260607e-05,5.7586292474282125e-05,7.424174810479116,0.7690435255954462,0.21235651019736287
1742113798.3281565,4.3550020062530596e-13,1.2928684321365809e-06,6.329157796260607e-05,5.7586292474282125e-05,7.424174810479116,0.7690435255954462,0.21238559726401332
1742113798.429262,7.706634896801822e-13,1.2928684321365809e-06,7.366342114840962e-05,5.7586292474282125e-05,7.424174810479116,0.7690435255954462,0.2123664641730404
1742113798.5330014,1.874178094966742e-12,1.2928684321365809e-06,9.332965098504964e-05,5.7586292474282125e-05,7.424174810479116,0.7690435255954462,0.2123691463820554
1742113798.6300564,1.2921351381537508e-12,1.2928684321365809e-06,8.452789858477457e-05,5.7586292474282125e-05,7.424174810479116,0.7690435255954462,0.21236062291785246
1742113798.7283306,2.48572990592971e-12,1.2922505776648479e-06,0.00010061573498741334,5.756647663188967e-05,7.424150068432411,0.7690381906194439,0.21237528566046715
1742113798.8304012,1.7116050030055094e-12,1.2928684308857974e-06,9.109134659638268e-05,5.758629243416956e-05,7.4241748105024925,0.7690435254870494,0.21237874272986404
1742113798.929066,2.0985562090089352e-13,1.293486571679527e-06,5.2137058388881e-05,5.760611480626086e-05,7.424199552471919,0.7690488608214228,0.2123854780547238
1742113799.0313954,5.922058165327673e-13,1.2928684333701535e-06,6.867578827565176e-05,5.758629251384252e-05,7.424174810456051,0.7690435257023633,0.21236825231238365
1742113799.128036,1.4336210464617772e-12,1.2928684336936038e-06,8.689192930537536e-05,5.758629252421562e-05,7.424174810450012,0.7690435257303871,0.21236598733588208
1742113799.2315714,1.4336210464617772e-12,1.2928684336936038e-06,8.689192930537536e-05,5.758629252421562e-05,7.424174810450012,0.7690435257303871,0.2123712325446225
1742113799.3277378,2.160421227473952e-12,1.2928684336936038e-06,9.6931356725966e-05,5.758629252421562e-05,7.424174810450012,0.7690435257303871,0.21237212661429392
1742113799.4280071,2.160421227473952e-12,1.2928684336936038e-06,9.6931356725966e-05,5.758629252421562e-05,7.424174810450012,0.7690435257303871,0.21236974242850312
1742113799.532375,8.932042333208305e-13,1.2928684336936038e-06,7.6611643668362e-05,5.758629252421562e-05,7.424174810450012,0.7690435257303871,0.2123703980795956
1742113799.6298442,8.802356763948887e-13,1.2928684336936038e-06,7.63128562424891e-05,5.758629252421562e-05,7.424174810450012,0.7690435257303871,0.21236777547522545
1742113799.7365568,1.1200907317877865e-12,1.292868434672291e-06,8.136616788549863e-05,5.7586292555601917e-05,7.424174810431737,0.7690435258151815,0.21236092094107614
1742113799.8283737,1.7632503988391175e-12,1.292868434672291e-06,9.181838598480669e-05,5.7586292555601917e-05,7.424174810431737,0.7690435258151815,0.2123826766364192
1742113799.927761,1.439669984052773e-12,1.292868434672291e-06,8.698682780753762e-05,5.7586292555601917e-05,7.424174810431737,0.7690435258151815,0.21238029245062823
1742113800.0279775,1.1562652314043978e-12,1.2934865683420626e-06,8.205733491758015e-05,5.760611469924324e-05,7.424199552534233,0.7690488605323686,0.21236199382468215
1742113800.1282492,1.8530381874499848e-12,1.2928684339658652e-06,9.30393632051339e-05,5.758629253294701e-05,7.424174810444924,0.7690435257539807,0.212367060219488
1742113800.227891,1.6047249507449225e-12,1.2928684339658652e-06,8.954044150343654e-05,5.758629253294701e-05,7.424174810444924,0.7690435257539807,0.21239096168204324
1742113800.3280835,1.7738219031968454e-12,1.2928684376675525e-06,9.196660502259936e-05,5.7586292651659586e-05,7.424174810375774,0.7690435260747357,0.2123650336615657
1742113800.42834,1.560490380335398e-12,1.2928684376675525e-06,8.888024765030428e-05,5.7586292651659586e-05,7.424174810375774,0.7690435260747357,0.21237588170691507
1742113800.5281763,1.560490380335398e-12,1.2928684376675525e-06,8.888024765030428e-05,5.7586292651659586e-05,7.424174810375774,0.7690435260747357,0.21235472205801958
1742113800.6280591,1.1136251010832877e-12,1.2928684376675525e-06,8.124163218714579e-05,5.7586292651659586e-05,7.424174810375774,0.7690435260747357,0.21236258987112994
1742113800.7280824,1.3294958715374815e-12,1.2934865707090432e-06,8.516163685051848e-05,5.7606114775141794e-05,7.424199552490052,0.7690488607373531,0.2123587751738644
1742113800.8277428,7.845754739049342e-13,1.2928684351232506e-06,7.40148975538863e-05,5.7586292570064116e-05,7.42417481042331,0.7690435258542614,0.21236539128943435
1742113800.9280217,1.371173508349085e-12,1.2928684351232506e-06,8.586823671041192e-05,5.7586292570064116e-05,7.42417481042331,0.7690435258542614,0.2123777890555476
1742113801.0281336,1.802797149750651e-12,1.2928684351232506e-06,9.2364004997595e-05,5.7586292570064116e-05,7.42417481042331,0.7690435258542614,0.21235627177878386
1742113801.1283479,2.199424159222613e-12,1.2928684344338655e-06,9.739343694783166e-05,5.758629254795566e-05,7.424174810436185,0.7690435257945296,0.212351443802557
1742113801.2278807,2.199424159222613e-12,1.2928684344338655e-06,9.739343694783166e-05,5.758629254795566e-05,7.424174810436185,0.7690435257945296,0.2123621726386165
1742113801.3387816,7.634333114102369e-13,1.292868434476435e-06,7.34755765864177e-05,5.7586292549320876e-05,7.424174810435389,0.7690435257982191,0.21236247066184044
1742113801.4278169,7.252018295346914e-13,1.2934865702493275e-06,7.247765869940098e-05,5.7606114760400886e-05,7.424199552498635,0.7690488606975379,0.21237015966101652
1742113801.528224,1.5574471273730967e-12,1.2928684345275666e-06,8.883417624282354e-05,5.7586292550960745e-05,7.424174810434437,0.7690435258026458,0.2123665237776853
1742113801.6282525,1.7042413043023782e-12,1.2928684345275666e-06,9.098702517503079e-05,5.7586292550960745e-05,7.424174810434437,0.7690435258026458,0.21235651019736287
1742113801.7278357,1.1338427342419748e-12,1.2928684319832668e-06,8.162987345826206e-05,5.7586292469365275e-05,7.424174810481972,0.7690435255821715,0.21237433198615072
1742113801.8307095,1.3477308316984186e-12,1.2922505789234488e-06,8.5474228558471e-05,5.75664766722584e-05,7.424150068408878,0.769038190728569,0.21237957719489095
