Timestamp,CI,II,PI,ADI,Robot_X,Robot_Y,Robot_Theta
1742114719.1651518,1.0576828103027358e-15,0.0,1.2686640865815778e-05,3.2522035765042996e-08,-0.05498461037808511,0.6936212269447806,0.04830251454742926
1742114719.2698917,9.924476632071592e-16,0.0,1.243317781684882e-05,3.150313735498671e-08,-0.05498461037808511,0.6936212269447806,0.04829440831573984
1742114719.3645692,1.4168423768180993e-15,0.0,1.3657501768067247e-05,3.7640966735966005e-08,-0.05498461037808511,0.6936212269447806,0.04828725575836672
1742114719.464745,1.2360824540313734e-15,0.0,1.3174883101916197e-05,3.5157964304427147e-08,-0.05500989155903824,0.6936200051697883,0.04830597161682622
1742114719.5703092,1.8643679902527703e-15,0.0,1.4682655800908837e-05,4.317832778434999e-08,-0.05498461039672975,0.6936212273305369,0.04828725575836672
1742114719.670042,1.8643679902527703e-15,0.0,1.4682655800908837e-05,4.317832778434999e-08,-0.05498461039672975,0.6936212273305369,0.048309547895512776
1742114719.7646425,1.5288199786706178e-15,0.0,1.3934671376175253e-05,3.910012760427538e-08,-0.054984610386682675,0.6936212271225859,0.048293097013554664
1742114719.8646214,1.2943655979070388e-15,0.0,1.3335753767477134e-05,3.597729280959087e-08,-0.054984610386682675,0.6936212271225859,0.048305852407536765
1742114719.9645388,1.3881075348755081e-15,0.0,1.358383284412368e-05,3.725731518608806e-08,-0.055009891549360646,0.6936200049693646,0.04830322980316653
1742114720.0646713,8.234970607032637e-16,0.0,1.1836660270583942e-05,2.869663849135058e-08,-0.05498461038159519,0.6936212270171005,0.04830322980316653
1742114720.164786,1.4242477904651534e-15,0.0,1.3676263365843437e-05,3.7739207602507414e-08,-0.05498461038159519,0.6936212270171005,0.048286540502629524
1742114720.2712185,1.4235856306553925e-15,0.0,1.367458641181885e-05,3.7730433745921774e-08,-0.05500989155561342,0.6936200050989578,0.048283441061101176
1742114720.3646908,3.4910835005935584e-15,0.0,1.731690087973841e-05,5.9085391600577195e-08,-0.05500989155372338,0.6936200050597838,0.048286540502629524
1742114720.4648201,3.492685883921182e-15,0.0,1.73189846814956e-05,5.909894993924327e-08,-0.054984610381367816,0.6936212270125877,0.04830418347748297
1742114720.564673,2.4632181135917553e-15,0.0,1.5799529741797594e-05,4.9630818183783304e-08,-0.054984610381367816,0.6936212270125877,0.048306448453984324
1742114720.6648192,3.0009154940572334e-15,0.0,1.6642721300758872e-05,5.4780612392134076e-08,-0.0550098915489059,0.6936200049603327,0.04829059361847423
1742114720.76475,2.975979294023744e-15,0.0,1.6606447735753112e-05,5.455253700813322e-08,-0.05498461037625191,0.6936212269071076,0.048298342222294885
1742114720.8647954,2.975979294023744e-15,0.0,1.6606447735753112e-05,5.455253700813322e-08,-0.05498461037625191,0.6936212269071076,0.04830442189606195
1742114720.9643428,3.329469866865357e-15,0.0,1.7103555491765686e-05,5.770155861729696e-08,-0.054984610379534615,0.6936212269749138,0.04830978631409172
1742114721.0646074,3.048110820802994e-15,0.0,1.6710652459005475e-05,5.5209698611774674e-08,-0.055009891528357,0.6936200045353962,0.04829989194305923
1742114721.1687534,2.7073289808033522e-15,0.0,1.6197803371803917e-05,5.203199958490306e-08,-0.054984610354765096,0.6936212264625832,0.04829977273376948
1742114721.2651305,2.962266469941671e-15,0.0,1.6586055231913742e-05,5.442670732224825e-08,-0.054984610354765096,0.6936212264625832,0.04829369306000246
1742114721.3646204,2.3248817280499304e-15,0.0,1.556144933247842e-05,4.821702736637681e-08,-0.055009891526751176,0.6936200045022485,0.048314912313542575
1742114721.464442,2.3456533499744432e-15,0.0,1.5598314824136625e-05,4.8431945552232804e-08,-0.054984610381211496,0.6936212270095856,0.048326714033208
1742114721.564636,2.3456533499744432e-15,0.0,1.5598314824136625e-05,4.8431945552232804e-08,-0.054984610381211496,0.6936212270095856,0.04829512357147696
1742114721.6652153,2.879748810624044e-15,0.0,1.6462772186006417e-05,5.366329109013017e-08,-0.054984610381211496,0.6936212270095856,0.048294885152897836
1742114721.7647357,3.5497121306495617e-15,0.0,1.7393890231451935e-05,5.957946064416463e-08,-0.054984610381211496,0.6936212270095856,0.048313004964909805
1742114721.86462,3.5480839231360467e-15,0.0,1.7391789221768525e-05,5.9565794908958e-08,-0.05500989153010494,0.6936200045715708,0.048322899335942554
1742114721.970493,2.5907888217598547e-15,0.0,1.6011571481254866e-05,5.08997919618524e-08,-0.05500989154329261,0.6936200048443144,0.04830132245453379
1742114722.0659907,2.5913048450588727e-15,0.0,1.601264646679838e-05,5.090486072133851e-08,-0.05498461038425262,0.6936212270728763,0.048303825849614304
1742114722.1668823,1.3033951860930588e-15,0.0,1.3360525148809991e-05,3.6102564813224265e-08,-0.05498461039722713,0.6936212273410973,0.04832504510315438
1742114722.264836,3.825206864516435e-15,0.0,1.773925821210535e-05,6.184825676214677e-08,-0.05498461039722713,0.6936212273410973,0.04829858064087406
1742114722.368899,4.3839921187740235e-15,0.0,1.8387209485095525e-05,6.621172191367646e-08,-0.05498461039272229,0.6936212272476663,0.0482972693386891
1742114722.4665492,4.381987745948376e-15,0.0,1.8385000162696677e-05,6.61965840957702e-08,-0.05500989155122227,0.6936200050085635,0.048312408918462016
1742114722.5665953,2.6516567048987943e-15,0.0,1.6108173449126835e-05,5.1494239531221297e-08,-0.05498461039657343,0.6936212273275348,0.04831372022064715
1742114722.6642485,1.8820147198133598e-15,0.0,1.4718610187140597e-05,4.338219358000883e-08,-0.05498461039657343,0.6936212273275348,0.04830978631409172
1742114722.7682185,1.7318158547806933e-15,0.0,1.439907037909032e-05,4.161509167093944e-08,-0.05498461038806113,0.6936212271512243,0.04829583882721437
1742114722.8646917,1.137672034469787e-15,0.0,1.2889369827650928e-05,3.372939422032046e-08,-0.05500989155028435,0.693620004988972,0.0482928585949756
1742114722.964466,1.1382029169897246e-15,0.0,1.2890970715917551e-05,3.373726303347272e-08,-0.054984610379023025,0.6936212269643756,0.04830537557037845
1742114723.064839,1.6683389014424188e-15,0.0,1.4258939515537616e-05,4.084530452135739e-08,-0.0550098915451116,0.6936200048819847,0.04830561398895761
1742114723.1645186,1.3624903311675468e-15,0.0,1.3518039371605792e-05,3.691192667915815e-08,-0.0550098915451116,0.6936200048819847,0.04831765412720217
1742114723.2694201,2.0681677806823547e-15,0.0,1.5089323220061094e-05,4.547711271268609e-08,-0.0549846103774172,0.6936212269312279,0.04830537557037845
1742114723.365643,1.8999642607148735e-15,0.0,1.4756992159853653e-05,4.358857947576261e-08,-0.055009891544173684,0.6936200048623933,0.04829166650208014
1742114723.464515,1.9008442776326753e-15,0.0,1.4758774889429839e-05,4.3598672888434065e-08,-0.054984610376038745,0.693621226902593,0.04829166650208014
1742114723.564408,1.997180069156581e-15,0.0,1.4950855448405047e-05,4.468982064359378e-08,-0.055009891526253796,0.6936200044917005,0.04830799817474868
1742114723.6647372,1.7904497892450816e-15,0.0,1.4526695702162021e-05,4.231370687194732e-08,-0.055009891515908294,0.6936200042777241,0.048324925893864834
1742114723.7647545,1.2024601226727666e-15,0.0,1.3080212165698311e-05,3.4676506783019056e-08,-0.05498461036316371,0.693621226635873,0.04831574677856935
1742114723.8644354,1.7502447420896132e-15,0.0,1.4440265255573886e-05,4.1835926451909886e-08,-0.05498461036316371,0.693621226635873,0.04831789254578127
1742114723.9647534,2.6183586884394415e-15,0.0,1.605607313976936e-05,5.1169900219166356e-08,-0.05498461036316371,0.693621226635873,0.04831181287201414
1742114724.0646763,2.618358688544241e-15,0.0,1.6056073139939248e-05,5.116990022019039e-08,-0.05498461037102231,0.6936212267986184,0.04832468747528582
1742114724.1645696,2.0981789617078976e-15,0.0,1.514729331597565e-05,4.580588348354278e-08,-0.05498461037102231,0.6936212267986184,0.048308713430485775
1742114724.2647448,1.7176121391037547e-15,0.0,1.4369428122002363e-05,4.144408448866683e-08,-0.05500989151583724,0.6936200042762204,0.04833100556763201
1742114724.3648286,1.7184088880095145e-15,0.0,1.4371171985892638e-05,4.1453695709906427e-08,-0.05498461037393554,0.6936212268588973,0.04831860780151872
1742114724.464583,1.5705863380607651e-15,0.0,1.4034092813345027e-05,3.9630623740496003e-08,-0.05500989151488511,0.6936200042566307,0.048322064870915636
1742114724.564738,2.0033252150454623e-15,0.0,1.4963372357484456e-05,4.4758521144531376e-08,-0.054984610364897435,0.693621226672045,0.04830835580261729
1742114724.6645942,1.939557287986208e-15,0.0,1.4836699051179718e-05,4.4040405175091295e-08,-0.0549846103716618,0.6936212268121889,0.0483169388714648
1742114724.7650301,1.939557288023928e-15,0.0,1.483669905125395e-05,4.4040405175519536e-08,-0.05498461037566926,0.6936212268950657,0.048323495382390294
1742114724.86489,1.2082468258239814e-15,0.0,1.3096336132878726e-05,3.4759845020137555e-08,-0.055009891516263565,0.6936200042852656,0.048327071661076734
1742114724.9650729,1.625463663258566e-15,0.0,1.4161782651151189e-05,4.031703936623529e-08,-0.05498461038048674,0.6936212269945159,0.04832564114960203
1742114725.0644822,1.788139108052481e-15,0.0,1.4522333564282907e-05,4.2286393888016526e-08,-0.05500989151285296,0.6936200042144387,0.04830919026764418
1742114725.164686,1.812820024190976e-15,0.0,1.4574796202240475e-05,4.2577224242439474e-08,-0.05498461037429081,0.6936212268664335,0.04832218408020522
1742114725.2672358,1.7178415406450717e-15,0.0,1.4369942519950215e-05,4.1446851999217884e-08,-0.05498461037429081,0.6936212268664335,0.04830656766327405
1742114725.3649921,1.7075049012315422e-15,0.0,1.4347358338544908e-05,4.132196632823204e-08,-0.05498461037429081,0.6936212268664335,0.048327786916814004
1742114725.469965,1.707504901211657e-15,0.0,1.4347358338503511e-05,4.1321966327991427e-08,-0.05498461037211655,0.6936212268212278,0.048323733800969194
1742114725.5648232,2.067488733117049e-15,0.0,1.5088170907186771e-05,4.546964628317499e-08,-0.05498461037211655,0.6936212268212278,0.04831038236053955
1742114725.6644409,2.559303228360421e-15,0.0,1.5959635758160273e-05,5.058955651476321e-08,-0.05498461036350477,0.693621226643419,0.048296315664372445
1742114725.7646706,2.616244325755462e-15,0.0,1.6052718196395318e-05,5.114923582767842e-08,-0.05498461036991387,0.6936212267760267,0.04830680608185308
1742114725.8651865,1.2826150266031447e-14,0.0,2.4418863717068613e-05,1.1325259496378637e-07,-0.05498461036991387,0.6936212267760267,0.048303825849614304
1742114725.9647076,3.577869809806088e-14,0.0,3.1897650608494294e-05,1.8915257888292425e-07,-0.05498461036991387,0.6936212267760267,0.04830573319824714
1742114726.0652153,2.311951881116587e-14,0.0,2.8419531754119504e-05,1.520510401515421e-07,-0.05500989152297109,0.6936200044238978,0.04831348180206777
1742114726.164586,4.974773404558978e-14,0.0,3.480775077885259e-05,2.2304200063124833e-07,-0.054984610370055975,0.6936212267790411,0.04830489873322035
1742114726.2645574,5.865792097423934e-14,0.0,3.63603545772783e-05,2.42193973860291e-07,-0.055009891530914956,0.6936200045881495,0.048300249570927815
1742114726.364766,5.868368069885228e-14,0.0,3.636458910961851e-05,2.422471479684586e-07,-0.05498461037196023,0.6936212268182187,0.048308594221196266
1742114726.4714537,5.400708194464375e-14,0.0,3.5574779517699354e-05,2.323942381915777e-07,-0.05498461037196023,0.6936212268182187,0.04831217049988286
1742114726.5643058,8.526442613208785e-14,0.0,4.0149996465088514e-05,2.920007296773209e-07,-0.05500989152798752,0.693620004527876,0.048310859197697745
1742114726.6643271,8.215729396505424e-14,0.0,3.9756386760888497e-05,2.8663093685967367e-07,-0.05500989152798752,0.693620004527876,0.048315150732121476
1742114726.7671075,5.937588301080223e-14,0.0,3.6481680429150725e-05,2.436716705134231e-07,-0.05498461035199398,0.6936212264053339,0.04829595803650399
1742114726.8645127,1.0296343922009636e-13,0.0,4.2206311788725665e-05,3.2087916607361155e-07,-0.05498461036482638,0.6936212266705413,0.0483169388714648
1742114726.968021,6.672136054480884e-14,0.0,3.762912064423077e-05,2.5830478227243265e-07,-0.05500989152100999,0.693620004383213,0.04831348180206777
1742114727.0657282,1.2404748087788343e-13,0.0,4.433665598597186e-05,3.522037490968593e-07,-0.054984610370055975,0.6936212267790411,0.04830847501190669
1742114727.16463,8.586311549368613e-14,0.0,4.02247780728029e-05,2.930240868831198e-07,-0.05500989151400404,0.6936200042385519,0.04830680608185308
1742114727.2670012,6.943705764192159e-14,0.0,3.802390024350493e-05,2.6350912250227995e-07,-0.0549846103651106,0.6936212266765667,0.048327071661076734
1742114727.3647382,6.940666186850873e-14,0.0,3.801948833230371e-05,2.634514411964921e-07,-0.05500989150438329,0.6936200040396452,0.048327071661076734
1742114727.4646325,6.213641865724059e-14,0.0,3.692297280421923e-05,2.4927177669612057e-07,-0.05498461035453772,0.6936212264580739,0.04831097840698742
1742114727.564346,8.784717112422445e-14,0.0,4.0467055335137884e-05,2.963902345291161e-07,-0.05498461035205082,0.6936212264068438,0.0483069252911426
1742114727.664736,5.556970651762551e-14,0.0,3.5845647531944365e-05,2.35732277207907e-07,-0.05498461037333868,0.6936212268468482,0.04834173440369137
1742114727.7663906,4.5638733051967344e-14,0.0,3.402293306269201e-05,2.1363223785741548e-07,-0.05498461037333868,0.6936212268468482,0.04832540273102289
1742114727.8646317,4.267797044987555e-14,0.0,3.342453713761689e-05,2.0658647208826513e-07,-0.05498461037333868,0.6936212268468482,0.048326356405339436
1742114727.9646919,4.2677970449909513e-14,0.0,3.3424537137625926e-05,2.0658647208834732e-07,-0.054984610365252706,0.6936212266795811,0.048313124174199286
1742114728.0703504,5.381541760822005e-14,0.0,3.5541803748352796e-05,2.319815027286013e-07,-0.054984610365252706,0.6936212266795811,0.04833219766052749
1742114728.1665576,5.381541760818181e-14,0.0,3.5541803748331106e-05,2.3198150272851886e-07,-0.05498461036052049,0.6936212265816373,0.04832444905670651
1742114728.2647257,5.1189702536086626e-14,0.0,3.507514855576277e-05,2.2625141443996903e-07,-0.05500989150336011,0.6936200040185518,0.048318130964360495
1742114728.3647249,7.625047051597224e-14,0.0,3.897767158260896e-05,2.7613487739865863e-07,-0.05498461035155344,0.6936212263962922,0.04831038236053955
1742114728.4662335,7.699011929482031e-14,0.0,3.907813993647787e-05,2.7747093414413754e-07,-0.05498461035155344,0.6936212263962922,0.04831372022064715
1742114728.5651853,7.699011929482031e-14,0.0,3.907813993647787e-05,2.7747093414413754e-07,-0.05498461035155344,0.6936212263962922,0.04832599877747081
1742114728.664347,6.135764811259372e-14,0.0,3.679986982238928e-05,2.477047599716116e-07,-0.05498461035155344,0.6936212263962922,0.04832063435944091
1742114728.7645783,8.058693068312123e-14,0.0,3.955386330096438e-05,2.838783730457839e-07,-0.0549846103427285,0.6936212262139652,0.04830621003540523
1742114728.8649638,8.384895477461303e-14,0.0,3.997213405248809e-05,2.895668399085314e-07,-0.055009891500944263,0.6936200039688325,0.04829154729279064
1742114728.9647164,1.1073494652556233e-13,0.0,4.302539708789099e-05,3.3276860808309776e-07,-0.05498461033704416,0.6936212260964343,0.048295361990056206
1742114729.064716,7.277177844025089e-14,0.0,3.849969414046674e-05,2.697624481655126e-07,-0.05500989150226587,0.6936200039959548,0.04830537557037845
1742114729.1645815,7.280362303415909e-14,0.0,3.8504123819718987e-05,2.6982146511009664e-07,-0.05498461034352431,0.6936212262305492,0.04830108403595448
1742114729.264332,4.6321544194000017e-14,0.0,3.415883702915518e-05,2.1522440427144879e-07,-0.05500989150175428,0.6936200039854166,0.04831038236053955
1742114729.366092,5.938788624458788e-14,0.0,3.6481159312238754e-05,2.436962992016659e-07,-0.05500989150175428,0.6936200039854166,0.048315389150700674
1742114729.4647858,4.582794114006084e-14,0.0,3.4060781696792395e-05,2.1407461582369089e-07,-0.05500989149794577,0.6936200039070641,0.04832158803375747
1742114729.5654747,5.917583420410333e-14,0.0,3.644663408594891e-05,2.432608357383147e-07,-0.05500989149794577,0.6936200039070641,0.04833160161407956
1742114729.6648438,5.920181767130754e-14,0.0,3.645087801388994e-05,2.433142364747849e-07,-0.054984610349919194,0.6936212263631623,0.04831348180206777
1742114729.7709022,5.017580531792771e-14,0.0,3.488903835119287e-05,2.239995654413814e-07,-0.054984610349919194,0.6936212263631623,0.048326356405339436
1742114729.8644183,5.521192808826752e-14,0.0,3.578461915181474e-05,2.3497218577582226e-07,-0.055009891495984675,0.6936200038663793,0.048322541708073784
1742114729.9646883,6.390556638355605e-14,0.0,3.7195437168752254e-05,2.5279550309203694e-07,-0.05498461035779201,0.6936212265259076,0.04831920384796623
1742114730.0647545,4.855839129183133e-14,0.0,3.45868140042434e-05,2.2035968617655845e-07,-0.05498461035779201,0.6936212265259076,0.04833088635834224
1742114730.16706,5.3568871170872605e-14,0.0,3.549888737943386e-05,2.3144950026058083e-07,-0.05498461036260949,0.6936212266253543,0.048338754171452634
1742114730.2647212,5.356887117087013e-14,0.0,3.549888737942431e-05,2.3144950026057548e-07,-0.05498461036027891,0.6936212265771333,0.048334939474187
1742114730.3645267,5.842539336113653e-14,0.0,3.6324525930434206e-05,2.4171345299990343e-07,-0.05498461036027891,0.6936212265771333,0.048336369985661584
1742114730.4651778,6.786934170835778e-14,0.0,3.779344085505181e-05,2.605174499114364e-07,-0.05498461035867308,0.6936212265439856,0.04833374738129148
1742114730.5647697,4.5994140323633387e-14,0.0,3.4093772234165605e-05,2.1446244501924663e-07,-0.05500989148264068,0.6936200035906186,0.04832969426544672
1742114730.664639,4.5994140323605934e-14,0.0,3.409377223415469e-05,2.1446244501918263e-07,-0.05500989147580526,0.6936200034489666,0.04834089993866462
1742114730.764669,5.842224998027824e-14,0.0,3.6323358482413063e-05,2.4170695062467326e-07,-0.05498461035146818,0.693621226394801,0.04832874059113039
1742114730.8649008,4.9234343113032505e-14,0.0,3.471284772129341e-05,2.2188813197878004e-07,-0.05500989147580526,0.6936200034489666,0.04834018468292732
1742114730.9672513,4.351496097896478e-14,0.0,3.359707274094729e-05,2.086023992646412e-07,-0.0549846103562146,0.6936212264927448,0.04832945584686776
1742114731.0718427,5.1791764053462e-14,0.0,3.518405129907219e-05,2.2757803947978372e-07,-0.05500989149257407,0.6936200037955436,0.048323256963811075
1742114731.1648712,5.058735460638845e-14,0.0,3.496460170588487e-05,2.2491632801197082e-07,-0.05500989148879398,0.6936200037171858,0.048308594221196266
1742114731.2647347,5.0609624079189414e-14,0.0,3.4968696788184e-05,2.2496582869224698e-07,-0.05498461032408386,0.6936212258282124,0.04832587956818131
1742114731.3726544,7.31190438807894e-14,0.0,0.00010682491674731584,2.70405332567221e-07,-0.05470650403258048,0.693634387240456,0.04629836797150147
1742114731.4649842,3.017728307772124e-14,0.0,8.759377303117468e-05,1.7371609907467194e-07,-0.05073535122195949,0.6937766900239861,0.021315677160344215
1742114731.5647528,8.15835815316145e-14,0.0,0.0001045394276100438,2.856283976281324e-07,-0.0466101350814796,0.6938359579978144,0.00741682767303978
1742114731.6644244,4.2914494612405446e-14,0.0,9.009219741282281e-05,2.0715813914110506e-07,-0.035247214847501596,0.6936654317040922,-0.017534272676386648
1742114731.7730143,5.914822000167771e-14,0.0,0.00010172992939694363,2.432040706930657e-07,-0.01846685824243366,0.6935594604064033,0.006527884000859421
1742114731.8708608,1.1176914726982092e-13,0.0,0.00011713021011527033,3.343189304688278e-07,-0.0002722719286936126,0.6939171829872164,0.029289348119817003
1742114731.964671,3.2970141306599885e-13,0.0,0.00014935208978400649,5.741963192724235e-07,0.00683575130537406,0.6941638767034357,0.040095551008305856
1742114732.068888,4.4308835040371674e-13,0.0,0.00015924885734960222,6.656488191259087e-07,0.024396837096006152,0.6951808709043705,0.06830559491547124
1742114732.1645362,2.3206572094717784e-13,0.0,0.00013817087793042832,4.817320011657704e-07,0.04968534187500495,0.6974038540957501,0.10400591611298089
1742114732.2647495,2.512972400219811e-13,0.0,0.00013450391462002613,5.012955615422713e-07,0.06763287455356704,0.6995174379431051,0.12646363496216317
1742114732.3684,4.034273774397033e-13,0.0,0.00014883518534474348,6.351593323251287e-07,0.08461629380171587,0.7019742259918429,0.15596566914948018
1742114732.47083,3.7613374641238786e-13,0.0,0.00014790275341846062,6.132974371480675e-07,0.09783573022566827,0.7042520547625628,0.1875239443722583
1742114732.564814,5.667448382097332e-13,0.0,0.00016797090970616056,7.528245733301572e-07,0.11530738452145783,0.7077501672881334,0.21192656278046146
1742114732.66784,7.691769381744713e-13,0.0,0.00017991455456459903,8.770273303463645e-07,0.1334074362387554,0.711822121732216,0.23522506474884522
1742114732.7651765,1.3288224680383654e-12,0.0,0.00020293113170144893,1.1527456215654716e-06,0.15153582456764525,0.7163244176861898,0.2529614996853688
1742114732.8753822,1.7867972406643795e-12,0.0,0.0002169825163385765,1.336711352785028e-06,0.16987130306138454,0.7213359395053107,0.27581177472504154
1742114732.970214,3.516435662489603e-12,0.0,0.00025379521250864563,1.8752161642033707e-06,0.22144835946464525,0.7341934668781764,0.3225743439018047
1742114733.0647843,5.410038804042008e-12,0.0,0.0002772949515699537,2.3259490114880007e-06,0.23541652610568065,0.7390281416868412,0.34558960459821586
1742114733.1665144,7.267740118352946e-12,0.0,0.0002852079594779019,2.6958746481156994e-06,0.2535022572495649,0.7457269280103542,0.36778768561475617
1742114733.2642932,8.171948673642314e-12,0.0,0.00030501755367913486,2.858662042572069e-06,0.271395136826726,0.7527885221065542,0.38567301295392875
1742114733.3690867,2.183601999884983e-11,0.0,0.0003522236484268507,4.672902738004487e-06,0.28906867062949004,0.7602529797179001,0.40858336947553514
1742114733.4646907,1.0218500271534712e-11,0.0,0.00031931228531091485,3.1966389022744987e-06,0.3068710226757787,0.7682455839111411,0.4312575723945416
1742114733.5663128,1.0950547291518744e-11,0.0,0.00031140183220892015,3.309161115980717e-06,0.32101546215847065,0.7749238409070989,0.45414837859266144
1742114733.6646848,1.4489440524292348e-11,0.0,0.00034516883518927497,3.806499773320937e-06,0.338381510292848,0.7836004644610624,0.47780236266248555
1742114733.7644775,1.7612995997560084e-11,0.0,0.0003603723020571618,4.196784006541209e-06,0.3550307977579479,0.7923985650717693,0.49574216864698295
1742114733.867504,3.3630212384002163e-12,0.0,0.00025086672883748606,1.8338542031470813e-06,0.3747756756744991,0.8016896317771884,0.542308251343014
1742114733.9647775,5.505495389777164e-12,0.0,0.0002800028401057582,2.3463792084352357e-06,0.392174945744884,0.8124847368995223,0.5639707250216028
1742114734.0652192,7.183982083347985e-12,0.0,0.0002970557509803712,2.6802951485513653e-06,0.40800394584495336,0.8227781689197684,0.5848120851137658
1742114734.1647453,6.848370139617504e-11,0.0,0.0004921532762301483,8.275487985380382e-06,0.4213169527253058,0.8317823186574635,0.6063768071749233
1742114734.2700646,2.0796647839734272e-11,0.0,0.00037886768074577417,4.560334180708062e-06,0.4314558964738069,0.8388809176566312,0.6152522964098472
1742114734.3678792,3.09912305226368e-11,0.0,0.00041445430900222157,5.566976784812094e-06,0.45513654295157835,0.8561510652954389,0.6408876580812954
1742114734.4646535,4.085877756938409e-11,0.0,0.00044105052393779524,6.392087105897736e-06,0.47163680379992456,0.8686987943307916,0.6562101049044153
1742114734.565464,4.5478154052189877e-11,0.0,0.00045182273164173504,6.743749257808291e-06,0.47805313922476955,0.8736829575031724,0.664648215255978
1742114734.6665258,6.637321193378452e-11,0.0,0.0004901185528122018,8.1469756311029e-06,0.5008074340223487,0.8918340535777265,0.6851654452898526
1742114734.764611,8.636502334502356e-11,0.0,0.0005202062447742205,9.29327839597112e-06,0.5167596088901263,0.9049922870908489,0.6960949105837366
1742114734.8654323,1.1159773968537765e-10,0.0,0.0005515392999207324,1.0563983135417135e-05,0.5323874851045645,0.9181443946985368,0.7044526738741421
1742114734.9670305,1.437152318560967e-10,0.0,0.0005818914017535235,1.1988128788768357e-05,0.547899564670999,0.9315491995002141,0.7178136510469936
1742114735.064737,1.5893344939135224e-10,0.0,0.0005954101199226323,1.2606881033441707e-05,0.5540998332160427,0.9369934950068188,0.7233232659914514
1742114735.164735,1.510947503028777e-10,0.0,0.0005719179222613169,1.2292060457989852e-05,0.5494506928584855,0.9491857474564931,0.7547656590211609
1742114735.2668495,1.9258319261381891e-10,0.0,0.0006224229174152969,1.387743465536116e-05,0.5644171253595545,0.9633817339723922,0.7654284531343198
1742114735.3691053,2.2218711310056597e-10,0.0,0.0006215577821823212,1.4905942207742722e-05,0.5732864512606568,0.9719416892723824,0.7698715025651673
1742114735.4649212,3.0758447637358507e-10,0.0,0.0006890005948012107,1.7538086451308908e-05,0.5936086662192821,0.9918865289251961,0.7812838846910217
1742114735.5675375,3.83933879937429e-10,0.0,0.0007043015485175897,1.959423078197838e-05,0.6075890799262282,1.0058617568918446,0.7874059969651916
1742114735.6695473,4.821238449801264e-10,0.0,0.0007626923429644075,2.1957318711084156e-05,0.6220657457669603,1.0204857971062609,0.7927180821168638
1742114735.764897,5.7005964349383e-10,0.0,0.0007879309977997745,2.3875921835477473e-05,0.6327960647703179,1.0314104041361603,0.7955807739961364
1742114735.8645742,6.513823968957362e-10,0.0,0.0007920221870004517,2.552219420221812e-05,0.6413893372255046,1.0401767065966183,0.7951497132051208
1742114735.9656062,8.738433380392815e-10,0.0,0.0008685734094608939,2.9560841294511247e-05,0.6604915692466733,1.0596947317055552,0.7968040997255065
1742114736.0647404,1.0654046002794016e-09,0.0,0.0009093037059386167,3.2640536151837356e-05,0.6735150429041141,1.0730145019996495,0.7958489948976257
1742114736.168671,1.3250408995628848e-09,0.0,0.0009295793713394685,3.6401111240769626e-05,0.6879751454662681,1.0878322813025765,0.7994046503770569
1742114736.264721,1.5545486299100936e-09,0.0,0.0009943905788437507,3.9427764708515925e-05,0.6986533258394445,1.098843144232701,0.8015896374452333
1742114736.365203,1.915171363171352e-09,0.0,0.0010105979206940958,4.37626708870854e-05,0.7127177431307814,1.1133396368963187,0.7991183096635558
1742114736.4669445,2.3625873714138186e-09,0.0,0.0010357401219089548,4.860645400987217e-05,0.7270108237603949,1.1280727282522331,0.802112966226361
1742114736.565099,3.07245539971095e-09,0.0,0.0011597731716759493,5.542973389536477e-05,0.7449509714433304,1.1508318730989409,0.8163638644114152
1742114736.6646113,3.6996159933107294e-09,0.0,0.0011768928818106596,6.082446870553601e-05,0.7578855687407327,1.1646222295407398,0.8177248768702167
1742114736.765603,4.465529174718473e-09,0.0,0.001261984044638555,6.682461503606641e-05,0.7711149342679562,1.1787260427889397,0.8175348572626728
1742114736.8655314,5.1472660329220036e-09,0.0,0.001304248912272674,7.174444949208268e-05,0.7811922088821746,1.1894358598817991,0.8124990992441785
1742114736.9652045,6.2626533088649135e-09,0.0,0.001333907367554081,7.913692759303279e-05,0.7952326720191536,1.2042010167649213,0.8088177971735614
1742114737.0646303,7.534769861531078e-09,0.0,0.0014293262767042202,8.680305214409848e-05,0.8086076116437226,1.2182018787305289,0.8074935011759418
1742114737.1651,9.045546500358186e-09,0.0,0.0014480151721420927,9.510807799739298e-05,0.8219595084069482,1.2320141953098247,0.7978741459742208
1742114737.2641592,1.0585822081994906e-08,0.0,0.001470961740385727,0.00010288742431412552,0.8335566930985436,1.2438257463704012,0.7918042473688736
1742114737.3669481,1.2697882668599246e-08,0.0,0.0016051315830033783,0.00011268488216526317,0.8470999291753287,1.2575218541937527,0.789083414544167
1742114737.4658988,1.5268939547793538e-08,0.0,0.0016365996060445718,0.0001235675505454144,0.860966892432117,1.2713957293695124,0.7802869610682146
1742114737.5668797,1.8461114525498647e-08,0.0,0.0017486999870330933,0.00013587168404600956,0.8753937032022918,1.285639898510789,0.7776654295817033
1742114737.6646192,2.1881623045575682e-08,0.0,0.0018219951549232139,0.00014792438286359582,0.888441497788719,1.2983984459636968,0.771765761841835
1742114737.7692828,2.632766808283759e-08,0.0,0.0018564610015759427,0.00016225802933241112,0.9027811507445449,1.3122245147221534,0.7650359206095354
1742114737.8647668,2.8306111351448966e-08,0.0,0.0019344955478591702,0.00016824420153886127,0.9084395303452624,1.3176602634670687,0.7656308941736834
1742114737.9646301,3.579554290069184e-08,0.0,0.0019911595281610927,0.00018919710066671699,0.9269366276583781,1.3354156125547867,0.762282305230202
1742114738.0646734,4.369564424234383e-08,0.0,0.002129783056773969,0.00020903503113675427,0.9438236540639622,1.3733945122345954,0.7799949091768087
1742114738.164631,5.172232218942807e-08,0.0,0.002216300932823777,0.00022742542115917488,0.9575799809040859,1.3869126820384636,0.7732476633882345
1742114738.2644796,6.16894103415081e-08,0.0,0.002261655789784632,0.0002483735298728673,0.9720971093390887,1.400846212903975,0.7597760599946797
1742114738.3648007,7.048381572929521e-08,0.0,0.0022892388837795854,0.00026548788245284416,0.9831732774438535,1.4112728068398095,0.7508952063417255
1742114738.465165,8.494945180535e-08,0.0,0.002482265802202512,0.0002914608924115721,0.9988272379878822,1.4256969215795525,0.738348667035085
1742114738.5653982,9.799916452989063e-08,0.0,0.0025264004561566,0.00031304818244144245,1.010922378001041,1.4366239218376577,0.7308726948594865
1742114738.6647134,1.1713140407687448e-07,0.0,0.002676508011369563,0.00034224465529336537,1.0261554419522128,1.4501552639519204,0.7235602778291524
1742114738.7652793,1.3769635880222707e-07,0.0,0.0027369937615961256,0.0003710746000499456,1.040107513448504,1.4623455594250068,0.7142682713365376
1742114738.8644078,1.5831345848789798e-07,0.0,0.0028269660340749713,0.00039788623812328315,1.0522438318716922,1.4727662956544325,0.7050265711641132
1742114738.964577,1.8648983571903992e-07,0.0,0.002990255600980494,0.0004318446893491223,1.0666195421703435,1.4849689508004733,0.7013033074235739
1742114739.0645652,2.182768269745398e-07,0.0,0.003060646955180833,0.0004672010562643666,1.0805678395797855,1.4966970199771321,0.6967120808458148
1742114739.1645708,2.5982696670962834e-07,0.0,0.003139188916371919,0.0005097322500191922,1.0961645335421366,1.5096496844270728,0.6903103035783588
1742114739.2647018,3.049078563483556e-07,0.0,0.0033656801741562274,0.0005521846216152308,1.1106290381375459,1.5215088282644071,0.6842624586915792
1742114739.3646753,3.6013723418385254e-07,0.0,0.0034490249133162848,0.0006001143509230991,1.1258213876669885,1.533756592797932,0.6748161953782859
1742114739.465181,3.571735649512887e-07,0.0,0.0033980486057209056,0.0005976399961107763,1.1288368633888268,1.5639487813985458,0.6809219205536504
1742114739.5644462,4.138727441997149e-07,0.0,0.0036235632569406335,0.0006433294212141357,1.1425981878910818,1.5750276926605498,0.6717099034943242
1742114739.6647363,4.814466181222998e-07,0.0,0.0037051832087660634,0.0006938635443099023,1.1568363561179495,1.586239101387493,0.6614195192017215
1742114739.76467,5.663079375086459e-07,0.0,0.003901691997260691,0.0007525343430758798,1.1722511392656543,1.5981230093349144,0.6539247119583745
1742114739.8646193,6.633138001142634e-07,0.0,0.004049558942331268,0.0008144407898148664,1.1874028978588456,1.6096007685298677,0.645062335745301
1742114739.9645834,7.864892260182977e-07,0.0,0.0041653804715950605,0.0008868422779831246,1.2038892816408122,1.6219148081687838,0.6397613370575567
1742114740.0695326,8.926187609873613e-07,0.0,0.0043510352463598705,0.0009447850342735967,1.2162643475040085,1.6311047730080226,0.6371748531021734
1742114740.1648676,1.051028835578494e-06,0.0,0.004469012275661111,0.0010251969740388887,1.2323878247779732,1.6429733488920704,0.6309714400925295
1742114740.2647836,1.2385931149434339e-06,0.0,0.004594514211330705,0.00111292098324339,1.2487651506369843,1.6548807454126564,0.6250910842575687
1742114740.3645012,1.4443442375975817e-06,0.0,0.004877446104773666,0.0012018087358633993,1.2642423947759625,1.6659592543059247,0.6188172185578006
1742114740.4646902,1.6445499033458757e-06,0.0,0.004975245487579449,0.0012824000558896882,1.2774382937528515,1.6753107750919671,0.6142819011368411
1742114740.5646808,1.9220029764222203e-06,0.0,0.005225014721201285,0.0013863632195143596,1.2934431350422813,1.6865642261628189,0.6100657069840092
1742114740.665676,2.2196679753508293e-06,0.0,0.005353004412821627,0.0014898550182319181,1.3083773006290613,1.696963817166548,0.605773934141602
1742114740.7646246,2.595479021855192e-06,0.0,0.005557751870927651,0.0016110490439012687,1.3247573620227797,1.708209500858322,0.5994941079773566
1742114740.8648398,2.3689785140257048e-06,0.0,0.005500390642875657,0.0015391486328570432,1.3200231505766595,1.7251395513396357,0.6142052509207684
1742114740.9645007,2.7620979391210122e-06,0.0,0.005529096118308569,0.0016619560581197723,1.3364288843451106,1.7366589377347683,0.6106523372549967
1742114741.0645895,3.0760449867149528e-06,0.0,0.0056178071936954085,0.0017538657265352307,1.3480418084206889,1.7447412999448115,0.6051236488242104
1742114741.1646254,3.4875376355829436e-06,0.0,0.006033120482714316,0.001867495016213683,1.3617028941874878,1.7541785245531347,0.6035206415076213
1742114741.26456,4.0171894306959284e-06,0.0,0.006183912908070557,0.0020042927507467386,1.377248664105167,1.7648506589327315,0.597780833425041
1742114741.3652444,4.688377604733971e-06,0.0,0.006360782317196019,0.002165266174107463,1.3944063141128566,1.7764384069937318,0.5928890802283246
1742114741.4653778,5.391456139421411e-06,0.0,0.006701334783108155,0.0023219509338961945,1.4101080185327532,1.786970932328634,0.5901252128500896
1742114741.5646915,6.03875660521262e-06,0.0,0.006828619379715842,0.002457388167386793,1.4229872601538034,1.795577285364887,0.58594823855352
1742114741.6656082,6.95810064020825e-06,0.0,0.007125341635304459,0.00263782119185669,1.4392420005608386,1.8063296510609117,0.5841454364676434
1742114741.7661223,7.548833439548175e-06,0.0,0.007209823536176904,0.0027475140471976073,1.4486838337178085,1.8125630766822365,0.5828684665579751
1742114741.8661425,9.161587235477927e-06,0.0,0.007557367868639606,0.003026811397407828,1.471371607069912,1.8273985803359114,0.5756642915625527
1742114741.9646828,1.044026658419915e-05,0.0,0.007861911585288914,0.0032311401368865372,1.4868778090477974,1.83739932236597,0.5714957811255414
1742114742.0646331,1.1671331532748578e-05,0.0,0.00801992140180293,0.003416333053545655,1.5002442398423312,1.8459543646176133,0.566823253812309
1742114742.1649683,1.3452647091460345e-05,0.0,0.008246322306901768,0.003667785038883869,1.5174658323427934,1.8568902420279745,0.5640047885794599
1742114742.2645519,1.3844417062379954e-05,0.0,0.008427769706707552,0.0037208086570502323,1.5364419407038525,1.908722783968141,0.5852680569850646
1742114742.3647733,1.617500783362634e-05,0.0,0.008754681560800453,0.004021816484329728,1.5564130057668137,1.9218393602629575,0.5790380603038512
1742114742.4646995,1.8014951303731804e-05,0.0,0.008872231896354337,0.004244402349416441,1.5703867392471125,1.930853873654975,0.5703200465404233
1742114742.564892,2.0373638777861284e-05,0.0,0.009259832289854523,0.004513716736555506,1.5864739926499993,1.9410262397990934,0.5595246916972836
1742114742.6650684,2.2571315930226958e-05,0.0,0.009494528929403208,0.004750927902023663,1.599956395643133,1.9493490638606303,0.5451037055217467
1742114742.7653036,2.43733559096001e-05,0.0,0.00967225086476519,0.004936937908218018,1.6101146163322255,1.9554910792907236,0.5425374871455869
1742114742.8651083,2.896787641138349e-05,0.0,0.010036941573489194,0.005382181380386905,1.6331922226884217,1.9692239408737287,0.5327897435390194
1742114742.9647706,3.2938921863273274e-05,0.0,0.010359151169446216,0.005739244014961663,1.6505742406217223,1.9793609229368343,0.5242683058940611
1742114743.065035,3.714877962486461e-05,0.0,0.010724280962156853,0.006094979870751388,1.6670071033509544,1.9887627917037882,0.5162034398280819
1742114743.1642847,4.1082941161469896e-05,0.0,0.010941465466642257,0.006409597581866579,1.6808700874733233,1.9965390745315865,0.5059768325053892
1742114743.2676435,4.4425024325297895e-05,0.0,0.011201959987935151,0.006665209998589534,1.6917082034600526,2.0025159909559918,0.5019683009349544
1742114743.364592,5.252982933863644e-05,0.0,0.011674848447930595,0.0072477465007156835,1.7151546731826954,2.0151886213873524,0.4910229808055599
1742114743.4650145,5.9772732142147035e-05,0.0,0.012005917224703535,0.007731282697078605,1.7334811834240043,2.0249302232774546,0.487107432480975
1742114743.5654862,6.782227927422336e-05,0.0,0.012431506137423,0.00823542829937966,1.7516485473982328,2.034485467223771,0.48243180572621425
1742114743.6648207,7.6723192432209e-05,0.0,0.012773868285219505,0.00875917761163735,1.7696400694833159,2.043885540848379,0.4807445174419122
1742114743.7665045,9.237715644835309e-05,0.0,0.013423857393875433,0.009611303576953185,1.8040608357154042,2.07291715673084,0.45261636467340727
1742114743.8647208,0.00010551495619242367,0.0,0.013868536911338124,0.010272047322341523,1.8240915923838372,2.0826574499753843,0.4527454683339908
1742114743.9649417,0.00010805026243798779,0.0,0.013919132706208925,0.010394722816794481,1.8277095708621829,2.0844198404262553,0.45383611412409086
1742114744.0649967,0.000130583212574539,0.0,0.014622926641361196,0.011427301193831334,1.8570330216163313,2.098722174626003,0.4529029438054874
1742114744.1646435,0.00014530907110259797,0.0,0.014989101244193972,0.012054421226363295,1.8739390029637804,2.1069591280907343,0.4535602638280704
1742114744.2643292,0.00016210606950121297,0.0,0.015377969819848797,0.012732088183059877,1.891531992700365,2.1155196301137114,0.4525195667302921
1742114744.3653216,0.00017590617420373386,0.0,0.015749261907511507,0.013262962497260326,1.904870992443776,2.1220050873178895,0.4524542400396182
1742114744.4654891,0.00019569863182090458,0.0,0.016153156073474718,0.013989232710227697,1.9225560022369734,2.130607868361407,0.4529533693349672
1742114744.5665967,0.00021802697840179525,0.0,0.016578225123301083,0.014765736635935073,1.9408094556517312,2.139488620484686,0.45321026535394915
1742114744.6646729,0.00024068686008334603,0.0,0.017034336334657858,0.015514085860383333,1.9578305639277715,2.1477782159367873,0.4531339714086367
1742114744.7645617,0.0002615319338515287,0.0,0.017382194909940276,0.0161719489812307,1.9723708723883817,2.1548607618604425,0.45309308262232073
1742114744.86456,0.0002881339127502569,0.0,0.0178214342525041,0.01697450773219232,1.9896199557240521,2.1632603178881613,0.4527259180105044
1742114744.9643815,0.0003163901189406034,0.0,0.018240752107984152,0.017787358402545427,2.0065953782640094,2.1715281029699423,0.45458307953241617
1742114745.06456,0.0003568678350785573,0.0,0.018807772982150483,0.018890945849230456,2.0358027397541036,2.19361163326799,0.4400361467743857
1742114745.1660721,0.0003905584867454082,0.0,0.01924413870339124,0.019762552637384884,2.0529129148432474,2.2017157736084343,0.44398793472299397
1742114745.2703876,0.0004212303760346981,0.0,0.019622232067542076,0.020523897681354243,2.0675583792199035,2.208696702199706,0.4457500864411335
1742114745.3647366,0.00045967189975127114,0.0,0.020057684357719555,0.021439960348640368,2.084838181644855,2.216974451550927,0.44844767345437814
1742114745.465395,0.0004993015386400414,0.0,0.020479326570629373,0.02234505624607021,2.101594708709925,2.2250555099434894,0.45057138694772547
1742114745.5645976,0.0005451234006564499,0.0,0.020960680284194236,0.02334787786194818,2.119817600959408,2.2338833027486373,0.4512881924057942
1742114745.6649132,0.0005937638443957944,0.0,0.021403392966584035,0.024367269941374115,2.1379893394717726,2.2427005695289015,0.45192524684915353
1742114745.7646692,0.0006300950518442662,0.0,0.021751763155409342,0.0251016942026682,2.150877423584589,2.248955745111088,0.45163938297281103
1742114745.8724065,0.000683283944347411,0.0,0.02224072168669582,0.026139700540507554,2.1688231552042083,2.2576589970595435,0.4514295746232015
1742114745.9646313,0.0007357453499638617,0.0,0.022603880888924285,0.027124626264040243,2.1855879072016364,2.265781204433617,0.4510124613190632
1742114746.064174,0.0007936146067744087,0.0,0.023085379419236118,0.02817116623028604,2.2031534223619786,2.274282375769145,0.45066985382089436
1742114746.1665118,0.0008583701367834086,0.0,0.023598325725801828,0.029297954481216068,2.2218511278178,2.2833491970730755,0.45147904647836506
1742114746.265085,0.0009202910301730391,0.0,0.023938007810638318,0.030336298887191877,2.2388891033180585,2.2916040686688444,0.4509694267655352
1742114746.3671033,0.0009747580709562315,0.0,0.024349409489372,0.031221115786535105,2.2532688307836253,2.298553716626227,0.44921800388345523
1742114746.46462,0.0008675804334068144,0.0,0.02358856331057626,0.029454718355584636,2.2574646204698183,2.325925248942008,0.44569166400479454
1742114746.5646617,0.0009243338753810464,0.0,0.023975779848034128,0.0304028596579507,2.273895005291166,2.333749790398537,0.4427975008730806
1742114746.664236,0.0009908620696875861,0.0,0.024446761525239214,0.0314779616507738,2.2922646405033618,2.3423876280390115,0.43790562846707487
1742114746.7647762,0.0010580244901962181,0.0,0.024927718960717455,0.03252728839292046,2.3099993037760953,2.350650618810782,0.434898216510288
1742114746.868012,0.0011080764424852777,0.0,0.025170914767036003,0.03328778218033274,2.322767635421684,2.356567686638586,0.43248708941983394
1742114746.9643989,0.001179555354952317,0.0,0.025591019085482527,0.0343446554059335,2.340419753500939,2.3647078401732102,0.43068083026456017
1742114747.0649638,0.001255506071174791,0.0,0.02594140672412688,0.0354331211040573,2.358524060231886,2.3730157250986057,0.4299939463381688
1742114747.1646535,0.0013321934038765882,0.0,0.026401093944425313,0.03649922470240414,2.376206929740391,2.3810888495169955,0.42676432826565913
1742114747.2643058,0.0014151014449885022,0.0,0.026903267135172815,0.037617834134735906,2.3946976498142334,2.3894643786741714,0.4247138092760957
1742114747.376083,0.0014789580259302194,0.0,0.02704820580524182,0.03845722332579693,2.4085666347568804,2.39571318811025,0.42161544063138146
1742114747.4666564,0.0015650753525309204,0.0,0.02754251739101968,0.03956103325914176,2.4267374101776227,2.4038126242957034,0.4144509623293797
1742114747.5644248,0.0016205363798300633,0.0,0.027707748047936596,0.0402558862755506,2.438074530634154,2.4087783053003626,0.4112124035601536
1742114747.6704528,0.0017093940842044372,0.0,0.028171145037179025,0.04134481931517463,2.4557352912207335,2.4164022815888373,0.4048926422839085
1742114747.7646277,0.001844652782818612,0.0,0.02883418574816321,0.04294942121634018,2.481408781987483,2.42717388289209,0.3918389866595189
1742114747.8640974,0.0018576790294558198,0.0,0.028691780598784175,0.04310080079831255,2.496270302446888,2.4394355403676826,0.37871080602076984
1742114747.9687505,0.0018992635473528091,0.0,0.0288540335333858,0.0435805409254269,2.5038926721496324,2.442460493856739,0.3768686648693418
1742114748.0665674,0.002007190612758535,0.0,0.02939474520475895,0.04480168091443149,2.5231588324821104,2.449972289584027,0.36797350610164165
1742114748.1652448,0.0021636715539782646,0.0,0.029844980802526934,0.0465152830151367,2.5498879503918914,2.460077789403469,0.3556243773784972
1742114748.2648003,0.002277043011894388,0.0,0.030378450891568785,0.04771837184873755,2.568387181147102,2.4668261296325404,0.3463791009273864
1742114748.3647513,0.0023962182366943476,0.0,0.030890712819178497,0.04895118217872116,2.5872025108130146,2.4735185115914327,0.33835655415919774
1742114748.4645634,0.00249333225369551,0.0,0.03096133373442886,0.049933278018727247,2.6021184508499857,2.478710817889173,0.33049434388545507
1742114748.5646582,0.00262014529646435,0.0,0.031378305915936586,0.051187354849262824,2.621008177976165,2.4851117488268297,0.32099395955470544
1742114748.6680703,0.002699784512886192,0.0,0.031739456919857745,0.051959450659973226,2.6325446301629256,2.4889211605184975,0.3168736096706723
1742114748.766998,0.0028934837438594043,0.0,0.03219021262807539,0.05379111212699923,2.6595590754958067,2.497512470924203,0.2983551617946956
1742114748.864755,0.003030867750940165,0.0,0.03273644237845034,0.055053317347278585,2.6775432930273695,2.5028341894399446,0.28216415608790874
1742114748.9645731,0.0031464332402315167,0.0,0.03288361325379561,0.05609307658019407,2.6921715765036254,2.5070065420640244,0.2726901170101498
1742114749.0642495,0.0032955096869929537,0.0,0.033454827582177465,0.05740653000306632,2.71044964784015,2.5120369102107283,0.2629608508434627
1742114749.164528,0.003456474392297038,0.0,0.03371870705067597,0.05879178847676806,2.7296235935366724,2.5171483261867227,0.25704866612819166
1742114749.266922,0.0037166308548769672,0.0,0.03437766060528942,0.060964176816200574,2.738953221844014,2.5116221252091684,0.2453058660828249
1742114749.3666139,0.0039046598091205874,0.0,0.03479827913996388,0.0624872771780031,2.758752069597051,2.516433268075298,0.23375281699530048
1742114749.4646304,0.004061115250558576,0.0,0.0353575191197388,0.06372688012572542,2.774724245861023,2.520160360871019,0.2233521641098634
1742114749.571911,0.004251940146134178,0.0,0.03555910971443099,0.06520690259576956,2.793574386323641,2.5243586269045455,0.21343621619574002
1742114749.6644557,0.0044462536793497195,0.0,0.03619553645036488,0.06668023454780074,2.8122365458410314,2.5283500951560782,0.20715376742712413
1742114749.76469,0.0046584067120332175,0.0,0.03644698598659021,0.0682525216532929,2.8320948428301023,2.5324337436274647,0.20004400618902593
1742114749.8645017,0.004874724417774337,0.0,0.03684563291671523,0.06981922670564561,2.851790195803531,2.5363003113967935,0.1892437637650147
1742114749.9647362,0.00504551092504361,0.0,0.0371971877352464,0.07103175997427918,2.866894169225006,2.539112402211609,0.177816361268677
1742114750.0645628,0.0051814218009454925,0.0,0.03769272227397498,0.0719820936132417,2.87863138785265,2.5411994781531835,0.17413875468603515
1742114750.1640532,0.005519767506896012,0.0,0.03805226039526874,0.07429513784155739,2.9069905020277673,2.5459406564845484,0.15742799647680683
1742114750.269639,0.005663629572778595,0.0,0.038567604049524994,0.07525708985058215,2.9187413233619424,2.5477936409547173,0.1553758085571901
1742114750.3646202,0.006016230762989709,0.0,0.03888762943068856,0.07756436529096147,2.947167780502056,2.552113731633888,0.1473306120239871
1742114750.4653537,0.006260805569573077,0.0,0.0393144097554009,0.07912525241396122,2.9665341263442997,2.554895557086974,0.13894078143469255
1742114750.5644877,0.006471095719537622,0.0,0.03967507090998165,0.08044312102061693,2.982935440298718,2.557132493705126,0.1310091913544314
1742114750.6648774,0.0059548146013617955,0.0,0.03896957379713148,0.07716744521727925,2.9823445899782826,2.5696954521220956,0.12761134675596672
1742114750.7669299,0.0061990889002081105,0.0,0.0391408815143786,0.0787342930380918,3.002537170279922,2.572219779372171,0.11978978684996099
1742114750.8646133,0.006437627368252118,0.0,0.03955413686129505,0.08023482640507248,3.0218477648945026,2.574446599624581,0.11125154069517583
1742114750.9643967,0.006695901967088789,0.0,0.03988416896962131,0.0818284911695724,3.0423123881814007,2.5765991543959412,0.10066802075956785
1742114751.0656059,0.006908811933637489,0.0,0.04023408635319829,0.08311926331264907,3.0589392090340795,2.5782134229314497,0.09061927369688462
1742114751.164849,0.0071764256786823345,0.0,0.040952400207485085,0.08471378682766068,3.079364748630482,2.5799777357983835,0.08079464009855714
1742114751.2643664,0.007441156094751632,0.0,0.04095705020287321,0.08626213592736753,3.099349489876232,2.5815442369282984,0.07481915525053458
1742114751.3674269,0.007703644039655819,0.0,0.041363768446021264,0.08777040526086125,3.1189673778114724,2.5829243210778206,0.06741017869566422
1742114751.4647243,0.007974118930654129,0.0,0.0419443417258806,0.08929792231991811,3.139049770315779,2.584185580500872,0.05971664956663564
1742114751.564579,0.008197501811070285,0.0,0.041955583458671904,0.09054005638981172,3.1555270555280686,2.5850977562873947,0.04960007241819814
1742114751.6644046,0.008458026546020883,0.0,0.04233496063896297,0.09196752984624999,3.1745148762346957,2.5859796538695914,0.04170841744993666
1742114751.7642937,0.008745872494918133,0.0,0.042915686430463694,0.09351936962425555,3.1954060550550167,2.5867825395972215,0.035347171340927755
1742114751.8646014,0.00885865255095075,0.0,0.04273817556415101,0.09412041516563105,3.2036021501070735,2.5870561988632943,0.03140599301908928
1742114751.9663818,0.00928140561943333,0.0,0.04331561908571561,0.09634005200036655,3.2346964084239715,2.587938596108877,0.025214143310532358
1742114752.0645905,0.00954915343153822,0.0,0.04349426834337331,0.09771976991140646,3.25468746494451,2.5883558693383435,0.01800078919981444
1742114752.16481,0.009605488540862071,0.0,0.043559948912366066,0.0980075943019829,3.252094072826239,2.586869130196881,0.018909164091611655
1742114752.2642913,0.00987924653273454,0.0,0.04428469626085718,0.09939439890021239,3.2726689164972242,2.58720366518909,0.012560673376584728
1742114752.3642964,0.010142925467950847,0.0,0.04405161976773825,0.1007120919649217,3.292865749948348,2.5874126066587486,0.007824011465573913
1742114752.4653544,0.010390093788130684,0.0,0.04436709724222998,0.10193180950091431,3.3121776063463244,2.587495112110407,0.0017742592301613256
1742114752.5645616,0.010645446413460121,0.0,0.04469291081814412,0.1031767726451071,3.332653914079529,2.587467044654929,-0.0036938708815331123
1742114752.6737502,0.010885739188934302,0.0,0.044768417334746784,0.1043347458373015,3.3524716151983256,2.587319531135826,-0.009080342629884837
1742114752.7652164,0.01098164000914631,0.0,0.04489378171622161,0.104793320441459,3.360646572355222,2.5872392141183145,-0.010568551400636944
1742114752.8710897,0.011306594325542221,0.0,0.04530725765739747,0.10633247070176739,3.3893963371139364,2.5868149086395054,-0.017716221192812354
1742114752.9645393,0.011527680726577763,0.0,0.045707723351333926,0.10736703743038532,3.4100703694090413,2.586370570755564,-0.023946456292604678
1742114753.0656366,0.011734867207458997,0.0,0.045801583211248394,0.10832759208742247,3.430463169751931,2.585813927031804,-0.029230169633363917
1742114753.1658342,0.011892827040587464,0.0,0.045983160408744256,0.10905423898495402,3.44698289448624,2.5852951167281724,-0.03333883700702109
1742114753.26441,0.012077276745857035,0.0,0.04619645275837838,0.10989666394325642,3.467826387663365,2.584573047115727,-0.03713410315844946
1742114753.36402,0.01227692958230444,0.0,0.04642630664860185,0.11080130677164615,3.492534761993653,2.5835751534035136,-0.042655519822573054
1742114753.4657726,0.012307967119282672,0.0,0.04646147063922132,0.11094127779723231,3.4965803422773263,2.583392315281891,-0.04767208514544901
1742114753.5642967,0.012543159957925196,0.0,0.046725773588296354,0.11199624974937865,3.5296431619421753,2.581695902907132,-0.05435007033679411
1742114753.664635,0.013743877020000433,0.0,0.0479291454599779,0.11723428261391987,3.5128028460470517,2.567212536771379,-0.04721427772372491
1742114753.7640429,0.013889860205754239,0.0,0.04829923984465879,0.11785525107416402,3.5335064198589805,2.566177545531321,-0.053451426962311234
1742114753.8650322,0.014018497400877915,0.0,0.04821323670305337,0.11839973564530419,3.5544065433901295,2.5650241436016614,-0.057879873255188605
1742114753.9651024,0.014122976579382263,0.0,0.048547521111167474,0.11884013034064825,3.574087157231631,2.563826639206038,-0.062447317579682006
1742114754.069176,0.014210527371181142,0.0,0.04839608509033032,0.1192079165625385,3.5938624568900224,2.5625226493467963,-0.06844473693698169
1742114754.1691718,0.014284380102321947,0.0,0.04845753433317678,0.11951727951355798,3.61446262598686,2.5610393755848904,-0.07413960311740167
1742114754.2642791,0.014328089652273461,0.0,0.04873857216545825,0.11969999854750818,3.6308165750757553,2.559793780020051,-0.0783280215057684
1742114754.364317,0.014364620355473435,0.0,0.048506291625384966,0.1198524941562479,3.6516558383900417,2.5581170643772424,-0.08377928350299137
1742114754.4643621,0.014381728432872687,0.0,0.048763224478034314,0.1199238443049283,3.670870730241191,2.556453980994995,-0.0887089452537847
1742114754.5646534,0.014383093484878541,0.0,0.048484128562127166,0.11992953549846902,3.6909821142181443,2.5545865211447953,-0.09545434329837099
1742114754.6644127,0.014367730542090808,0.0,0.04844644294116629,0.11986546851404206,3.7114329641204478,2.5525474812675277,-0.10222012613147033
1742114754.7678738,0.014344570856671717,0.0,0.04840740343055505,0.11976882255692303,3.727842092261696,2.550794237079046,-0.11123431537478708
1742114754.8645003,0.014301449213737953,0.0,0.04837207432426355,0.11958866674454546,3.7485889661923153,2.5484286818663797,-0.1165436587127998
1742114754.9726706,0.014237911953742568,0.0,0.048360124130265934,0.11932272186697121,3.7693231123571707,2.5459540067676762,-0.12106502864688165
1742114755.0642354,0.014156241768426708,0.0,0.04840552150871247,0.11898000575065841,3.7898665412692907,2.5433795263396064,-0.12745166633456467
1742114755.1644938,0.014060605358155573,0.0,0.048338879915622024,0.11857742347578468,3.810388331690092,2.540638052297428,-0.13607228610842947
1742114755.2655847,0.015367576061541835,0.0,0.04953914747544287,0.12396602785256061,3.7968294717797164,2.5291900801953737,-0.13734669446146797
1742114755.3641133,0.015262202152214759,0.0,0.04947245395862206,0.12354028554368311,3.8174836381665074,2.5262956578940354,-0.14250875472224075
1742114755.4658458,0.01513623840798958,0.0,0.0494596814910338,0.12302942090406498,3.838220614017345,2.5232653107201486,-0.14892346619761296
1742114755.5645127,0.01500299507194541,0.0,0.049794297597820926,0.12248671385887291,3.858005405201311,2.520200785297991,-0.15614975451624707
1742114755.6643329,0.014852404670290562,0.0,0.049274696378471754,0.1218704421518629,3.8781420118919954,2.516930910430247,-0.16472543238795107
1742114755.7645786,0.014725273706225119,0.0,0.04924402776263315,0.12134773877672841,3.8940351977051364,2.5142192170014006,-0.17433984040415604
1742114755.868213,0.014554565722747308,0.0,0.049525805858171124,0.12064230486337414,3.914288057608971,2.5105782254529956,-0.1831569170872004
1742114755.9648688,0.01437362613627402,0.0,0.04901909691275338,0.11989005853812075,3.934335176076658,2.5067982838504577,-0.19199092148936114
1742114756.0680387,0.01419395358837128,0.0,0.048881462231568175,0.11913837999725899,3.9531572260356143,2.503081715598519,-0.1986398196140559
1742114756.164388,0.013991550237035341,0.0,0.04911896962683629,0.11828588350701592,3.9732854934550375,2.4989287134052276,-0.20639283417857
1742114756.2682219,0.013777740825753173,0.0,0.048571884640650376,0.11737862167257364,3.9933802689555478,2.4946166269616015,-0.21528721808588824
1742114756.3643973,0.01360266599320607,0.0,0.04881647036572863,0.11663046768836208,4.009191428850983,2.4910940965803015,-0.22451413630640824
1742114756.4644694,0.01347292051725768,0.0,0.04909276703999392,0.1160729103505968,4.020733257645759,2.4884295669627043,-0.22925312279856516
1742114756.5646644,5.014148132896645e-19,0.0,8.073078643594053e-06,7.081064985506519e-10,4.045782667224259,2.4823946191653015,-0.2432219481388362
1742114756.6648967,7.013912221061902e-19,0.0,8.685349667566836e-06,8.374910280750416e-10,4.063711270360741,2.477823926378221,-0.25342209099924873
1742114756.7692192,1.020661739882904e-18,0.0,9.419508450171054e-06,1.010278050777559e-09,4.083913801917632,2.4724442196456877,-0.2650468444744381
1742114756.8647652,1.3482316676754764e-18,0.0,1.000946299287789e-05,1.1611337854336495e-09,4.099015775956943,2.4682736367222766,-0.2745138502041134
1742114756.9726372,1.9168945171225855e-18,0.0,1.0819311771051817e-05,1.384519597955401e-09,4.118257876928425,2.4627448075746514,-0.28759963273203676
1742114757.0644507,1.9468210265886428e-18,0.0,1.015205648532765e-05,1.3952852850183159e-09,4.124260014447714,2.4407005527893073,-0.3030720317403684
1742114757.1660464,2.770449197377375e-18,0.0,1.1715847852097395e-05,1.6644666405120216e-09,4.143876641537162,2.4344857496580747,-0.3102311456243406
1742114757.2650037,3.820056257073082e-18,0.0,1.2562705619042365e-05,1.954496420327518e-09,4.161880826184515,2.428630522656727,-0.3176392877141843
1742114757.3649743,5.044340706316373e-18,0.0,1.3352795007267112e-05,2.245960976133907e-09,4.177579917810874,2.4233822467121424,-0.3289337122480283
1742114757.4661148,6.215680127341267e-18,0.0,1.3969449747107501e-05,2.4931265766786226e-09,4.1894523686108585,2.419301762701812,-0.33315735698145726
1742114757.564329,9.798780829337765e-18,0.0,1.5438810273944522e-05,3.1303004375519235e-09,4.215559008582488,2.4100731898629757,-0.3459708654920468
1742114757.6653929,1.3618533853127267e-17,0.0,1.5587736426717308e-05,3.690329775660607e-09,4.234632595936077,2.4031267433173458,-0.35364740729731414
1742114757.764909,1.8787700356858913e-17,0.0,1.7797555311526464e-05,4.334478095095062e-09,4.253450061689179,2.3960713847781623,-0.36184215188425883
1742114757.8649838,2.521832746572716e-17,0.0,1.898258282944856e-05,5.021785286701051e-09,4.270815269298282,2.3893980950202316,-0.3705320918599974
1742114757.9649262,3.250733486684581e-17,0.0,2.0057994588885857e-05,5.70152039958166e-09,4.285914111564338,2.383461222058928,-0.380218502287091
1742114758.0647798,4.488092341507199e-17,0.0,2.152268501620653e-05,6.69932260867261e-09,4.305272745020005,2.3756336939905953,-0.389946933988751
1742114758.1646252,6.015998072751314e-17,0.0,2.2953943120058614e-05,7.756286529487752e-09,4.323022778370344,2.3682858562914344,-0.3961717450658691
1742114758.2652388,8.168035582711863e-17,0.0,2.312469926842773e-05,9.037718507849126e-09,4.341730065295479,2.360341041685052,-0.40489375234049657
1742114758.3650317,1.0982661212934746e-16,0.0,2.6191793528818095e-05,1.0479819279422116e-08,4.360021049062993,2.352389069130803,-0.4138134086171996
1742114758.466951,1.223073431994435e-16,0.0,2.68251794752893e-05,1.1059265038846094e-08,4.366713819493441,2.3494372980183424,-0.41694020867747184
1742114758.5648003,1.8213353359503022e-16,0.0,2.7622973566115537e-05,1.349568574008117e-08,4.391700469691855,2.338165727918179,-0.43063246846598485
1742114758.6658459,2.448803565884541e-16,0.0,3.1223345277828615e-05,1.5648653507201637e-08,4.4105067601265375,2.3294460876593828,-0.4382771217862974
1742114758.7699282,2.725257319723787e-16,0.0,3.195932026444489e-05,1.6508353399790626e-08,4.417352662313405,2.326220151927471,-0.4424445593397031
1742114758.8651674,3.011206743818518e-16,0.0,3.2684224705215475e-05,1.735282900226507e-08,4.433304309070479,2.290926412468867,-0.4585646376673928
1742114758.9653523,4.0051551303823306e-16,0.0,3.2893153719219684e-05,2.0012883676227997e-08,4.4520196606796105,2.2816085976270664,-0.4647148237292518
1742114759.064655,4.931709959086532e-16,0.0,3.6409197334009854e-05,2.2207453611538922e-08,4.465789827165096,2.2746818232362678,-0.4675537929599039
1742114759.1647048,6.382247815880142e-16,0.0,3.645701868359008e-05,2.5263111082921165e-08,4.482988179756205,2.265952867331311,-0.47203284359619524
1742114759.2647996,8.340417573576897e-16,0.0,3.661640726278605e-05,2.887978111685907e-08,4.5010265659246755,2.2566431118195105,-0.47954851246521385
1742114759.367305,1.0621136572170683e-15,0.0,4.310863026148326e-05,3.259008525943233e-08,4.517497452063168,2.247994775813414,-0.48642378903076533
1742114759.4645286,1.3050609875283493e-15,0.0,4.508008854525801e-05,3.612562784960767e-08,4.531674934889807,2.2404240297126066,-0.4948913440768473
1742114759.5645828,1.7938929212964506e-15,0.0,4.586298372754179e-05,4.235437310711198e-08,4.553827201642122,2.22839106541549,-0.4996394500796547
1742114759.6647673,2.272747084737262e-15,0.0,5.091837979924645e-05,4.767333725194054e-08,4.570476229200565,2.2192716015512417,-0.5018869624202003
1742114759.7650793,2.742504332347439e-15,0.0,5.0404126140356204e-05,5.2368925254844013e-08,4.583813139440707,2.2119031702601433,-0.5064908251826514
1742114759.8654907,3.4842611545100075e-15,0.0,5.3147030765387015e-05,5.9027630432789756e-08,4.600975762699193,2.20230051688371,-0.5124463424746742
1742114759.9647508,4.3686213252064805e-15,0.0,5.883457651369465e-05,6.609554693930961e-08,4.617375619453767,2.192994065390007,-0.5185375795428506
1742114760.0645297,5.282451496799527e-15,0.0,6.134207005105594e-05,7.268047534791945e-08,4.631278480235693,2.185031404785537,-0.5223287329737892
1742114760.164531,6.768731863440154e-15,0.0,6.162252964557765e-05,8.227230313684037e-08,4.649603683029127,2.1744521271309623,-0.524778722292637
1742114760.2652946,8.531120302987989e-15,0.0,6.818428721546819e-05,9.236406391550768e-08,4.666878464038774,2.164432746339589,-0.526874838835453
1742114760.3651593,1.6052613128233052e-14,0.0,7.464260168131027e-05,1.2669890736795267e-07,4.706708026107151,2.1587114431576655,-0.5211985706133586
1742114760.4671297,2.0155285920172918e-14,0.0,8.243049551456953e-05,1.419693133045762e-07,4.724118924030378,2.14862411176931,-0.5278846024317485
1742114760.5650852,2.3924384037499914e-14,0.0,8.557377886234815e-05,1.5467509184577816e-07,4.737375710655073,2.140858987505533,-0.5319804548067791
1742114760.6726391,2.99130064276322e-14,0.0,8.576826488247505e-05,1.7295376962538918e-07,4.7548421869872755,2.130516001819691,-0.5388476251406414
1742114760.7655013,3.723199457445282e-14,0.0,9.435307747784198e-05,1.9295593946404662e-07,4.772181372100533,2.1201077516347144,-0.5426920055193647
1742114760.8669665,4.0415760969390366e-14,0.0,9.613987351483491e-05,2.0103671547603032e-07,4.7787409545315,2.116134395936749,-0.5465565918726665
1742114760.9649363,5.69316343453059e-14,0.0,9.902523830796095e-05,2.3860350866092874e-07,4.8064800992404315,2.099153130995452,-0.551768302802537
1742114761.0659544,2.647170398618905e-40,0.0,2.27175749031704e-10,1.6270127223285332e-20,4.82025653738242,2.0906318702177895,-0.555757701281999
1742114761.1689754,8.999002150824889e-38,0.0,6.693435904949713e-10,2.9998336871941565e-19,4.830209056340692,2.084444887122876,-0.5566156505388956
1742114761.2656977,2.184859609778417e-39,0.0,2.5590041876303957e-10,4.6742481853004094e-20,4.854723868041916,2.0690834422081483,-0.5621121822638256
1742114761.3663216,5.244721541763562e-39,0.0,4.279841829776479e-10,7.242044974842094e-20,4.870461424845203,2.059115691968765,-0.5666355191511853
1742114761.471518,6.343058000545545e-39,0.0,4.4552864570786e-10,7.964331736276148e-20,4.876476814151346,2.055273736900519,-0.5701277850908977
1742114761.5669253,1.3520999026415065e-38,0.0,5.228878642233191e-10,1.1627983069481598e-19,4.90033709165499,2.0398270357117365,-0.5792333482546551
1742114761.6692493,5.203688554622877e-38,0.0,6.961340323620923e-10,2.281159475929484e-19,4.919745450936858,2.027052464431735,-0.5844166575712902
1742114761.7660627,8.000957836633428e-38,0.0,6.525845582464837e-10,2.8285964428729363e-19,4.933298869296323,2.0180428791256038,-0.5893646775526743
1742114761.8678114,1.1138292615976979e-37,0.0,8.180254671177087e-10,3.337408068543159e-19,4.943707735598764,2.011069639212346,-0.5911559163374647
1742114761.965872,2.1823418834706932e-36,0.0,1.5387598280211956e-09,1.4772751549629113e-18,4.965823291855472,1.9933801111977036,-0.5912099881738372
1742114762.0826802,2.674452006675409e-35,0.0,2.268825496681225e-09,5.171510424117319e-18,4.98276835566746,1.9819298267804673,-0.5961518986791319
1742114762.1759338,2.83985750434083e-35,0.0,2.6553579738232926e-09,5.329031341942764e-18,4.989047274933654,1.9776599381609739,-0.5982501013845154
1742114762.2701914,1.2512371314612345e-35,0.0,2.229543282793712e-09,3.537283041348592e-18,5.011830410933115,1.9620120667796304,-0.6053032978147217
1742114762.37245,7.918452933187591e-35,0.0,2.8636189359755735e-09,8.898568948537506e-18,5.028902737907416,1.9501652572818902,-0.6081521912187287
1742114762.4659016,5.202693907145431e-35,0.0,3.0196119486233182e-09,7.212970197599205e-18,5.045358463044835,1.9386731281677232,-0.6105819745629976
1742114762.5659864,8.266821694401481e-35,0.0,2.8896497969087927e-09,9.092206384811929e-18,5.060204153242665,1.9282353896356579,-0.614893148717279
1742114762.6706264,4.1003132763309415e-34,0.0,4.074398488070871e-09,2.0249230297300046e-17,5.073354117937228,1.9189066111684898,-0.6202031775087067
1742114762.7716537,5.507293993698104e-34,0.0,4.984732251201294e-09,2.3467624493540253e-17,5.082840353666498,1.9121125814864737,-0.6228269143670744
1742114762.8658168,6.5463364153614745e-34,0.0,5.1733493023802105e-09,2.5585809378171868e-17,5.104822678270608,1.8961211795019235,-0.6328238947957702
1742114762.9655063,1.1181432855301897e-33,0.0,5.057340466090174e-09,3.3438649576951964e-17,5.121862269641014,1.8835758051082099,-0.6358286841481873
1742114763.0697072,1.341529680788041e-33,0.0,6.025612362248914e-09,3.662689832333665e-17,5.137882592712046,1.871737894869069,-0.6366226180165955
1742114763.1772065,3.1593360124938907e-32,0.0,1.0368938258514265e-08,1.7774521125740324e-16,5.150821807005926,1.8621613981846057,-0.6385256453126619
1742114763.2732496,3.526701335737809e-33,0.0,7.4031992492049496e-09,5.938603653838004e-17,5.16722530030529,1.8499478810442778,-0.6415087683767029
1742114763.3661377,8.108396311412104e-33,0.0,8.836463278706223e-09,9.004663409263061e-17,5.176268178856702,1.8431908053083514,-0.6419382496446319
1742114763.4682932,3.450397963370119e-32,0.0,1.2030910942857546e-08,1.857524687149573e-16,5.180963191678558,1.8306690947411113,-0.6435797273943807
1742114763.565865,4.251332761261357e-32,0.0,1.1051567159735882e-08,2.0618760295569074e-16,5.187704828992366,1.8256105139117729,-0.6438691377470878
1742114763.6675982,4.640229719469931e-31,0.0,2.0946735763278442e-08,6.811923164180532e-16,5.2039759244163974,1.8133889976993025,-0.644837176782885
1742114763.7653868,6.51589684284673e-30,0.0,3.266181440885399e-08,2.552625480333284e-15,5.225108294842499,1.7974407446575142,-0.6491309463808921
1742114763.8655674,8.480229875221265e-31,0.0,2.3823621965698124e-08,9.208816360000488e-16,5.2412974037752065,1.7851108444893242,-0.6528477430174734
1742114763.967736,1.3467561517425922e-30,0.0,2.6298180466379967e-08,1.160498234269485e-15,5.256463226281184,1.7734844380773431,-0.6549702942202476
1742114764.0651226,1.0497296145080896e-29,0.0,3.619785437534776e-08,3.2399531084694568e-15,5.272794333618421,1.7609236120686411,-0.6558106005022909
1742114764.1653757,8.719789630507185e-30,0.0,3.91918119306423e-08,2.952928991782089e-15,5.289257427725275,1.7482437868060892,-0.6566556453535942
1742114764.2653983,1.1546748874305162e-29,0.0,4.161327774314808e-08,3.398050746281633e-15,5.302184276131243,1.738273078847989,-0.6577526092360405
1742114764.3663285,5.476691184264082e-29,0.0,5.168848901612559e-08,7.400467001658802e-15,5.3120189395559265,1.7306754923980918,-0.6577793121168997
1742114764.4650073,1.8782627718404585e-29,0.0,4.616223145370622e-08,4.333892905737818e-15,5.333661569292829,1.713935935231401,-0.6582580566237357
1742114764.5660405,3.7725211426819206e-29,0.0,4.7701002629622075e-08,6.142085266977267e-15,5.349000561464507,1.702078055541019,-0.658263212425509
1742114764.6657612,2.0488131198590426e-28,0.0,6.875571877164771e-08,1.4313675697943707e-14,5.364713576109978,1.6899177140363513,-0.6588116943667319
1742114764.7664733,1.3702437073102162e-28,0.0,7.06287692044901e-08,1.1705740930458935e-14,5.376769513213958,1.6805585774629321,-0.6612102746794609
1742114764.8724225,4.430617309570941e-28,0.0,8.123616492850727e-08,2.1049031591906887e-14,5.3860790563023215,1.6319238559127314,-0.6694211715443287
1742114764.9660451,6.651844684351101e-27,0.0,1.6208496169518787e-07,8.155884185268389e-14,5.402439407221635,1.6189481783825066,-0.6711542361958179
1742114765.067169,1.0562637776003976e-26,0.0,1.6119693939835523e-07,1.0277469423940883e-13,5.418504088900207,1.6062514772654595,-0.6667022162659321
1742114765.1652539,1.1788158456217523e-27,0.0,1.1187077048752688e-07,3.433388771493482e-14,5.434218926221632,1.5939698286048234,-0.660688852666155
1742114765.2653217,6.805721686687671e-27,0.0,1.46553193195357e-07,8.24967980390007e-14,5.4465271480111,1.5844818366007125,-0.6527542525513328
1742114765.3651912,2.0953075502147048e-28,0.0,7.730157074400248e-08,1.4475177201729533e-14,5.461897017568361,1.5727890271043599,-0.646993523238436
1742114765.4649172,4.934660509928945e-28,0.0,8.309983504912542e-08,2.2214095772569598e-14,5.4769834479129,1.561434711836938,-0.6423745208962118
1742114765.565096,1.32204457627243e-27,0.0,9.207725435279418e-08,3.6359930916771964e-14,5.486699450577376,1.5541830724541086,-0.6399608308060325
1742114765.665566,6.406022984347747e-29,0.0,5.999175333342253e-08,8.003763479980993e-15,5.499408650573741,1.5447638216233557,-0.6350782865269339
1742114765.7654037,1.2644583896512335e-28,0.0,6.937256209520282e-08,1.1244813869741169e-14,5.523132122559517,1.5273798276184571,-0.6300869041664754
1742114765.8650103,3.0759099043335447e-26,0.0,2.0322197305439648e-07,1.7538272162141698e-13,5.536447038964511,1.517716540161377,-0.6251731866581597
1742114765.9653246,2.6014767523845284e-28,0.0,8.090898175042324e-08,1.612909406130589e-14,5.552869396519398,1.505914635583519,-0.6202456408722556
1742114766.0679817,1.939186644758289e-28,0.0,6.79017944049746e-08,1.392546819592896e-14,5.5687044287746374,1.4946402847087903,-0.6171981149895346
1742114766.168478,3.05966233193578e-28,0.0,7.49521504515897e-08,1.7491890497987288e-14,5.585212183075527,1.482958106438911,-0.6148913556320821
1742114766.2653897,2.086526980288413e-27,0.0,1.2633123549729945e-07,4.567851771115623e-14,5.6009308941266625,1.4719137849460857,-0.6109668964131033
1742114766.3651774,3.456622461607077e-27,0.0,1.4088603891746928e-07,5.879304773191365e-14,5.608830827290916,1.4528454681722351,-0.6204255924578613
1742114766.4691417,5.397148989684279e-27,0.0,1.393729999220752e-07,7.346529105424057e-14,5.625366041425082,1.4410708128011613,-0.6159137592669433
1742114766.569094,8.461966690952982e-27,0.0,1.7081394968175735e-07,9.19889487436017e-14,5.642222670100168,1.4291806148593604,-0.6125539646502444
1742114766.6658695,1.3077723470541132e-26,0.0,1.8755701874264607e-07,1.1435787454539863e-13,5.658685444978957,1.417654402610145,-0.6095338867064425
1742114766.7649248,2.052962847805076e-26,0.0,2.066170625807653e-07,1.4328164040815123e-13,5.6758989942615585,1.4057003452527859,-0.6052126989718385
1742114766.8744466,2.931599579874147e-26,0.0,2.2302250216086963e-07,1.7121914553793763e-13,5.689606975010335,1.3962419508920387,-0.6024457321520752
1742114766.965909,4.463499671031492e-26,0.0,2.4401424484610027e-07,2.1126996168484273e-13,5.7059126778042355,1.3850668194879017,-0.5987166271563477
1742114767.0712264,6.881324341074658e-26,0.0,2.6766245720037885e-07,2.6232278477239943e-13,5.72283021842577,1.373530895864663,-0.5985183523055024
1742114767.169011,8.826037887716072e-26,0.0,2.822959296634293e-07,2.970864838345237e-13,5.732598147503182,1.3668749134645815,-0.5977645323630281
1742114767.27006,1.604016557211908e-25,0.0,3.2080319984225703e-07,4.0050175495394623e-13,5.756191808861018,1.3508429804289204,-0.5962480709906522
1742114767.3655403,2.4869051111050236e-25,0.0,3.1929670353456653e-07,4.986887918436732e-13,5.773652278296225,1.3390252589689577,-0.5937825546618408
1742114767.4652514,3.4887648889792585e-25,0.0,3.789045551084259e-07,5.906576748827749e-13,5.787242763280901,1.329888944089106,-0.5895141170378632
1742114767.565207,4.472141263856754e-25,0.0,3.626897159419387e-07,6.687407019059595e-13,5.797281663936019,1.323182039514185,-0.5884626911040254
1742114767.6648927,8.048699296493382e-25,0.0,4.533954324641556e-07,8.971454339455439e-13,5.8212761458078575,1.3072933576325028,-0.5817548737879702
1742114767.7653844,1.1911561916988545e-24,0.0,4.932137523736192e-07,1.0914010224014153e-12,5.837471335380471,1.2966806826174597,-0.5791861818190522
1742114767.8652434,2.3820258662060507e-24,0.0,5.730580447229442e-07,1.5433813094002568e-12,5.845787482769467,1.2674911610997786,-0.5931056936664304
1742114767.9650679,3.538164602452513e-24,0.0,6.240558707093703e-07,1.881000957589473e-12,5.8620666412439135,1.2565473137933942,-0.5909554561061584
1742114768.0768924,4.916198721473131e-24,0.0,6.69853620969363e-07,2.217250261353718e-12,5.875699402087292,1.2474285885912586,-0.5881063838882171
1742114768.1655257,6.281565855945991e-24,0.0,7.062019134124833e-07,2.5063052200292747e-12,5.885914396866667,1.2406207789600483,-0.5876023670119964
1742114768.265159,1.1220827101240721e-23,0.0,7.300762639448052e-07,3.349750304312356e-12,5.910355415185336,1.2244897451084267,-0.5789629121703825
1742114768.3648317,1.675484810883247e-23,0.0,8.724096016121026e-07,4.093268633846607e-12,5.9275058044447775,1.2133493528243093,-0.5739998122138703
1742114768.4652283,2.283095699383177e-23,0.0,8.519694815957345e-07,4.778175069399589e-12,5.940870275749873,1.204744402258573,-0.5697330137176236
1742114768.567281,2.899861754046026e-23,0.0,8.199298642765303e-07,5.385036447458852e-12,5.951276382597868,1.1980904311120106,-0.5680836339873994
1742114768.667925,4.216898633177153e-23,0.0,8.140435040677264e-07,6.49376518914655e-12,5.967713629953394,1.1876664000833834,-0.5630789299888336
1742114768.765564,6.802370473865355e-23,0.0,9.050548370499767e-07,8.247648436897244e-12,5.988967781486963,1.1743468441160285,-0.5572717686576567
1742114768.866144,7.727450023912716e-23,0.0,8.480643698010861e-07,8.790591575037891e-12,5.994686514615367,1.1707937373887738,-0.5546112557334624
1742114768.9650233,1.1787033692981016e-22,0.0,8.514418466141855e-07,1.0856810624203139e-11,6.013772595320319,1.1590203074584569,-0.5500974555892669
1742114769.0662878,1.5619011396295086e-22,0.0,8.267397299168677e-07,1.2497604328948443e-11,6.026618626504458,1.1511603632587182,-0.5474491616172513
1742114769.166158,1.8339139523357463e-22,0.0,8.576846164916135e-07,1.3542207915756376e-11,6.033992357867433,1.1466746881728351,-0.5455974241180146
1742114769.267613,2.6034474981843377e-22,0.0,8.45751668776497e-07,1.6135202193292584e-11,6.050188144536605,1.13687000237279,-0.5436389346999845
1742114769.366965,3.3294481814844983e-22,0.0,8.159321066026689e-07,1.8246775554832964e-11,6.061632868842153,1.1299695749027254,-0.5424328347129547
1742114769.4655442,4.1694254997088384e-22,0.0,8.596069551422562e-07,2.041917113819471e-11,6.072153494081903,1.1236443228202386,-0.5409135123176299
1742114769.5649972,4.933131194972765e-22,0.0,8.127210795505089e-07,2.221065328839466e-11,6.080056078644802,1.1189082739199119,-0.5388596554679594
1742114769.674123,5.512033602407705e-22,0.0,1.0069978131105747e-06,2.347772050776588e-11,6.102046691115831,1.1235349679351891,-0.5306013386808818
1742114769.7650173,6.623711368355655e-22,0.0,9.564916690212839e-07,2.5736571971332264e-11,6.110843969970148,1.1183724009785134,-0.5300428431593364
1742114769.8654616,8.160299544547967e-22,0.0,1.0041772559990155e-06,2.8566238017190795e-11,6.120863736784202,1.1124925203110116,-0.531724051769871
1742114769.9654615,1.0016825094484423e-21,0.0,9.597599516090366e-07,3.164936823142671e-11,6.130722902481978,1.1066890487340277,-0.5330247443281596
1742114770.0652163,1.1641679087002303e-21,0.0,9.942398470645634e-07,3.41199048753104e-11,6.137957588914048,1.1024144495908246,-0.5344177644812054
1742114770.167089,1.3999720101265927e-21,0.0,9.456628798021206e-07,3.741619983545353e-11,6.146840840159157,1.0971485397048113,-0.5358545940481608
1742114770.2671452,1.55525140158422e-21,0.0,9.69533035543131e-07,3.9436675843486354e-11,6.151910264902185,1.0941352125282418,-0.5367465775572245
1742114770.3649824,1.965522924013473e-21,0.0,9.323653945720915e-07,4.433421843241936e-11,6.163184037053469,1.087392600211409,-0.5409755867086834
1742114770.4650908,2.31345507174766e-21,0.0,9.695328089935902e-07,4.809838949224454e-11,6.171039583025575,1.0826765400670055,-0.5402712386213726
1742114770.565804,2.6116095215498514e-21,0.0,9.070198361584331e-07,5.11039090632982e-11,6.176901510661338,1.0791637361080522,-0.5396095078550763
1742114770.6647947,3.003441699139726e-21,0.0,9.38356591283877e-07,5.480366501557835e-11,6.183675390257463,1.0751046589752846,-0.5417488973699994
1742114770.76563,3.429371191359961e-21,0.0,9.689869778301595e-07,5.85608332536343e-11,6.190090265441597,1.0712344049193536,-0.54432810955872
1742114770.8654692,3.594701377691636e-21,0.0,8.899070038675912e-07,5.99558285547922e-11,6.192361316124519,1.069854084720113,-0.5479263227545207
1742114770.9647675,4.408303296560382e-21,0.0,9.353735440215608e-07,6.639505475982667e-11,6.202185510850683,1.063844780883425,-0.5511114757620281
1742114771.0657291,4.80507617670055e-21,0.0,9.55297814057944e-07,6.931865677218904e-11,6.206318924509631,1.0612891834387703,-0.5555185239874307
1742114771.1659863,5.3804600898167206e-21,0.0,8.912586987159593e-07,7.335161954460665e-11,6.211736976539825,1.0579235739621264,-0.5571264784895367
1742114771.2651548,5.9817659072230915e-21,0.0,9.149100082724635e-07,7.734187680178889e-11,6.216802102092174,1.0547573377736459,-0.5606891077124067
1742114771.3649278,6.57666101599661e-21,0.0,9.366267192369588e-07,8.109661531775916e-11,6.221320017136847,1.0519095419357143,-0.5647875230871626
1742114771.4734275,6.823850370309518e-21,0.0,9.452229522457956e-07,8.260660004085338e-11,6.223071841262495,1.0507965666310035,-0.567189769085545
1742114771.5650308,7.852762732670357e-21,0.0,9.787080901529083e-07,8.861581536424725e-11,6.2297261162024,1.0465442549975048,-0.5701237183176464
1742114771.6650555,8.657389843855811e-21,0.0,9.093143993583498e-07,9.304509575391823e-11,6.234351961798907,1.0435831377104154,-0.5688866537176556
1742114771.765431,9.289120018325651e-21,0.0,9.254686925824273e-07,9.638008102468918e-11,6.2377011567675,1.0414444927518218,-0.568186716374058
1742114771.8646567,9.908433521662799e-21,0.0,9.405376400675743e-07,9.954111472985822e-11,6.240772474475676,1.0394820636635096,-0.5691757958494611
1742114771.9649932,1.0721522931425528e-20,0.0,9.592972853727062e-07,1.0354478707991788e-10,6.244523096423279,1.0370785216651033,-0.5704391460977977
1742114772.0648675,1.1543526880858395e-20,0.0,9.771953347382864e-07,1.0744080640454257e-10,6.24803826540392,1.0348235800536028,-0.5701344769560284
1742114772.168239,1.2152668896016173e-20,0.0,8.970136022459595e-07,1.1023914411866673e-10,6.250488749059812,1.0332527609182627,-0.5699958961569255
1742114772.2654004,1.3081735295865195e-20,0.0,9.138954440596108e-07,1.14375413860957e-10,6.254006517842001,1.0310018780572943,-0.5680669110380597
1742114772.3649945,1.3886745024203458e-20,0.0,9.278254176605878e-07,1.1784203419919166e-10,6.256865470143069,1.0291771700872019,-0.5680161874853557
1742114772.4650538,1.4616117074281703e-20,0.0,9.398387780296137e-07,1.208971342682766e-10,6.259319725795734,1.027612250966305,-0.5673225086294597
1742114772.5674915,1.5348850182536325e-20,0.0,9.514712097811937e-07,1.2389047656109942e-10,6.261667703120793,1.0261160438633627,-0.5673538606726116
1742114772.6650183,1.601757379892828e-20,0.0,7.099891245287757e-07,1.2656055388203815e-10,6.263717427469331,1.0248111749978346,-0.5655516546331828
1742114772.7648268,1.6419463275652552e-20,0.0,7.145932629072992e-07,1.2813845354011633e-10,6.264916773883442,1.0240558116956446,-0.55389864855637
1742114772.8662999,1.6477280302741705e-20,0.0,7.152487473341954e-07,1.2836385902091642e-10,6.2650891733891,1.023949605968566,-0.53739930802216
1742114772.9658906,1.640635510602554e-20,0.0,7.144448810813114e-07,1.2808729486574982e-10,6.264870365354852,1.0240768250599448,-0.5184918802343793
1742114773.0702736,1.6483264726950834e-20,0.0,7.153160685462594e-07,1.2838716729856935e-10,6.265113690888612,1.023941521033084,-0.4989380400740093
1742114773.1654968,1.650408947101766e-20,0.0,7.155513766146384e-07,1.2846824304479943e-10,6.265180526166162,1.0239054832297132,-0.47627635413040575
1742114773.2648008,1.6436100962616334e-20,0.0,7.147827948301887e-07,1.2820335784454453e-10,6.264954940598486,1.0240202591720102,-0.45952399187912407
1742114773.3648074,1.649625248735967e-20,0.0,7.154625536323745e-07,1.2843773778512166e-10,6.265159981541885,1.0239210191985553,-0.4435286682211346
1742114773.4675632,1.6522580304795492e-20,0.0,7.15759349833168e-07,1.2854018945370934e-10,6.265251983467124,1.0238787651458843,-0.4206851285063213
1742114773.5652041,1.6458083654011558e-20,0.0,7.150320760659188e-07,1.2828906287759514e-10,6.26501982648665,1.023979588367169,-0.4043368857466165
1742114773.664716,1.6445225757382314e-20,0.0,7.148868443226599e-07,1.282389400977032e-10,6.264973371608477,1.0239997060285155,-0.39029510432114056
1742114773.7698598,1.646400677078603e-20,0.0,7.150987812526913e-07,1.28312145842808e-10,6.2650438549550955,1.0239714628068253,-0.37299414091934635
1742114773.8650362,1.6513429598302858e-20,0.0,7.156554062540551e-07,1.285045897946951e-10,6.265232928548016,1.023898998803947,-0.3587658565603679
1742114773.9674046,1.647716136581942e-20,0.0,7.15247324641335e-07,1.2836339573967114e-10,6.26509000408096,1.0239503340462672,-0.3415737908445781
1742114774.0648203,1.642937245520944e-20,0.0,7.147087712971239e-07,1.2817711361709408e-10,6.264898854133833,1.0240171307404502,-0.3296470206343119
1742114774.168745,1.642346504879672e-20,0.0,7.146421388024107e-07,1.2815406762485817e-10,6.264874888607295,1.0240252722625272,-0.3253244917952007
1742114774.2724588,9.251123642986863e-21,0.0,6.155910592457049e-07,9.618276167269717e-11,6.25791828067662,1.0503961952164182,-0.30076179764240624
1742114774.3644857,9.254383537282613e-21,0.0,6.156476318721464e-07,9.61997065342853e-11,6.257942426080561,1.0503885997935694,-0.2870600011107291
1742114774.4662762,9.244852658654649e-21,0.0,6.154820453332801e-07,9.615015683114951e-11,6.257869523054609,1.050409831926677,-0.27859977743595477
1742114774.5647666,9.235461379865587e-21,0.0,6.15318686670148e-07,9.610130789882929e-11,6.257796386801246,1.0504302459543737,-0.26837072632282616
1742114774.6650128,9.229286150458063e-21,0.0,6.152111573267518e-07,9.606917377836692e-11,6.257747491593619,1.0504433516332696,-0.2563278462645378
1742114774.7648883,9.235344327040021e-21,0.0,6.15316720007334e-07,9.610069888944628e-11,6.257796576275624,1.0504309735328725,-0.24295524618595488
1742114774.8646295,9.244342001844271e-21,0.0,6.154734727413515e-07,9.61475012771745e-11,6.257870351233549,1.0504130039462787,-0.2337508585211599
1742114774.9706619,9.244358094349211e-21,0.0,6.154737430923196e-07,9.614758496368596e-11,6.2578703282215,1.05041290530842,-0.2257473852392996
1742114775.0649853,9.238511530357098e-21,0.0,6.153718057122108e-07,9.611717604235519e-11,6.25782092584808,1.0504239474494028,-0.21847943327396774
1742114775.1646438,9.235616663418505e-21,0.0,6.153212990233144e-07,9.610211581135196e-11,6.257796188349033,1.0504293034725976,-0.21188841125934962
1742114775.2666736,9.229868394425435e-21,0.0,6.152209524224869e-07,9.607220406769814e-11,6.257746662907067,1.0504397793511817,-0.2040092136618459
1742114775.3653226,9.229868394425435e-21,0.0,6.152209524224869e-07,9.607220406769814e-11,6.257746662907067,1.0504397793511817,-0.20050755999058129
1742114775.4649675,9.235438756770654e-21,0.0,6.153183053370776e-07,9.610119019435012e-11,6.257796404087202,1.0504303782720914,-0.18732849619358427
1742114775.5706267,9.23819742965665e-21,0.0,6.153665215547745e-07,9.611554208168755e-11,6.257821305297668,1.0504258438965604,-0.1782716300246083
1742114775.6706889,9.243685272361346e-21,0.0,6.154624301737549e-07,9.614408599784672e-11,6.257871142054398,1.0504169657743905,-0.17431769630878816
1742114775.7669973,9.249134637854712e-21,0.0,6.155576556587428e-07,9.617242139956086e-11,6.257921022379023,1.0504083357921452,-0.15870771667927136
1742114775.8655777,9.235845774047988e-21,0.0,6.153251599708334e-07,9.610330782053232e-11,6.257795999553636,1.0504279575923317,-0.15155259630649914
1742114775.965081,9.233218079560439e-21,0.0,6.152791427755168e-07,9.60896356510963e-11,6.257770969639665,1.0504317171469228,-0.14858345053165795
1742114776.0648065,9.243701355528893e-21,0.0,6.154627002587727e-07,9.61441696387716e-11,6.257871117240526,1.050416866408117,-0.14473728201359157
1742114776.1649573,9.235895059946186e-21,0.0,6.153259904256635e-07,9.610356424163562e-11,6.2577959573609405,1.0504276673946347,-0.139498987412151
1742114776.267023,9.238478751736637e-21,0.0,6.153712581011981e-07,9.611700552834882e-11,6.257821025403871,1.0504241711012003,-0.13765738270252584
1742114776.3653934,9.243615838728065e-21,0.0,6.154612602248186e-07,9.614372490562275e-11,6.2578711875485595,1.0504173682914857,-0.13241843244999293
1742114776.4650104,9.246159535897115e-21,0.0,6.155058316048833e-07,9.61569526134076e-11,6.257896288549858,1.0504141181184092,-0.1251162674185598
1742114776.5654473,1.5189905969856376e-20,0.0,7.002420083397654e-07,1.2324733656293094e-10,6.277555451435191,1.033460267640546,-0.1381516541504874
1742114776.6647553,1.5194083491838866e-20,0.0,7.002918097434628e-07,1.2326428311493506e-10,6.2775805342959075,1.0334568792867689,-0.13271088257074484
1742114776.767229,1.5202404892556428e-20,0.0,7.003909751682269e-07,1.232980328008376e-10,6.2776307176673924,1.0334502345440821,-0.13057608261346945
1742114776.8649504,1.5214815740254972e-20,0.0,7.005387881092081e-07,1.2334835118579808e-10,6.277706029587009,1.0334405504882707,-0.1216788972878471
1742114776.9646003,1.5206680651534306e-20,0.0,7.004419466017194e-07,1.2331537070265937e-10,6.277655760225258,1.033446509309572,-0.11502278700113436
1742114777.0651383,1.5190583196697564e-20,0.0,7.00250269507015e-07,1.2325008396223332e-10,6.2775551556967315,1.0334578587161527,-0.11046368732690945
1742114777.1660814,1.51985824630377e-20,0.0,7.003455214019835e-07,1.232825310538265e-10,6.277605476616742,1.0334523517455843,-0.10724408283472188
1742114777.2668297,1.5198582463039857e-20,0.0,7.003455214020095e-07,1.2328253105383527e-10,6.277605476616742,1.0334523517455771,-0.10578663006067414
1742114777.3646026,1.5202531016646504e-20,0.0,7.003925128283476e-07,1.2329854426004593e-10,6.277630656692381,1.0334497837432775,-0.1008818830513969
1742114777.4649057,1.5202531016646504e-20,0.0,7.003925128283476e-07,1.2329854426004593e-10,6.277630656692381,1.0334497837432775,-0.09658248081445824
1742114777.564898,1.5206416986785685e-20,0.0,7.004387341109468e-07,1.2331430163118017e-10,6.2776558585429285,1.0334474390527788,-0.09181440725565086
1742114777.6648197,1.5210250241559618e-20,0.0,7.004843060494681e-07,1.2332984327225758e-10,6.277681077331607,1.0334452822284188,-0.08670873298883575
1742114777.7646184,1.521408589354227e-20,0.0,7.005299001537514e-07,1.2334539267253668e-10,6.277706295506064,1.0334431201643337,-0.08084900036096712
1742114777.8647923,1.5221676318757515e-20,0.0,7.006200830386475e-07,1.2337615782134536e-10,6.277756756009808,1.0334390876790565,-0.07863945617914322
1742114777.9649804,1.5221634043292627e-20,0.0,7.006195686250805e-07,1.2337598649369586e-10,6.277756767208032,1.0334392346647352,-0.07037157669305946
1742114778.0764737,1.5229018532022e-20,0.0,7.007072199764385e-07,1.234059096316785e-10,6.277807280541197,1.0334359291317003,-0.0642276491189016
1742114778.1691904,1.5228999741203525e-20,0.0,7.00706991471451e-07,1.2340583349746286e-10,6.277807284561959,1.0334359940263766,-0.05908996715784224
1742114778.2648804,1.5232641021295365e-20,0.0,7.00750188285068e-07,1.2342058588945105e-10,6.277832552382833,1.0334345215888874,-0.0557573522591605
1742114778.3659303,1.5229019325074815e-20,0.0,7.007072296058818e-07,1.2340591284486662e-10,6.277807280719784,1.0334359265413102,-0.05494053020715845
1742114778.4648652,1.5229024729163536e-20,0.0,7.007072953158988e-07,1.234059347404473e-10,6.277807279712064,1.0334359079414792,-0.05346865310907502
1742114778.565037,1.5229020938737e-20,0.0,7.007072492275875e-07,1.2340591938289264e-10,6.277807280402541,1.0334359209804322,-0.05243689670801314
1742114778.6651032,1.522542862124062e-20,0.0,7.006646420447798e-07,1.2339136364122337e-10,6.277782003465333,1.0334372276132537,-0.051332422640325046
1742114778.7650468,1.5218259115389028e-20,0.0,7.005795947870107e-07,1.2336230832547284e-10,6.2777314473482875,1.0334397970847977,-0.050153561975957404
1742114778.8645813,1.5218259115391188e-20,0.0,7.005795947870367e-07,1.233623083254816e-10,6.2777314473482875,1.0334397970847906,-0.04928702965021261
1742114778.9649594,1.5218259115389028e-20,0.0,7.005795947870107e-07,1.2336230832547284e-10,6.2777314473482875,1.0334397970847977,-0.049230762865544744
1742114779.0672615,1.5221832084249235e-20,0.0,7.006219778814359e-07,1.233767890822631e-10,6.277756727366636,1.0334385514860092,-0.04923290863275656
1742114779.1654253,1.5221832082493726e-20,0.0,7.006219778600828e-07,1.2337678907514868e-10,6.277756727366935,1.0334385514920417,-0.049232431795598545
1742114779.2649996,1.521825908864522e-20,0.0,7.005795944616224e-07,1.233623082170775e-10,6.277731447352821,1.0334397971767153,-0.04923112049341349
1742114779.364917,1.521825908864522e-20,0.0,7.005795944616224e-07,1.233623082170775e-10,6.277731447352821,1.0334397971767153,-0.04922909393549096
1742114779.468368,1.521825908864522e-20,0.0,7.005795944616224e-07,1.233623082170775e-10,6.277731447352821,1.0334397971767153,-0.049239226725102864
1742114779.5650718,1.5214686902877142e-20,0.0,7.005372153382494e-07,1.2334782893459108e-10,6.277706167335722,1.0334410428011154,-0.04923863067865513
1742114779.6647103,1.522183214564242e-20,0.0,7.006219786282262e-07,1.2337678933106673e-10,6.277756727356234,1.0334385512750544,-0.04923016681909686
1742114779.7649443,1.5221832149151377e-20,0.0,7.006219786709099e-07,1.2337678934528723e-10,6.277756727355651,1.0334385512630018,-0.04923112049341349
1742114779.8655553,1.5218259204388453e-20,0.0,7.0057959586985e-07,1.2336230868619658e-10,6.27773144733321,1.0334397967789144,-0.049230047609807356
1742114779.967144,1.5214686995799846e-20,0.0,7.005372164690761e-07,1.2334782931126046e-10,6.277706167319977,1.0334410424816731,-0.04923827305078649
1742114780.066091,1.5218259190796338e-20,0.0,7.005795957044776e-07,1.2336230863110636e-10,6.277731447335512,1.033439796825629,-0.04922968998193864
1742114780.1650705,1.5218259198248598e-20,0.0,7.005795957951456e-07,1.2336230866131111e-10,6.277731447334247,1.0334397968000157,-0.049227663424016445
1742114780.2682488,1.5221832128099362e-20,0.0,7.006219784148322e-07,1.2337678925997128e-10,6.277756727359204,1.0334385513353332,-0.049227067377568705
1742114780.365354,1.5221832128099362e-20,0.0,7.006219784148322e-07,1.2337678925997128e-10,6.277756727359204,1.0334385513353332,-0.04922313347101339
1742114780.4665985,1.522183214037666e-20,0.0,7.00621978564175e-07,1.2337678930972655e-10,6.277756727357115,1.033438551293143,-0.049226471331120805
1742114780.5649552,1.521825920570226e-20,0.0,7.00579595885834e-07,1.2336230869152159e-10,6.277731447332982,1.0334397967743971,-0.04922039165735373
1742114780.665203,1.521825920570226e-20,0.0,7.00579595885834e-07,1.2336230869152159e-10,6.277731447332982,1.0334397967743971,-0.049222179796697005
1742114780.7649698,1.5221832137308768e-20,0.0,7.006219785268563e-07,1.2337678929729354e-10,6.277756727357641,1.0334385513036874,-0.049218841936589736
1742114780.864977,1.5218259193426006e-20,0.0,7.005795957364713e-07,1.2336230864176468e-10,6.277731447335057,1.0334397968165874,-0.049236127283574474
1742114780.9650798,1.5218259239022776e-20,0.0,7.005795962912369e-07,1.23362308826573e-10,6.277731447327341,1.033439796659879,-0.04922372951746126
1742114781.065139,1.521468710713304e-20,0.0,7.005372178239487e-07,1.233478297625582e-10,6.277706167301119,1.0334410420989446,-0.049227663424016445
1742114781.1647153,1.522183218773845e-20,0.0,7.006219791402882e-07,1.233767895016662e-10,6.2777567273491,1.0334385511304056,-0.04923290863275656
1742114781.2651036,1.5218259257874982e-20,0.0,7.005795965206095e-07,1.2336230890298294e-10,6.277731447324157,1.0334397965950899,-0.04922563686609401
1742114781.3713949,1.5221832164496673e-20,0.0,7.006219788575727e-07,1.2337678940747596e-10,6.277756727353037,1.033438551210267,-0.049221941378117945
1742114781.4648733,1.5218259269711245e-20,0.0,7.00579596664619e-07,1.233623089509565e-10,6.2777314473221395,1.0334397965544042,-0.049222418215276335
1742114781.5655358,1.5221832211855868e-20,0.0,7.006219794336526e-07,1.2337678959940508e-10,6.277756727345022,1.0334385510475386,-0.04923851146936552
1742114781.665097,1.5218259258748473e-20,0.0,7.005795965312372e-07,1.2336230890652327e-10,6.277731447324001,1.0334397965920843,-0.04922599449396276
1742114781.764824,1.5218259281109248e-20,0.0,7.005795968032961e-07,1.2336230899715378e-10,6.277731447320221,1.0334397965152355,-0.04921991482019557
1742114781.8649728,1.5218259281109248e-20,0.0,7.005795968032961e-07,1.2336230899715378e-10,6.277731447320221,1.0334397965152355,-0.04922718658685818
1742114781.9649882,1.5218259281109248e-20,0.0,7.005795968032961e-07,1.2336230899715378e-10,6.277731447320221,1.0334397965152355,-0.04922694816827902
1742114782.0648105,1.5221832192123485e-20,0.0,7.006219791936256e-07,1.233767895194371e-10,6.277756727348361,1.0334385511153403,-0.04922527923822547
1742114782.1648517,1.5221832192123485e-20,0.0,7.006219791936256e-07,1.233767895194371e-10,6.277756727348361,1.0334385511153403,-0.049226471331120805
1742114782.2663634,1.5218259266641912e-20,0.0,7.005795966272745e-07,1.233623089385162e-10,6.277731447322665,1.0334397965649558,-0.049237557795049125
1742114782.3648856,1.522183217238926e-20,0.0,7.006219789535793e-07,1.2337678943946167e-10,6.277756727351701,1.0334385511831474,-0.04922527923822547
1742114782.4648635,1.521825930040101e-20,0.0,7.005795970380162e-07,1.2336230907534525e-10,6.2777314473169525,1.0334397964489312,-0.049221583750249404
1742114782.5663722,1.521825930040101e-20,0.0,7.005795970380162e-07,1.2336230907534525e-10,6.2777314473169525,1.0334397964489312,-0.049212404634953896
1742114782.668869,1.5214687273691652e-20,0.0,7.005372198508927e-07,1.2334783043771644e-10,6.277706167272896,1.0334410415263626,-0.049209662821294284
1742114782.7652364,1.5218259204821956e-20,0.0,7.005795958751247e-07,1.2336230868795362e-10,6.27773144733311,1.0334397967774134,-0.04923517360925812
1742114782.86494,1.5218259204821956e-20,0.0,7.005795958751247e-07,1.2336230868795362e-10,6.27773144733311,1.0334397967774134,-0.04921669616937773
1742114782.965023,1.522183213292103e-20,0.0,7.006219784734848e-07,1.233767892795117e-10,6.277756727358366,1.0334385513187563,-0.04921347751855982
1742114783.0647447,1.522183213292103e-20,0.0,7.006219784734848e-07,1.233767892795117e-10,6.277756727358366,1.0334385513187563,-0.049218365099431415
1742114783.164981,1.5221832125025954e-20,0.0,7.006219783774496e-07,1.233767892475159e-10,6.277756727359687,1.0334385513458777,-0.049216219332219445
1742114783.2653537,1.5218259250417427e-20,0.0,7.00579596429876e-07,1.233623088727567e-10,6.27773144732538,1.0334397966207032,-0.04921657696008831
1742114783.3649597,1.5218259306096877e-20,0.0,7.00579597107318e-07,1.233623090984312e-10,6.277731447315944,1.0334397964293363,-0.04920143738031518
1742114783.4652352,1.5218259306096877e-20,0.0,7.00579597107318e-07,1.233623090984312e-10,6.277731447315944,1.0334397964293363,-0.04920525207758081
1742114783.5645008,1.5221832193875314e-20,0.0,7.006219792149376e-07,1.2337678952653662e-10,6.277756727348034,1.0334385511093078,-0.049227425005437316
1742114783.665051,1.5221832193875314e-20,0.0,7.006219792149376e-07,1.2337678952653662e-10,6.277756727348034,1.0334385511093078,-0.0492133583092703
1742114783.7649474,1.521825935432342e-20,0.0,7.005795976940811e-07,1.233623092938983e-10,6.2777314473077865,1.0334397962635915,-0.04921168937921653
1742114783.8648384,1.5221832092136304e-20,0.0,7.006219779773776e-07,1.2337678911422645e-10,6.277756727365244,1.0334385514588842,-0.049207993891240524
1742114783.9650834,1.521468725440236e-20,0.0,7.005372196161522e-07,1.2334783035952583e-10,6.277706167276136,1.0334410415926616,-0.049208947565556875
1742114784.0649588,1.521825920350469e-20,0.0,7.005795958590981e-07,1.2336230868261458e-10,6.277731447333309,1.0334397967819307,-0.04919321193933624
1742114784.1685133,1.5221831943033453e-20,0.0,7.006219761636787e-07,1.2337678850996832e-10,6.277756727390468,1.033438551971205,-0.04920513286829137
1742114784.2660413,1.5221831943033453e-20,0.0,7.006219761636787e-07,1.2337678850996832e-10,6.277756727390468,1.033438551971205,-0.04920239105463172
1742114784.3651984,1.5218259221478427e-20,0.0,7.005795960777825e-07,1.23362308755464e-10,6.277731447330268,1.0334397967201578,-0.04919571533441688
1742114784.464855,1.5221831902689036e-20,0.0,7.006219756729257e-07,1.233767883464675e-10,6.277756727397303,1.0334385521098337,-0.0491889204049124
1742114784.5664134,1.52146872671154e-20,0.0,7.005372197708636e-07,1.2334783041105913e-10,6.2777061672739904,1.0334410415489614,-0.04920382156610639
1742114784.6649559,1.522183201977745e-20,0.0,7.006219770971989e-07,1.2337678882098306e-10,6.277756727377479,1.0334385517075084,-0.04920704021692418
1742114784.7648304,1.5218259274969175e-20,0.0,7.005795967285927e-07,1.2336230897226743e-10,6.277731447321216,1.0334397965363191,-0.04918963566064974
1742114784.8666832,1.5218259237265844e-20,0.0,7.005795962698648e-07,1.23362308819452e-10,6.2777314473275965,1.033439796665899,-0.049199887659551036
1742114784.9650114,1.522183199653946e-20,0.0,7.006219768145295e-07,1.2337678872680816e-10,6.27775672738143,1.0334385517873628,-0.04920739784479283
1742114785.0691862,1.5218259299961887e-20,0.0,7.005795970326741e-07,1.2336230907356545e-10,6.277731447316995,1.033439796450427,-0.04918307914972438
1742114785.1650586,1.521825931486889e-20,0.0,7.005795972140433e-07,1.2336230913398504e-10,6.277731447314466,1.0334397963991915,-0.04920036449670925
1742114785.2648942,1.5221832000924385e-20,0.0,7.006219768678682e-07,1.2337678874457864e-10,6.277756727380691,1.0334385517722975,-0.04919535770654803
1742114785.3648682,1.521825929207007e-20,0.0,7.005795969366554e-07,1.2336230904157912e-10,6.277731447318331,1.0334397964775501,-0.04918534412622586
1742114785.4660459,1.522183207240619e-20,0.0,7.006219777373777e-07,1.2337678903426766e-10,6.2777567273685975,1.0334385515266842,-0.04921037807703156
1742114785.5647852,1.5218259373619186e-20,0.0,7.005795979288476e-07,1.2336230937210597e-10,6.277731447304532,1.03343979619728,-0.0491870130562795
1742114785.6686816,1.522183205617941e-20,0.0,7.006219775399936e-07,1.233767889685066e-10,6.27775672737134,1.0334385515824387,-0.04919964924097196
1742114785.7672374,1.521825932407624e-20,0.0,7.005795973260685e-07,1.2336230917130338e-10,6.277731447312917,1.033439796367551,-0.049192496683598895
1742114785.8649445,1.521825932407624e-20,0.0,7.005795973260685e-07,1.2336230917130338e-10,6.277731447312917,1.033439796367551,-0.04922825947046417
1742114785.9647856,1.521825932407624e-20,0.0,7.005795973260685e-07,1.2336230917130338e-10,6.277731447312917,1.033439796367551,-0.04920596733331807
1742114786.065047,1.5221832049164308e-20,0.0,7.006219774546622e-07,1.2337678894007701e-10,6.277756727372534,1.0334385516065456,-0.04919666900873324
1742114786.1645312,1.5218259308730438e-20,0.0,7.005795971393592e-07,1.2336230910910526e-10,6.277731447315503,1.0334397964202875,-0.04920167579889434
1742114786.2650218,1.5218259341613775e-20,0.0,7.005795975394448e-07,1.233623092423848e-10,6.277731447309932,1.0334397963072703,-0.04919273510217811
1742114786.3649743,1.521825930522598e-20,0.0,7.005795970967222e-07,1.2336230909490136e-10,6.2777314473161,1.033439796432333,-0.04920262947321082
1742114786.4650192,1.521825930522598e-20,0.0,7.005795970967222e-07,1.2336230909490136e-10,6.2777314473161,1.033439796432333,-0.04919321193933624
1742114786.5650425,1.522183209038772e-20,0.0,7.006219779561064e-07,1.2337678910714007e-10,6.277756727365542,1.0334385514648936,-0.04920513286829137
1742114786.6645012,1.521825940212079e-20,0.0,7.005795982756213e-07,1.2336230948762588e-10,6.277731447299701,1.0334397960993211,-0.04920525207758081
1742114786.7644475,1.521825940212079e-20,0.0,7.005795982756213e-07,1.2336230948762588e-10,6.277731447299701,1.0334397960993211,-0.049205728914739
1742114786.8648496,1.522183218818222e-20,0.0,7.006219791456857e-07,1.2337678950346464e-10,6.277756727349001,1.0334385511288708,-0.04921466961145547
1742114786.970208,1.5218259404311657e-20,0.0,7.005795983022779e-07,1.2336230949650569e-10,6.277731447299317,1.0334397960917858,-0.04920787468195106
1742114787.0648913,1.5218259404311657e-20,0.0,7.005795983022779e-07,1.2336230949650569e-10,6.277731447299317,1.0334397960917858,-0.049210735704900185
1742114787.165718,1.5221832172832275e-20,0.0,7.006219789589686e-07,1.2337678944125703e-10,6.277756727351587,1.033438551181609,-0.049199291613103345
1742114787.2644198,1.5218259419657244e-20,0.0,7.005795984889846e-07,1.2336230955870292e-10,6.277731447296716,1.033439796039044,-0.04919964924097196
1742114787.3651853,1.5218259419657244e-20,0.0,7.005795984889846e-07,1.2336230955870292e-10,6.277731447296716,1.033439796039044,-0.049217292215825485
1742114787.4656403,1.5221832292551622e-20,0.0,7.006219804152446e-07,1.2337678992643478e-10,6.277756727331322,1.0334385507702457,-0.049217173006535914
1742114787.565409,1.521825949243608e-20,0.0,7.005795993744703e-07,1.2336230985368295e-10,6.2777314472843955,1.0334397957889134,-0.04920978203058373
1742114787.664954,1.521825949243608e-20,0.0,7.005795993744703e-07,1.2336230985368295e-10,6.2777314472843955,1.0334397957889134,-0.04920978203058373
1742114787.765506,1.522183227150177e-20,0.0,7.006219801591918e-07,1.2337678984112762e-10,6.277756727334875,1.03343855084257,-0.049219199564458395
1742114787.8650627,1.522183227150177e-20,0.0,7.006219801591918e-07,1.2337678984112762e-10,6.277756727334875,1.03343855084257,-0.04921157016992701
1742114787.9650786,1.521825939817483e-20,0.0,7.005795982276125e-07,1.233623094716325e-10,6.277731447300354,1.0334397961128765,-0.04921133175134787
1742114788.0648227,1.521825939817483e-20,0.0,7.005795982276125e-07,1.233623094716325e-10,6.277731447300354,1.0334397961128765,-0.049219199564458395
1742114788.1662457,1.52218322486976e-20,0.0,7.006219798818008e-07,1.2337678974871084e-10,6.2777567273387405,1.0334385509209287,-0.04921311989069113
1742114788.265149,1.52218322486976e-20,0.0,7.006219798818008e-07,1.2337678974871084e-10,6.2777567273387405,1.0334385509209287,-0.04921908035516874
1742114788.3663342,1.5221832176339827e-20,0.0,7.006219790016355e-07,1.2337678945547182e-10,6.277756727350976,1.0334385511695494,-0.04920811310053005
1742114788.465272,1.5218259345123638e-20,0.0,7.005795975821504e-07,1.2336230925661062e-10,6.277731447309321,1.0334397962952,-0.04922039165735373
1742114788.5653946,1.5218259345123638e-20,0.0,7.005795975821504e-07,1.2336230925661062e-10,6.277731447309321,1.0334397962952,-0.04920239105463172
1742114788.664831,1.5218259345123638e-20,0.0,7.005795975821504e-07,1.2336230925661062e-10,6.277731447309321,1.0334397962952,-0.049204656031133165
1742114788.7647815,1.5218259345123638e-20,0.0,7.005795975821504e-07,1.2336230925661062e-10,6.277731447309321,1.0334397962952,-0.04920990123987343
1742114788.8650312,1.5218259345123638e-20,0.0,7.005795975821504e-07,1.2336230925661062e-10,6.277731447309321,1.0334397962952,-0.04921598091364052
1742114788.9647427,1.5221832160115426e-20,0.0,7.006219788042801e-07,1.233767893897204e-10,6.277756727353733,1.0334385512253021,-0.04920942440271514
1742114789.064964,1.5218259293390473e-20,0.0,7.005795969527204e-07,1.2336230904693083e-10,6.277731447318089,1.0334397964730044,-0.049221345331670205
1742114789.1650698,1.52182593543311e-20,0.0,7.005795976941755e-07,1.2336230929392939e-10,6.277731447307772,1.0334397962635595,-0.04920477524042258
1742114789.265672,1.5221832176339827e-20,0.0,7.006219790016355e-07,1.2337678945547182e-10,6.277756727350976,1.0334385511695494,-0.049213239099980814
1742114789.3647096,1.521825940869696e-20,0.0,7.005795983556322e-07,1.2336230951427975e-10,6.277731447298564,1.0334397960767099,-0.04919893398523463
1742114789.466742,1.521825940869696e-20,0.0,7.005795983556322e-07,1.2336230951427975e-10,6.277731447298564,1.0334397960767099,-0.04920262947321082
1742114789.5650256,1.5218259384582606e-20,0.0,7.005795980622388e-07,1.2336230941654183e-10,6.277731447302642,1.0334397961595858,-0.049209185984136046
1742114789.6674423,1.5218259384582606e-20,0.0,7.005795980622388e-07,1.2336230941654183e-10,6.277731447302642,1.0334397961595858,-0.04920382156610639
1742114789.7647781,1.5218259384582606e-20,0.0,7.005795980622388e-07,1.2336230941654183e-10,6.277731447302642,1.0334397961595858,-0.0492153848671927
1742114789.8670502,1.521825939554116e-20,0.0,7.005795981955701e-07,1.2336230946095796e-10,6.277731447300781,1.03343979612192,-0.049218365099431415
1742114789.965454,1.521825939554116e-20,0.0,7.005795981955701e-07,1.2336230946095796e-10,6.277731447300781,1.03343979612192,-0.04921145096063744
1742114790.064932,1.521825940562568e-20,0.0,7.005795983182665e-07,1.2336230950183157e-10,6.277731447299075,1.0334397960872614,-0.049208709146977815
1742114790.1647043,1.522183218467283e-20,0.0,7.006219791029998e-07,1.2337678948924238e-10,6.277756727349569,1.033438551140918,-0.0492100204491629
1742114790.2649643,1.521825947314399e-20,0.0,7.005795991397487e-07,1.2336230977549013e-10,6.27773144728765,1.0334397958552124,-0.04920119896173618
1742114790.3744798,1.521825947314399e-20,0.0,7.005795991397487e-07,1.2336230977549013e-10,6.27773144728765,1.0334397958552124,-0.04920596733331807
1742114790.465548,1.5221832239488626e-20,0.0,7.006219797697818e-07,1.233767897113903e-10,6.2777567273402894,1.0334385509525674,-0.04920811310053005
1742114790.5651584,1.5218259671754363e-20,0.0,7.005796015562011e-07,1.2336231058047819e-10,6.277731447254041,1.0334397951726224,-0.04918057575464386
1742114790.6667907,1.522183232281142e-20,0.0,7.006219807833269e-07,1.2337679004906645e-10,6.2777567273262065,1.0334385506662738,-0.049206921007634595
1742114790.764942,1.5221832263610697e-20,0.0,7.006219800632041e-07,1.2337678980914804e-10,6.277756727336211,1.0334385508696844,-0.04919082775354515
1742114790.8649259,1.521825953057994e-20,0.0,7.005795998385594e-07,1.233623100082839e-10,6.2777314472779295,1.0334397956578147,-0.04920954361200469
1742114790.964629,1.5218259611252105e-20,0.0,7.005796008200826e-07,1.2336231033525638e-10,6.277731447264273,1.0334397953805556,-0.04920453682184359
1742114791.0657737,1.5218259642819258e-20,0.0,7.005796012041536e-07,1.2336231046320127e-10,6.277731447258944,1.03343979527207,-0.04919595375299591
1742114791.165029,1.5218259691922214e-20,0.0,7.005796018015812e-07,1.2336231066222056e-10,6.277731447250616,1.0334397951033036,-0.04918260231256624
1742114791.2662385,1.5218259691922214e-20,0.0,7.005796018015812e-07,1.2336231066222056e-10,6.277731447250616,1.0334397951033036,-0.04919881477594505
1742114791.364679,1.5218259691922214e-20,0.0,7.005796018015812e-07,1.2336231066222056e-10,6.277731447250616,1.0334397951033036,-0.049206444170476336
1742114791.4673705,1.5218259665178625e-20,0.0,7.00579601476197e-07,1.2336231055382606e-10,6.277731447255135,1.0334397951952141,-0.04921371593713897
1742114791.5651271,1.5218259740587238e-20,0.0,7.005796023936781e-07,1.2336231085946485e-10,6.277731447242374,1.0334397949360472,-0.04919321193933624
1742114791.6651368,1.5214687833876302e-20,0.0,7.005372266680814e-07,1.233478327084684e-10,6.27770616717801,1.0334410396006213,-0.04919333114862575
1742114791.7695854,1.522183260522396e-20,0.0,7.006219842186135e-07,1.2337679119357886e-10,6.277756727278387,1.0334385496958802,-0.049203106310368803
1742114791.8653905,1.5221832615747587e-20,0.0,7.006219843466242e-07,1.233767912362272e-10,6.277756727276611,1.0334385496597225,-0.04920596733331807
1742114791.9645784,1.521825984230053e-20,0.0,7.005796036312043e-07,1.2336231127171916e-10,6.27773144722515,1.0334397945864708,-0.049199887659551036
1742114792.0650523,1.5218259860278813e-20,0.0,7.005796038499417e-07,1.2336231134458697e-10,6.2777314472221235,1.0334397945246891,-0.04920477524042258
1742114792.167295,1.5218259843616392e-20,0.0,7.005796036472141e-07,1.2336231127705249e-10,6.277731447224923,1.0334397945819465,-0.04920930519342553
1742114792.268166,1.5221832597330722e-20,0.0,7.006219841225998e-07,1.2337679116159054e-10,6.277756727279723,1.0334385497230016,-0.04920811310053005
1742114792.365215,1.52182598348473e-20,0.0,7.00579603540523e-07,1.2336231124151047e-10,6.277731447226415,1.0334397946120877,-0.04919547691583762
1742114792.4656231,1.52182598348473e-20,0.0,7.00579603540523e-07,1.2336231124151047e-10,6.277731447226415,1.0334397946120877,-0.049199291613103345
1742114792.5647523,1.52182598348473e-20,0.0,7.00579603540523e-07,1.2336231124151047e-10,6.277731447226415,1.0334397946120877,-0.049190112497807914
1742114792.6659067,1.5221832591189858e-20,0.0,7.00621984047902e-07,1.233767911367039e-10,6.27775672728076,1.0334385497441012,-0.04919285431146752
1742114792.765212,1.5218259930863862e-20,0.0,7.005796047087356e-07,1.2336231163067538e-10,6.277731447210172,1.0334397942820974,-0.04920000686884066
1742114792.8653364,1.5218259981720943e-20,0.0,7.005796053275056e-07,1.233623118368043e-10,6.27773144720156,1.0334397941073075,-0.049186178591252766
1742114792.9648979,1.5218259981720943e-20,0.0,7.005796053275056e-07,1.233623118368043e-10,6.27773144720156,1.0334397941073075,-0.04919237747430936
1742114793.0645924,1.5221832679773226e-20,0.0,7.006219851254357e-07,1.2337679149569916e-10,6.277756727265768,1.0334385494397242,-0.049192496683598895
1742114793.174846,1.52182599825993e-20,0.0,7.005796053381923e-07,1.2336231184036437e-10,6.277731447201418,1.0334397941042912,-0.04917115822076929
1742114793.266355,1.52182599825993e-20,0.0,7.005796053381923e-07,1.2336231184036437e-10,6.277731447201418,1.0334397941042912,-0.049193688776494444
1742114793.3651164,1.5221832704769642e-20,0.0,7.006219854294956e-07,1.233767915970003e-10,6.277756727261547,1.0334385493538392,-0.04919833793878689
1742114793.4646199,1.5218259999696307e-20,0.0,7.005796055462088e-07,1.2336231190966026e-10,6.277731447198519,1.0334397940455293,-0.04919392719507354
1742114793.564553,1.5218259999695223e-20,0.0,7.005796055461961e-07,1.2336231190965587e-10,6.277731447198519,1.0334397940455329,-0.049188801195622855
1742114793.6650584,1.5218259999696307e-20,0.0,7.005796055462088e-07,1.2336231190966026e-10,6.277731447198519,1.0334397940455293,-0.04920429840326447
1742114793.7646608,1.5218259999696307e-20,0.0,7.005796055462088e-07,1.2336231190966026e-10,6.277731447198519,1.0334397940455293,-0.049185701754094466
1742114793.8761744,1.5218259999696307e-20,0.0,7.005796055462088e-07,1.2336231190966026e-10,6.277731447198519,1.0334397940455293,-0.04920322551965855
1742114793.9650953,1.5218259999696307e-20,0.0,7.005796055462088e-07,1.2336231190966026e-10,6.277731447198519,1.0334397940455293,-0.0492006029152884
1742114794.064682,1.5218259999696307e-20,0.0,7.005796055462088e-07,1.2336231190966026e-10,6.277731447198519,1.0334397940455293,-0.04919070854425566
1742114794.1650429,1.521825995848516e-20,0.0,7.00579605044799e-07,1.233623117426273e-10,6.277731447205497,1.0334397941871671,-0.049204656031133165
1742114794.2654247,1.5218259968569683e-20,0.0,7.005796051674955e-07,1.233623117835009e-10,6.2777314472037915,1.0334397941525086,-0.04920191421747342
1742114794.3748643,1.5218259968569683e-20,0.0,7.005796051674955e-07,1.233623117835009e-10,6.2777314472037915,1.0334397941525086,-0.04920549049615992
1742114794.4650722,1.5218259991367313e-20,0.0,7.005796054448716e-07,1.2336231187590201e-10,6.277731447199926,1.0334397940741535,-0.049199291613103345
1742114794.5654972,1.5218259991367313e-20,0.0,7.005796054448716e-07,1.2336231187590201e-10,6.277731447199926,1.0334397940741535,-0.0492100204491629
1742114794.6649702,1.5218259991367313e-20,0.0,7.005796054448716e-07,1.2336231187590201e-10,6.277731447199926,1.0334397940741535,-0.049204417612554036
1742114794.7681339,1.5218259991367313e-20,0.0,7.005796054448716e-07,1.2336231187590201e-10,6.277731447199926,1.0334397940741535,-0.04920096054315691
1742114794.8654103,1.5221832663548716e-20,0.0,7.006219849280803e-07,1.233767914299473e-10,6.277756727268525,1.033438549495477,-0.04919464245081081
1742114794.9647915,1.5221832676703712e-20,0.0,7.006219850880982e-07,1.2337679148325957e-10,6.2777567272662935,1.033438549450274,-0.049198218729497326
1742114795.066944,1.5218259958483e-20,0.0,7.00579605044773e-07,1.2336231174261853e-10,6.277731447205497,1.0334397941871742,-0.049202152636052585
1742114795.1646945,1.5218259958483e-20,0.0,7.00579605044773e-07,1.2336231174261853e-10,6.277731447205497,1.0334397941871742,-0.049194523241521314
1742114795.2656424,1.522183260258978e-20,0.0,7.006219841865721e-07,1.2337679118290352e-10,6.2777567272788275,1.033438549704929,-0.04920394077539583
1742114795.3652678,1.5221832530668635e-20,0.0,7.006219833117178e-07,1.2337679089143402e-10,6.277756727290992,1.0334385499520504,-0.049184390451909525
1742114795.464802,1.5218259825638e-20,0.0,7.005796034284744e-07,1.2336231120418423e-10,6.277731447227978,1.0334397946437406,-0.04919345035791542
1742114795.5658493,1.5218259825638e-20,0.0,7.005796034284744e-07,1.2336231120418423e-10,6.277731447227978,1.0334397946437406,-0.04917580738306178
1742114795.6649563,1.5218259825638e-20,0.0,7.005796034284744e-07,1.2336231120418423e-10,6.277731447227978,1.0334397946437406,-0.04917688026666783
1742114795.7649374,1.5221832475853485e-20,0.0,7.006219826449418e-07,1.2337679066928873e-10,6.277756727300272,1.0334385501403993,-0.04919058933496608
1742114795.8648667,1.5221832426736945e-20,0.0,7.006219820474856e-07,1.2337679047023774e-10,6.277756727308571,1.0334385503091603,-0.04917723789453648
1742114795.96496,1.5218259855450278e-20,0.0,7.005796037911942e-07,1.2336231132501642e-10,6.277731447222919,1.033439794541275,-0.04918343677759295
1742114796.0649095,1.522183244646998e-20,0.0,7.006219822875202e-07,1.2337679055020835e-10,6.277756727305231,1.0334385502413568,-0.04916722431421405
1742114796.1645386,1.5228978454077574e-20,0.0,7.007067326675178e-07,1.2340574724897368e-10,6.277807287730951,1.0334360669515306,-0.049002596285344494
1742114796.264819,1.5225405752161876e-20,0.0,7.006643639234313e-07,1.2339127097230937e-10,6.277782007400603,1.0334373062021012,-0.048373528864385056
1742114796.3658412,1.5221838290242924e-20,0.0,7.006220533712217e-07,1.2337681423283276e-10,6.277756726325279,1.0334385301657214,-0.04817683353662615
1742114796.4646728,1.5214708072122226e-20,0.0,7.005374729566479e-07,1.2334791474573953e-10,6.277706163786036,1.033440970043202,-0.04821581497430943
1742114796.5649612,1.5218272753447908e-20,0.0,7.005797607176822e-07,1.2336236360190214e-10,6.27773144506132,1.033439750222005,-0.048189350512029085
1742114796.6648724,1.5214714806562873e-20,0.0,7.005375549104052e-07,1.2334794204429548e-10,6.277706162674647,1.0334409469048076,-0.04725141182184353
1742114796.7647128,1.5186348384370865e-20,0.0,7.002008951020166e-07,1.2323290301040087e-10,6.277503892565079,1.0334502831773769,-0.04512984409570838
1742114796.8655128,1.5200409897020197e-20,0.0,7.003677862280442e-07,1.232899424001009e-10,6.277605045186775,1.0334460114928667,-0.04224569454431681
1742114796.9646459,1.5200417667121995e-20,0.0,7.003678808647859e-07,1.232899739115959e-10,6.2776050440281495,1.0334459848242403,-0.04435498371362816
1742114797.0647461,1.5193391372189357e-20,0.0,7.002845002607115e-07,1.2326147562068756e-10,6.277554466869361,1.0334481000986333,-0.041961618807317164
1742114797.1646593,1.5200399133359677e-20,0.0,7.003676551406961e-07,1.232898987482741e-10,6.277605046562925,1.0334460483384884,-0.03478188171625279
1742114797.2646143,1.5200399133359677e-20,0.0,7.003676551406961e-07,1.232898987482741e-10,6.277605046562925,1.0334460483384884,-0.00699205055475378
1742114797.3645904,1.5197145044813772e-20,0.0,7.003291226069151e-07,1.2327670114345927e-10,6.277579736476881,1.0334462226615493,-0.009561726000310437
1742114797.46609,1.5200496347086516e-20,0.0,7.003688387326975e-07,1.2329029299619058e-10,6.277605042151123,1.0334457189796389,-0.04669172420740251
1742114797.5684881,1.5200496347086516e-20,0.0,7.003688387326975e-07,1.2329029299619058e-10,6.277605042151123,1.0334457189796389,-0.07328993931055204
1742114797.6647692,1.5200496347086516e-20,0.0,7.003688387326975e-07,1.2329029299619058e-10,6.277605042151123,1.0334457189796389,-0.09402079239130155
1742114797.7649395,1.5200496347086516e-20,0.0,7.003688387326975e-07,1.2329029299619058e-10,6.277605042151123,1.0334457189796389,-0.09930998935938012
1742114797.8644383,1.5200496347086516e-20,0.0,7.003688387326975e-07,1.2329029299619058e-10,6.277605042151123,1.0334457189796389,-0.07799095764398714
1742114797.9646873,1.5200496347086516e-20,0.0,7.003688387326975e-07,1.2329029299619058e-10,6.277605042151123,1.0334457189796389,-0.06939370289087432
1742114798.0668647,1.5200496347086516e-20,0.0,7.003688387326975e-07,1.2329029299619058e-10,6.277605042151123,1.0334457189796389,-0.05494362964868678
1742114798.1658955,0.0009433573605044125,0.0,0.02405372055678012,0.03071412314399375,6.277605042151123,1.0334457189796389,-0.025581189539434026
1742114798.2645898,0.0009431652633906731,0.0,0.024052246160057737,0.03071099580591084,6.277579737202231,1.03344625787315,-0.012865373041631056
1742114798.365892,0.0009433576832251463,0.0,0.024053723001718468,0.03071412839761445,6.277605045229933,1.0334458910250977,-0.027338334467412406
1742114798.4642394,0.0009433571749319849,0.0,0.02405371914726405,0.030714120123031114,6.277605035914462,1.0334456396399077,-0.04721600666284701
1742114798.566085,0.0009431664294896905,0.0,0.02405225500019483,0.03071101479094578,6.277579754341886,1.0334468532843726,-0.04480487957239282
1742114798.664508,0.00094335772443255,0.0,0.02405372331525158,0.030714129068436076,6.277605047284368,1.0334459057060457,-0.01713711872339394
1742114798.7644782,0.00094335772443255,0.0,0.02405372331525158,0.030714129068436076,6.277605047284368,1.0334459057060457,0.02372651443242881
1742114798.864398,0.00094335772443255,0.0,0.02405372331525158,0.030714129068436076,6.277605047284368,1.0334459057060457,0.06485514983892302
1742114798.9644742,0.0012238500879464557,0.0,0.02602663645534057,0.03498356882804349,6.3081156225324975,1.0421537563681902,0.10878680938144857
1742114799.0642993,0.0012235996530687691,0.0,0.02602502323226853,0.03497998932345133,6.30809046267666,1.0421509972925378,0.10804306262394134
1742114799.1652765,0.00122384999950854,0.0,0.026026635899317297,0.034983567564051264,6.308115630821291,1.042153679705688,0.103077518876993
1742114799.267342,0.00122384999950854,0.0,0.026026635899317297,0.034983567564051264,6.308115630821291,1.042153679705688,0.10323737853428053
1742114799.3646283,0.00122384999950854,0.0,0.026026635899317297,0.034983567564051264,6.308115630821291,1.042153679705688,0.11288057559391196
1742114799.4639997,0.00122384999950854,0.0,0.026026635899317297,0.034983567564051264,6.308115630821291,1.042153679705688,0.13491200202366047
1742114799.5643287,0.00122384999950854,0.0,0.026026635899317297,0.034983567564051264,6.308115630821291,1.042153679705688,0.15387486213108234
1742114799.6672928,0.00122384999950854,0.0,0.026026635899317297,0.034983567564051264,6.308115630821291,1.042153679705688,0.16739748710056473
1742114799.7643213,0.0012235981503779544,0.0,0.026025013888671126,0.034979967844152665,6.308090735765788,1.0421491116584374,0.18487297290226162
1742114799.8647053,0.0012235980922019763,0.0,0.02602501354915982,0.03497996701259131,6.3080907743187,1.0421489153349572,0.20068238967319663
1742114799.9666703,0.0012238501002161818,0.0,0.026026636494516576,0.03498356900340761,6.308115573586903,1.0421539776606519,0.20064054721256408
1742114800.064289,0.0012238501002161818,0.0,0.026026636494516576,0.03498356900340761,6.308115573586903,1.0421539776606519,0.21844707721134357
1742114800.1649656,0.001223598032768888,0.0,0.02602501326810593,0.034979966163060934,6.308090896548421,1.0421483496400654,0.23852430575748632
1742114800.2650456,0.0012235980271497623,0.0,0.02602501322498682,0.03497996608274174,6.3080908872696,1.0421483879856872,0.23540686362644345
1742114800.3643312,0.0012238500863441337,0.0,0.02602663636690381,0.03498356880514242,6.308115524028807,1.0421541897905549,0.2308156370486848
1742114800.4645798,0.0012235980200818839,0.0,0.02602501315764523,0.03497996598171422,6.308090859096808,1.042148508947923,0.22542570823093594
1742114800.5646496,0.0012238500858109585,0.0,0.026026636360826538,0.03498356879752205,6.308115520647888,1.0421542044498349,0.23661898368259604
1742114800.6665883,0.0012238500858109585,0.0,0.026026636360826538,0.03498356879752205,6.308115520647888,1.0421542044498349,0.2561974405612583
1742114800.7644384,0.0012238500858109585,0.0,0.026026636360826538,0.03498356879752205,6.308115520647888,1.0421542044498349,0.236128318246805
1742114800.8673522,0.0012238500400226008,0.0,0.026026636162085143,0.03498356814309542,6.308115637157428,1.042153670163458,0.19291709655185868
1742114800.9644551,0.0012238500400226008,0.0,0.026026636162085143,0.03498356814309542,6.308115637157428,1.042153670163458,0.1689567446078889
1742114801.064569,0.0012235983771302435,0.0,0.026025015284031,0.03497997108532601,6.308090676222747,1.0421494770041697,0.1626930116977327
1742114801.165341,0.0012238498808777607,0.0,0.02602663518268576,0.03498356586852976,6.308115678721251,1.0421534147589622,0.11958383315464195
1742114801.2644708,0.0012235994819768702,0.0,0.026025022185633417,0.03497998687788305,6.308090515442487,1.0421506870775001,0.07138084166904612
1742114801.3642235,0.0012238487047214449,0.0,0.026026627764400612,0.0349835490583995,6.308115759217742,1.042152526276988,0.07926605933567218
1742114801.4644694,0.0012238487047214449,0.0,0.026026627764400612,0.0349835490583995,6.308115759217742,1.042152526276988,0.1012449144687289
1742114801.5643184,0.0012238498434394827,0.0,0.026026634781029307,0.034983565333445966,6.308115472903268,1.0421543049015636,0.20940123790165113
1742114801.6650536,0.0012238498434394827,0.0,0.026026634781029307,0.034983565333445966,6.308115472903268,1.0421543049015636,0.2296072124805087
1742114801.764172,0.0012235977783037811,0.0,0.0260250115838791,0.034979962525762964,6.308090814357271,1.0421485964032122,0.21375643008609946
1742114801.8660388,0.0012235977783037811,0.0,0.0260250115838791,0.034979962525762964,6.308090814357271,1.0421485964032122,0.15947269194980795
1742114801.9661038,0.001223848043071498,0.0,0.026026623738434177,0.034983539601811275,6.308115989735313,1.0421512100565984,0.07946549647709064
1742114802.0643976,0.0012236004868425932,0.0,0.02602502872003855,0.034980001241317775,6.308090693362345,1.0421503589643422,0.01858960383793038
1742114802.1643808,0.0012236004868425932,0.0,0.02602502872003855,0.034980001241317775,6.308090693362345,1.0421503589643422,-0.04770578152278728
1742114802.2644773,0.0012236004868425932,0.0,0.02602502872003855,0.034980001241317775,6.308090693362345,1.0421503589643422,-0.10303033596614661
1742114802.364455,0.0011970779511106607,0.0,0.025851534486359153,0.03459881430209221,6.304285573811811,1.0468010618227481,-0.11124633153544819
1742114802.4653835,0.0011970779511106607,0.0,0.025851534486359153,0.03459881430209221,6.304285573811811,1.0468010618227481,-0.15198068221675315
1742114802.5653396,0.001197078468184432,0.0,0.025851537868684177,0.034598821774511804,6.304285596482103,1.0468012033484122,-0.16330633958445936
1742114802.6643887,0.0011973075327211958,0.0,0.025853050034380577,0.03460213191006005,6.30431056908688,1.0467970802603617,-0.16224633058177373
1742114802.7642229,0.0011970777502220405,0.0,0.025851533172195653,0.034598811398977865,6.304285564902273,1.0468010072944764,-0.15255527099238794
1742114802.864458,0.0011973086960520832,0.0,0.025853057641605774,0.03460214872016019,6.304310618214586,1.0467974069630124,-0.11144982179271143
1742114802.9639804,0.0011973111392702166,0.0,0.025853073586353102,0.03460218402457013,6.304310687067925,1.0467982466972572,-0.04486994346248072
1742114803.0644484,0.0011973132858714415,0.0,0.025853087549524135,0.034602215042847204,6.304310698227113,1.0467992052526114,0.030882851280103617
1742114803.1646562,0.0011973132858714415,0.0,0.025853087549524135,0.034602215042847204,6.304310698227113,1.0467992052526114,0.06467188993824573
1742114803.2646806,0.0011970683459055923,0.0,0.025851471978053753,0.034598675493515536,6.304285499702473,1.0467968799478093,0.11936904589069933
1742114803.3647408,0.0016366192436101544,0.0,0.028365660795281553,0.04045515101455134,6.340502015293268,1.0628370449266704,0.14513418098602615
1742114803.4646032,0.0016362897479298942,0.0,0.02836391379428566,0.04045107845200044,6.340477113598837,1.0628325132096208,0.19539698978576986
1742114803.564274,0.0016362897277652107,0.0,0.02836391373843027,0.04045107820275265,6.3404771877600155,1.0628321664203995,0.2234193982711824
1742114803.6648602,0.001636619425714733,0.0,0.02836566168416739,0.04045515326524833,6.3405019155492255,1.0628375670948564,0.2087083758941681
1742114803.7649446,0.0016362897459475856,0.0,0.02836391379661315,0.04045107842749789,6.3404771324782985,1.0628324260600266,0.19427594562683437
1742114803.864509,0.0016362899018790848,0.0,0.028363914572430905,0.04045108035490628,6.340477068707145,1.0628327741287755,0.16631421466980295
1742114803.9646165,0.0016362899018790848,0.0,0.028363914572430905,0.04045108035490628,6.340477068707145,1.0628327741287755,0.1220675410858185
1742114804.064587,0.0016362899018790848,0.0,0.028363914572430905,0.04045108035490628,6.340477068707145,1.0628327741287755,0.12195822616730047
1742114804.1647396,0.0016362899018790848,0.0,0.028363914572430905,0.04045108035490628,6.340477068707145,1.0628327741287755,0.1283573808303864
1742114804.2642305,0.0016362899018790848,0.0,0.028363914572430905,0.04045108035490628,6.340477068707145,1.0628327741287755,0.11945614238891913
1742114804.3666284,0.0016362899018790848,0.0,0.028363914572430905,0.04045108035490628,6.340477068707145,1.0628327741287755,0.12684866806183187
1742114804.466238,0.0016366181966895005,0.0,0.028365655415303045,0.040455138075274205,6.340502188930984,1.062835873354313,0.12027725597534483
1742114804.5643349,0.0016366181966895005,0.0,0.028365655415303045,0.040455138075274205,6.340502188930984,1.062835873354313,0.11676558872375799
1742114804.6645663,0.0016366179725233593,0.0,0.028365654250986028,0.04045513530472194,6.3405022077954385,1.0628357063487712,0.10348519703064271
1742114804.7640219,0.0016366173810376113,0.0,0.02836565116774991,0.040455127994329855,6.340502241178029,1.062835340740623,0.074475139581302
1742114804.8647745,0.0016366173810376113,0.0,0.02836565116774991,0.040455127994329855,6.340502241178029,1.062835340740623,0.05374714752350158
1742114804.9646719,0.0016362923091751919,0.0,0.02836392713972891,0.040451110110541984,6.340476958832468,1.0628341433070858,0.03640458007965403
1742114805.064054,0.0016366166751753519,0.0,0.028365647470105722,0.040455119270314255,6.340502254057611,1.062835027857325,0.0329833926788361
1742114805.164446,0.001636292356720051,0.0,0.028363927388927294,0.040451110698224976,6.340476958129969,1.0628341636298266,0.04447993656311344
1742114805.2659853,0.001636292356720051,0.0,0.028363927388927294,0.040451110698224976,6.340476958129969,1.0628341636298266,0.07998749633941964
1742114805.3640087,0.0016366194431026945,0.0,0.028365661946147765,0.040455153480152495,6.340502168441063,1.06283641553107,0.1219528617492705
1742114805.4698937,0.0016366194431026945,0.0,0.028365661946147765,0.040455153480152495,6.340502168441063,1.06283641553107,0.13008114715729066
1742114805.5644681,0.0016362908965211877,0.0,0.028363919800557327,0.04045109264928684,6.340477076087751,1.0628330982053384,0.1366162004104647
1742114805.6644511,0.0016366198642668943,0.0,0.028365664112969504,0.04045515868547415,6.34050210231554,1.0628368697782768,0.16254219432983705
1742114805.7661867,0.0016362905770192907,0.0,0.028363918163095546,0.04045108870004973,6.340477135876981,1.0628327095150674,0.16366085430298177
1742114805.8643453,0.0016366197731347378,0.0,0.028365663648991228,0.040455157559138706,6.340502123857817,1.0628367383683042,0.1476176681152376
1742114805.964317,0.0016362908142976075,0.0,0.02836391937823816,0.04045109163295359,6.340477090112017,1.0628330044138856,0.14944395443115546
1742114806.0669954,0.001636619900779791,0.0,0.0283656643036553,0.040455159136750296,6.340502100779531,1.0628368899452774,0.15526661296997393
1742114806.1646044,0.001636619900779791,0.0,0.0283656643036553,0.040455159136750296,6.340502100779531,1.0628368899452774,0.15485093017731028
1742114806.2667935,0.0016366199521083854,0.0,0.028365664566190656,0.040455159771139025,6.34050209043518,1.0628369557692494,0.16011604686889958
1742114806.3643003,0.0016362906506474243,0.0,0.028363918544172292,0.04045108961013812,6.340477127627452,1.0628327737751775,0.19143518825683917
1742114806.4649062,0.0016362906506474243,0.0,0.028363918544172292,0.04045108961013812,6.340477127627452,1.0628327737751775,0.1999038161865267
1742114806.5669756,0.001636620302950142,0.0,0.02836566630818512,0.04045516410731938,6.340501941938484,1.0628377618421325,0.19052061458740543
1742114806.664429,0.0016362907376654594,0.0,0.028363918962851817,0.04045109068573379,6.340477070885996,1.0628330648651882,0.18646273037109695
1742114806.7645104,0.0016362907376654594,0.0,0.028363918962851817,0.04045109068573379,6.340477070885996,1.0628330648651882,0.18192824741516433
1742114806.8646536,0.001636620259490243,0.0,0.02836566609350668,0.040455163570182764,6.340501961977154,1.0628376544648503,0.18650481125030824
1742114806.9642181,0.0016362906156196623,0.0,0.028363918368827644,0.04045108917717374,6.340477140369472,1.0628327028351698,0.20233556648407294
1742114807.0645216,0.0016362906156196623,0.0,0.028363918368827644,0.04045108917717374,6.340477140369472,1.0628327028351698,0.22881969829712234
1742114807.1644828,0.0016362906505342065,0.0,0.02836391857295658,0.04045108960873868,6.340477171175877,1.0628325743553475,0.23925969024811103
1742114807.2643595,0.001636290604857918,0.0,0.028363918297995845,0.04045108904415205,6.340477119144154,1.0628327961396984,0.2212588491073641
1742114807.3643434,0.001636620283634153,0.0,0.028365666181090817,0.04045516386858608,6.340501903896666,1.0628379290615406,0.20028039833221742
1742114807.4663029,0.0016362906472236454,0.0,0.028363918491584428,0.040451089567818135,6.340477076324021,1.0628330074275496,0.19111070057068172
1742114807.5658011,0.0016362906472236454,0.0,0.028363918491584428,0.040451089567818135,6.340477076324021,1.0628330074275496,0.1664067210784945
1742114807.6656487,0.0016366199680163428,0.0,0.028365664611667257,0.040455159967751245,6.3405020340513545,1.0628372196348046,0.16546651741180723
1742114807.7644634,0.0016366199680163428,0.0,0.028365664611667257,0.040455159967751245,6.3405020340513545,1.0628372196348046,0.15266665836487114
1742114807.864124,0.0016366198447579144,0.0,0.028365663975315047,0.04045515844435558,6.340502050136422,1.0628371016528426,0.13280519863281548
1742114807.9723928,0.0016362913138462131,0.0,0.028363921910982325,0.040451097807676535,6.3404769558949425,1.062833798640753,0.1227633657089266
1742114808.0651774,0.0016362913138462131,0.0,0.028363921910982325,0.040451097807676535,6.3404769558949425,1.062833798640753,0.10634252449188537
1742114808.1666453,0.0016362913138462131,0.0,0.028363921910982325,0.040451097807676535,6.3404769558949425,1.062833798640753,0.10461100956116025
1742114808.2641816,0.0016362913138462131,0.0,0.028363921910982325,0.040451097807676535,6.3404769558949425,1.062833798640753,0.09690412899170227
1742114808.3664403,0.00163661836765695,0.0,0.028365656298858018,0.04045514018832403,6.34050216795282,1.0628360309001543,0.08490106483612377
1742114808.4642582,0.0016366177269289963,0.0,0.028365652950332575,0.04045513226933013,6.340502191375407,1.0628356931778704,0.058150619470218046
1742114808.5644243,0.0016362919352422326,0.0,0.028363925155098002,0.040451105488505903,6.34047692769532,1.0628341513242638,0.06667074581299136
1742114808.6642604,0.0016366186231433068,0.0,0.028365657633524312,0.040455143345974026,6.340502157815152,1.0628361692186594,0.08235976120148016
1742114808.7773852,0.0016362919812627683,0.0,0.028363925395370835,0.04045110605734741,6.340476925627243,1.062834177350659,0.07519659420166341
1742114808.8644884,0.0016362919812627683,0.0,0.028363925395370835,0.04045110605734741,6.340476925627243,1.062834177350659,0.07688257118378
1742114808.9650226,0.001636618241518188,0.0,0.028365655640222507,0.040455138629328515,6.340502173425961,1.0628359604670337,0.06785222908172915
1742114809.0654435,0.0016366183203900594,0.0,0.028365656052471686,0.04045513960413509,6.340502170623637,1.0628360016692042,0.07111546417389225
1742114809.1643145,0.001636291925982857,0.0,0.028363925106689697,0.040451105374054455,6.340476928014752,1.0628341465303066,0.07314857860718091
1742114809.264373,0.0016362923394739888,0.0,0.02836392726870736,0.040451110485053295,6.3404769141537685,1.0628343587633076,0.05634257217560137
1742114809.3643017,0.0016362923569200364,0.0,0.02836392736000851,0.040451110700696916,6.34047691368923,1.0628343671671523,0.05567750354919742
1742114809.4643836,0.0016362923569200364,0.0,0.02836392736000851,0.040451110700696916,6.34047691368923,1.0628343671671523,0.0707473458877595
1742114809.5644214,0.001636946200023783,0.0,0.028367394614477865,0.04045919178658643,6.340527354584935,1.0628386379302235,0.08628353496704413
1742114809.6645365,0.0016366190988775248,0.0,0.02836566012049593,0.040455149225747826,6.340502141492365,1.0628364150835772,0.08062931915436089
1742114809.7642863,0.0016362924434216886,0.0,0.028363927811703278,0.040451111769909225,6.340476909905874,1.0628344156116682,0.07927891632232989
1742114809.865953,0.0016366192123401758,0.0,0.028365660712752223,0.04045515062807424,6.340502136285451,1.0628364797379675,0.08268043419037158
1742114809.9645116,0.0016362923989006418,0.0,0.02836392757933748,0.04045111121960238,6.340476912022822,1.0628343899010204,0.08058020492706607
1742114810.0643942,0.0016362923989006418,0.0,0.02836392757933748,0.04045111121960238,6.340476912022822,1.0628343899010204,0.06730875393066715
1742114810.1662683,0.0016362923989006418,0.0,0.02836392757933748,0.04045111121960238,6.340476912022822,1.0628343899010204,0.05410572906647033
1742114810.2642317,0.0016362923989006418,0.0,0.02836392757933748,0.04045111121960238,6.340476912022822,1.0628343899010204,0.05977818390045478
1742114810.3640244,0.0016362922515291275,0.0,0.02836392680857063,0.04045110939800202,6.340476916656911,1.0628343156608047,0.0656559171310455
1742114810.464154,0.0016362922515291275,0.0,0.02836392680857063,0.04045110939800202,6.340476916656911,1.0628343156608047,0.086521834336856
1742114810.5648792,0.0016362922515291275,0.0,0.02836392680857063,0.04045110939800202,6.340476916656911,1.0628343156608047,0.09780141731415115
1742114810.6649094,0.00163629191277175,0.0,0.028363925051156064,0.04045110521075722,6.340476948539816,1.0628340478060672,0.12864670177612614
1742114810.7644873,0.00163629191277175,0.0,0.028363925051156064,0.04045110521075722,6.340476948539816,1.0628340478060672,0.14506372829590147
1742114810.8654554,0.0016366207517488768,0.0,0.028365668704938132,0.040455169654184824,6.340502001496475,1.0628376506115558,0.1292866172424346
1742114810.9644015,0.0016362924805520991,0.0,0.028363927985731438,0.04045111222886336,6.340476878830444,1.0628345712454284,0.11996468921814285
1742114811.070266,0.0016366206267295228,0.0,0.028365668056647763,0.04045516810902561,6.340502013595014,1.0628375502476288,0.11042305847320875
1742114811.1643548,0.00163662023511551,0.0,0.028365666017775806,0.040455163268926626,6.340502039413636,1.062837291167412,0.08984956165466633
1742114811.264644,0.00163662023511551,0.0,0.028365666017775806,0.040455163268926626,6.340502039413636,1.062837291167412,0.07715532203827222
1742114811.3644757,0.0016362937524099697,0.0,0.028363934611749058,0.04045112794978614,6.340476800377132,1.0628353880434211,0.0753525199523957
1742114811.4642138,0.0016362937524099697,0.0,0.028363934611749058,0.04045112794978614,6.340476800377132,1.0628353880434211,0.09191235920105308
1742114811.5659032,0.0016366213066674954,0.0,0.028365671605733733,0.04045517651262315,6.340501982252647,1.0628379383356226,0.10994920154724425
1742114811.666337,0.0016362929116793907,0.0,0.028363930245450496,0.04045111755785482,6.340476872511985,1.0628347552916821,0.1689580382934603
1742114811.764176,0.00163662250537401,0.0,0.028365677728798323,0.0404551913278631,6.340501728558891,1.0628395310405416,0.19560155292663872
1742114811.8646257,0.001636292829674033,0.0,0.028363929859651454,0.040451116544219554,6.340476939003821,1.0628344213630925,0.20201763530884098
1742114811.9661918,0.0016362928564728262,0.0,0.028363929985053167,0.04045111687546867,6.34047691627471,1.0628345350671466,0.192855209313968
1742114812.0649092,0.001636622447288317,0.0,0.02836567745442007,0.0404551906099615,6.340501773956063,1.062839302301338,0.18781027218017884
1742114812.164293,0.0016362928500715359,0.0,0.028363929953922635,0.040451116796344895,6.340476919959272,1.0628345158947496,0.19254991432342844
1742114812.2643738,0.0016366224415242394,0.0,0.028365677426395102,0.04045519053872123,6.340501777278831,1.0628392850150483,0.18632635494385064
1742114812.3644757,0.0016362929633997503,0.0,0.028363930514436947,0.04045111819714939,6.340476868636969,1.0628347916417056,0.1619596185318024
1742114812.4670668,0.0016362929539926142,0.0,0.028363930466486192,0.04045111808087156,6.340476870785892,1.0628347784185088,0.1630181970230134
1742114812.566775,0.0016366222674249731,0.0,0.02836567654818518,0.040455188386966795,6.340501830584515,1.0628389783347352,0.16787084957275697
1742114812.6645293,0.0016366222674249731,0.0,0.02836567654818518,0.040455188386966795,6.340501830584515,1.0628389783347352,0.17392656227264738
1742114812.7641692,0.0016366223185835793,0.0,0.028365676772635684,0.04045518901925412,6.34050176509642,1.0628392965650555,0.21523615738067942
1742114812.8653295,0.001636292698773224,0.0,0.028363929322157633,0.04045111492620722,6.340477161274464,1.0628333566333694,0.24222072979126288
1742114812.9645698,0.001636292833939649,0.0,0.028363930076300867,0.04045111659694512,6.340477227017487,1.0628331042717853,0.2628274860015901
1742114813.0645173,0.0016366222932977668,0.0,0.028365676616945293,0.04045518870673782,6.34050173111855,1.0628394430315389,0.24552258869324045
1742114813.164515,0.0016362926123969842,0.0,0.028363928800602036,0.04045111385854516,6.340477060501485,1.0628337869288451,0.21838292499695128
1742114813.2642355,0.0016369519703744785,0.0,0.02836742446666363,0.0404592630972745,6.340526696735097,1.062843725122253,0.18577083965454402
1742114813.364657,0.0016362931040555168,0.0,0.028363931225733593,0.0404511199357387,6.340476828103633,1.0628350278254466,0.1289443673721345
1742114813.4645038,0.0016362931040555168,0.0,0.028363931225733593,0.0404511199357387,6.340476828103633,1.0628350278254466,0.08145281692657788
1742114813.569063,0.0016366201697788191,0.0,0.028365665674790652,0.04045516246140682,6.340502039541178,1.062837267080095,0.11840447803650217
1742114813.6644557,0.0016366208866599845,0.0,0.02836566935418101,0.04045517132159972,6.340501913833208,1.0628381004939982,0.18500718494568183
1742114813.7649703,0.0016362912958093256,0.0,0.02836392188401259,0.04045109758472971,6.3404770563394095,1.062833332281933,0.19403240104828182
1742114813.8640268,0.0016362913180618908,0.0,0.028363921991566635,0.04045109785978485,6.340477042550731,1.0628334034175673,0.19041857143555002
1742114813.9642491,0.0016366208970897708,0.0,0.028365669404030593,0.0404551714505052,6.340501906548056,1.062838137599723,0.18588337322387988
1742114814.0645645,0.0016366205543382746,0.0,0.02836566767080062,0.04045516721431608,6.340502005098671,1.0628375631055178,0.15424487014923413
1742114814.164171,0.0016362916256154594,0.0,0.02836392355519452,0.040451101661332534,6.340476966304465,1.062833863155646,0.12193974872742
1742114814.2642248,0.0016362916256154594,0.0,0.02836392355519452,0.040451101661332534,6.340476966304465,1.062833863155646,0.08658990284118971
1742114814.36575,0.0016362916256154594,0.0,0.02836392355519452,0.040451101661332534,6.340476966304465,1.062833863155646,0.0833595695129426
1742114814.4643714,0.0016366185820274103,0.0,0.02836565743494957,0.04045514283780754,6.340502183467606,1.0628360369834624,0.08662304302368463
1742114814.5645838,0.0016362917081804826,0.0,0.028363923985967373,0.040451102681885974,6.34047696215228,1.062833911872346,0.08022710701141664
1742114814.6670935,0.0016362917081804826,0.0,0.028363923985967373,0.040451102681885974,6.34047696215228,1.062833911872346,0.10563632866058667
1742114814.7650967,0.0016366199052929651,0.0,0.02836566432148284,0.04045515919253025,6.3405020920818345,1.0628369313895796,0.12182304283294984
1742114814.8681798,0.0016362916182402789,0.0,0.02836392351965531,0.04045110157017085,6.340476971034462,1.0628338388465153,0.12315568348083798
1742114814.964588,0.0016366204647249856,0.0,0.028365667212230515,0.04045516610675311,6.340502022841591,1.0628374496363477,0.15007504841003713
1742114815.0644598,0.001636620462976652,0.0,0.028365667203275817,0.04045516608514482,6.340502023175745,1.062837447477559,0.1389232577911409
1742114815.1641662,0.0016362918358485913,0.0,0.028363924641983115,0.04045110425994068,6.340476940789543,1.062834055612882,0.12848696132812826
1742114815.26447,0.0016362919826708863,0.0,0.028363925402757617,0.040451106074752594,6.340476925615874,1.0628341779093446,0.11874923130188292
1742114815.3643928,0.001636291909253251,0.0,0.028363925021961285,0.04045110516726646,6.340476932646723,1.06283411930427,0.12341329475555719
1742114815.465288,0.0016366201515390327,0.0,0.028365665591596232,0.04045516223597469,6.340502058180846,1.0628371751804053,0.11806485077057195
1742114815.5652654,0.0016362921610893562,0.0,0.028363926328842184,0.04045110828011213,6.34047690953561,1.0628343157247464,0.10836705585632637
1742114815.664344,0.0016366204974180936,0.0,0.028365667381084283,0.040455166510819034,6.340502018674755,1.0628374804740695,0.14238879104767174
1742114815.7646914,0.0016362913120646653,0.0,0.028363921950458247,0.040451097785655525,6.340477028295311,1.0628334665259693,0.19384953399811097
1742114815.8646479,0.0016362913120646653,0.0,0.028363921950458247,0.040451097785655525,6.340477028295311,1.0628334665259693,0.224454373323062
1742114815.964522,0.0016366210024672165,0.0,0.028365669830264204,0.04045517275290289,6.340501718172689,1.0628390379530437,0.2165287437072785
1742114816.0664637,0.0016362913072183651,0.0,0.028363921884116235,0.04045109772575233,6.340476967665737,1.0628337423653136,0.2050326766601595
1742114816.1646316,0.0016362913072183651,0.0,0.028363921884116235,0.04045109772575233,6.340476967665737,1.0628337423653136,0.1939438285461457
1742114816.2656353,0.0016362913072183651,0.0,0.028363921884116235,0.04045109772575233,6.340476967665737,1.0628337423653136,0.19311353584442445
1742114816.364944,0.001636620931493938,0.0,0.02836566951564781,0.04045517187571866,6.340501804227699,1.0628386184327283,0.20089623352203667
1742114816.464513,0.0016362912475310657,0.0,0.02836392161092784,0.04045109698798125,6.3404770273377835,1.0628334476909558,0.210582226716617
1742114816.5645018,0.0016366209449143224,0.0,0.02836566954463114,0.04045517204158601,6.340501742733281,1.062838904802792,0.21443757434997882
1742114816.6657193,0.0016366209449143224,0.0,0.02836566954463114,0.04045517204158601,6.340501742733281,1.062838904802792,0.21618708988342597
1742114816.7645783,0.0016362912516679226,0.0,0.028363921644630034,0.0404510970391153,6.340477045096648,1.0628333678732425,0.22016999145660698
1742114816.8650715,0.0016362912516679226,0.0,0.028363921644630034,0.0404510970391153,6.340477045096648,1.0628333678732425,0.2220698299041778
1742114816.9644978,0.0016366209495022193,0.0,0.02836566958332513,0.04045517209828948,6.340501764381287,1.062838807341226,0.2145020665756256
1742114817.0663106,0.0016366209495022193,0.0,0.02836566958332513,0.04045517209828948,6.340501764381287,1.062838807341226,0.21442386528168042
1742114817.1640725,0.001636291251388432,0.0,0.02836392163438814,0.040451097035660626,6.340477032088231,1.0628334273296502,0.20844754596863113
1742114817.2641234,0.0016366209406635979,0.0,0.028365669560229373,0.04045517198904978,6.34050179894065,1.0628386459372159,0.21067211052093832
1742114817.3649578,0.0016366209409247507,0.0,0.028365669560137884,0.04045517199227746,6.340501796772429,1.0628386559580107,0.2114822568527253
1742114817.4642632,0.0016366209409247507,0.0,0.028365669560137884,0.04045517199227746,6.340501796772429,1.0628386559580107,0.19528695961151443
1742114817.564506,0.001636291312371583,0.0,0.028363921908196057,0.04045109778944921,6.340476963245422,1.0628337644571495,0.18796119114075002
1742114817.6643574,0.001636620870122273,0.0,0.028365669216236056,0.040455171117204196,6.340501838083284,1.0628384413533212,0.18843600174103098
1742114817.7656765,0.0016362911324431803,0.0,0.028363921061509298,0.04045109556542542,6.340477108788477,1.062833033374023,0.21032127758179017
1742114817.8646076,0.0016366208287070185,0.0,0.028365669010127426,0.04045517060533818,6.340501854915061,1.0628383493935694,0.21165069957886062
1742114817.9644873,0.0016362911305845096,0.0,0.028363921061516577,0.04045109554245113,6.340477123268343,1.0628329664116016,0.2169754209152253
1742114818.064891,0.0016362911185879485,0.0,0.028363920985182065,0.04045109539416638,6.340477103496923,1.0628330526154883,0.22265633960876782
1742114818.1645386,0.0016362911185879485,0.0,0.028363920985182065,0.04045109539416638,6.340477103496923,1.0628330526154883,0.21735057254944148
1742114818.2640185,0.0016366208084245765,0.0,0.028365668913176566,0.04045517035466019,6.340501869068007,1.062838277300493,0.20110163112793283
1742114818.3653293,0.0016362912527692693,0.0,0.02836392161543178,0.04045109705272861,6.340476993232457,1.0628336057215044,0.1814657153717072
1742114818.4702182,0.0016362912527692693,0.0,0.02836392161543178,0.04045109705272861,6.340476993232457,1.0628336057215044,0.16586729904327704
1742114818.564555,0.0016362912527692693,0.0,0.02836392161543178,0.04045109705272861,6.340476993232457,1.0628336057215044,0.14757928272400206
1742114818.6647282,0.0016362912527692693,0.0,0.02836392161543178,0.04045109705272861,6.340476993232457,1.0628336057215044,0.14733371158752748
1742114818.7681744,0.0016362915670983856,0.0,0.028363923234362834,0.040451100938026216,6.34047694622592,1.0628339340279993,0.13423034568939518
1742114818.8640132,0.0016366200915964588,0.0,0.028365665265412728,0.0404551614951227,6.340502041235709,1.062837231197669,0.11389252563629468
1742114818.966177,0.0016362923360562797,0.0,0.028363927223527725,0.040451110442808365,6.340476873769433,1.06283454242746,0.09897038360748611
1742114819.06468,0.0016362937309436832,0.0,0.028363934526228055,0.040451127684450076,6.340476840729565,1.0628351955716902,0.028143853150943015
1742114819.1673644,0.0016362937309436832,0.0,0.028363934526228055,0.040451127684450076,6.340476840729565,1.0628351955716902,0.008074015580752563
1742114819.267695,0.0016366163638995,0.0,0.0283656457658542,0.04045511542313901,6.340502150675292,1.0628353891977582,0.007745117150882075
1742114819.3644462,0.00163629289682068,0.0,0.028363930149016836,0.040451117374192276,6.340476845214056,1.0628348749253185,0.029046267472842464
1742114819.4652662,0.0016366173626297927,0.0,0.028365651002043482,0.04045512776682077,6.34050213890302,1.062835802364173,0.06379315277252505
1742114819.5648642,0.0016362905403276104,0.0,0.028363917821485007,0.040451088246518295,6.340476915084139,1.0628337071778766,0.08994576355133363
1742114819.6648033,0.0016362905403276104,0.0,0.028363917821485007,0.040451088246518295,6.340476915084139,1.0628337071778766,0.11976084133301093
1742114819.764927,0.0016362905403276104,0.0,0.028363917821485007,0.040451088246518295,6.340476915084139,1.0628337071778766,0.14538320919189757
1742114819.8645241,0.001636619806400956,0.0,0.028365663663678008,0.04045515797028799,6.340501886789511,1.0628378357096153,0.1715973319641145
1742114819.9644222,0.001636290338574555,0.0,0.02836391680212425,0.04045108575272801,6.3404769745424545,1.0628333623674209,0.20483109375152883
1742114820.0641375,0.001636290338574555,0.0,0.02836391680212425,0.04045108575272801,6.3404769745424545,1.0628333623674209,0.23001965900574045
1742114820.1649325,0.001636619941547408,0.0,0.028365664156504128,0.040455159640612075,6.340501565423125,1.062839355649647,0.2579914035430939
1742114820.264489,0.0016366199168211428,0.0,0.028365664019571808,0.04045515933501119,6.340501554899149,1.062839394937317,0.26120528598938303
1742114820.364522,0.0016362904995573919,0.0,0.028363917712630027,0.040451087742573645,6.340477071110357,1.0628329781678403,0.25556597133789377
1742114820.4649165,0.0016366199327671222,0.0,0.02836566410843668,0.04045515953209333,6.340501562512102,1.062839365818796,0.2498571576705965
1742114820.5641444,0.0016362903085143225,0.0,0.028363916630819292,0.04045108538116527,6.340476954601769,1.0628334428471362,0.22987779995117502
1742114820.665542,0.0016359606581990772,0.0,0.02836216878164922,0.040447010497675566,6.3404522145684865,1.0628280933720298,0.21673998256836252
1742114820.7644267,0.0016356310827557248,0.0,0.028360421191921937,0.040442936129263966,6.3404274920662544,1.0628226685413473,0.21630570312652886
1742114820.8655522,0.001635631082708254,0.0,0.02836042119108217,0.04044293612867708,6.340427491190596,1.0628226725333256,0.21598276516113593
1742114820.9655054,0.0016353015684421024,0.0,0.02835867377632015,0.04043886210617335,6.3404027675315575,1.0628172529828497,0.21560701748047192
1742114821.0642672,0.0016353015683512437,0.0,0.028358673774632023,0.04043886210504993,6.340402765735476,1.0628172611732154,0.21626958271179514
1742114821.1641052,0.0016362902942885379,0.0,0.028363916538183983,0.04045108520532592,6.3404769280160735,1.0628335594471743,0.21614047905121164
1742114821.265141,0.001636290293891952,0.0,0.028363916532862837,0.040451085200423884,6.340476923214425,1.062833581288082,0.21672949215088197
1742114821.3652625,0.0016366199914631494,0.0,0.02836566447001237,0.040455160257538834,6.340501641636038,1.0628390246766841,0.21665534397278147
1742114821.4645545,0.0016366199913101394,0.0,0.028365664468201393,0.04045516025564773,6.340501640142421,1.0628390314599372,0.21692976375732742
1742114821.5646656,0.0016369497500170426,0.0,0.02836741258003906,0.04045923565784508,6.3405263575061355,1.0628444796500105,0.21697112938080146
1742114821.664518,0.0016362902938830302,0.0,0.028363916532681995,0.040451085200313604,6.340476923015771,1.0628335821943757,0.2172192039123567
1742114821.7674527,0.0016369497496903185,0.0,0.028367412576546135,0.040459235653807386,6.340526354871471,1.0628444915949018,0.2172084750762972
1742114821.8646877,0.001636619991133373,0.0,0.028365664466323763,0.040455160253463004,6.3405016387349065,1.0628390378404333,0.2171677054992707
1742114821.966734,0.001636949749602542,0.0,0.028367412575638205,0.04045923565272263,6.340526354208805,1.0628444945972468,0.21726331134949034
1742114822.064848,0.0016366199911169777,0.0,0.028365664466155623,0.040455160253260375,6.340501638613276,1.0628390383914024,0.21728262325439762
1742114822.1645498,0.0016369497496015576,0.0,0.02836741257562843,0.040459235652710465,6.34052635420197,1.0628444946281874,0.21726903339538886
1742114822.2645993,0.0016366199911115632,0.0,0.02836566446610021,0.04045516025319345,6.340501638573272,1.062839038572605,0.2172683181396516
1742114822.3640957,0.0016369497495849193,0.0,0.028367412575457038,0.040459235652504845,6.340526354077426,1.062844495192408,0.21727952381286939
1742114822.4645672,0.0016366199910997031,0.0,0.028365664465978064,0.040455160253046865,6.340501638484497,1.0628390389747828,0.21727094074402176
1742114822.5642648,0.0016366199910930455,0.0,0.02836566446591126,0.040455160252964584,6.340501638437317,1.0628390391883933,0.21741065403137533
1742114822.6646268,0.0016366199910930455,0.0,0.02836566446591126,0.040455160252964584,6.340501638437317,1.0628390391883933,0.21742734333191222
1742114822.7663617,0.0016369497494524497,0.0,0.028367412574123018,0.04045923565086777,6.340526353131011,1.0628444994777766,0.21745261570129729
1742114822.8643763,0.0016369497494696684,0.0,0.028367412574294436,0.04045923565108056,6.340526353251093,1.0628444989341936,0.21740862747345274
1742114822.9654913,0.0016366199910976477,0.0,0.02836566446595651,0.04045516025302146,6.340501638468567,1.0628390390469775,0.21743878742370917
1742114823.0656834,0.0016366199910976477,0.0,0.02836566446595651,0.04045516025302146,6.340501638468567,1.0628390390469775,0.2174266280761749
1742114823.1646698,0.001636619991090243,0.0,0.028365664465883376,0.040455160252929945,6.340501638417791,1.0628390392767813,0.21740803142700513
1742114823.2668195,0.001636619991090243,0.0,0.028365664465883376,0.040455160252929945,6.340501638417791,1.0628390392767813,0.21743401905212723
1742114823.3705916,0.001636619991090243,0.0,0.028365664465883376,0.040455160252929945,6.340501638417791,1.0628390392767813,0.21745201965484923
1742114823.4644403,0.0016369497494443965,0.0,0.02836741257404297,0.04045923565076825,6.340526353075035,1.0628444997311597,0.21744129081878988
1742114823.5651317,0.0016369497494443965,0.0,0.02836741257404297,0.04045923565076825,6.340526353075035,1.0628444997311597,0.2174498738876375
1742114823.6646607,0.0016366199910793759,0.0,0.028365664465774737,0.040455160252795636,6.340501638341323,1.0628390396229719,0.21743616481933892
1742114823.7656083,0.0016366199910793759,0.0,0.028365664465774737,0.040455160252795636,6.340501638341323,1.0628390396229719,0.21743950267944645
1742114823.866129,0.0016366199910737053,0.0,0.028365664465718383,0.04045516025272555,6.340501638301944,1.0628390398012186,0.21744629760895098
1742114823.965657,0.001636619991066299,0.0,0.028365664465644595,0.040455160252634015,6.340501638250203,1.0628390400354455,0.21742734333191222
1742114824.064211,0.0016369497494341974,0.0,0.028367412573941334,0.04045923565064221,6.340526353003767,1.062844500053778,0.21743068119201972
1742114824.1659832,0.0016369497494272594,0.0,0.0283674125738722,0.040459235650556466,6.34052635295528,1.0628445002732754,0.21744844337616298
1742114824.2647107,0.0016366199910693867,0.0,0.02836566446567551,0.04045516025267217,6.340501638272002,1.062839039936751,0.21741732975158998
1742114824.3642266,0.0016366199910693867,0.0,0.02836566446567551,0.04045516025267217,6.340501638272002,1.062839039936751,0.21744975467834798
1742114824.4649405,0.0016366199910693867,0.0,0.02836566446567551,0.04045516025267217,6.340501638272002,1.062839039936751,0.21745166202698057
1742114824.5642624,0.0016366199910671786,0.0,0.028365664465653397,0.04045516025264489,6.340501638256384,1.0628390400074608,0.2174459399810823
1742114824.665954,0.0016369497494263057,0.0,0.0283674125738628,0.040459235650544684,6.340526352948771,1.062844500302731,0.21743449588928515
1742114824.765535,0.001636619991067622,0.0,0.028365664465657917,0.04045516025265036,6.340501638259639,1.0628390399927206,0.21743485351715383
1742114824.8652494,0.0016369497494319177,0.0,0.02836741257391862,0.04045923565061404,6.340526352987823,1.0628445001259585,0.21742853542480783
1742114824.9663606,0.0016369497494231173,0.0,0.02836741257383156,0.04045923565050528,6.340526352927284,1.062844500399958,0.2174507083526643
1742114825.064097,0.0016366199910705175,0.0,0.02836566446568715,0.040455160252686154,6.3405016382804575,1.0628390398984457,0.21743711849365535
1742114825.1648524,0.001636949749428853,0.0,0.028367412573888466,0.04045923565057616,6.3405263529669895,1.062844500220237,0.2174266280761749
1742114825.2660303,0.001636949749428853,0.0,0.028367412573888466,0.04045923565057616,6.3405263529669895,1.062844500220237,0.21744021793518373
1742114825.3646734,0.001636619991073708,0.0,0.02836566446571906,0.04045516025272559,6.340501638302911,1.0628390397967955,0.21746799369964906
1742114825.467444,0.001636619991073708,0.0,0.02836566446571906,0.04045516025272559,6.340501638302911,1.0628390397967955,0.2174557151428253
1742114825.5645785,0.001636619991073708,0.0,0.02836566446571906,0.04045516025272559,6.340501638302911,1.0628390397967955,0.21744093319092117
1742114825.6646564,0.0016366199910677324,0.0,0.02836566446566067,0.04045516025265173,6.3405016382628645,1.062839039977991,0.21742627044830634
1742114825.7688334,0.0016369497494378032,0.0,0.02836741257397804,0.040459235650686765,6.340526353030114,1.0628444999344495,0.2174267472854647
1742114825.8649566,0.0016366199910715132,0.0,0.02836566446569766,0.040455160252698456,6.340501638288259,1.0628390398630856,0.21744534393463438
1742114825.9782991,0.0016369497494275937,0.0,0.028367412573877024,0.0404592356505606,6.340526352959813,1.0628445002526412,0.21744975467834798
1742114826.06426,0.0016369497494214758,0.0,0.028367412573817426,0.040459235650484995,6.340526352919113,1.0628445004367784,0.21746465583954178
1742114826.164486,0.0016366199910633353,0.0,0.028365664465617817,0.040455160252597384,6.340501638233562,1.0628390401105676,0.2174477281204255
1742114826.264746,0.0016369497494151527,0.0,0.028367412573754164,0.04045923565040685,6.340526352874534,1.0628445006386045,0.21745023151550602
1742114826.3641663,0.0016366199910668791,0.0,0.028365664465652023,0.04045516025264118,6.340501638256683,1.0628390400059864,0.2174477281204255
1742114826.4655485,0.0016366199910753,0.0,0.028365664465735758,0.04045516025274526,6.34050163831526,1.0628390397408296,0.21746918579254473
1742114826.5646482,0.0016366199910703096,0.0,0.02836566446568715,0.040455160252683586,6.340501638282049,1.0628390398910845,0.21745702644501047
1742114826.6644268,0.0016366199910760413,0.0,0.028365664465743373,0.040455160252754425,6.340501638320788,1.0628390397157865,0.21747121235046693
1742114826.7657325,0.0016369497494143777,0.0,0.02836741257374744,0.040459235650397274,6.3405263528706115,1.0628445006562828,0.21747097393188775
1742114826.8658469,0.0016366199910716934,0.0,0.02836566446570034,0.040455160252700684,6.340501638290846,1.0628390398513083,0.2174507083526643
1742114826.9658408,0.0016366199910716934,0.0,0.02836566446570034,0.040455160252700684,6.340501638290846,1.0628390398513083,0.21746441742096262
1742114827.064097,0.001636619991070096,0.0,0.02836566446568536,0.04045516025268094,6.340501638281069,1.062839039895497,0.21745213886413886
1742114827.1646807,0.0016366199910715148,0.0,0.028365664465700043,0.04045516025269848,6.340501638291798,1.0628390398468852,0.21745607277069398
1742114827.2649736,0.0016369497494184517,0.0,0.028367412573788157,0.04045923565044762,6.340526352899246,1.0628445005266478,0.21746215244446115
1742114827.3672187,0.00163661999107266,0.0,0.028365664465711125,0.04045516025271263,6.340501638299287,1.06283903981301,0.2174578609100374
1742114827.4645934,0.00163661999107266,0.0,0.028365664465711125,0.04045516025271263,6.340501638299287,1.06283903981301,0.21745976825867014
1742114827.5641344,0.00163661999107266,0.0,0.028365664465711125,0.04045516025271263,6.340501638299287,1.06283903981301,0.21746704002533254
1742114827.6741974,0.0016369497494137047,0.0,0.028367412573741712,0.040459235650388954,6.340526352867343,1.0628445006710052,0.21746429821167323
1742114827.7654011,0.0016366199910779092,0.0,0.02836566446576196,0.04045516025277751,6.340501638333805,1.0628390396568612,0.21746763607178038
1742114827.8655624,0.0016366199910779092,0.0,0.02836566446576196,0.04045516025277751,6.340501638333805,1.0628390396568612,0.21748313327942195
1742114827.9646692,0.0016366199910779092,0.0,0.02836566446576196,0.04045516025277751,6.340501638333805,1.0628390396568612,0.21747562309418025
1742114828.0645275,0.0016366199910779092,0.0,0.02836566446576196,0.04045516025277751,6.340501638333805,1.0628390396568612,0.2174625100723298
1742114828.1644826,0.0016366199910736326,0.0,0.028365664465719524,0.04045516025272465,6.34050163830419,1.0628390397909122,0.21745166202698057
1742114828.2644234,0.0016366199910736326,0.0,0.028365664465719524,0.04045516025272465,6.34050163830419,1.0628390397909122,0.21745082756195386
1742114828.3648648,0.001636619991076441,0.0,0.02836566446574745,0.040455160252759366,6.340501638323715,1.0628390397025278,0.21745798011932674
1742114828.464577,0.0016369497494267055,0.0,0.028367412573869273,0.040459235650549624,6.340526352955237,1.0628445002732718,0.21744498630676568
1742114828.567326,0.001636619991075563,0.0,0.028365664465739314,0.040455160252748514,6.3405016383185,1.0628390397260894,0.2174628677001984
1742114828.664315,0.001636619991065978,0.0,0.028365664465645507,0.040455160252630046,6.34050163825404,1.0628390400177636,0.21745106598053296
1742114828.765442,0.001636619991065978,0.0,0.028365664465645507,0.040455160252630046,6.34050163825404,1.0628390400177636,0.21745094677124355
1742114828.8642745,0.001636619991065978,0.0,0.028365664465645507,0.040455160252630046,6.34050163825404,1.0628390400177636,0.21745499988708808
1742114828.9644792,0.00163694974941712,0.0,0.028367412573775456,0.04045923565043116,6.340526352890777,1.062844500564946,0.21744450946960772
1742114829.064473,0.0016366199910653892,0.0,0.02836566446563913,0.04045516025262277,6.340501638249165,1.0628390400398686,0.21745726486358968
1742114829.1645162,0.0016366199910653892,0.0,0.02836566446563913,0.04045516025262277,6.340501638249165,1.0628390400398686,0.21745809932861648
1742114829.2661495,0.0016369497494194054,0.0,0.028367412573797546,0.040459235650459405,6.340526352905755,1.0628445004971923,0.21743544956360175
1742114829.3641841,0.0016366199910591837,0.0,0.028365664465577572,0.04045516025254607,6.340501638206206,1.0628390402343193,0.21744236370239572
1742114829.465457,0.0016366199910591837,0.0,0.028365664465577572,0.04045516025254607,6.340501638206206,1.0628390402343193,0.21745380779419268
1742114829.5682647,0.0016369497494062564,0.0,0.028367412573667466,0.04045923565029691,6.340526352815274,1.0628445009067136,0.2174571456543
1742114829.6645393,0.0016366199910559974,0.0,0.028365664465546333,0.04045516025250669,6.340501638184719,1.0628390403315464,0.21747049709472954
1742114829.764503,0.0016366199910559974,0.0,0.028365664465546333,0.04045516025250669,6.340501638184719,1.0628390403315464,0.21744248291168536
1742114829.8655639,0.0016369497494068015,0.0,0.028367412573673395,0.04045923565030365,6.340526352819822,1.06284450088609,0.2174578609100374
1742114829.964598,0.00163661999105847,0.0,0.028365664465571396,0.04045516025253725,6.3405016382026105,1.0628390402505232,0.21745154281769105
1742114830.0669003,0.00163661999105847,0.0,0.028365664465571396,0.04045516025253725,6.3405016382026105,1.0628390402505232,0.2174750270477326
1742114830.1665967,0.00163661999105847,0.0,0.028365664465571396,0.04045516025253725,6.3405016382026105,1.0628390402505232,0.21745726486358968
1742114830.2645047,0.0016366199910617203,0.0,0.028365664465603166,0.04045516025257742,6.340501638224424,1.0628390401518217,0.21746525188598945
1742114830.3642626,0.0016369497494019309,0.0,0.028367412573625867,0.04045923565024345,6.340526352787265,1.0628445010333962,0.2174433173767121
1742114830.46659,0.001636619991047853,0.0,0.028365664465465592,0.04045516025240603,6.340501638128416,1.0628390405863932,0.21744939705047944
1742114830.5761526,0.0016366199910445094,0.0,0.02836566446543245,0.04045516025236471,6.340501638105309,1.0628390406909816,0.21744999309692695
1742114830.6644537,0.0016369497493908378,0.0,0.028367412573515383,0.04045923565010636,6.340526352709816,1.0628445013839958,0.217463821374515
1742114830.7645025,0.0016369497494014426,0.0,0.028367412573619136,0.040459235650237416,6.3405263527811115,1.0628445010613916,0.21743771454010333
1742114830.8646548,0.0016366199910483703,0.0,0.02836566446546942,0.04045516025241243,6.340501638130064,1.062839040579032,0.21746048351440755
1742114830.9668581,0.001636949749400762,0.0,0.02836741257361207,0.04045923565022901,6.34052635277591,1.0628445010849603,0.21745094677124355
1742114831.0655336,0.0016369497493984124,0.0,0.028367412573588754,0.04045923565019997,6.340526352759639,1.0628445011586116,0.2174569072357207
1742114831.1650045,0.0016366199910458163,0.0,0.028365664465444376,0.04045516025238086,6.340501638112812,1.0628390406570993,0.21744188686523763
1742114831.2652605,0.0016369497494034197,0.0,0.028367412573638753,0.040459235650261854,6.340526352794782,1.062844500999514,0.2174478473297151
1742114831.3651795,0.0016366199910536178,0.0,0.02836566446552092,0.040455160252477286,6.340501638165549,1.06283904041846,0.21744498630676568
1742114831.4661286,0.0016366199910592912,0.0,0.02836566446557727,0.040455160252547404,6.340501638204927,1.0628390402402133,0.21745941063080154
1742114831.5642402,0.0016369497494101587,0.0,0.02836741257370488,0.040459235650345135,6.340526352840357,1.0628445007932825,0.21743854900513
1742114831.6643753,0.0016369497494101587,0.0,0.02836741257370488,0.040459235650345135,6.340526352840357,1.0628445007932825,0.21745356937561364
1742114831.7645211,0.001636949749406896,0.0,0.028367412573672375,0.04045923565030481,6.340526352817577,1.0628445008964036,0.2174619140258821
1742114831.8643126,0.001636949749406896,0.0,0.028367412573672375,0.04045923565030481,6.340526352817577,1.0628445008964036,0.2174446286788972
1742114831.965009,0.001636619991050757,0.0,0.0283656644654925,0.040455160252441925,6.340501638145696,1.0628390405083223,0.21744439026031798
1742114832.0642424,0.001636619991050757,0.0,0.0283656644654925,0.040455160252441925,6.340501638145696,1.0628390405083223,0.21744629760895098
1742114832.1667337,0.001636619991050757,0.0,0.0283656644654925,0.040455160252441925,6.340501638145696,1.0628390405083223,0.217463821374515
1742114832.2650054,0.0016366199910442464,0.0,0.02836566446542822,0.040455160252361455,6.340501638101102,1.062839040710145,0.21744748970184624
1742114832.3643823,0.0016366199910521934,0.0,0.02836566446550729,0.040455160252459675,6.340501638156425,1.0628390404597177,0.21746775528107012
1742114832.464139,0.0016366199910513952,0.0,0.02836566446549913,0.040455160252449815,6.34050163815057,1.0628390404862351,0.21746560951385815
1742114832.5647395,0.0016369497493917973,0.0,0.02836741257352349,0.04045923565011822,6.340526352714392,1.06284450136339,0.21746072193298635
1742114832.665084,0.0016366199910576792,0.0,0.028365664465561335,0.04045516025252748,6.340501638193857,1.0628390402903172,0.21747979541931456
1742114832.7647893,0.0016369497493922682,0.0,0.02836741257352816,0.04045923565012404,6.340526352717646,1.0628445013486605,0.2174623908630403
1742114832.864917,0.001636949749397277,0.0,0.028367412573578166,0.04045923565018594,6.340526352752789,1.0628445011895629,0.21745178123627024
1742114832.9646418,0.001636619991048267,0.0,0.028365664465468433,0.04045516025241115,6.34050163812941,1.0628390405819879,0.21745929142151188
1742114833.0667155,0.001636949749386803,0.0,0.028367412573474873,0.040459235650056505,6.340526352681181,1.062844501513645,0.21746119877014466
1742114833.1667225,0.0016366199910467336,0.0,0.028365664465454,0.040455160252392194,6.34050163811996,1.0628390406247021,0.21745952984009104
1742114833.2644258,0.0016366199910467336,0.0,0.028365664465454,0.040455160252392194,6.34050163811996,1.0628390406247021,0.21745952984009104
1742114833.3643413,0.0016366199910467336,0.0,0.028365664465454,0.040455160252392194,6.34050163811996,1.0628390406247021,0.21745845695648527
1742114833.4641771,0.0016366199910467336,0.0,0.028365664465454,0.040455160252392194,6.34050163811996,1.0628390406247021,0.21747908016357714
1742114833.5645564,0.0016366199910414017,0.0,0.02836566446540186,0.0404551602523263,6.340501638084149,1.0628390407867414,0.21746596714172686
1742114833.6643898,0.0016369497493807753,0.0,0.028367412573415542,0.04045923564998201,6.340526352640168,1.0628445016992458,0.21746441742096262
1742114833.76441,0.0016366199910406748,0.0,0.028365664465394968,0.04045516025231732,6.340501638079587,1.062839040807365,0.21746954342041325
1742114833.866713,0.001636949749374061,0.0,0.028367412573350202,0.040459235649899034,6.34052635259556,1.0628445019010613,0.2174747886291535
1742114833.9643495,0.0016366199910393827,0.0,0.028365664465382037,0.04045516025230134,6.340501638070478,1.0628390408486048,0.217480749093631
1742114834.066849,0.0016369497493708624,0.0,0.02836741257331891,0.04045923564985951,6.340526352574074,1.0628445019982848,0.21747860332641908
1742114834.1645296,0.0016366199910388623,0.0,0.028365664465377537,0.04045516025229491,6.340501638067863,1.0628390408603892,0.21748062988434147
1742114834.2641246,0.001636619991032792,0.0,0.028365664465317776,0.04045516025221989,6.340501638026524,1.0628390410474715,0.2174654903045686
1742114834.3639853,0.001636619991032792,0.0,0.028365664465317776,0.04045516025221989,6.340501638026524,1.0628390410474715,0.21746704002533254
1742114834.4648669,0.0016366199910296086,0.0,0.028365664465287207,0.040455160252180544,6.340501638006003,1.0628390411402755,0.21745952984009104
1742114834.5651925,0.0016369497493705963,0.0,0.02836741257331663,0.04045923564985622,6.340526352572766,1.0628445020041752,0.217466920816043
1742114834.6647012,0.0016366199910330087,0.0,0.02836566446532023,0.040455160252222566,6.340501638028471,1.062839041038636,0.21747645755920708
1742114834.7645001,0.0016369497493595527,0.0,0.02836741257320836,0.04045923564971974,6.340526352498216,1.0628445023415196,0.21747216602478334
1742114834.8641412,0.0016366199910199087,0.0,0.028365664465192366,0.04045516025206066,6.340501637940889,1.062839041434902,0.21746465583954178
1742114834.9644268,0.0016369497493506126,0.0,0.028367412573120785,0.04045923564960926,6.3405263524379905,1.0628445026140376,0.21746525188598945
1742114835.0640676,0.001636949749348404,0.0,0.028367412573097994,0.04045923564958196,6.340526352421406,1.0628445026891704,0.21747133155975662
1742114835.1642604,0.0016366199910123702,0.0,0.028365664465117443,0.040455160251967485,6.340501637888494,1.062839041672074,0.217466920816043
1742114835.2645178,0.001636949749356508,0.0,0.02836741257317831,0.04045923564968212,6.340526352477383,1.062844502435805,0.21745547672424637
1742114835.3663516,0.0016366199910100997,0.0,0.028365664465094108,0.040455160251939425,6.340501637871583,1.0628390417486813,0.2174740733734161
1742114835.4642956,0.0016366199910100997,0.0,0.028365664465094108,0.040455160251939425,6.340501637871583,1.0628390417486813,0.21745643039856263
1742114835.5663023,0.001636619991011988,0.0,0.02836566446511346,0.04045516025196277,6.340501637885566,1.06283904168534,0.2174615563980133
1742114835.6655753,0.0016369497493597053,0.0,0.028367412573209603,0.04045923564972163,6.34052635249887,1.0628445023385815,0.217466920816043
1742114835.7655082,0.0016369497493598478,0.0,0.028367412573210786,0.04045923564972339,6.3405263524995235,1.0628445023356399,0.2174666823974641
1742114835.8650913,0.0016369497493598478,0.0,0.028367412573210786,0.04045923564972339,6.3405263524995235,1.0628445023356399,0.21746644397888495
1742114835.9644938,0.0016366199910242375,0.0,0.028365664465233347,0.04045516025211416,6.340501637967932,1.062839041312646,0.21747288128052075
1742114836.0643337,0.0016366199910208433,0.0,0.028365664465199714,0.04045516025207221,6.340501637944499,1.0628390414187123,0.21746429821167323
1742114836.1644185,0.0016369497493644509,0.0,0.028367412573255375,0.040459235649780274,6.340526352529807,1.0628445021986472,0.21745309253845513
1742114836.2719738,0.0016366199910247158,0.0,0.0283656644652374,0.04045516025212007,6.34050163797022,1.0628390413023432,0.21747991462860422
1742114836.3648758,0.0016366199910247158,0.0,0.0283656644652374,0.04045516025212007,6.34050163797022,1.0628390413023432,0.21743342300567925
1742114836.4656267,0.001636949749365832,0.0,0.028367412573268566,0.04045923564979734,6.340526352538603,1.062844502158871,0.2174619140258821
1742114836.5644414,0.0016366199910243073,0.0,0.02836566446523327,0.04045516025211502,6.340501637967293,1.0628390413155984,0.21745428463135075
1742114836.6645072,0.0016366199910243073,0.0,0.02836566446523327,0.04045516025211502,6.340501637967293,1.0628390413155984,0.21746525188598945
1742114836.7653944,0.0016366199910243073,0.0,0.02836566446523327,0.04045516025211502,6.340501637967293,1.0628390413155984,0.2174507083526643
1742114836.8640218,0.0016369497493659193,0.0,0.02836741257327055,0.04045923564979842,6.340526352540863,1.0628445021485575,0.21745333095703426
1742114836.965851,0.001636619991022518,0.0,0.02836566446521662,0.040455160252092906,6.340501637956535,1.0628390413642066,0.2174666823974641
1742114837.0645592,0.0016369497493659802,0.0,0.028367412573271092,0.040459235649799176,6.34052635254119,1.0628445021470831,0.2174566688171419
1742114837.164901,0.0016369497493659802,0.0,0.028367412573271092,0.040459235649799176,6.34052635254119,1.0628445021470831,0.21747919937286694
1742114837.264296,0.001636619991035705,0.0,0.02836566446534645,0.040455160252255894,6.340501638046376,1.062839040957627,0.21747908016357714
1742114837.3657582,0.001636619991035705,0.0,0.02836566446534645,0.040455160252255894,6.340501638046376,1.062839040957627,0.21746727844391175
1742114837.4658153,0.001636949749375967,0.0,0.02836741257336899,0.04045923564992259,6.3405263526085776,1.0628445018421502,0.2174608411422761
1742114837.5643914,0.001636949749375967,0.0,0.02836741257336899,0.04045923564992259,6.3405263526085776,1.0628445018421502,0.21746978183899243
1742114837.6645782,0.001636949749375967,0.0,0.02836741257336899,0.04045923564992259,6.3405263526085776,1.0628445018421502,0.2174622716537506
1742114837.7644925,0.0016369497493799784,0.0,0.028367412573408496,0.04045923564997216,6.340526352635919,1.0628445017184127,0.21745225807342833
1742114837.8644435,0.0016366199910406532,0.0,0.028365664465394628,0.040455160252317046,6.34050163807926,1.0628390408088535,0.21745595356140462
1742114837.9651423,0.0016369497493866055,0.0,0.028367412573474245,0.04045923565005406,6.340526352681806,1.0628445015107104,0.21745976825867014
1742114838.0651386,0.0016366199910439253,0.0,0.02836566446542717,0.040455160252357486,6.34050163810204,1.062839040705736,0.2174619140258821
1742114838.1651,0.0016369497493900714,0.0,0.028367412573508482,0.040459235650096896,6.340526352705567,1.0628445014031733,0.21747097393188775
1742114838.2644546,0.0016366199910440474,0.0,0.02836566446542826,0.040455160252359,6.340501638102694,1.0628390407027872,0.21745893379364337
1742114838.3644712,0.0016369497493863277,0.0,0.02836741257347125,0.04045923565005063,6.340526352679532,1.0628445015210204,0.2174735965362579
1742114838.4644165,0.001636949749379836,0.0,0.028367412573407302,0.0404592356499704,6.3405263526352655,1.0628445017213544,0.21748980899963688
1742114838.5641625,0.001636949749379836,0.0,0.028367412573407302,0.0404592356499704,6.3405263526352655,1.0628445017213544,0.2174565496078522
1742114838.6650324,0.001636949749379836,0.0,0.028367412573407302,0.0404592356499704,6.3405263526352655,1.0628445017213544,0.21747049709472954
1742114838.764309,0.0016369497493806371,0.0,0.028367412573415466,0.0404592356499803,6.34052635264112,1.062844501694837,0.21746835132751788
1742114838.8655932,0.0016366199910376282,0.0,0.028365664465364916,0.04045516025227966,6.340501638058754,1.0628390409016504,0.21746799369964906
1742114838.9648256,0.0016366199910376282,0.0,0.028365664465364916,0.04045516025227966,6.340501638058754,1.0628390409016504,0.21744880100403138
1742114839.0676048,0.0016366199910376282,0.0,0.028365664465364916,0.04045516025227966,6.340501638058754,1.0628390409016504,0.21747276207123123
1742114839.1646698,0.0016366199910334272,0.0,0.028365664465323747,0.04045516025222774,6.340501638030432,1.0628390410298074,0.2174648942581208
1742114839.2648947,0.0016366199910334272,0.0,0.028365664465323747,0.04045516025222774,6.340501638030432,1.0628390410298074,0.21747216602478334
1742114839.3646367,0.0016369497493676842,0.0,0.02836741257328772,0.04045923564982023,6.340526352552587,1.0628445020955155,0.21747168918762505
1742114839.4649022,0.0016366199910336932,0.0,0.028365664465326686,0.040455160252231025,6.3405016380327055,1.062839041019494,0.2174846830001862
1742114839.565094,0.001636619991018657,0.0,0.028365664465177257,0.04045516025204519,6.3405016379282415,1.0628390414923565,0.2174464168182405
1742114839.6713338,0.0016369497493675853,0.0,0.028367412573285688,0.04045923564981901,6.340526352550327,1.0628445021058255,0.21745976825867014
1742114839.764344,0.0016366199910355218,0.0,0.028365664465343103,0.04045516025225363,6.340501638042824,1.0628390409738273,0.21746501346741032
1742114839.8642926,0.001636949749372866,0.0,0.028367412573337344,0.04045923564988427,6.340526352585812,1.0628445019452641,0.21746477504883135
1742114839.9652224,0.001636949749378462,0.0,0.028367412573391777,0.04045923564995342,6.3405263526229305,1.0628445017773345,0.21745118518982237
1742114840.0647542,0.0016366199910438873,0.0,0.02836566446542502,0.04045516025235702,6.340501638099141,1.0628390407189947,0.2174675168624909
1742114840.1646197,0.0016369497493810893,0.0,0.02836741257341808,0.040459235649985895,6.340526352641476,1.0628445016933732,0.2174619140258821
1742114840.2642174,0.0016369497493810893,0.0,0.02836741257341808,0.040459235649985895,6.340526352641476,1.0628445016933732,0.21745941063080154
1742114840.3640354,0.0016366199910398988,0.0,0.02836566446538563,0.04045516025230772,6.3405016380718,1.0628390408427393,0.21747264286194168
1742114840.4643857,0.0016366199910398988,0.0,0.02836566446538563,0.04045516025230772,6.3405016380718,1.0628390408427393,0.2174553575149567
1742114840.5644155,0.0016366199910368316,0.0,0.02836566446535547,0.04045516025226981,6.3405016380509664,1.0628390409370176,0.21747264286194168
1742114840.6645122,0.001636949749373366,0.0,0.02836741257334218,0.04045923564989045,6.340526352589066,1.0628445019305452,0.21747609993133868
1742114840.7642825,0.001636949749373366,0.0,0.02836741257334218,0.04045923564989045,6.340526352589066,1.0628445019305452,0.21748647113952932
1742114840.864677,0.001636949749373366,0.0,0.02836741257334218,0.04045923564989045,6.340526352589066,1.0628445019305452,0.21746644397888495
1742114840.9649274,0.0016369497493787615,0.0,0.028367412573394868,0.040459235649957126,6.340526352625204,1.0628445017670316,0.2174532117477448
1742114841.0656648,0.001636619991040941,0.0,0.028365664465395284,0.040455160252320606,6.3405016380779955,1.0628390408147474,0.21748039146576237
1742114841.1642113,0.001636949749380278,0.0,0.02836741257340987,0.04045923564997587,6.340526352635621,1.062844501719887,0.217466920816043
1742114841.2647045,0.001636949749380278,0.0,0.02836741257340987,0.04045923564997587,6.340526352635621,1.062844501719887,0.21748980899963688
1742114841.368578,0.0016366199910580878,0.0,0.028365664465564804,0.04045516025253253,6.340501638195818,1.0628390402814851,0.21748313327942195
1742114841.46475,0.0016366199910606111,0.0,0.028365664465589687,0.04045516025256372,6.34050163821307,1.0628390402034071,0.21748587509308173
1742114841.5653706,0.0016366199910527253,0.0,0.028365664465511833,0.04045516025246625,6.34050163815904,1.0628390404479369,0.2174660863510164
1742114841.66446,0.0016369497493903084,0.0,0.028367412573508204,0.040459235650099824,6.3405263527033355,1.0628445014134726,0.21748682876739817
1742114841.7674694,0.0016369497493903084,0.0,0.028367412573508204,0.040459235650099824,6.3405263527033355,1.0628445014134726,0.21747872253570869
1742114841.8644342,0.0016369497493903084,0.0,0.028367412573508204,0.040459235650099824,6.3405263527033355,1.0628445014134726,0.2174752654663118
1742114841.9643254,0.001636619991068782,0.0,0.028365664465670147,0.0404551602526647,6.340501638268734,1.0628390399514984,0.217480749093631
1742114842.0644712,0.001636619991068782,0.0,0.028365664465670147,0.0404551602526647,6.340501638268734,1.0628390399514984,0.21748146434936838
1742114842.1663132,0.001636619991068782,0.0,0.028365664465670147,0.0404551602526647,6.340501638268734,1.0628390399514984,0.21748814006958314
1742114842.2645617,0.0016369497493864352,0.0,0.028367412573471185,0.04045923565005196,6.34052635267858,1.0628445015254187,0.21749576946411428
1742114842.3661182,0.0016366199910728331,0.0,0.028365664465710077,0.04045516025271477,6.340501638296402,1.0628390398262795,0.21748480220947577
1742114842.464441,0.0016369497493914351,0.0,0.02836741257351918,0.04045923565011375,6.340526352710825,1.0628445013795904,0.21748432537231746
1742114842.5644956,0.0016369497493914351,0.0,0.02836741257351918,0.04045923565011375,6.340526352710825,1.0628445013795904,0.21748444458160712
1742114842.6667917,0.001636619991076428,0.0,0.028365664465744775,0.0404551602527592,6.34050163831985,1.0628390397202203,0.21748492141876524
1742114842.770232,0.001636619991076428,0.0,0.028365664465744775,0.0404551602527592,6.34050163831985,1.0628390397202203,0.21749243160400708
1742114842.864943,0.0016366199910744176,0.0,0.02836566446572434,0.04045516025273435,6.340501638305213,1.0628390397865104,0.21749898811493226
1742114842.9648476,0.0016369497493906471,0.0,0.02836741257351175,0.04045923565010401,6.340526352705936,1.0628445014016883,0.21749004741821604
1742114843.0644107,0.0016366199910699797,0.0,0.028365664465681707,0.040455160252679506,6.34050163827655,1.0628390399161454,0.21748408695373825
1742114843.1641128,0.0016366199910745483,0.0,0.028365664465725467,0.04045516025273597,6.3405016383058665,1.0628390397835652,0.21749481578979812
1742114843.264081,0.0016369497493808522,0.0,0.02836741257341552,0.04045923564998296,6.340526352639529,1.0628445017022017,0.21748217960510566
1742114843.3648973,0.0016366199910547749,0.0,0.02836566446553205,0.04045516025249159,6.340501638173038,1.0628390403845884,0.21748098751221012
1742114843.464636,0.00163694974938359,0.0,0.028367412573442195,0.040459235650016794,6.340526352657761,1.0628445016197112,0.2174870671859773
1742114843.5642838,0.0016366199910620575,0.0,0.028365664465604085,0.04045516025258159,6.340501638223159,1.0628390401577335,0.21749052425537432
1742114843.664526,0.0016369497493788532,0.0,0.028367412573395805,0.04045923564995826,6.340526352625858,1.0628445017640722,0.21749493499908765
1742114843.7645776,0.001636619991060665,0.0,0.028365664465590846,0.04045516025256438,6.340501638214363,1.062839040197506,0.21749541183624574
1742114843.867325,0.001636949749376636,0.0,0.02836741257337362,0.040459235649930855,6.34052635261024,1.0628445018347783,0.21749362369690262
1742114843.9708388,0.0016369497493780318,0.0,0.028367412573387544,0.040459235649948105,6.340526352620003,1.0628445017905825,0.21749338527832343
1742114844.0647097,0.001636619991056041,0.0,0.028365664465545486,0.040455160252507234,6.340501638183113,1.0628390403389147,0.21749684234772051
1742114844.1644862,0.001636619991056041,0.0,0.028365664465545486,0.040455160252507234,6.340501638183113,1.0628390403389147,0.21749362369690262
1742114844.2671626,0.001636619991056041,0.0,0.028365664465545486,0.040455160252507234,6.340501638183113,1.0628390403389147,0.21748778244171443
1742114844.364809,0.0016369497493748462,0.0,0.028367412573356964,0.04045923564990874,6.340526352599483,1.0628445018833865,0.21747669597778638
1742114844.4649072,0.0016366199910516396,0.0,0.028365664465501296,0.04045516025245283,6.340501638151878,1.0628390404803376,0.2175025643936189
1742114844.5648744,0.0016366199910516396,0.0,0.028365664465501296,0.04045516025245283,6.340501638151878,1.0628390404803376,0.21749922653351147
1742114844.6644878,0.0016366199910516396,0.0,0.028365664465501296,0.04045516025245283,6.340501638151878,1.0628390404803376,0.21749052425537432
1742114844.7643225,0.0016366199910516396,0.0,0.028365664465501296,0.04045516025245283,6.340501638151878,1.0628390404803376,0.21748527904663414
1742114844.8646324,0.0016366199910516396,0.0,0.028365664465501296,0.04045516025245283,6.340501638151878,1.0628390404803376,0.2174892129531892
1742114844.9642868,0.0016366199910444544,0.0,0.02836566446543129,0.04045516025236403,6.340501638104016,1.0628390406968826,0.21747168918762505
1742114845.0644274,0.0016366199910444544,0.0,0.02836566446543129,0.04045516025236403,6.340501638104016,1.0628390406968826,0.2174826564422639
1742114845.1651044,0.0016366199910424323,0.0,0.028365664465410792,0.040455160252339036,6.340501638089378,1.0628390407631692,0.21748337169800122
1742114845.2655675,0.0016366199910424323,0.0,0.028365664465410792,0.040455160252339036,6.340501638089378,1.0628390407631692,0.2174874248138461
1742114845.3645616,0.0016369497493626392,0.0,0.028367412573236234,0.04045923564975788,6.340526352515511,1.0628445022634487,0.2174745502105743
1742114845.465027,0.0016369497493626392,0.0,0.028367412573236234,0.04045923564975788,6.340526352515511,1.0628445022634487,0.21748504062805502
1742114845.5647168,0.001636619991041178,0.0,0.02836566446539807,0.040455160252323534,6.340501638080269,1.0628390408044233,0.21748957058105783
1742114845.664945,0.001636619991041178,0.0,0.02836566446539807,0.040455160252323534,6.340501638080269,1.0628390408044233,0.2174776496521028
1742114845.7646062,0.0016369497493843197,0.0,0.028367412573449758,0.040459235650025814,6.340526352663289,1.0628445015946646,0.21746596714172686
1742114845.8645864,0.0016366199910507774,0.0,0.0283656644654926,0.040455160252442175,6.340501638145696,1.0628390405083294,0.21748313327942195
1742114845.9641657,0.0016369497493724516,0.0,0.02836741257333255,0.04045923564987915,6.340526352581918,1.0628445019629424,0.21748289486084302
1742114846.0645485,0.0016369497493724516,0.0,0.02836741257333255,0.04045923564987915,6.340526352581918,1.0628445019629424,0.21748349090729063
1742114846.1647143,0.0016366199910447044,0.0,0.028365664465432178,0.04045516025236712,6.34050163810339,1.062839040699835,0.21747693439636523
1742114846.2643027,0.0016369497493708537,0.0,0.028367412573316902,0.0404592356498594,6.340526352571175,1.0628445020115542,0.21747669597778638
1742114846.3644774,0.0016366199910415311,0.0,0.02836566446540233,0.0404551602523279,6.340501638083836,1.0628390407882193,0.21747884174499837
1742114846.4644833,0.0016366199910415311,0.0,0.02836566446540233,0.0404551602523279,6.340501638083836,1.0628390407882193,0.2174826564422639
1742114846.564615,0.0016366199910342412,0.0,0.02836566446533023,0.0404551602522378,6.3405016380337145,1.0628390410150708,0.21746429821167323
1742114846.6646323,0.0016369497493681263,0.0,0.028367412573290285,0.040459235649825696,6.340526352552942,1.0628445020940482,0.21745941063080154
1742114846.7649539,0.0016369497493681263,0.0,0.028367412573290285,0.040459235649825696,6.340526352552942,1.0628445020940482,0.21745166202698057
1742114846.8639824,0.0016366199910316523,0.0,0.02836566446530413,0.0404551602522058,6.340501638015169,1.0628390410990463,0.2174738349548372
1742114846.9644299,0.0016369497493662988,0.0,0.028367412573271474,0.04045923564980311,6.340526352539285,1.0628445021559152,0.21747288128052075
1742114847.0645247,0.0016366199910318733,0.0,0.028365664465307257,0.040455160252208536,6.3405016380180825,1.0628390410857875,0.21746882816467591
1742114847.1738932,0.001636949749371838,0.0,0.028367412573326686,0.04045923564987156,6.34052635257801,1.0628445019806136,0.21747836490784
1742114847.2678216,0.001636949749371838,0.0,0.028367412573326686,0.04045923564987156,6.34052635257801,1.0628445019806136,0.21747240444336263
1742114847.3640635,0.001636949749371838,0.0,0.028367412573326686,0.04045923564987156,6.34052635257801,1.0628445019806136,0.21747085472259825
1742114847.4702203,0.001636949749371838,0.0,0.028367412573326686,0.04045923564987156,6.34052635257801,1.0628445019806136,0.2174590530029329
1742114847.5668442,0.001636949749371838,0.0,0.028367412573326686,0.04045923564987156,6.34052635257801,1.0628445019806136,0.21745333095703426
1742114847.6646008,0.0016366199910251213,0.0,0.028365664465239762,0.04045516025212508,6.340501637970576,1.0628390413008617,0.21745774170074783
1742114847.7643764,0.001636949749378462,0.0,0.028367412573391777,0.04045923564995342,6.3405263526229305,1.0628445017773345,0.2174503507247955
1742114847.8644032,0.001636949749378462,0.0,0.028367412573391777,0.04045923564995342,6.3405263526229305,1.0628445017773345,0.2174428405395537
1742114847.9669356,0.001636949749378462,0.0,0.028367412573391777,0.04045923564995342,6.3405263526229305,1.0628445017773345,0.2174447478881868
1742114848.0651226,0.0016369497493730811,0.0,0.0283674125733398,0.040459235649886925,6.340526352587759,1.0628445019364285,0.21744546314392393
1742114848.1650212,0.0016369497493730811,0.0,0.0283674125733398,0.040459235649886925,6.340526352587759,1.0628445019364285,0.21747002025757167
1742114848.2645414,0.0016369497493730811,0.0,0.0283674125733398,0.040459235649886925,6.340526352587759,1.0628445019364285,0.21745499988708808
1742114848.3647974,0.0016366199910341278,0.0,0.028365664465329198,0.0404551602522364,6.340501638033061,1.062839041018023,0.21747335811767884
1742114848.46411,0.0016366199910341278,0.0,0.028365664465329198,0.0404551602522364,6.340501638033061,1.062839041018023,0.21747002025757167
1742114848.5657675,0.0016366199910341278,0.0,0.028365664465329198,0.0404551602522364,6.340501638033061,1.062839041018023,0.21746727844391175
1742114848.665222,0.001637279568964957,0.0,0.0283691608572808,0.040463311393964745,6.340551067075751,1.0628499631568111,0.21746906658325496
1742114848.7646632,0.0016369497493768598,0.0,0.028367412573377417,0.040459235649933624,6.34052635261412,1.0628445018170964,0.21744272133026435
1742114848.8645537,0.0016369497493768598,0.0,0.028367412573377417,0.040459235649933624,6.34052635261412,1.0628445018170964,0.21745607277069398
1742114848.9643662,0.001636949749380973,0.0,0.028367412573417898,0.04045923564998445,6.340526352642115,1.0628445016904031,0.2174663247695955
1742114849.0640385,0.0016369497493841584,0.0,0.028367412573448467,0.04045923565002382,6.340526352662636,1.0628445015975991,0.21745881458435368
1742114849.1709683,0.0016369497493841584,0.0,0.028367412573448467,0.04045923565002382,6.340526352662636,1.0628445015975991,0.21744880100403138
1742114849.2644496,0.001636949749381553,0.0,0.028367412573422932,0.040459235649991626,6.340526352645057,1.0628445016771444,0.2174569072357207
1742114849.364635,0.001636949749381553,0.0,0.028367412573422932,0.040459235649991626,6.340526352645057,1.0628445016771444,0.21745428463135075
1742114849.4644685,0.001636949749381761,0.0,0.028367412573425333,0.040459235649994194,6.340526352647004,1.0628445016683052,0.21745356937561364
1742114849.564644,0.001636949749381761,0.0,0.028367412573425333,0.040459235649994194,6.340526352647004,1.0628445016683052,0.21745917221222244
1742114849.6710396,0.001636949749381761,0.0,0.028367412573425333,0.040459235649994194,6.340526352647004,1.0628445016683052,0.21745428463135075
1742114849.7671633,0.0016366199910354418,0.0,0.02836566446534247,0.04045516025225264,6.340501638042497,1.0628390409752946,0.21745833774719558
1742114849.8647022,7.205101596997019e-32,0.0,8.351613986059314e-10,2.6842320311398227e-16,6.340526352620316,1.0628445017891046,0.21745488067779858
1742114849.9652297,7.205101596997019e-32,0.0,8.351613986059314e-10,2.6842320311398227e-16,6.340526352620316,1.0628445017891046,0.21744117160950013
1742114850.0651104,1.4451730733207975e-30,0.0,1.8034377526232117e-09,1.2021535148727045e-15,6.340526352620316,1.0628445017891046,0.2174633445373565
1742114850.1646903,1.5882535935437863e-33,0.0,3.1400914783819916e-10,3.9852899437102266e-17,6.340501638017756,1.0628390410872441,0.21746262928161936
1742114850.2650192,1.5882535935437863e-33,0.0,3.1400914783819916e-10,3.9852899437102266e-17,6.340501638017756,1.0628390410872441,0.21745142360840167
1742114850.3650403,2.6038132101593832e-33,0.0,3.5599466731550836e-10,5.102757303810738e-17,6.340501638079601,1.0628390408073578,0.21746394058380433
1742114850.469776,1.7111639212696065e-34,0.0,1.772850725014637e-10,1.3081146437792088e-17,6.340526352698433,1.0628445014355563,0.21744343658600176
1742114850.565976,3.1774206833968823e-34,0.0,2.0764159667270402e-10,1.7825320988405462e-17,6.340526352675639,1.0628445015386738,0.21745213886413886
1742114850.6697543,3.535923668574642e-35,0.0,1.1828225199619157e-10,5.946363315989565e-18,6.340501637977397,1.062839041269907,0.2174380721679721
1742114850.7645848,2.523340845267835e-36,0.0,6.009917701117131e-11,1.5885027054644367e-18,6.34050163798878,1.0628390412183464,0.21744224449310617
1742114850.8650613,2.523340845267835e-36,0.0,6.009917701117131e-11,1.5885027054644367e-18,6.34050163798878,1.0628390412183464,0.21742340942535698
1742114850.9646425,4.3863243827085567e-38,0.0,2.129399412571619e-11,2.0943553620884295e-19,6.34050163805712,1.0628390409089938,0.21747097393188775
1742114851.0666492,2.091672343818616e-39,0.0,9.773427349527597e-12,4.57348045127408e-20,6.34050163805712,1.0628390409089938,0.21747002025757167
1742114851.1648703,3.434929270589248e-41,0.0,3.409572331857219e-12,5.860826964336388e-21,6.34050163805712,1.0628390409089938,0.21745595356140462
1742114851.2648454,3.6240702002532966e-42,0.0,1.913937620827262e-12,1.9036990834302823e-21,6.34050163805712,1.0628390409089938,0.21745380779419268
1742114851.3674881,6.533659622042535e-44,0.0,6.854906651299312e-13,2.556102427924698e-22,6.34050163801156,1.0628390411152289,0.21743711849365535
1742114851.4643984,7.459318136949701e-45,0.0,3.939127971012671e-13,8.636734415825058e-23,6.340526352531754,1.0628445021897797,0.2174648942581208
1742114851.56522,7.459318136949701e-45,0.0,3.939127971012671e-13,8.636734415825058e-23,6.340526352531754,1.0628445021897797,0.21744617839966135
1742114851.664883,3.4609809054699414e-45,0.0,3.1209211719451583e-13,5.883010203518214e-23,6.340501637939951,1.062839041439311,0.21746322532806692
1742114851.7651234,3.4609809054699414e-45,0.0,3.1209211719451583e-13,5.883010203518214e-23,6.340501637939951,1.062839041439311,0.2174578609100374
1742114851.8648276,2.325606589184657e-45,0.0,2.7879180037777314e-13,4.822454343158323e-23,6.340501637939951,1.062839041439311,0.2174442710510286
1742114851.9646623,4.034517309615317e-46,0.0,1.901463652168988e-13,2.008610790973532e-23,6.340551067212772,1.062849962536621,0.2174486817947419
1742114852.0645728,1.6735561917676231e-44,0.0,4.841932492690682e-13,1.293659998518785e-22,6.340526352581577,1.0628445019644026,0.21745952984009104
1742114852.1645532,2.0384140243819836e-46,0.0,1.5683755779653363e-13,1.427730375239661e-23,6.340526352581577,1.0628445019644026,0.2174437942138702
1742114852.2671363,9.728556351279634e-45,0.0,4.2229463826054644e-13,9.863344438515586e-23,6.340501637927261,1.062839041496776,0.21745416542206128
1742114852.3650165,4.875730223569185e-45,0.0,3.556221718927003e-13,6.982642926263082e-23,6.34052635258189,1.0628445019629318,0.2174442710510286
1742114852.4647954,4.871858100584286e-45,0.0,3.555497131621696e-13,6.979869698342718e-23,6.340501637971528,1.0628390412964315,0.21744820495758374
1742114852.5686634,1.9320936726104e-47,0.0,8.727508208801726e-14,4.395558750159529e-24,6.340526352577015,1.0628445019850226,0.21746096035156554
1742114852.664551,6.641711717625974e-47,0.0,1.1980184186611184e-13,8.149669758723954e-24,6.3405016380083055,1.0628390411299655,0.21746072193298635
1742114852.764559,7.771685328970725e-48,0.0,6.953569549936003e-14,2.7877742607626473e-24,6.340526352600463,1.062844501878967,0.21744808574829416
1742114852.8648095,1.3229349608291037e-46,0.0,1.4305193458660033e-13,1.1501890978570019e-23,6.340501637996269,1.0628390411844748,0.21744486709747632
1742114852.965098,2.0311328150352198e-47,0.0,8.897466091295864e-14,4.506809087408984e-24,6.34052635264797,1.0628445016638928,0.2174485625854523
1742114853.0672624,2.1264146211540547e-47,0.0,9.000363481064393e-14,4.611306345444916e-24,6.340526352649931,1.0628445016550536,0.2174478473297151
1742114853.1735861,1.0520542724376161e-47,0.0,7.535215592153278e-14,3.2435386115130744e-24,6.340526352669457,1.062844501566662,0.21744069477234187
1742114853.2677007,3.451143405376906e-48,0.0,5.6734891927829064e-14,1.8577253309832717e-24,6.340526352606005,1.0628445018539239,0.21746394058380433
1742114853.372249,3.451143405376906e-48,0.0,5.6734891927829064e-14,1.8577253309832717e-24,6.340526352606005,1.0628445018539239,0.21746537109527875
1742114853.4647362,9.509309207873792e-47,0.0,1.3191974168600132e-13,9.751568698355046e-24,6.340501638023625,1.062839041060741,0.2174565496078522
1742114853.56733,2.391410665887614e-49,0.0,2.87715266834055e-14,4.890205175539789e-25,6.340501638023625,1.062839041060741,0.21747908016357714
1742114853.6714628,6.311740115089069e-50,0.0,2.0515734392949658e-14,2.512317677979652e-25,6.340501638020356,1.0628390410754704,0.21747788807068194
1742114853.7656922,5.50648124266939e-49,0.0,3.559496993590856e-14,7.420566853461661e-25,6.340501638020356,1.0628390410754704,0.21746811290893867
1742114853.8652468,6.7759848448109e-48,0.0,6.740786830575127e-14,2.603072193545715e-24,6.340501638020356,1.0628390410754704,0.2174602450958284
1742114853.96649,2.4413084169480004e-49,0.0,2.894543706646603e-14,4.940959842933355e-25,6.340526352595575,1.0628445019010684,0.2174743117919952
1742114854.0649052,4.461245276324001e-50,0.0,1.8803674183209967e-14,2.1121660153321286e-25,6.3405263526151,1.062844501812684,0.21746715923462218
1742114854.1652467,3.68307414457114e-50,0.0,1.789937809047538e-14,1.919133696377389e-25,6.34050163809782,1.0628390407248745,0.21747288128052075
1742114854.2652414,3.68620057391443e-50,0.0,1.7903420837512012e-14,1.9199480654211534e-25,6.340526352611846,1.06284450182741,0.2174590530029329
1742114854.364952,2.3539380142748615e-50,0.0,1.5975301776523268e-14,1.534254872658015e-25,6.340501638048991,1.0628390409458355,0.21746143718872382
1742114854.4749432,2.3539380142748615e-50,0.0,1.5975301776523268e-14,1.534254872658015e-25,6.340501638048991,1.0628390409458355,0.2174628677001984
1742114854.5653315,2.056320180265473e-49,0.0,2.771678124238493e-14,4.534666669409641e-25,6.340501638048991,1.0628390409458355,0.21747860332641908
1742114854.6659758,9.441871423352487e-51,0.0,1.2665506494022144e-14,9.716929259469005e-26,6.340526352601742,1.0628445018730766,0.21747192760620426
1742114854.765173,1.105040872729626e-49,0.0,2.366672952769463e-14,3.324215505543565e-25,6.34052635267075,1.0628445015607753,0.21744665523681952
1742114854.8662097,3.0773989588707063e-49,0.0,3.071349823125759e-14,5.547430899858696e-25,6.340526352640154,1.0628445016992387,0.2174578609100374
1742114854.965026,8.55512110060051e-50,0.0,2.2182758606390406e-14,2.9249138620821825e-25,6.340501638041829,1.0628390409782362,0.2174706163040193
1742114855.065021,1.829206747045924e-50,0.0,1.4979534422667465e-14,1.3524816993386359e-25,6.340501638010565,1.0628390411196484,0.21745917221222244
1742114855.1688852,1.8307643328605317e-50,0.0,1.4982845396756922e-14,1.3530574019089255e-25,6.340526352574386,1.0628445019968034,0.21746596714172686
1742114855.265028,1.1418524357641448e-49,0.0,2.3845325440516445e-14,3.3791307103516205e-25,6.340526352568844,1.0628445020218393,0.21746799369964906
1742114855.3649857,3.5639078167812584e-50,0.0,1.774260392623259e-14,1.8878315117566128e-25,6.340526352503417,1.0628445023179296,0.2174919547668488
1742114855.4651682,1.974231713473402e-50,0.0,1.528165171971374e-14,1.4050735615879341e-25,6.340501637982541,1.0628390412463276,0.21746978183899243
1742114855.5690145,3.1704449124676237e-50,0.0,1.7211271635927993e-14,1.7805743209615327e-25,6.340501637982541,1.0628390412463276,0.21747908016357714
1742114855.665356,5.6916244169816964e-49,0.0,3.591889478343398e-14,7.54428553077208e-25,6.340501637982541,1.0628390412463276,0.21747979541931456
1742114855.7652218,6.310228914136493e-49,0.0,3.6862992974630174e-14,7.943694930028779e-25,6.340501637979614,1.0628390412595827,0.21747872253570869
1742114855.864954,2.3141847256077034e-49,0.0,2.855976465706521e-14,4.810597390769366e-25,6.340501637979614,1.0628390412595827,0.21748814006958314
1742114855.966445,2.3161334184110153e-49,0.0,2.8565852620353685e-14,4.812622381208623e-25,6.3405263524239786,1.0628445026773612,0.21749088188324295
1742114856.0671544,8.242478322084278e-51,0.0,1.2234494796347541e-14,9.078809570689473e-26,6.340501637971798,1.0628390412949358,0.21749064346466365
1742114856.166332,2.8475934276573406e-50,0.0,1.6765944494344412e-14,1.6874813858698828e-25,6.34052635240738,1.0628445027524904,0.21748980899963688
1742114856.2653713,1.2958398477233525e-50,0.0,1.372411882302214e-14,1.1383496157698444e-25,6.340501637951945,1.0628390413847981,0.21747741123352343
1742114856.3651886,8.817930483474148e-50,0.0,2.234669082240449e-14,2.96950003931203e-25,6.340501637951945,1.0628390413847981,0.2174747886291535
1742114856.466485,5.774776426043845e-51,0.0,1.1178299704531583e-14,7.599194974498183e-26,6.34050163798905,1.0628390412168613,0.21746739765320128
1742114856.565224,5.774776426043845e-51,0.0,1.1178299704531583e-14,7.599194974498183e-26,6.34050163798905,1.0628390412168613,0.21749171634826966
1742114856.6650465,3.1748034608605483e-49,0.0,3.095817624732428e-14,5.6345394318085555e-25,6.340526352476388,1.0628445024401962,0.2174818219772369
1742114856.7651324,3.8264538788428215e-49,0.0,3.2464832832549463e-14,6.185833718135997e-25,6.340501637998173,1.062839041175618,0.21748217960510566
1742114856.86482,2.0997251178877338e-49,0.0,2.786249252908359e-14,4.582275764167554e-25,6.3405016379551995,1.062839041370065,0.21746644397888495
1742114856.9653676,1.1865046475031066e-49,0.0,2.4102593842304594e-14,3.444567676070695e-25,6.3405016379551995,1.062839041370065,0.2174817027679474
1742114857.0685782,6.0102134167984535e-49,0.0,3.641354245025419e-14,7.7525566213981655e-25,6.3405016379551995,1.062839041370065,0.21748766323242516
1742114857.1695442,6.0102134167984535e-49,0.0,3.641354245025419e-14,7.7525566213981655e-25,6.3405016379551995,1.062839041370065,0.21747598072204904
1742114857.2651057,2.3667951586947813e-50,0.0,1.599988112960895e-14,1.5384391956443328e-25,6.3405016379551995,1.062839041370065,0.2174743117919952
1742114857.3671727,6.468982661976673e-51,0.0,1.150116042079042e-14,8.042998608713465e-26,6.340501637999793,1.0628390411682531,0.21749064346466365
1742114857.464717,5.4960223468720456e-49,0.0,3.5586166138834697e-14,7.413516268864624e-25,6.340501637999793,1.0628390411682531,0.21749970337066965
1742114857.565929,1.0801843852832267e-50,0.0,1.3102571002368915e-14,1.0393191931660008e-25,6.340501637999793,1.0628390411682531,0.21748015304718327
1742114857.665198,6.384345219345599e-50,0.0,2.0586103643468307e-14,2.5267261860648057e-25,6.340501637999793,1.0628390411682531,0.21750530620727856
1742114857.7652452,7.101936155532352e-50,0.0,2.1149704743622843e-14,2.6649458072411816e-25,6.340501637999793,1.0628390411682531,0.21750292202148766
1742114857.8671029,7.400934805296104e-50,0.0,2.1374978926804617e-14,2.720465916951746e-25,6.340501637999793,1.0628390411682531,0.21749493499908765
1742114857.9650195,1.8123824144175436e-49,0.0,2.6840580521872136e-14,4.257208491978686e-25,6.340501637999793,1.0628390411682531,0.21750804802093815
1742114858.0650778,1.9339196732870493e-49,0.0,2.7291836319697245e-14,4.397635356969754e-25,6.340501637999793,1.0628390411682531,0.217500657044986
1742114858.1653483,2.1960086650017687e-49,0.0,2.8181360477931163e-14,4.686159050866465e-25,6.340501637999793,1.0628390411682531,0.21751090904388734
1742114858.265313,2.197858347145049e-49,0.0,2.818740501869822e-14,4.688132194323288e-25,6.340526352391748,1.0628445028232036,0.21748134514007883
1742114858.3654323,3.5283260585506824e-50,0.0,1.7703631235588957e-14,1.8783838954140025e-25,6.340526352391748,1.0628445028232036,0.2174971999755892
1742114858.4656734,1.6459491419584384e-49,0.0,2.6190698295436245e-14,4.057029876594993e-25,6.340501637976686,1.062839041272845,0.21749326606903382
1742114858.5651276,4.1202041351438106e-52,0.0,5.713657767618303e-15,2.0298285974790606e-26,6.340501637976686,1.062839041272845,0.21749159713898014
1742114858.6652107,2.3010000477835814e-50,0.0,1.588276170472429e-14,1.5169047589692578e-25,6.340526352348775,1.0628445030176543,0.2175061406723054
1742114858.7652013,2.3878921221961566e-49,0.0,2.879468447214334e-14,4.886606309286801e-25,6.340526352348775,1.0628445030176543,0.21751520057831122
1742114858.8651073,3.982505282786896e-50,0.0,1.8258908241003785e-14,1.995621527942334e-25,6.340526352391095,1.0628445028261488,0.21749970337066965
1742114858.9659586,1.3062207575308636e-50,0.0,1.3751120897496032e-14,1.1429001520390412e-25,6.3405016380645804,1.0628390408751045,0.2175060214630159
1742114859.0652244,1.3062207575308636e-50,0.0,1.3751120897496032e-14,1.1429001520390412e-25,6.3405016380645804,1.0628390408751045,0.21750006099853827
1742114859.167165,2.1008118851704213e-49,0.0,2.7866181187950183e-14,4.583461448698376e-25,6.340526352420383,1.0628445026935651,0.21748861690674165
1742114859.2647426,1.7447315512052357e-49,0.0,2.6579271719408573e-14,4.176998385450054e-25,6.340501638036898,1.0628390410003128,0.2174971999755892
1742114859.364845,1.0972574097358066e-49,0.0,2.3623010279927215e-14,3.312487599578007e-25,6.340501638036898,1.0628390410003128,0.21751031299743942
1742114859.4650772,8.546934969684507e-51,0.0,1.2345895717513447e-14,9.244963477312664e-26,6.340501638036898,1.0628390410003128,0.21751543899689044
1742114859.5652845,1.3484235279204727e-51,0.0,7.722407814541555e-15,3.6720886807380795e-26,6.340501637996525,1.0628390411829756,0.217500657044986
1742114859.6650205,9.849903210002726e-50,0.0,2.2988482180161654e-14,3.1384555453284226e-25,6.34052635234616,1.062844503029428,0.21749576946411428
1742114859.7649164,9.506688020902734e-51,0.0,1.2687042751518253e-14,9.750224623516493e-26,6.340526352385879,1.0628445028497175,0.21748122593078925
1742114859.8653798,9.498575989798786e-51,0.0,1.2684354181123175e-14,9.746063815612325e-26,6.340501637968529,1.0628390413096724,0.21749398132477124
1742114859.9657767,8.256305031484329e-50,0.0,2.197571828290577e-14,2.8733786787481267e-25,6.340501637968529,1.0628390413096724,0.21749302765045486
1742114860.0649815,2.3860524323231977e-50,0.0,1.6031634945761052e-14,1.5446852211124433e-25,6.340501637942168,1.0628390414289974,0.21748337169800122
1742114860.1652231,1.3696726282538637e-50,0.0,1.391927025525153e-14,1.1703301364375197e-25,6.340501637942168,1.0628390414289974,0.2174874248138461
1742114860.2691512,5.685108849556724e-49,0.0,3.5893306847838946e-14,7.539966080531612e-25,6.3405016379473835,1.0628390414054358,0.2174893321624788
1742114860.3652878,1.1430969908326348e-50,0.0,1.3295557243015835e-14,1.0691571403833184e-25,6.3405016379473835,1.0628390414054358,0.21749994178924872
1742114860.4650161,1.1822784115742836e-50,0.0,1.3410238558413343e-14,1.087326267306315e-25,6.340526352353663,1.0628445029955707,0.2174971999755892
1742114860.565133,1.1822784116469655e-50,0.0,1.3410238558667736e-14,1.087326267339737e-25,6.340526352407366,1.0628445027525046,0.21747753044281312
1742114860.6649656,1.6321814588995657e-50,0.0,1.4552054331258368e-14,1.27756857307135e-25,6.340501637937621,1.0628390414496245,0.21749982257995926
1742114860.7654266,6.976061347190022e-50,0.0,2.1052925417036107e-14,2.641223456504584e-25,6.340501637937621,1.0628390414496245,0.21748694797668755
1742114860.865291,6.822636941832883e-50,0.0,2.093383489900822e-14,2.612017791255045e-25,6.340526352352029,1.0628445030029354,0.21749529262695624
1742114860.9651318,1.3480952502445884e-49,0.0,2.4892304053713034e-14,3.671641663131886e-25,6.3405263523663535,1.0628445029381233,0.21749123951111146
1742114861.0649788,1.3480952501823263e-49,0.0,2.489230405344391e-14,3.6716416630470986e-25,6.34052635232338,1.0628445031325704,0.21750697513733214
1742114861.1656961,1.9431002404024732e-50,0.0,1.5214794067017818e-14,1.393951304889261e-25,6.3405016379897035,1.0628390412139375,0.21750482937012042
1742114861.2679543,2.8194786912572995e-48,0.0,5.3946816023022784e-14,1.6791303377812275e-24,6.3405016379897035,1.0628390412139375,0.21750089546356516
1742114861.3652408,2.8194786912572995e-48,0.0,5.3946816023022784e-14,1.6791303377812275e-24,6.3405016379897035,1.0628390412139375,0.21749576946411428
1742114861.4665074,9.532282615648006e-50,0.0,2.2798348396234327e-14,3.087439491819719e-25,6.34052635237677,1.0628445028909859,0.21749362369690262
1742114861.5652196,1.576029526993477e-50,0.0,1.4424873450072624e-14,1.2554001461659454e-25,6.34052635237677,1.0628445028909859,0.2175050677886994
1742114861.665019,1.7629551095434222e-51,0.0,8.268266278982084e-15,4.1987558985292564e-26,6.340501638004682,1.0628390411461766,0.21749267002258618
1742114861.7653704,5.161480272343628e-50,0.0,1.9501280910580053e-14,2.271889141737252e-25,6.340501637973119,1.0628390412890667,0.2174986304870638
1742114861.865035,1.423020267589938e-51,0.0,7.829286156427904e-15,3.772294086613526e-26,6.340526352315919,1.0628445031664597,0.21749064346466365
1742114861.9653053,1.423020267589938e-51,0.0,7.829286156427904e-15,3.772294086613526e-26,6.340526352315919,1.0628445031664597,0.21751913448486646
1742114862.065044,1.9216678517465839e-50,0.0,1.5172290892218e-14,1.3862423495718863e-25,6.3405263523634545,1.062844502951382,0.21750172992859196
1742114862.1661663,6.599519255022578e-51,0.0,1.1560678839123692e-14,8.123742521167555e-26,6.3405016379939525,1.0628390411947848,0.21749696155701012
1742114862.2651224,2.005107345366099e-50,0.0,1.5335053195946645e-14,1.416018130309813e-25,6.340551066754429,1.0628499646107556,0.21748301407013254
1742114862.365765,4.1917053106640856e-50,0.0,1.8496378055151187e-14,2.0473654560590998e-25,6.340501637849414,1.0628390418488394,0.21749267002258618
1742114862.4659944,5.1151988942372265e-49,0.0,3.494636902460356e-14,7.152061866509004e-25,6.340526352198395,1.0628445036982406,0.21749374290619222
