Timestamp,CI,II,PI,ADI,Robot_X,Robot_Y,Robot_Theta
1742115109.5915604,1.293359682264319e-49,0.0,2.454617050608273e-14,3.596331022395351e-25,-0.07613777871173966,0.7933612494382256,0.12057243360669254
1742115109.693424,1.9098837557043442e-49,0.0,2.7102825729963476e-14,4.370221682826107e-25,-0.07613777871173966,0.7933612494382256,0.12058244718701484
1742115109.7910511,7.498240046374199e-50,0.0,2.1376881297412138e-14,2.7382914465728806e-25,-0.07613777871173966,0.7933612494382256,0.12059544099957581
1742115109.8944468,7.498240046374199e-50,0.0,2.1376881297412138e-14,2.7382914465728806e-25,-0.07613777871173966,0.7933612494382256,0.12058208955914616
1742115109.991887,1.9310458227708266e-50,0.0,1.5133985632655907e-14,1.389620747819644e-25,-0.07611265181608928,0.7933642940989234,0.12059281839520583
1742115110.0909197,2.3911117515014916e-51,0.0,8.902739932927875e-15,4.8898995403806524e-26,-0.07611265179629356,0.7933642939356798,0.12059496416241755
1742115110.1922877,3.251780166238496e-50,0.0,1.7285561827484626e-14,1.8032692994221622e-25,-0.07613777866691862,0.7933612490682993,0.12055681718976126
1742115110.2909234,3.2545423504133484e-50,0.0,1.7289359085464234e-14,1.8040350191759994e-25,-0.07611265171971127,0.7933642933036555,0.1205605126777374
1742115110.3916688,1.9106695555880838e-50,0.0,1.509360937899813e-14,1.382269711593249e-25,-0.07611265171971127,0.7933642933036555,0.12059651388318175
1742115110.4911864,5.057915202666451e-50,0.0,1.9343606220063163e-14,2.24898092536741e-25,-0.07611265171971127,0.7933642933036555,0.12056623472363587
1742115110.591234,5.244867839178088e-50,0.0,1.9520642847262386e-14,2.2901676443391844e-25,-0.07613777867908311,0.7933612491686421,0.12056718839795211
1742115110.6910663,2.079920198037086e-52,0.0,4.7843403050001624e-15,1.4421928435674218e-26,-0.07613777867908311,0.7933612491686421,0.1205868579307282
1742115110.7995303,2.079920198037086e-52,0.0,4.7843403050001624e-15,1.4421928435674218e-26,-0.07613777867908311,0.7933612491686421,0.1205916263023103
1742115110.9040456,6.969938996523076e-49,0.0,3.768384604471959e-14,8.34861605089315e-25,-0.07613777867908311,0.7933612491686421,0.1205613471427643
1742115110.9913216,3.700586118540406e-51,0.0,9.948433842780582e-15,6.08324429769215e-26,-0.07613777867908311,0.7933612491686421,0.12056575788647754
1742115111.0909138,2.2837721081244576e-50,0.0,1.580026512652117e-14,1.5112154406716659e-25,-0.07613777867908311,0.7933612491686421,0.12057755960614307
1742115111.191034,2.8889791266750294e-51,0.0,9.338943917495023e-15,5.374922442859087e-26,-0.07613777867908311,0.7933612491686421,0.12058626188428023
1742115111.2909174,2.3176344987093643e-50,0.0,1.5856923392897393e-14,1.5223779092949832e-25,-0.07613777867908311,0.7933612491686421,0.12059627546460247
1742115111.3907337,9.27476206490071e-51,0.0,1.2561799164101818e-14,9.630556611588299e-26,-0.07613777867908311,0.7933612491686421,0.12059019579083557
1742115111.4990299,9.27476206490071e-51,0.0,1.2561799164101818e-14,9.630556611588299e-26,-0.07613777867908311,0.7933612491686421,0.12057970537335506
1742115111.59124,2.0033341502362602e-49,0.0,2.743918451611051e-14,4.475862095994759e-25,-0.07613777867908311,0.7933612491686421,0.12060283197552796
1742115111.6912994,1.0860886461339246e-49,0.0,2.348409233252259e-14,3.2955859056227386e-25,-0.07613777867908311,0.7933612491686421,0.12057457937390444
1742115111.792524,1.6820620169614412e-49,0.0,2.624652218575953e-14,4.1012949381401984e-25,-0.07613777870412264,0.7933612493753248,0.12056683077008361
1742115111.8908443,8.455870196685684e-50,0.0,2.2033901274618896e-14,2.9078978999761466e-25,-0.07613777870412264,0.7933612493753248,0.12058447374493714
1742115111.9911633,3.055039865706773e-50,0.0,1.70094265764452e-14,1.7478672334324404e-25,-0.07613777870412264,0.7933612493753248,0.12055562509686593
1742115112.0912535,3.055039865706773e-50,0.0,1.70094265764452e-14,1.7478672334324404e-25,-0.07613777870412264,0.7933612493753248,0.12057243360669254
1742115112.1912405,3.592762512765852e-50,0.0,1.7726187858399104e-14,1.895458391198776e-25,-0.07613777870412264,0.7933612493753248,0.12057374490887743
1742115112.2917836,1.1505473428414287e-49,0.0,2.3829935366905136e-14,3.3919719085532368e-25,-0.07613777873460492,0.7933612496269333,0.120553717748233
1742115112.393247,4.057462794036836e-51,0.0,1.0181235776052555e-14,6.369821656873006e-26,-0.07613777873460492,0.7933612496269333,0.12056957258374335
1742115112.490904,1.6171559844646738e-49,0.0,2.598405712282369e-14,4.021387800827811e-25,-0.07613777873460492,0.7933612496269333,0.12055276407391674
1742115112.5927095,8.769221936317648e-50,0.0,2.2240466995597452e-14,2.9612872093597487e-25,-0.07613777873460492,0.7933612496269333,0.12054120077283008
1742115112.691179,7.173476835935722e-50,0.0,2.1133549561762122e-14,2.6783347132006714e-25,-0.07613777873460492,0.7933612496269333,0.12054871095807183
1742115112.7930074,1.6674711478575624e-49,0.0,2.6186974529063638e-14,4.0834680699836045e-25,-0.07613777873460492,0.7933612496269333,0.12055967821271055
1742115112.8918085,1.3294060489638326e-49,0.0,2.4720004240932162e-14,3.646102095339395e-25,-0.07611265171719594,0.7933642932826874,0.12054358495862126
1742115112.9922776,1.328284712979618e-49,0.0,2.4714731437454188e-14,3.6445640520913033e-25,-0.07613777873170591,0.793361249602972,0.12053047193677069
1742115113.0914173,2.2558237187567716e-50,0.0,1.5756849407451148e-14,1.5019399850715645e-25,-0.07613777873170591,0.793361249602972,0.12053392900616744
1742115113.1912358,8.045114259489845e-50,0.0,2.177182147496587e-14,2.8363910625105706e-25,-0.07613777873170591,0.793361249602972,0.1205369092384064
1742115113.2927709,4.801544152461293e-50,0.0,1.909335952154193e-14,2.191242604656384e-25,-0.07613777873170591,0.793361249602972,0.12053893579632877
1742115113.3916419,2.5747560098158592e-51,0.0,9.075835125091508e-15,5.074205366178885e-26,-0.07613777873170591,0.793361249602972,0.12054310812146285
1742115113.4916778,2.5747560098158592e-51,0.0,9.075835125091508e-15,5.074205366178885e-26,-0.07613777873170591,0.793361249602972,0.12053297533185116
1742115113.5925822,2.988171617065045e-50,0.0,1.6931337541479896e-14,1.7286328751545381e-25,-0.07613777873170591,0.793361249602972,0.12054024709851388
1742115113.6913607,2.0533718816053227e-50,0.0,1.5393985000776116e-14,1.4329591346599257e-25,-0.07616290578630469,0.7933582062542452,0.12052296175152888
1742115113.793048,6.716264952880334e-50,0.0,2.0805994780565087e-14,2.5915757663785048e-25,-0.07613777874712468,0.7933612497302782,0.1205592013755523
1742115113.891378,2.0554239839608036e-49,0.0,2.7650959834456676e-14,4.533678400549385e-25,-0.07613777874712468,0.7933612497302782,0.12053392900616744
1742115113.993643,2.0554239839608036e-49,0.0,2.7650959834456676e-14,4.533678400549385e-25,-0.07613777874712468,0.7933612497302782,0.12054131998211957
1742115114.0923595,2.5665527891981104e-51,0.0,9.072575541811292e-15,5.0661156611333995e-26,-0.07613777874712468,0.7933612497302782,0.12052606119305724
1742115114.198115,1.9390065540800054e-51,0.0,8.452562260570541e-15,4.403415213308876e-26,-0.07613777874712468,0.7933612497302782,0.12054549230725405
1742115114.2928205,1.6833799831260654e-49,0.0,2.6279924580809886e-14,4.102901391851948e-25,-0.07613777874712468,0.7933612497302782,0.12053941263348684
1742115114.391251,6.223234245624405e-49,0.0,3.66476479957784e-14,7.888747838297536e-25,-0.07613777874712468,0.7933612497302782,0.12054227365643626
1742115114.4926903,3.6890964546597e-49,0.0,3.209400747575517e-14,6.073793258466821e-25,-0.07611265168618786,0.7933642930265812,0.1205261804023468
1742115114.5908685,3.68599908842186e-49,0.0,3.2086994930419114e-14,6.0712429439299e-25,-0.07613777874549044,0.7933612497167939,0.12053333295971967
1742115114.6942494,4.459034674713549e-49,0.0,3.3673799489964033e-14,6.677600373422738e-25,-0.07616290578756946,0.7933582062647293,0.12053750528485417
1742115114.7913797,4.462778394975264e-49,0.0,3.368110437277341e-14,6.6804029780959045e-25,-0.07613777872282412,0.7933612495295819,0.12051032556683636
1742115114.8952734,8.021317484746081e-49,0.0,3.909124211177677e-14,8.956180818153507e-25,-0.07613777872282412,0.7933612495295819,0.12053178323895565
1742115114.9920456,3.9433794640558394e-49,0.0,3.2632932116859416e-14,6.279633320549727e-25,-0.07613777872282412,0.7933612495295819,0.12053631319195846
1742115115.0960755,5.413475062340902e-50,0.0,1.9694947832196126e-14,2.32668757299748e-25,-0.07613777872282412,0.7933612495295819,0.12052856458813781
1742115115.1912906,6.853354245485109e-50,0.0,2.091213633690803e-14,2.617891182896094e-25,-0.07613777872282412,0.7933612495295819,0.12054704202801828
1742115115.2927816,6.853354245485109e-50,0.0,2.091213633690803e-14,2.617891182896094e-25,-0.07613777872282412,0.7933612495295819,0.12053190244824517
1742115115.3913136,4.1793571470177037e-50,0.0,1.8443361668697086e-14,2.044347609145202e-25,-0.07613777872282412,0.7933612495295819,0.12053595556409002
1742115115.4912105,1.2856699913065783e-49,0.0,2.4542029013971887e-14,3.5856240618706507e-25,-0.07613777872282412,0.7933612495295819,0.12053535951764217
1742115115.5914114,1.5462967139263082e-50,0.0,1.4321138180476052e-14,1.2435017949027288e-25,-0.0761629057614499,0.79335820604906,0.12053750528485417
1742115115.6910367,1.5489332845017582e-50,0.0,1.432738995979143e-14,1.244561482813026e-25,-0.07611265165843406,0.7933642927974311,0.12054108156354051
1742115115.7910259,3.868371987076029e-49,0.0,3.247624078340938e-14,6.219623772444784e-25,-0.07613777869234184,0.7933612492779716,0.12055586351544503
1742115115.8947577,8.329214082070947e-50,0.0,2.1976230037325473e-14,2.8860377825092565e-25,-0.07613777869234184,0.7933612492779716,0.12051998151929011
1742115115.998925,2.8711246106131663e-50,0.0,1.676104809150056e-14,1.6944393204281959e-25,-0.07613777869234184,0.7933612492779716,0.12053464426190491
1742115116.0926387,1.4649752617703062e-49,0.0,2.5369526184288428e-14,3.827499525500044e-25,-0.07613777869234184,0.7933612492779716,0.12053524030835264
1742115116.193092,3.635254266112192e-50,0.0,1.780528592949826e-14,1.9066342769687614e-25,-0.07613777867385352,0.7933612491252031,0.12052308096081843
1742115116.2923841,2.300645142955381e-50,0.0,1.5843068935057892e-14,1.5167877712308276e-25,-0.07613777867385352,0.7933612491252031,0.12053321375043036
1742115116.3929894,2.300645142955381e-50,0.0,1.5843068935057892e-14,1.5167877712308276e-25,-0.07613777867385352,0.7933612491252031,0.12055312170178539
1742115116.4965577,3.1799074402751197e-50,0.0,1.7205540100025983e-14,1.783229497365698e-25,-0.07613777867385352,0.7933612491252031,0.12055061830670473
1742115116.5912092,3.1799074402751197e-50,0.0,1.7205540100025983e-14,1.783229497365698e-25,-0.07613777867385352,0.7933612491252031,0.12053535951764217
1742115116.6960287,5.836708405871466e-50,0.0,2.007422993778996e-14,2.4159280630580593e-25,-0.07613777867385352,0.7933612491252031,0.12052260412366034
1742115116.7912645,1.2680664348578769e-49,0.0,2.4457039318771678e-14,3.56099204556522e-25,-0.07613777867385352,0.7933612491252031,0.12054584993512257
1742115116.890864,3.489384646847853e-51,0.0,9.811191607027744e-15,5.907101359252144e-26,-0.07613777867385352,0.7933612491252031,0.1205328561225617
1742115116.9924994,1.4666616980198477e-49,0.0,2.537771918294093e-14,3.829701944041922e-25,-0.07613777867385352,0.7933612491252031,0.12051867021710512
1742115117.105994,3.674709207832406e-53,0.0,3.08611723877265e-15,6.0619379804089104e-27,-0.07613777867385352,0.7933612491252031,0.12055181039960025
1742115117.2028568,3.674709207832406e-53,0.0,3.08611723877265e-15,6.0619379804089104e-27,-0.07613777867385352,0.7933612491252031,0.12051104082257395
1742115117.29158,2.9800967475452723e-50,0.0,1.6928437840099924e-14,1.7262956721098713e-25,-0.07613777867385352,0.7933612491252031,0.12053953184277666
1742115117.391292,7.28795990891422e-49,0.0,3.815431534891092e-14,8.536954907292307e-25,-0.0761377787010673,0.7933612493498536,0.12052165044934378
1742115117.4911842,2.996944616965547e-48,0.0,5.466495485273817e-14,1.7311685697717444e-24,-0.0761377787010673,0.7933612493498536,0.12052868379742725
1742115117.5912957,1.6649821313268798e-48,0.0,4.707865663858262e-14,1.2903418660676246e-24,-0.0761377787010673,0.7933612493498536,0.1205481149116241
1742115117.6915011,2.726215974484567e-49,0.0,2.97251590864129e-14,5.22131781687781e-25,-0.07613777864591498,0.7933612488945556,0.12051318658978587
1742115117.791537,4.435748775757189e-49,0.0,3.3646489656540275e-14,6.66014172203354e-25,-0.07616290576108042,0.7933582060460598,0.12051676286847234
1742115117.891304,4.439472928121836e-49,0.0,3.3653622020381716e-14,6.662936986135946e-25,-0.076137778660609,0.7933612490158666,0.12053464426190491
1742115117.995581,2.0144806771224907e-49,0.0,2.7510046265884103e-14,4.488296644744519e-25,-0.076137778660609,0.7933612490158666,0.12053166402966621
1742115118.093555,7.463467744237941e-50,0.0,2.1370857071806753e-14,2.731934798679855e-25,-0.076137778660609,0.7933612490158666,0.1204953051963531
1742115118.1912866,1.7709979880278233e-48,0.0,4.782023220432558e-14,1.3307884835794994e-24,-0.076137778660609,0.7933612490158666,0.12050663007886066
1742115118.2912586,4.28433056061107e-48,0.0,5.980030905859684e-14,2.0698624496838118e-24,-0.076137778660609,0.7933612490158666,0.12052236570508099
1742115118.390958,1.1867380388253968e-47,0.0,7.750130815389424e-14,3.444906441146692e-24,-0.07611265157952118,0.793364292145931,0.12051580919415585
1742115118.49102,8.013783364347826e-49,0.0,3.903776175062524e-14,8.951973728931418e-25,-0.07613777864627025,0.7933612488975506,0.12052248491437059
1742115118.593896,8.462361703153218e-48,0.0,7.111346553718738e-14,2.9090138712548654e-24,-0.07613777864627025,0.7933612488975506,0.12053750528485417
1742115118.691332,8.469372513061551e-48,0.0,7.112861275522013e-14,2.9102186366425375e-24,-0.0761126515269126,0.7933642917116046,0.12050591482312324
1742115118.7912557,1.0459318706118886e-48,0.0,4.177878527980654e-14,1.0227081062609646e-24,-0.07613777870140837,0.7933612493528521,0.1205265380302154
1742115118.8910093,6.3155131505126775e-49,0.0,3.676718885953501e-14,7.947020290972383e-25,-0.07613777870140837,0.7933612493528521,0.12051807417065731
1742115118.9916747,3.8133153169870657e-48,0.0,5.805686343820292e-14,1.952771189102058e-24,-0.0761126515720747,0.7933642920845294,0.1205044843116485
1742115119.0911527,2.4966886717437097e-48,0.0,5.212165471716461e-14,1.5800913491769106e-24,-0.07613777871918614,0.7933612494996201,0.12049733175427564
1742115119.1911983,9.105189803297888e-49,0.0,4.032905344443165e-14,9.542111822493954e-25,-0.07613777871918614,0.7933612494996201,0.12047432436139222
1742115119.294691,4.40347013930512e-50,0.0,1.8666461761391617e-14,2.0984446953172533e-25,-0.07613777871918614,0.7933612494996201,0.12047348989636537
1742115119.3912694,4.40347013930512e-50,0.0,1.8666461761391617e-14,2.0984446953172533e-25,-0.07613777871918614,0.7933612494996201,0.12048111929089649
1742115119.496334,8.371069499917905e-49,0.0,3.947677170545135e-14,9.149354895246935e-25,-0.07613777871918614,0.7933612494996201,0.12049339784772035
1742115119.5924788,2.328201199482987e-48,0.0,5.121088909160206e-14,1.525844421781915e-24,-0.076112651503351,0.7933642915168946,0.12048254980237129
1742115119.7012215,1.6934354378291342e-49,0.0,2.6289830363056662e-14,4.1151372247218367e-25,-0.07613777869904936,0.7933612493333762,0.12048731817395333
1742115119.7959187,3.6285200709216654e-49,0.0,3.1913180813161e-14,6.023719839867776e-25,-0.07616290589420771,0.79335820714536,0.12049160970837706
1742115119.8935943,1.551242409936875e-49,0.0,2.571223750967911e-14,3.938581483144503e-25,-0.07613777872535366,0.7933612495505447,0.1204953051963531
1742115119.9921598,5.2213349214158856e-48,0.0,6.288612849985279e-14,2.2850240526996397e-24,-0.07613777872535366,0.7933612495505447,0.12048290743023979
1742115120.0916054,5.2213349214158856e-48,0.0,6.288612849985279e-14,2.2850240526996397e-24,-0.07613777872535366,0.7933612495505447,0.12048767580182179
1742115120.198573,5.053208523953245e-50,0.0,1.9329571954720734e-14,2.247934279278032e-25,-0.07613777872535366,0.7933612495505447,0.12045882715375074
1742115120.2915123,2.0576409000641936e-47,0.0,8.914766834479825e-14,4.536122683596855e-24,-0.07613777872535366,0.7933612495505447,0.12045250906140437
1742115120.3913722,2.0750267272602955e-48,0.0,4.9727802395349537e-14,1.440495306226402e-24,-0.07613777872535366,0.7933612495505447,0.12047277464062807
1742115120.4912262,5.6472450377902726e-49,0.0,3.571674568578414e-14,7.514815392137236e-25,-0.07613777872535366,0.7933612495505447,0.12047635091931458
1742115120.5910294,5.6472450377902726e-49,0.0,3.571674568578414e-14,7.514815392137236e-25,-0.07613777872535366,0.7933612495505447,0.12043617738873609
1742115120.6909628,2.197564958892816e-49,0.0,2.8097123963010674e-14,4.687819278612195e-25,-0.07613777872535366,0.7933612495505447,0.12045179380566727
1742115120.7982004,2.8887914539723124e-48,0.0,5.4097189257918444e-14,1.6996445081170096e-24,-0.07613777872535366,0.7933612495505447,0.12045596613080149
1742115120.891496,4.718090782127415e-48,0.0,6.129236971849736e-14,2.172116659419428e-24,-0.07613777872535366,0.7933612495505447,0.12046276106030562
1742115120.9919791,4.2218375128811e-48,0.0,5.958086198653094e-14,2.0547110533797935e-24,-0.07613777872535366,0.7933612495505447,0.12047384752423415
1742115121.0923128,5.432254051634285e-49,0.0,3.536393789290671e-14,7.370382657389157e-25,-0.07613777872535366,0.7933612495505447,0.12047194017560127
1742115121.1917253,4.117659193647877e-48,0.0,5.92072037156421e-14,2.02920161483473e-24,-0.07613777872535366,0.7933612495505447,0.12046144975812079
1742115121.2956607,4.117659193647877e-48,0.0,5.92072037156421e-14,2.02920161483473e-24,-0.07613777872535366,0.7933612495505447,0.12049005998761297
1742115121.391167,7.44416394358442e-49,0.0,3.831447928711574e-14,8.627956851760688e-25,-0.07613777872535366,0.7933612495505447,0.12046824468762514
1742115121.4947064,2.794235262771821e-48,0.0,5.3645755695757015e-14,1.6715966208304624e-24,-0.07613777873531546,0.7933612496329179,0.12047480119855032
1742115121.5926566,2.4791825687379795e-48,0.0,5.2028384473519893e-14,1.5745420187273439e-24,-0.07613777873531546,0.7933612496329179,0.12047551645428774
1742115121.6911423,2.1086981925207664e-48,0.0,4.9931160467848873e-14,1.452135734881821e-24,-0.07613777873531546,0.7933612496329179,0.12047885431439503
1742115121.7912977,4.479169554170938e-49,0.0,3.3668633560472165e-14,6.692659825638039e-25,-0.07613777873531546,0.7933612496329179,0.1204804040351595
1742115121.8919291,9.167041116669985e-49,0.0,4.039636270468123e-14,9.574466625702962e-25,-0.07613777873531546,0.7933612496329179,0.12046597971112358
1742115121.9912202,9.167041116669985e-49,0.0,4.039636270468123e-14,9.574466625702962e-25,-0.07613777873531546,0.7933612496329179,0.12045823110730293
1742115122.0913196,1.2046513872501723e-48,0.0,4.330490514185665e-14,1.097566119762346e-24,-0.07613777873531546,0.7933612496329179,0.12046776785046688
1742115122.1916053,1.4360182584657854e-48,0.0,4.528326676976971e-14,1.1983397925737863e-24,-0.07613777873531546,0.7933612496329179,0.12048028482586973
1742115122.2912035,2.0925615146717255e-48,0.0,4.983319070132735e-14,1.44656887657371e-24,-0.0761377787349602,0.7933612496299247,0.1204805232444489
1742115122.397098,9.738095352987764e-50,0.0,2.284014157561263e-14,3.120592147812297e-25,-0.0761377787349602,0.7933612496299247,0.12050055040509332
1742115122.4960723,1.2320302025329011e-48,0.0,4.355433048065476e-14,1.1099685592542256e-24,-0.0761377787349602,0.7933612496299247,0.12049888147503951
1742115122.5909123,6.125846731984445e-49,0.0,3.6461403799598637e-14,7.826778859776508e-25,-0.0761377787349602,0.7933612496299247,0.12047706617505179
1742115122.6909819,7.928301429568337e-50,0.0,2.1676024850746127e-14,2.815723961891211e-25,-0.0761377787349602,0.7933612496299247,0.12048600687176814
1742115122.7932608,1.686332166760878e-48,0.0,4.716980185090504e-14,1.2985885286575106e-24,-0.0761377787349602,0.7933612496299247,0.12048171533734436
1742115122.8918238,1.686332166760878e-48,0.0,4.716980185090504e-14,1.2985885286575106e-24,-0.0761377787349602,0.7933612496299247,0.1204669333854399
1742115122.994633,1.0399655621889647e-47,0.0,7.495052241732968e-14,3.2248497053180086e-24,-0.0761377787349602,0.7933612496299247,0.12049077524335008
1742115123.0920706,8.837386881858677e-49,0.0,4.002616201040943e-14,9.400737674171468e-25,-0.0761377787349602,0.7933612496299247,0.12047146333844298
1742115123.1924999,8.264583924885499e-48,0.0,7.068659575909399e-14,2.874818937756863e-24,-0.0761377787349602,0.7933612496299247,0.12046204580456836
1742115123.292139,5.549715672076776e-48,0.0,6.387148186644634e-14,2.3557834518641087e-24,-0.0761377787349602,0.7933612496299247,0.12047313226849675
1742115123.3915641,1.7788736907925218e-48,0.0,4.7820462294657184e-14,1.3337442373980559e-24,-0.0761377787349602,0.7933612496299247,0.12047122491986374
1742115123.4914122,1.4788236988609636e-48,0.0,4.562579569215658e-14,1.21606895316876e-24,-0.0761377787349602,0.7933612496299247,0.12047861589581596
1742115123.6028051,4.9032670189327814e-48,0.0,6.190136396543477e-14,2.2143321835110424e-24,-0.07611265151930979,0.793364291648702,0.12047682775647271
1742115123.6915295,9.672713203903732e-49,0.0,4.09522052000614e-14,9.834995273971276e-25,-0.07613777879170414,0.7933612500987071,0.12048564924389957
1742115123.7921834,2.3449017711455092e-49,0.0,2.855995727034458e-14,4.842418580777078e-25,-0.07613777879170414,0.7933612500987071,0.12045668138653867
1742115123.8922436,2.3449017711455092e-49,0.0,2.855995727034458e-14,4.842418580777078e-25,-0.07613777879170414,0.7933612500987071,0.12047515882641886
1742115123.9910772,2.6210979309286814e-48,0.0,5.277616973364475e-14,1.618980522096755e-24,-0.07616290605176346,0.79335820844687,0.12045238985211486
1742115124.0910914,2.6232811285283713e-48,0.0,5.2787504825530684e-14,1.6196546324844602e-24,-0.07613777877701011,0.7933612499773961,0.12047146333844298
1742115124.1923554,3.35630364507979e-48,0.0,5.6208622195586774e-14,1.8320217370653086e-24,-0.07613777877701011,0.7933612499773961,0.12051080240399488
1742115124.2910864,9.612246129940173e-49,0.0,4.0885546923772866e-14,9.804206306448357e-25,-0.07613777877701011,0.7933612499773961,0.12049792780072327
1742115124.3916385,5.271787410069115e-49,0.0,3.509244060256376e-14,7.260707548213958e-25,-0.07613777877701011,0.7933612499773961,0.12047742380292038
1742115124.4921105,2.0713331584126323e-47,0.0,8.929853872510155e-14,4.5511901283209786e-24,-0.07613777877701011,0.7933612499773961,0.12047074808270554
1742115124.5944333,1.746042909566171e-49,0.0,2.6496820974184008e-14,4.178567828294966e-25,-0.07613777877701011,0.7933612499773961,0.12047515882641886
1742115124.6913073,6.381668026883835e-49,0.0,3.6839980118285705e-14,7.9885343004107045e-25,-0.07613777879858219,0.7933612501556215,0.12046097292096238
1742115124.7919197,6.381668026883835e-49,0.0,3.6839980118285705e-14,7.9885343004107045e-25,-0.07613777879858219,0.7933612501556215,0.12047503961712948
1742115124.893971,7.301535857309799e-48,0.0,6.849676505436965e-14,2.702135425420014e-24,-0.07613777879858219,0.7933612501556215,0.12048624529034736
1742115124.992393,1.0376312865017256e-48,0.0,4.169926462001822e-14,1.0186418833435653e-24,-0.07613777879858219,0.7933612501556215,0.12045429720074749
1742115125.0912206,5.520949986558872e-49,0.0,3.550868644723704e-14,7.430309540361607e-25,-0.07613777879858219,0.7933612501556215,0.12046240343243708
1742115125.1912336,4.312326473559044e-48,0.0,5.989893423387702e-14,2.0766141850519665e-24,-0.07611265152239355,0.7933642916741608,0.12047289384991756
1742115125.2909787,1.1422663725698936e-48,0.0,4.2720628446660694e-14,1.068768624431824e-24,-0.07613777874709626,0.7933612497302747,0.12047790064007881
1742115125.3919737,1.1422663725698936e-48,0.0,4.2720628446660694e-14,1.068768624431824e-24,-0.07613777874709626,0.7933612497302747,0.12047265543133859
1742115125.4923952,1.3529670260551429e-48,0.0,4.4604710954095664e-14,1.1631711078148145e-24,-0.07613777874709626,0.7933612497302747,0.1204839803138457
1742115125.5914142,2.4208755047478122e-49,0.0,2.87917573892966e-14,4.920239328272368e-25,-0.07613777874709626,0.7933612497302747,0.12043820394665826
1742115125.6914136,5.977734857669363e-49,0.0,3.6239673782271545e-14,7.7315812468533e-25,-0.07613777874709626,0.7933612497302747,0.12048803342969067
1742115125.7924788,3.974591206356577e-49,0.0,3.266249376365878e-14,6.304435903676535e-25,-0.07611265157913749,0.7933642921429431,0.12049435152203675
1742115125.8913894,2.678991960801955e-48,0.0,5.307164382078932e-14,1.636762646446318e-24,-0.07611265147633617,0.7933642912937486,0.12046359552533292
1742115125.99166,7.564947882448312e-49,0.0,3.8471745343345556e-14,8.697670885040612e-25,-0.07611265150154622,0.7933642915019234,0.12048016561658025
1742115126.091054,4.034198337554409e-49,0.0,3.2786170807509394e-14,6.351533938785503e-25,-0.07613777869126181,0.7933612492689797,0.12049363626629926
1742115126.19214,2.1236245048919505e-49,0.0,2.7850556055935066e-14,4.608280053221539e-25,-0.07613777873351069,0.793361249617945,0.12046586050183414
1742115126.2911892,2.1236245048919505e-49,0.0,2.7850556055935066e-14,4.608280053221539e-25,-0.07613777873351069,0.793361249617945,0.12047885431439503
1742115126.3912241,5.1500533400554056e-49,0.0,3.4887000170981986e-14,7.176387210885019e-25,-0.07613777873351069,0.793361249617945,0.12046895994336242
1742115126.492568,2.0238565935410126e-47,0.0,8.877726163278603e-14,4.498729368989662e-24,-0.07611265145784785,0.7933642911409784,0.12046550287396546
1742115126.591088,1.9795585962310658e-48,0.0,4.91394757116172e-14,1.406967873205023e-24,-0.07613777873368122,0.7933612496194407,0.12045072092206106
1742115126.6938283,1.825052818116067e-48,0.0,4.8133565369086177e-14,1.3509451573309951e-24,-0.07613777873368122,0.7933612496194407,0.12043808473736875
1742115126.791133,1.8265754616919347e-48,0.0,4.81438801232195e-14,1.351508587354122e-24,-0.07611265146437063,0.7933642911948979,0.12047956957013232
1742115126.8913124,1.1209832655181757e-49,0.0,2.3670655603790698e-14,3.348108817703176e-25,-0.0761377787110149,0.7933612494322304,0.1204776622214997
1742115126.9916177,1.7964775887256148e-48,0.0,4.7940991378271003e-14,1.3403274184786398e-24,-0.07613777870339788,0.7933612493693243,0.12044476045758358
1742115127.0963397,1.4954385511975552e-47,0.0,8.220634927173036e-14,3.8670900573914166e-24,-0.07611265142901402,0.7933642909028418,0.12047337068707581
1742115127.1918578,1.4942039039748837e-47,0.0,8.218879173969706e-14,3.865493375980463e-24,-0.07613777866424698,0.7933612490458248,0.1204705096641266
1742115127.2965467,1.0534546302733992e-48,0.0,4.18592183362961e-14,1.0263793793103012e-24,-0.07613777866424698,0.7933612490458248,0.12048481477887268
1742115127.3914533,1.0449633454824627e-48,0.0,4.1775044614403864e-14,1.0222344865452656e-24,-0.0761126514623669,0.7933642911784222,0.12045322431714174
1742115127.4911222,1.0449633454378835e-48,0.0,4.1775044613630446e-14,1.0222344865234609e-24,-0.07611265150715951,0.7933642915483539,0.12048100008160711
1742115127.5917678,3.509085689396214e-49,0.0,3.164230991509483e-14,5.923753615230983e-25,-0.07613777869269711,0.7933612492809647,0.12048195375592337
1742115127.6965232,3.067130677292262e-48,0.0,5.492356382936496e-14,1.7513225509003935e-24,-0.07611265149517976,0.793364291449512,0.12048672212750551
1742115127.7917087,3.0671306773832265e-48,0.0,5.492356382976027e-14,1.751322550926364e-24,-0.07611265146398694,0.7933642911919101,0.12046621812970285
1742115127.8949773,3.5390202345559294e-50,0.0,1.7656478288224718e-14,1.8812283844754016e-25,-0.07613777874273353,0.7933612496943372,0.12047098650128485
1742115127.9913027,7.336860916128891e-50,0.0,2.125401973922475e-14,2.708664046375794e-25,-0.07613777874273353,0.7933612496943372,0.1204930402198517
1742115128.0941243,6.62807322051794e-49,0.0,3.719979330681541e-14,8.141297943521008e-25,-0.07613777876593986,0.7933612498860381,0.12047778143078926
1742115128.1910672,2.2111738007735248e-48,0.0,5.0543503433789284e-14,1.4870016142471146e-24,-0.07613777876593986,0.7933612498860381,0.12049315942914125
1742115128.2931376,2.166043733612951e-49,0.0,2.7991681335741722e-14,4.654077495715935e-25,-0.07611265157187574,0.7933642920830373,0.12050758375317694
1742115128.3916068,2.166043733612951e-49,0.0,2.7991681335741722e-14,4.654077495715935e-25,-0.07611265157187574,0.7933642920830373,0.12046466840893877
1742115128.4917305,1.996279475730129e-49,0.0,2.741396291902822e-14,4.467974346088089e-25,-0.07613777876159133,0.7933612498500917,0.12047885431439503
1742115128.5921621,1.9979616689978203e-49,0.0,2.741983069791623e-14,4.46985645071273e-25,-0.07611265155210845,0.7933642919197865,0.12050508035809632
1742115128.6910336,1.1498563435270916e-49,0.0,2.3825958526030548e-14,3.3909531750336683e-25,-0.07613777863157623,0.7933612487762414,0.12052832616955866
1742115128.7921536,1.0855185704612054e-48,0.0,4.217530404961226e-14,1.041882224851353e-24,-0.07613777868361638,0.7933612492060842,0.12049411310345752
1742115128.8926592,2.0750548603964842e-49,0.0,2.7685024148149507e-14,4.555277006282367e-25,-0.07611265153870761,0.7933642918089596,0.12050913347394104
1742115128.991321,7.003594763508785e-48,0.0,6.77763603020632e-14,2.64643057031708e-24,-0.07611265153870761,0.7933642918089596,0.12054167760998849
1742115129.091161,3.963136134155957e-49,0.0,3.264101997238117e-14,6.295344418025083e-25,-0.07611265153870761,0.7933642918089596,0.12051890863568428
1742115129.192559,8.323094899662146e-49,0.0,3.9419795652478855e-14,9.123099747159486e-25,-0.07611265157660796,0.7933642921219786,0.12055240644604803
1742115129.2912397,8.323094899662146e-49,0.0,3.9419795652478855e-14,9.123099747159486e-25,-0.07611265157660796,0.7933642921219786,0.12053512109906307
1742115129.3914661,1.3187485563481425e-49,0.0,2.466999188506107e-14,3.631457773881093e-25,-0.07611265157660796,0.7933642921219786,0.12052403463513482
1742115129.4912183,4.7908509894136636e-49,0.0,3.425779031880497e-14,6.921597351344315e-25,-0.07611265162958603,0.7933642925593052,0.12055884374768357
1742115129.5921583,1.0452451567143127e-48,0.0,4.1777384685002833e-14,1.0223723180496979e-24,-0.0761377785642594,0.7933612482206076,0.12056206239850166
1742115129.694699,1.2247777784790837e-48,0.0,4.349019893349881e-14,1.1066967870555528e-24,-0.07611265160255698,0.793364292336145,0.12051843179852594
1742115129.7982748,1.859583985154325e-49,0.0,2.692765916003331e-14,4.312289397935075e-25,-0.07613777865643101,0.7933612489814283,0.12052868379742725
1742115129.891346,1.8595839851660054e-49,0.0,2.6927659160077558e-14,4.312289397948618e-25,-0.07613777864953875,0.7933612489245121,0.12053321375043036
1742115129.9910767,4.7137234975434046e-48,0.0,6.127776943971827e-14,2.1711111204964626e-24,-0.07611265162596226,0.7933642925293451,0.12050627245099182
1742115130.097644,8.513024441768819e-49,0.0,3.965092169299208e-14,9.226605248827339e-25,-0.07611265162596226,0.7933642925293451,0.12052021993786918
1742115130.191051,1.6483825255581873e-49,0.0,2.610951212876396e-14,4.060027740740434e-25,-0.07611265171721016,0.7933642932826821,0.12055467142254939
1742115130.2934763,5.4231477704150795e-48,0.0,6.349554474666291e-14,2.3287652888204684e-24,-0.07611265171721016,0.7933642932826821,0.12053416742474694
1742115130.391884,4.028326812466793e-48,0.0,5.888409292534629e-14,2.0070692096853045e-24,-0.07611265171721016,0.7933642932826821,0.12052808775097963
1742115130.4946775,4.028326812466793e-48,0.0,5.888409292534629e-14,2.0070692096853045e-24,-0.07611265171721016,0.7933642932826821,0.12051676286847234
1742115130.5911741,8.530034978673236e-48,0.0,7.12639658052146e-14,2.9206223615307123e-24,-0.07611265171721016,0.7933642932826821,0.12054525388867497
1742115130.6914349,5.551193629488238e-48,0.0,6.387668098827942e-14,2.356097118008559e-24,-0.07611265171721016,0.7933642932826821,0.12052415384442436
1742115130.7912598,5.54658951295901e-48,0.0,6.386307149335248e-14,2.355119851081683e-24,-0.07613777881624628,0.7933612503008849,0.12055026067883602
1742115130.891442,1.6210097303609278e-48,0.0,4.670086085846819e-14,1.2731888038939581e-24,-0.07611265183874139,0.7933642942861336,0.120563016072818
1742115130.9959621,3.526802476968334e-49,0.0,3.16827350065272e-14,5.938688808961398e-25,-0.07613777884019157,0.7933612504985845,0.12053452505261544
1742115131.0936177,1.2977119293013868e-47,0.0,7.929161627821047e-14,3.602376894914505e-24,-0.07613777884019157,0.7933612504985845,0.12055908216626278
1742115131.197903,8.889447802101868e-49,0.0,4.008484075321307e-14,9.428386819653651e-25,-0.07613777884019157,0.7933612504985845,0.12058053983838207
1742115131.2914114,2.9723896828951317e-49,0.0,3.033390902313229e-14,5.45196265843332e-25,-0.07611265191296468,0.7933642948986872,0.12056575788647754
1742115131.3908453,6.419842776599355e-50,0.0,2.054303070207765e-14,2.533740866110691e-25,-0.07613777887594608,0.7933612507936303,0.1205800630012238
1742115131.4925303,7.713618720818918e-47,0.0,1.2478815380194246e-13,8.782720945594775e-24,-0.07613777887594608,0.7933612507936303,0.12057708276898513
1742115131.5930681,7.713618720818918e-47,0.0,1.2478815380194246e-13,8.782720945594775e-24,-0.07613777887594608,0.7933612507936303,0.12057052625805977
1742115131.69505,9.957070427990388e-49,0.0,4.125654047065086e-14,9.9785121275621e-25,-0.07611265194543648,0.7933642951667714,0.12055538667828677
1742115131.7909224,3.739804503051135e-49,0.0,3.215976997661011e-14,6.1153941026324175e-25,-0.07613777892511564,0.7933612511994994,0.12055133356244195
1742115131.891538,1.9537893588034713e-48,0.0,4.897333808477358e-14,1.397780153959653e-24,-0.07613777892511564,0.7933612511994994,0.12054966463238834
1742115131.998383,4.175656970569546e-48,0.0,5.941524919770413e-14,2.0434424314302435e-24,-0.07611265194834971,0.7933642951907345,0.12056647314221487
1742115132.0927777,9.262857396427793e-49,0.0,4.0504672421961606e-14,9.624373951809953e-25,-0.0761126520127533,0.7933642957224123,0.12058423532635794
1742115132.1961784,1.7258896831117702e-48,0.0,4.744954507009514e-14,1.3137312065684404e-24,-0.07613777891712914,0.7933612511336054,0.12057708276898513
1742115132.2974722,1.2119804198518232e-48,0.0,4.337279203369118e-14,1.1008998228048833e-24,-0.07611265199369655,0.7933642955651568,0.12054823412091385
1742115132.3951855,5.413704737300874e-49,0.0,3.533070567763527e-14,7.357788212024639e-25,-0.07611265199369655,0.7933642955651568,0.12056337370068654
1742115132.4922416,5.4091669059228685e-49,0.0,3.5323134577136197e-14,7.354703872980114e-25,-0.07613777894216867,0.7933612513402846,0.12056945337445363
1742115132.5911658,6.4561517538119465e-49,0.0,3.694902663203132e-14,8.035018203969389e-25,-0.07613777887627293,0.7933612507966306,0.12061272634656056
1742115132.7026782,3.0321971412461807e-49,0.0,3.048757187097704e-14,5.506538968577431e-25,-0.07611265204160134,0.7933642959605507,0.12059436811596985
1742115132.7914448,1.3838185787383484e-48,0.0,4.013236272986743e-12,1.1763581847117605e-24,-0.07613777894179918,0.7933612513372914,0.12058197034985658
1742115132.8911114,7.059671791540949e-50,0.0,2.1420887871793358e-12,2.6570042889579515e-25,-0.0697810367215368,0.794134534973054,0.12006996645123581
1742115132.9912918,1.342922346370633e-49,0.0,2.453671336278063e-12,3.6645904905877726e-25,-0.06239015603804887,0.7949996652338349,0.1129770137229645
1742115133.0948114,1.6954182427790286e-48,0.0,4.1848529317925474e-12,1.302082271893381e-24,-0.028693001127791717,0.7986179882451268,0.10154412759930732
1742115133.1913621,2.0872639750364966e-49,0.0,2.686889973261497e-12,4.56865841909471e-25,-0.020532998574438466,0.7994335995652637,0.09769879354626787
1742115133.2913485,4.15215385755101e-49,0.0,3.1063407173885727e-12,6.443720864183217e-25,8.250596964387569e-05,0.8013468788724669,0.08931444658429262
1742115133.3911653,2.838808995713911e-47,0.0,7.585556643119155e-12,5.328047480751191e-24,0.028741591119327836,0.8036655177718259,0.07432566656262522
1742115133.4914138,4.678443100898245e-46,0.0,1.1272906199294426e-11,2.1629708969142985e-23,0.04884076137201987,0.8050567528212209,0.0657533265510285
1742115133.591401,3.4180779374401217e-46,0.0,1.2805131325828603e-11,1.8488044616562677e-23,0.05664569849029988,0.8055577819730715,0.06245850099713447
1742115133.6937277,6.142167285949002e-46,0.0,1.4499313559338486e-11,2.478339622801726e-23,0.07488706647104948,0.8066543457521576,0.05672739519269087
1742115133.7915053,1.1278620941606338e-45,0.0,1.6484059934912087e-11,3.358365814143292e-23,0.09386671379387224,0.8076979480859752,0.05292271150738832
1742115133.8914797,1.4810247600047611e-46,0.0,1.073722785719225e-11,1.216973606946659e-23,0.11492545288803058,0.8087251107423192,0.046376333371707275
1742115133.9911876,4.183486696884432e-46,0.0,1.3387103157082043e-11,2.0453573518787449e-23,0.14397945579865734,0.8099998895212988,0.041394338742800865
1742115134.091852,1.038676322347471e-47,0.0,6.131801957024318e-12,3.2228501708076207e-24,0.16444036807303064,0.810794402047371,0.03679154886395566
1742115134.1925814,1.9391236686550817e-47,0.0,6.997174052910553e-12,4.4035481928271e-24,0.1836146055934762,0.8114514734515641,0.033148632184573236
1742115134.291229,4.3097618010142853e-47,0.0,8.282613867396205e-12,6.564877608161698e-24,0.19188656927515524,0.8117282989998174,0.033757434026309006
1742115134.3911672,2.698567143983353e-44,0.0,3.2342746295499e-11,1.642731610453562e-22,0.24709076610179181,0.784378717410787,0.035420382502328734
1742115134.491162,5.028443925831907e-44,0.0,3.690165155110096e-11,2.2424192127771087e-22,0.26697318709273077,0.7850631284915686,0.033472025873911
1742115134.5919037,2.9770722879847766e-44,0.0,3.302277912233826e-11,1.725419452766421e-22,0.29591439815368403,0.7859697209719538,0.029115045550119296
1742115134.693355,3.028416081576737e-44,0.0,3.314084274960307e-11,1.7402344903997095e-22,0.3040612903532036,0.7861962511794882,0.02648206997181131
1742115134.7912183,2.286894173811274e-43,0.0,4.2359636797723715e-11,4.78214823464442e-22,0.3246321947876112,0.7867205987079142,0.02472194481159398
1742115134.893149,3.158417798013409e-42,0.0,8.853541197110658e-11,1.7771937986650216e-21,0.3452284633465865,0.787243227160447,0.025506937983285894
1742115134.991329,7.213331486974947e-42,0.0,1.0544673160256371e-10,2.6857646000673528e-21,0.3723274268682246,0.78793316667198,0.02515682029987515
1742115135.0947485,1.0689477680100138e-41,0.0,9.622288819389746e-11,3.2694766676182504e-21,0.3930757623918879,0.7884496430388666,0.0247257595088596
1742115135.20089,1.3679971021922513e-41,0.0,1.2051475638166396e-10,3.698644484391885e-21,0.40119803349372773,0.7886495304097174,0.024483883860360937
1742115135.2926927,9.8829318442268e-41,0.0,1.8307935392716623e-10,9.941293600043608e-21,0.41961867418091003,0.7891012980163268,0.02445730018879114
1742115135.3962135,1.8256031279911275e-41,0.0,1.2802685046525208e-10,4.272707722265973e-21,0.43925392177604294,0.7895804335580561,0.024358237269174552
1742115135.4910493,6.832129235703545e-41,0.0,1.6930972148016273e-10,8.265669504464563e-21,0.4687580041130701,0.7902748735108709,0.022050226214181644
1742115135.595968,1.2488252898715823e-40,0.0,1.924067111136229e-10,1.1175085189257316e-20,0.4888251727196433,0.7906855424628816,0.019473040583383363
1742115135.6909459,8.474607291940653e-39,0.0,4.0050161902747273e-10,9.205763027549999e-20,0.5249791254107379,0.7561068052009166,0.023093328078293736
1742115135.792791,3.0489698106699686e-37,0.0,1.0051392409789098e-09,5.521747740226792e-19,0.5326463267797834,0.7562791430606275,0.02185367067625528
1742115135.8913214,4.061059233319504e-37,0.0,9.185299543712729e-10,6.372644061392025e-19,0.5514226879582367,0.7566747308128754,0.020302519400620365
1742115135.994696,5.374649710645317e-37,0.0,1.1363532183856141e-09,7.331200250058184e-19,0.5718689951539488,0.7571142287084207,0.02297709902098179
1742115136.0926607,1.1708413225034067e-36,0.0,1.3406520218747466e-09,1.0820542142163703e-18,0.5991961181682228,0.757792116681081,0.027146801550888857
1742115136.1917996,5.09587910655083e-34,0.0,4.868823883998321e-09,2.2574053926024962e-17,0.6199169124375601,0.7583910383649144,0.02966974695494169
1742115136.2977808,3.281054685693601e-33,0.0,7.249167576685794e-09,5.728049131854231e-17,0.640560853195737,0.7590199824378416,0.030762896140122384
1742115136.3912392,2.1098171316919392e-32,0.0,1.0760031240603975e-08,1.4525209574019712e-16,0.6483022330557731,0.7592590380515745,0.030977949698471886
1742115136.49654,9.37329916564798e-32,0.0,1.3020773525427152e-08,3.0615844207939097e-16,0.6683631726989603,0.7599060683247814,0.03319786508848665
1742115136.591232,4.120479876399145e-31,0.0,2.026715763703148e-08,6.41909641335846e-16,0.6973516180220116,0.7609162525687001,0.035385832388901695
1742115136.6915212,2.3317862084360225e-29,0.0,4.7819298851027973e-08,4.828857223439126e-15,0.7165762344889544,0.7615814311367313,0.034134611685776715
1742115136.79401,2.862634785859167e-29,0.0,4.9953698682583904e-08,5.350359600867186e-15,0.7246457772610455,0.7618529357989594,0.03313122709562762
1742115136.8914983,3.8223640894497387e-29,0.0,5.3187812349849594e-08,6.1825270637901284e-15,0.7451366601434302,0.7625174419963141,0.031765088637375864
1742115136.995849,2.674537285566692e-29,0.0,4.928901483091196e-08,5.171592874121755e-15,0.764996752870502,0.7631082989133944,0.02795515974333276
1742115137.0910883,9.374395186814478e-28,0.0,1.0529226539226375e-07,3.0617634113063795e-14,0.7849867045624279,0.7635752919020007,0.02011774500181669
1742115137.1929533,2.4969718300775775e-27,0.0,1.2989824942801188e-07,4.9969709125404937e-14,0.8263785674803898,0.749502597478303,0.012638880724574711
1742115137.299572,7.006051297857794e-27,0.0,1.6194968375076626e-07,8.370215826284167e-14,0.8473093615755971,0.749719554670019,0.007120444292689912
1742115137.3925092,4.680351912530687e-26,0.0,2.4377888328087417e-07,2.1634120995618673e-13,0.8712023663409667,0.7498338699551628,0.003516747469569782
1742115137.490971,6.913920724252543e-26,0.0,2.39820172923145e-07,2.6294335367627267e-13,0.8876036803668086,0.7498415009403594,-0.0013629655889020001
1742115137.5914724,2.0310641169000592e-25,0.0,3.341253572406393e-07,4.50673287082789e-13,0.9163561383980721,0.7496926512115643,-0.01075582314047648
1742115137.6916997,2.1451585943526287e-25,0.0,3.3786299623949073e-07,4.631585683491809e-13,0.9362229811965506,0.7494084552121336,-0.015512631421421293
1742115137.7974076,5.754763061197092e-25,0.0,4.18479570485292e-07,7.58601546346769e-13,0.9571266449160305,0.7490567914232731,-0.018437073712681138
1742115137.8946567,2.5328170967396072e-24,0.0,5.242226100903765e-07,1.5914826724597434e-12,0.9765608533267027,0.7486438243179805,-0.022888467793796777
1742115137.9910474,3.0545846408668397e-24,0.0,5.991755052344345e-07,1.7477370056352413e-12,0.9847591497523638,0.748446849158162,-0.025154994016025712
1742115138.0909946,5.501954163174507e-24,0.0,6.204909788373978e-07,2.345624471899649e-12,1.0037860392288565,0.747940210980552,-0.02728538322958775
1742115138.1913135,2.7555483471653513e-23,0.0,9.606355218974407e-07,5.249331716671515e-12,1.023747263360974,0.7473442149554046,-0.03175847340140171
1742115138.2910461,4.265866740448003e-23,0.0,1.0536711342364082e-06,6.531360302760829e-12,1.051495677386285,0.7463622855026166,-0.037250206952427145
1742115138.3963988,3.0812059781494643e-22,0.0,1.6151171525632921e-06,1.7553364287650003e-11,1.0598422545307074,0.746047088895553,-0.03824107456717321
1742115138.4911323,4.288872109063663e-20,0.0,4.357152889517794e-06,2.0709592243845998e-10,1.0806315326615277,0.7452287254163643,-0.0410619239858134
1742115138.591179,6.584169598351659e-20,0.0,5.1477590402492426e-06,2.565963678299375e-10,1.1013426475747963,0.7443570879054544,-0.04350189972433882
1742115138.690995,2.487222936224694e-19,0.0,6.850774206696566e-06,4.987206569037113e-10,1.142475337997368,0.7388942057214969,-0.0542547918671264
1742115138.7933655,1.4732996603075364e-18,0.0,1.008634408743695e-05,1.2137955595187916e-09,1.1508147446931645,0.7384262368220611,-0.05785836948095715
1742115138.890716,5.819573293119211e-18,0.0,1.2770025666517141e-05,2.4123791768955415e-09,1.1717091337254146,0.737173318244503,-0.06307163013159181
1742115138.990988,8.595085097808749e-18,0.0,1.3914531865869519e-05,2.9317375560934422e-09,1.1917373687545876,0.7358584089449813,-0.06914677394567874
1742115139.090843,1.8084335808723426e-17,0.0,1.7421200429487702e-05,4.25256814274897e-09,1.2100588334923401,0.734451058355269,-0.0839079834335939
1742115139.1906216,9.244880877227016e-17,0.0,2.4945092292291826e-05,9.615030357324419e-09,1.2342704940539448,0.7318801067985987,-0.12241878284155287
1742115139.2919528,1.2665431478948885e-16,0.0,2.6660613387002817e-05,1.1254079917500535e-08,1.2413987940025635,0.7309537908649286,-0.1360310531967773
1742115139.3951101,9.792823412760355e-17,0.0,2.3842642940274266e-05,9.89586954883721e-09,1.2598856351936263,0.7282807350326603,-0.1545545078629152
1742115139.492096,1.3789035670992072e-16,0.0,2.571291480207583e-05,1.174267246881734e-08,1.278397059197701,0.7252674155443053,-0.17046870959936536
1742115139.5922523,8.837286225915176e-16,0.0,4.091327154950771e-05,2.9727573439342768e-08,1.2962136845167436,0.721954076850027,-0.19604100955664078
1742115139.6984675,4.252242826902749e-15,0.0,5.7680527593672143e-05,6.520922348029264e-08,1.3136823693886157,0.7183144903509397,-0.2165598489159241
1742115139.7907488,1.937753405146503e-14,0.0,8.048610282016174e-05,1.3920321135471347e-07,1.3399634251162666,0.7121008154616142,-0.24376686586080962
1742115139.891473,5.4961728680030985e-14,0.0,0.00010133739165876401,2.3443917906363471e-07,1.3475439817363508,0.7101764363510465,-0.25344451440512106
1742115139.9989948,1.1352423190205535e-13,0.0,0.00011904868625259165,3.369335719426833e-07,1.3394876355089878,0.6958242474004752,-0.27865127767041004
1742115140.0908556,1.5209791878710116e-13,0.0,0.00012702373107860454,3.899973317692073e-07,1.3573981149120584,0.6904331152477496,-0.30294350827648914
1742115140.1910975,3.950588771822679e-13,0.0,0.000156618465179803,6.285370929247278e-07,1.376802100253073,0.6843013371500568,-0.3081342979760437
1742115140.2943857,1.4273698222188872e-12,0.0,0.00020824982263344113,1.1947258355869297e-06,1.3969427576365234,0.6778138734000407,-0.3144305750222473
1742115140.3913825,5.566819858627827e-12,0.0,0.0002722125401165174,2.359410913475613e-06,1.424391150598609,0.6686746717614724,-0.32735101426556396
1742115140.4917045,9.69634223846858e-12,0.0,0.0003196969625085229,3.113895026886517e-06,1.4317678383417416,0.6661533065875318,-0.33135441983654773
1742115140.5909514,1.408593954492208e-11,0.0,0.0003461217139372493,3.7531239714299445e-06,1.4488960123270687,0.6601562114269193,-0.34078661645367414
1742115140.6920104,4.520502350072957e-11,0.0,0.00044997460973014486,6.723468115543464e-06,1.4672017046710266,0.6535423003910559,-0.35002831662609857
1742115140.7923381,6.727301080938021e-11,0.0,0.0004915927292795483,8.202012607243432e-06,1.4945757090244598,0.6433542713289562,-0.36099926675274663
1742115140.8907878,6.36167569541797e-11,0.0,0.00047103281833690467,7.976011343659166e-06,1.5138181847300558,0.6359918519874359,-0.3682610794396666
1742115140.9932034,8.419333540171334e-11,0.0,0.0005022857480333205,9.175692638799173e-06,1.533209613359432,0.6284528804577079,-0.3722477957101134
1742115141.0908644,9.316539162163673e-11,0.0,0.000513963252437191,9.652222107972688e-06,1.5402556647813412,0.6256913233863237,-0.37481210673764015
1742115141.1924083,1.1948299418958072e-10,0.0,0.0005601099746803188,1.093082769919921e-05,1.5576630415764896,0.6187781363081033,-0.3798196121545103
1742115141.2905753,1.7027743920149443e-10,0.0,0.0006062171667366006,1.3049039780822742e-05,1.5826878403238993,0.6086240419561744,-0.3902964993806151
1742115141.390995,2.2243042762840774e-10,0.0,0.0006259247418099383,1.4914101636652733e-05,1.6017637369154443,0.6006414594276741,-0.4003121658654479
1742115141.4911807,2.838761807356616e-10,0.0,0.0006827489272176567,1.68486254850555e-05,1.6193398474242287,0.5930769731716659,-0.4108839436860349
1742115141.5967152,3.137643174923267e-10,0.0,0.0006984466610238574,1.7713393731646307e-05,1.6265978418180254,0.5899015235104415,-0.41395477498486316
1742115141.6906927,4.052723500277862e-10,0.0,0.0007398591677142666,2.0131377251141717e-05,1.645277415968451,0.5815758858327182,-0.42309943879559314
1742115141.790536,5.285178542591138e-10,0.0,0.000785185742810977,2.298951618149268e-05,1.6649567548974744,0.5718462651454175,-0.4295243203950075
1742115141.8913894,6.781566303535291e-10,0.0,0.0008306480426650998,2.6041440635140158e-05,1.6835113143425247,0.5632455714246891,-0.4364596188378481
1742115141.9910772,8.572316545601002e-10,0.0,0.0008761187915260944,2.927851865378609e-05,1.7011087956127255,0.554987983222615,-0.44031371477366965
1742115142.0909789,9.45041130337166e-10,0.0,0.0008728454421498903,3.074152127558371e-05,1.7084776087137072,0.551506063934573,-0.44253386858226323
1742115142.1908388,1.201597734059876e-09,0.0,0.000948649618843957,3.4664069785007585e-05,1.7267546499431745,0.5427323865808749,-0.4509096324753908
1742115142.2913907,1.4975268125681346e-09,0.0,0.0009970787397355033,3.869789157781254e-05,1.7436709535192136,0.5344589352635918,-0.45743955972911393
1742115142.3924832,1.8069927702294276e-09,0.0,0.0010406228863123848,4.250873757510834e-05,1.7582286648911065,0.5272397030712543,-0.4639408767533449
1742115142.4907086,2.6438176000097894e-09,0.0,0.0011343144926531995,5.1418066863795934e-05,1.7880879915247476,0.5121389382723471,-0.4720478236985353
1742115142.5916295,2.900556804402946e-09,0.0,0.0011584057972882323,5.385681762231172e-05,1.7954338225000726,0.5083809533234902,-0.47369046810390025
1742115142.6910279,3.641507880655353e-09,0.0,0.0012196851660647183,6.034490766133753e-05,1.8135986351078657,0.49898502405889644,-0.47974463108302634
1742115142.7907577,5.005216221223607e-09,0.0,0.0012862112656793433,7.074755275784178e-05,1.8393191990891182,0.4854668986972914,-0.4878829896760133
1742115142.8911006,5.477919749126767e-09,0.0,0.0013426275880809814,7.401297014123111e-05,1.8466895072886587,0.48153710786660575,-0.4918118894410281
1742115142.9913266,7.713465598013544e-09,0.0,0.0014207937855171473,8.782633772401958e-05,1.8749436377698885,0.4662613881671138,-0.49933459165813
1742115143.0950823,8.417135641522975e-09,0.0,0.0014807926780647156,9.174494886108432e-05,1.882228127678573,0.46227919837903286,-0.5012266815018802
1742115143.194317,1.0389572638609211e-08,0.0,0.0015536852835773638,0.00010192925310532405,1.8999332909063753,0.45250648567516016,-0.506395298273578
1742115143.2926176,1.2799610169985284e-08,0.0,0.001596516547567513,0.00011313536215518684,1.9176667178034137,0.4426281422060754,-0.5093750536751893
1742115143.3941786,1.56727864271155e-08,0.0,0.0017112803971986441,0.00012519099978479083,1.9350713800562431,0.4328361506330367,-0.5151167095017577
1742115143.4908404,1.5881394910661908e-08,0.0,0.0017157598699513547,0.00012602140655722704,1.941175849500766,0.4081805715398765,-0.5140208592171628
1742115143.5922213,1.945769957839915e-08,0.0,0.001797248217021276,0.00013949085840440995,1.958972064075624,0.39810389142916414,-0.5158077468628842
1742115143.693504,2.113634681631703e-08,0.0,0.0017964844412683928,0.00014538344753209367,1.9662787926220489,0.39395363696523056,-0.5173143734688717
1742115143.7909694,2.5824293304562817e-08,0.0,0.0019226066183326636,0.00016069938800307491,1.984107605163146,0.3837806501665906,-0.5197072019333797
1742115143.892812,3.1035339670821234e-08,0.0,0.002005534276071837,0.00017616849795244673,2.0006433511650386,0.3743037029616634,-0.5208920826668699
1742115143.9988618,3.629375387216626e-08,0.0,0.0020787729186749187,0.00019050919629289882,2.0148607071555062,0.36612628367824485,-0.5227251639122924
1742115144.099052,4.576150374010673e-08,0.0,0.0021533908781230563,0.00021391938607827652,2.036159196919016,0.3538123939879547,-0.5251691927666622
1742115144.1993172,5.3353588766677635e-08,0.0,0.0022760221796836715,0.00023098395781239361,2.0504282492900785,0.34552211006035805,-0.5272147049660644
1742115144.2907326,6.397713007450913e-08,0.0,0.0023735053153129478,0.0002529370081156752,2.0674827402243494,0.3355770549757615,-0.5282289376015623
1742115144.3912108,8.345293924113746e-08,0.0,0.0025235532572353216,0.00028888222382337316,2.0927955474189446,0.32075111514864574,-0.5311037888283686
1742115144.4932787,9.00111103660779e-08,0.0,0.0025678040766581797,0.0003000185167053492,2.1000818933294028,0.3164644640403722,-0.5324596156830749
1742115144.5913296,1.079646622252169e-07,0.0,0.002678118831465578,0.00032857976539223604,2.1177543989310976,0.3060223060763043,-0.535557447885986
1742115144.6915402,1.294806516803237e-07,0.0,0.0027988702076245436,0.0003598342002649605,2.135639032432479,0.2953919817598756,-0.5375239243264158
1742115144.8018699,1.5507887000973615e-07,0.0,0.002917599679463611,0.0003938005459744008,2.1536263772078286,0.28463737460836747,-0.5395615687127073
1742115144.8910515,1.986088822496371e-07,0.0,0.0030904431912383815,0.00044565556458955733,2.178662848399867,0.26964285864325,-0.5398818244690855
1742115144.991256,1.7066454421096103e-07,0.0,0.0029409224618206897,0.0004131156547638458,2.1757477321520753,0.23639532909123062,-0.5543326312712182
1742115145.090642,1.9856669173975858e-07,0.0,0.0030930767761213965,0.0004456082267415612,2.1915528810934433,0.22658298990684145,-0.5560925180128563
1742115145.1909497,2.119430804595112e-07,0.0,0.0031404891661902376,0.00046037276250828656,2.1984127578549675,0.22232466557102448,-0.5549938255957115
1742115145.2909377,2.503109877975356e-07,0.0,0.0032169850998426267,0.000500310891144232,2.2160623358476528,0.21140438771073278,-0.5529530817678917
1742115145.3956645,2.956734985686283e-07,0.0,0.003344789293517881,0.0005437586767754868,2.233944240929148,0.20037859872559416,-0.5517809564283838
1742115145.491241,3.655078497312809e-07,0.0,0.0035702096107399174,0.000604572452011569,2.257037575818316,0.18618255498530445,-0.5506382161787499
1742115145.592987,3.8832340249623e-07,0.0,0.0036207836071283886,0.0006231560017332979,2.2637032212378188,0.18209143719519183,-0.550315755050515
1742115145.6934786,4.549970814367859e-07,0.0,0.003757765068302779,0.0006745347147751447,2.2812951981547513,0.17131900631851238,-0.5483061248472679
1742115145.79116,5.341689033444657e-07,0.0,0.003900461394547382,0.0007308685951280611,2.299322611321969,0.1603368882229379,-0.5465322906187522
1742115145.8997579,6.244722720855441e-07,0.0,0.004046046866793339,0.0007902355801187036,2.3171038494186007,0.14953450210730423,-0.5453351909330835
1742115145.9909947,7.264652118778728e-07,0.0,0.004196292331886951,0.000852329286061363,2.334505611152167,0.13908311273601726,-0.5335241729429709
1742115146.09299,8.939070432849481e-07,0.0,0.004405507508678355,0.0009454665743879834,2.3581555949126596,0.12610065456868824,-0.48052360359940427
1742115146.1935322,9.564482686348879e-07,0.0,0.004422205791549967,0.0009779817322603157,2.365817572940486,0.12218261701322497,-0.4648666555098046
1742115146.2909238,1.126887933901551e-06,0.0,0.00465248493549355,0.0010615497792857153,2.3844831858219777,0.11282183375215205,-0.46504087988648296
1742115146.4014807,1.3175011402626757e-06,0.0,0.004827349203425904,0.0011478245250310152,2.4025100599947677,0.10376831060748337,-0.4654476815870752
1742115146.4927962,1.6543553490146e-06,0.0,0.005098397269569238,0.001286217457903056,2.429237179319699,0.0902695628175163,-0.4684299403837671
1742115146.591477,1.7567973757554087e-06,0.0,0.005110768298981435,0.0013254423321123437,2.436377217071083,0.08666530221610458,-0.4665237242392053
1742115146.6909025,1.5678354029401445e-06,0.0,0.005032783710891471,0.0012521323424223754,2.4358769223831587,0.06202266941729029,-0.48776882577181685
1742115146.792434,1.8020567243203917e-06,0.0,0.005201563847580236,0.0013424070635691663,2.4529338068387005,0.05296628435006134,-0.4878346292996488
1742115146.8908715,2.098353174282697e-06,0.0,0.005396267527573388,0.0014485693543226355,2.471846094483638,0.042924615792244936,-0.488543388130673
1742115146.9924638,2.5563450641928524e-06,0.0,0.005652899034195893,0.00159885742459822,2.4968248469016174,0.029627933131330053,-0.4900732605481231
1742115147.09177,2.936542823761326e-06,0.0,0.005841538679115501,0.0017136343903415706,2.514741677733255,0.019979081056064274,-0.49593889403582425
1742115147.1910949,3.3392992433083165e-06,0.0,0.0060239008386374,0.0018273749596917203,2.531616418757821,0.010850744286479141,-0.49553632426501143
1742115147.2912695,3.5301975640438684e-06,0.0,0.006044588264369271,0.0018788819984352047,2.5389872218799923,0.006868355901213263,-0.49518280911684864
1742115147.4040692,4.057068710401128e-06,0.0,0.006308551195551576,0.0020142166493208047,2.557629787787363,-0.003194488843908161,-0.4949176280522427
1742115147.4914844,4.855823149802479e-06,0.0,0.006587403333516653,0.002203593236013053,2.5821720013392024,-0.01644832902671034,-0.49400210070849293
1742115147.591268,5.515480022898769e-06,0.0,0.006792233421196689,0.002348505912894147,2.599799932962725,-0.02583241352933463,-0.487116512539395
1742115147.6928816,5.810985643044282e-06,0.0,0.006877900188035409,0.0024105986067871777,2.607104561595577,-0.029723996249924056,-0.4918985335850798
1742115147.7933018,6.643637806290537e-06,0.0,0.007099262864981799,0.002577525520007617,2.6261251702623696,-0.03993894367442152,-0.4933981864476287
1742115147.892996,7.532537816860497e-06,0.0,0.007315000624335687,0.002744546923785508,2.6442867169015045,-0.0497206214820789,-0.4943946568989836
1742115147.9927914,8.521534096946596e-06,0.0,0.007541041025678397,0.0029191666785140236,2.6624282892913698,-0.059486007526837525,-0.4934821693921173
1742115148.0924563,9.605328568618765e-06,0.0,0.007758578617701664,0.00309924645173932,2.680343309590455,-0.06913826316203853,-0.4947036473774992
1742115148.1920218,1.1288984207815565e-05,0.0,0.008066702500011796,0.003359908363008665,2.7050984334409947,-0.0825835365508496,-0.5024664371037565
1742115148.2920732,1.2686286797996364e-05,0.0,0.008294998411969082,0.0035617814079469227,2.723495167543703,-0.09272704489185202,-0.5026988356137357
1742115148.3908892,1.137426756507447e-05,0.0,0.0080803910080759,0.0033725758056824266,2.7169393998119773,-0.10205246802589762,-0.5075818322167994
1742115148.4913914,1.2685724418753345e-05,0.0,0.008297433853652296,0.0035617024607276426,2.734491732767353,-0.11178774084431709,-0.5051929376588467
1742115148.5918732,1.4873522529072506e-05,0.0,0.008623052001034606,0.003856620609947588,2.760646895280601,-0.12625958703461748,-0.504325570868075
1742115148.6935337,1.552213955926218e-05,0.0,0.008711091734187573,0.003939814660521759,2.7677818522240614,-0.1301985663263494,-0.5045330546365382
1742115148.7915702,1.839072577537695e-05,0.0,0.009074944482906747,0.004288440949270137,2.796695445967643,-0.1461677373930197,-0.5045091531739831
1742115148.8906782,1.9190491114048098e-05,0.0,0.009113001246016801,0.004380695277470016,2.804097284118072,-0.15025173132615777,-0.5038685820565821
1742115148.9910028,2.1296902141240547e-05,0.0,0.009406075523903977,0.004614856676132049,2.8224697378794588,-0.16038685452554446,-0.5041754863725306
1742115149.0908911,2.3406487888644736e-05,0.0,0.00962298818923744,0.004838025205457774,2.839469748553853,-0.16976105901807692,-0.5036663434968591
1742115149.1921425,2.674119608619433e-05,0.0,0.009938098017278112,0.005171189039881866,2.8640296177068336,-0.18329960402865453,-0.5041348956094385
1742115149.290893,2.9399442708878794e-05,0.0,0.010168206265553746,0.00542212529446515,2.88196049050957,-0.19318719789507988,-0.5037571213708519
1742115149.3908525,3.05292966034327e-05,0.0,0.010262166313328517,0.0055253322618131024,2.8892077815094552,-0.19718454560302945,-0.504329862402499
1742115149.4908826,3.350018093472688e-05,0.0,0.0104447605696391,0.005787934081753772,2.907337640046734,-0.20718302837215496,-0.5030100367532374
1742115149.5914054,3.8019327210147625e-05,0.0,0.010828148735232877,0.006165981447437839,2.9326554446808473,-0.2210766880062014,-0.5013417623506189
1742115149.6925101,4.143156785265057e-05,0.0,0.011058581013390504,0.0064367358072745665,2.9503071062976716,-0.23073658107584372,-0.5004929922090173
1742115149.791228,4.511502043504703e-05,0.0,0.011238735081916753,0.006716771578299133,2.968257010217272,-0.24058957324393937,-0.5033825061784388
1742115149.8910367,4.669880298521932e-05,0.0,0.011383415550535625,0.006833652243509273,2.975681420433318,-0.2446850499475648,-0.5047945998178125
1742115149.9922245,5.066797913209331e-05,0.0,0.011613674151153587,0.007118144360161103,2.9935452033436434,-0.2545370574953605,-0.5031616709695459
1742115150.091578,5.6623679331161504e-05,0.0,0.011933165277722988,0.007524870718567961,3.0020361748208586,-0.24708089655056753,-0.505597376666862
1742115150.1939015,5.849940460190744e-05,0.0,0.012028203295723617,0.007648490347899214,3.009363844386556,-0.2511421050717857,-0.5065714357717814
1742115150.2917652,6.605307272886983e-05,0.0,0.012391907361366885,0.008127304148908778,3.037560902443289,-0.266889567816353,-0.5118426917417827
1742115150.3967118,2.1346891409830516e-10,0.0,0.0006509314266948279,1.4610575419821943e-05,3.044775530051524,-0.2709455712691913,-0.5124677060468975
1742115150.4926064,2.864562982551001e-10,0.0,0.0006956870728626013,1.6925019889356114e-05,3.062137167765556,-0.28071083671662933,-0.5117559073789898
1742115150.5910323,3.829356171195524e-10,0.0,0.000742885363148349,1.956874081589187e-05,3.079391722509655,-0.2904083347178936,-0.5123960612638774
1742115150.6915324,5.843625073173433e-10,0.0,0.0008171967471012113,2.417359111338949e-05,3.104709210045854,-0.3046671777751513,-0.5142300365789714
1742115150.791284,7.871764464162539e-10,0.0,0.0008746371098188999,2.805666491969874e-05,3.12267375185516,-0.31485751380303384,-0.5168828605039898
1742115150.892101,8.864821464778412e-10,0.0,0.0008984409843976093,2.9773850044591832e-05,3.1298663213078157,-0.31895250589138513,-0.5182522772177042
1742115151.0065129,1.193253690242499e-09,0.0,0.0009608080914189324,3.45435043132931e-05,3.1479341439567037,-0.3292684047783272,-0.5192563174589457
1742115151.0920613,1.602191740571726e-09,0.0,0.001027593311950411,4.0027387381288405e-05,3.16597513068281,-0.33958025489008925,-0.5192131636961284
1742115151.190973,2.154349514775431e-09,0.0,0.0010991838226890034,4.641497080442291e-05,3.1842277854453584,-0.3500318200024086,-0.5206784842832867
1742115151.2912967,3.2214446627668464e-09,0.0,0.0011760367228339347,5.6757771827009266e-05,3.209226578585458,-0.3643902372670791,-0.5215975879057231
1742115151.3921332,4.242261537100265e-09,0.0,0.001282500223122992,6.513264570935427e-05,3.2264663878623026,-0.3743183838077986,-0.5231179235800091
1742115151.49106,4.696717615266543e-09,0.0,0.0013128120022860065,6.853260257181645e-05,3.2328679201705057,-0.37801204491885976,-0.5235487459524455
1742115151.5909107,6.172735616658431e-09,0.0,0.0013974479502748068,7.85667589802356e-05,3.250150619594365,-0.3879671483396976,-0.5215600369795147
1742115151.6916807,7.546334092629099e-09,0.0,0.0014631379713926365,8.686963849717057e-05,3.2598813948192884,-0.40018081555267315,-0.5195370775643535
1742115151.791112,9.989002387541376e-09,0.0,0.0015597913047351883,9.994499681095285e-05,3.277877699782067,-0.4104688276351087,-0.5193684560242837
1742115151.8906019,1.3180801661505683e-08,0.0,0.001662409224837256,0.00011480767248535997,3.2958155102471522,-0.4207061510968302,-0.5178972941819376
1742115151.9920142,1.473594959946028e-08,0.0,0.001705747374473968,0.00012139171964948961,3.303075663940845,-0.4248359049966126,-0.516464517730827
1742115152.0911014,1.9438455172655945e-08,0.0,0.0018173668222857934,0.00013942186045472188,3.3212173521088033,-0.43512434808338796,-0.5149844151917643
1742115152.191145,2.8573163679925304e-08,0.0,0.0019859063273612665,0.00016903598338793225,3.3467301649362895,-0.4495005581781655,-0.5112777811471172
1742115152.2904847,3.705327145993323e-08,0.0,0.0021084354413270314,0.0001924922633768257,3.3641394065815575,-0.45923267064160633,-0.5086110097352214
1742115152.3920465,4.812614816955248e-08,0.0,0.0022393510238534115,0.00021937672659047607,3.381820091749347,-0.4690496225115002,-0.5057555896226117
1742115152.490676,5.346067161259247e-08,0.0,0.0022945196170698007,0.00023121563877167233,3.3889717774011103,-0.47301065364980666,-0.5058479172173687
1742115152.5919728,6.973007543799246e-08,0.0,0.0024395250222177967,0.0002640645289280491,3.4071651856653347,-0.48305112906765935,-0.5030388099137492
1742115152.6908786,2.500122455692243e-07,0.0,0.003281684730069917,0.000500012245419274,3.4255092259922293,-0.4930802214726686,-0.49849377693569147
1742115152.792288,3.565295947628305e-07,0.0,0.0035648800065116075,0.0005971009920966724,3.451222626145139,-0.506988415156286,-0.49427609266674
1742115152.8911257,3.943856663215629e-07,0.0,0.003649985335382386,0.0006280013266877411,3.458600662079732,-0.5109573875251083,-0.4928045135918803
1742115152.9909744,5.048635393481444e-07,0.0,0.0038669780628799904,0.0007105375003109578,3.4767821526325093,-0.5207019410416862,-0.49081944050228066
1742115153.0909219,6.470236084958066e-07,0.0,0.004098533322473534,0.0008043777772264762,3.495232794815095,-0.530533555451397,-0.48798947157298983
1742115153.1909022,8.205087295019702e-07,0.0,0.004333242010567735,0.0009058193691360161,3.5130976098476623,-0.5399571560586232,-0.48386733354961364
1742115153.2908196,1.1418565712081307e-06,0.0,0.004684032786390514,0.0010685768906391953,3.53825403006951,-0.5531341849944713,-0.4811517459336468
1742115153.391745,1.2541471776519548e-06,0.0,0.004788172635329229,0.0011198871271927162,3.545458295254562,-0.5568904871596896,-0.4800892335358804
1742115153.4917705,2.1309504657325994e-06,0.0,0.005426859981445518,0.0014597775398096106,3.572679207359272,-0.5646499638310942,-0.4766345280180416
1742115153.5997884,2.3386012694865503e-06,0.0,0.005546888363038369,0.0015292485963657285,3.580016000653984,-0.5684255628225667,-0.4739023703108272
1742115153.691086,2.9542415819939715e-06,0.0,0.005862750976882784,0.0017187907324610438,3.5986275755854678,-0.5778932913326402,-0.46849658665756794
1742115153.7907174,4.089924892721827e-06,0.0,0.006274835310381731,0.002022356272450981,3.6249137449935205,-0.5910858500465723,-0.4625244992742976
1742115153.8926055,5.11432564408641e-06,0.0,0.00668054873278249,0.0022614874848396597,3.6432407849641777,-0.600161300035726,-0.45753296790222736
1742115153.990384,6.3878035923185415e-06,0.0,0.006985026667373036,0.002527410451889155,3.661719483701802,-0.6091575400692024,-0.44994362769226637
1742115154.0920498,6.9759070325306285e-06,0.0,0.007194436271378307,0.0026411942436198495,3.669111532295645,-0.6127083823752617,-0.44568094191650975
1742115154.1909478,8.609472823894656e-06,0.0,0.007506426214382487,0.0029341903182811195,3.6869781240010866,-0.6211073394088453,-0.43589499173264135
1742115154.2910924,1.0724052254132207e-05,0.0,0.00797453749535813,0.003274759877324169,3.705902215157323,-0.6298133795184082,-0.42832102952103207
1742115154.3909369,1.4299936020636986e-05,0.0,0.00854685772704996,0.0037815256207828322,3.731091684787785,-0.6411895246568635,-0.42021050629715523
1742115154.4919777,1.5537551315638785e-05,0.0,0.008718169952925839,0.003941770073918415,3.7384464942507662,-0.6444590706877333,-0.4164065974722346
1742115154.5914025,1.9100694370510587e-05,0.0,0.009163999788226585,0.004370434116939711,3.7569149834244655,-0.6525737798830233,-0.41039016423325164
1742115154.6919434,2.3398542072887054e-05,0.0,0.009624277470634665,0.0048372039519630605,3.7753154104585036,-0.6605279107910604,-0.4048162954817259
1742115154.7915392,2.8807305283520604e-05,0.0,0.010121706800575468,0.005367243732449701,3.7944546771255148,-0.6686210175593379,-0.39708223519425007
1742115154.9003525,3.841260477034715e-05,0.0,0.010802257052427601,0.006197790313518774,3.8213929474388237,-0.6797792890092413,-0.38846274790863594
1742115154.9951026,4.162547497838914e-05,0.0,0.011068916726681966,0.0064517807602544235,3.829009795240495,-0.6828857761700728,-0.386037792540594
1742115155.0908647,5.0520044479297426e-05,0.0,0.0116034677112967,0.007107745386498972,3.847559669336775,-0.6903502315612053,-0.3774124639997921
1742115155.1909785,6.175094071564672e-05,0.0,0.0121880628147646,0.007858176678826122,3.867084108442455,-0.6980354902939361,-0.37171229300598707
1742115155.2907934,7.568992586863819e-05,0.0,0.012767867709167364,0.008699995739575864,3.880092189211581,-0.7159534962577014,-0.371024915075529
1742115155.3920019,9.138532496336959e-05,0.0,0.013416555661401099,0.009559567195400092,3.898904252533356,-0.7231658939370584,-0.3630510653021217
1742115155.4905047,0.0001103576024028523,0.0,0.014020843214910149,0.010505122674336188,3.9180303653818385,-0.7303353208841656,-0.3557594502928141
1742115155.5938554,0.00011912539847482098,0.0,0.014323824099845431,0.010914458230934827,3.9258653648122817,-0.7332297090499154,-0.3519759858610513
1742115155.6908164,0.0001433395960505863,0.0,0.014994719662267066,0.011972451547222327,3.9450351454618016,-0.7402079195134545,-0.34580779919647
1742115155.7906332,0.00017282662102009768,0.0,0.015707926612687707,0.0131463539059352,3.964738397231997,-0.7471984255109652,-0.33765215525649805
1742115155.8920124,0.00022044677374264066,0.0,0.016689685917495905,0.014847450075438565,3.9908682301319516,-0.7562070722146297,-0.3266168321134927
1742115155.9931014,0.00026332061082813844,0.0,0.0174483099808917,0.016227156584816035,4.010344846053272,-0.7626890334733458,-0.31775922427200104
1742115156.091146,0.0002832260763921244,0.0,0.017755298757630784,0.016829321923123475,4.018430781125588,-0.7653238605622512,-0.3122474039556863
1742115156.1936214,0.0003366744984019181,0.0,0.018554680755419974,0.018348692007931194,4.037832927299078,-0.7715448696658616,-0.3074243153097513
1742115156.29083,0.0003958726761762591,0.0,0.019326668843475277,0.019896549353499948,4.056314171013881,-0.777320304863168,-0.30022043833755285
1742115156.390771,0.0004995034156983163,0.0,0.020491722086684493,0.022349573054049963,4.0833661550217215,-0.7855357655705371,-0.29058272490524084
1742115156.4939966,0.0005310411872547829,0.0,0.02081076066412543,0.023044330913584425,4.090597043158766,-0.7876816542522596,-0.28639341244720246
1742115156.5964417,0.0006219203749310283,0.0,0.02166102378908899,0.024938331438390745,4.109482874520609,-0.793167175895312,-0.2775301421644571
1742115156.693467,0.000734135481652695,0.0,0.02259220547273209,0.02709493461244546,4.129682620844363,-0.7988448801631387,-0.26951421151183874
1742115156.791551,0.0008587507794332038,0.0,0.023515151347707968,0.029304449823076423,4.149157099646871,-0.8041057641294715,-0.2599681104185464
1742115156.8911712,0.0010627402425602806,0.0,0.02489743916964517,0.032599696970375056,4.182325730795483,-0.8033282983003369,-0.2494395457899646
1742115156.9906936,0.0012387685440965492,0.0,0.025839887436400175,0.03519614388106386,4.2022948196851075,-0.8082952244357786,-0.24000258080125614
1742115157.097588,0.001316263739079172,0.0,0.02631809328044391,0.03628034921385366,4.210315502746724,-0.8102323167977596,-0.23394597403169426
1742115157.190925,0.0015297208947725697,0.0,0.02744212674369153,0.03911164653619903,4.230473743405497,-0.8149551393826417,-0.22570891014695924
1742115157.2908456,0.0017547702193716893,0.0,0.02827476297452656,0.04188997755277137,4.249269448924764,-0.8191649497166189,-0.21695435873628433
1742115157.3914404,0.0019988041708615036,0.0,0.029246723158662887,0.04470798777468634,4.267459642028385,-0.8230636265617823,-0.20710135332704352
1742115157.491434,0.0022368604894910443,0.0,0.030227518200661045,0.04729545950184906,4.283475908873513,-0.826353453404491,-0.19690514437318618
1742115157.593579,0.002567451020321896,0.0,0.03121749260968284,0.05067002092284842,4.303496403687632,-0.8302719693495773,-0.18818498484254648
1742115157.6909895,0.0029043933079548863,0.0,0.032394712846526875,0.05389242347450044,4.321783054869599,-0.8336898206458612,-0.17967737547517584
1742115157.7907834,0.003287066278166023,0.0,0.03348513754752237,0.05733294234701393,4.340521969345403,-0.8370261320910943,-0.17167604796052743
1742115157.8913445,0.003909030118572397,0.0,0.03489358301981655,0.06252223699270841,4.367460538590663,-0.8415156268239041,-0.15937186113954366
1742115157.9912548,0.004413420996487216,0.0,0.036217330570715196,0.06643358334823748,4.386873998220182,-0.8444967660789029,-0.14809263579011714
1742115158.0922377,0.004994408830904453,0.0,0.037234305986244144,0.07067113152415527,4.4071431159745345,-0.8474021557179148,-0.13855911127687257
1742115158.1933472,0.005231299796057453,0.0,0.03769630429338003,0.07232772494733573,4.414866676584722,-0.8484601802455298,-0.13371945253969014
1742115158.3017278,0.005862431435467315,0.0,0.03909209636742924,0.07656651641198857,4.434166157559929,-0.8509846079846959,-0.12591052881837653
1742115158.39093,0.006577583200217893,0.0,0.040081369482209805,0.08110230083183764,4.454168136569976,-0.8533996433754325,-0.11600185267091562
1742115158.490342,0.007108803402840831,0.0,0.04093107150854961,0.08431372013403768,4.471046614569957,-0.8517361266480759,-0.11072529804433183
1742115158.5907776,0.007945408662299777,0.0,0.04246870411968103,0.08913702183885087,4.491284031205751,-0.853871237124948,-0.10108269703114803
1742115158.691354,0.008817324911015348,0.0,0.043397588891804895,0.09390061187774736,4.510734197441934,-0.8557407861106769,-0.09285439502919487
1742115158.7908337,0.009195768680986075,0.0,0.04418592265233737,0.0958945706543706,4.518724823875274,-0.8564662115732,-0.08821834575856512
1742115158.8949237,0.010209646215722075,0.0,0.045151815873969194,0.10104279398216419,4.5390302413857455,-0.8581492678320037,-0.07894517433369946
1742115158.990495,0.01169657033509291,0.0,0.04689692727927115,0.10815068347029949,4.566400940657331,-0.8600485222572445,-0.060902013895161713
1742115159.0904884,0.012161279311068801,0.0,0.047741540747370054,0.11027819055039306,4.574487414676625,-0.8605062736931872,-0.05219139110768615
1742115159.1907995,0.013393498907418708,0.0,0.04865183389759352,0.11573028517816202,4.594990455338689,-0.8614956865442904,-0.041740789529927366
1742115159.293428,0.014578963176785264,0.0,0.04981386273910622,0.12074337736201214,4.613580229607308,-0.8622055560385009,-0.034175052759297615
1742115159.3907275,0.015843652983704118,0.0,0.0514021102408898,0.1258715733742298,4.632404104167833,-0.8627266315734134,-0.02331317913258844
1742115159.4917028,0.017859291244529982,0.0,0.05270564047237005,0.13363865924398516,4.660622016078847,-0.8631590135364524,-0.008414044496663237
1742115159.5975223,0.01841378041179348,0.0,0.053584249400365006,0.13569738542725676,4.668063244465188,-0.8632000957482537,-0.002627625581868393
1742115159.6907172,0.019887000783340974,0.0,0.05528296193638789,0.14102127776807646,4.687273935539665,-0.8631591484182559,0.008797273519389009
1742115159.790788,0.021473739931991448,0.0,0.055500066729873,0.1465392095378962,4.707166468373629,-0.8629051477027989,0.01754616248881048
1742115159.890741,0.022965666366616455,0.0,0.057038687679362446,0.1515442719690073,4.725258458245548,-0.8624759803547235,0.028148159864298774
1742115159.9906507,0.024673526271152196,0.0,0.05825008998102957,0.157078089723399,4.745393116651172,-0.8617645545086559,0.03998647678171814
1742115160.0944104,0.027127706289729575,0.0,0.059225217304770886,0.16470490669597423,4.791280753183159,-0.8474947240826491,0.06209893575864627
1742115160.192249,0.02939377002027024,0.0,0.06114313426076952,0.17144611404248927,4.817565579257092,-0.845668205819174,0.075572684919413
1742115160.2929232,0.030100985978520883,0.0,0.06094578540093614,0.17349635724856266,4.825691028766414,-0.8450355615928977,0.07983298650937877
1742115160.3909264,0.03172614048219468,0.0,0.061894586839956287,0.17811833280770029,4.844351403259196,-0.8434238976547519,0.09046526304441288
1742115160.4907348,0.034479769297781696,0.0,0.06399015839507156,0.1856872890043411,4.876154342641627,-0.8401888426859037,0.10714097372251351
1742115160.5926816,0.03484739393108888,0.0,0.06351506698284795,0.18667456691014145,4.880430744490468,-0.8397127979154657,0.11458416334348526
1742115160.690776,0.036553081484362863,0.0,0.0651233438406212,0.1911886018683197,4.900535234962902,-0.8373024544323258,0.12642212263303587
1742115160.7909832,0.038231309846406054,0.0,0.06659257565318498,0.19552828400619193,4.9207618028437565,-0.8346452433549505,0.13544459692197655
1742115160.8907557,0.0397602268466439,0.0,0.06593018243250985,0.19939966611467508,4.939778391425136,-0.8319209666403822,0.14691968313413448
1742115160.9922369,0.0412069583289945,0.0,0.06738190009743923,0.20299497119139306,4.958535485256135,-0.8290015289564927,0.15907461992460087
1742115161.0945542,0.04269249348662774,0.0,0.06719115774333832,0.20662161911723503,4.9788049788546545,-0.8256043878978492,0.17021603933530652
1742115161.1907132,0.043736033791957514,0.0,0.06769203850037314,0.20913161834585778,4.993784475515611,-0.8229568194495895,0.1806108509655554
1742115161.2956238,0.044985442150511264,0.0,0.06886992762794257,0.21209771840006025,5.012986450135259,-0.8193394468864854,0.19457860342222055
1742115161.3928418,0.04614005768726895,0.0,0.06861992933564484,0.21480236890516116,5.0325104447485245,-0.8153900971260732,0.20608528009610974
1742115161.5026176,0.048725085560183,0.0,0.06976358371463358,0.2207375943517166,5.049330175430157,-0.8188035725677727,0.21047412949124525
1742115161.591928,0.05001734923632841,0.0,0.0709493772500245,0.22364558845711313,5.076232153555154,-0.8126886370612398,0.233928199582493
1742115161.690258,0.05075351943576298,0.0,0.07045210412089474,0.22528541771664445,5.095762761232919,-0.8078466768274541,0.24895882206479267
1742115161.7913468,0.05100402503511639,0.0,0.07140459369023301,0.22584070721443553,5.103677769334212,-0.8057999667608238,0.25712740021268077
1742115161.8907397,0.05151172173476663,0.0,0.07224312835534169,0.22696193895621936,5.123551452703126,-0.8004641995467789,0.26875936584988785
1742115161.9907231,0.05181450123127679,0.0,0.07069819907821734,0.22762798868170142,5.142007132741128,-0.7952232653743225,0.28199421959439475
1742115162.0905151,0.05196053533221584,0.0,0.07079458104851544,0.2279485365871337,5.167331757189899,-0.7875920986177096,0.30028557377377707
1742115162.1918828,0.05187209519471432,0.0,0.07049336412806506,0.22775446251328274,5.185833446072536,-0.7817133474302622,0.31331574516812494
1742115162.2904308,0.05178224787708973,0.0,0.07047467132530524,0.22755713101788247,5.193550016492196,-0.7791705568821499,0.3233196695379369
1742115162.395282,0.05142928637964789,0.0,0.07088418065569262,0.22678026011901453,5.212642888603867,-0.7726595363718642,0.3349575956396215
1742115162.4907799,0.05087155292750504,0.0,0.06984651510993754,0.22554722992647247,5.232475285619969,-0.7655791658760558,0.34786271648923095
1742115162.5907257,0.05020571829415615,0.0,0.0704405590143665,0.2240663256586231,5.250533778548302,-0.7588791622222741,0.3604705293707006
1742115162.6908152,0.04954639421888115,0.0,0.0693497686127446,0.2225901934472432,5.265498216298511,-0.7531557520842105,0.37138712006131347
1742115162.792732,0.048596617919885156,0.0,0.06862891302257597,0.22044640600355714,5.283974972371823,-0.7458497032926621,0.38426327305356184
1742115162.8906884,0.04702788295055905,0.0,0.06883017195384863,0.21685913158213801,5.3055335036875135,-0.7358909051466203,0.3813830557506781
1742115162.99067,0.04585814377501778,0.0,0.06755598175639395,0.2141451465128682,5.324185049449511,-0.7282730941440549,0.39199876219446456
1742115163.0912182,0.04418580893142877,0.0,0.06729218562422384,0.21020420769201736,5.348206317163502,-0.7181430447252461,0.4044513645809393
1742115163.1906517,0.04365748710183761,0.0,0.06785504385411684,0.20894374147563646,5.355343559986466,-0.7150708173057412,0.4085044804256657
1742115163.297107,0.04143915672371443,0.0,0.06567354335737637,0.20356609915139218,5.38365456475718,-0.7026161368533463,0.4198335352581242
1742115163.3907094,0.040876976922093,0.0,0.0658405840132211,0.20218055525221262,5.390514738413955,-0.6995424707147766,0.4226202908199529
1742115163.490705,0.03933839164227629,0.0,0.06470648107191804,0.19833908248823853,5.408709900782284,-0.6912507798536041,0.43088578612024564
1742115163.5929608,0.037833507194379,0.0,0.06398631271663145,0.19450837307010463,5.425924123049981,-0.6832492610063801,0.4380071106594304
1742115163.6906788,0.035532541828752665,0.0,0.06325275870239769,0.18850077407998267,5.451535204292128,-0.6710970918961969,0.44779562384302435
1742115163.7919755,0.033830882285872214,0.0,0.061952209967415454,0.18393173267783952,5.470040288152589,-0.6620972310308595,0.4554717484157782
1742115163.890624,0.03319395291170822,0.0,0.06201762679869353,0.18219207697292497,5.47692180679023,-0.6587119129643746,0.45889150530512135
1742115163.990767,0.03154358952705854,0.0,0.061102711361838744,0.17760515062086046,5.494602475052062,-0.6498715130579154,0.4659008923214175
1742115164.0915675,0.029927422998972966,0.0,0.059774680560452396,0.1729954421335226,5.511940093617852,-0.6410814260572062,0.471814626757453
1742115164.1989732,0.028442851329246753,0.0,0.058891397986515395,0.168650085470618,5.5279451399970725,-0.6328540094858415,0.476619595591376
1742115164.2912545,0.02726567659531308,0.0,0.05854326435980238,0.1651232164031245,5.554472799077317,-0.6268460260410871,0.48462756426481296
1742115164.3908749,0.026615757199897304,0.0,0.057751119085376446,0.16314336394685905,5.561383746428234,-0.623184485334809,0.48980458529142434
1742115164.4912617,0.02501939928158098,0.0,0.05709350059984352,0.1581752170271341,5.578536702172144,-0.6139855966520678,0.4951384857430844
1742115164.5908327,0.023363185754024234,0.0,0.05597765654111652,0.15285020691521564,5.5966620362828365,-0.6040841599603004,0.5033049181237608
1742115164.691263,0.021295629015596243,0.0,0.05417726411927841,0.14593021967912007,5.619971312687014,-0.5911087209432138,0.5113313987985045
1742115164.7913282,0.020711376923316933,0.0,0.05408239889569416,0.14391447780997205,5.626744320268102,-0.587300153661741,0.5131672218575866
1742115164.8918715,0.01918709238006355,0.0,0.052556139838315245,0.1385174804133527,5.644862236323803,-0.5770211833786831,0.5213234022393616
1742115164.990755,0.017849458009972036,0.0,0.0514642089144377,0.13360186379677505,5.661300284540928,-0.5675267268309616,0.5271217420831112
1742115165.0906427,0.016507796936299893,0.0,0.05111787026797518,0.12848267173552974,5.678413026293541,-0.5574807842355138,0.5325851038232237
1742115165.1910205,0.014768263669943039,0.0,0.048858582056417695,0.12152474509310043,5.701932833033879,-0.5435506258625482,0.5375445678964047
1742115165.290228,0.01362998899432773,0.0,0.04789300869869455,0.11674754384708798,5.7182253141013035,-0.533759259867761,0.5430852964654358
1742115165.3919017,0.012467733275825885,0.0,0.04673955139053335,0.11165900445475002,5.735799304693558,-0.5231032537454094,0.5474931791558652
1742115165.4906578,0.01203950363887398,0.0,0.04629799011477398,0.10972467196977159,5.742535982778591,-0.5189827274110126,0.5503981903329286
1742115165.5928721,0.010977200213000193,0.0,0.04551570167473546,0.10477213471625074,5.759902261974361,-0.5082299858229167,0.5570158556237608
1742115165.692938,0.009551515208698258,0.0,0.043555634575503814,0.09773185360310249,5.7672915975687005,-0.48862989362553844,0.5616315914741796
1742115165.7943375,0.008705736318420062,0.0,0.04278954955871347,0.0933045353582561,5.783781331433062,-0.4781941142754933,0.5659629418007173
1742115165.8934503,0.008039030775768516,0.0,0.0421710808538899,0.08966064228951584,5.79764318391787,-0.4693802958312441,0.5663332058540623
1742115165.9943225,0.007275870216691625,0.0,0.0405452179961733,0.08529871169420805,5.814657367875441,-0.4585427723576849,0.5684416605583471
1742115166.0907445,0.0066142717102643,0.0,0.03979588091941985,0.0813281729185176,5.830566164008673,-0.44837264353184914,0.56851783529437
1742115166.190786,0.005947314183079365,0.0,0.038437260586876694,0.07711883157231679,5.848040047691228,-0.43726749306473156,0.5641385628334326
1742115166.2919116,0.005184482143002522,0.0,0.037105668906756074,0.0720033481374479,5.870285047615212,-0.4232888314121004,0.5598039938560766
1742115166.3910866,0.004658428782392507,0.0,0.03628678050391424,0.06825268333474155,5.887298510833631,-0.4126397878369268,0.5593067719093602
1742115166.4908535,0.004463288045858665,0.0,0.03567405396937848,0.0668078441940665,5.89401217765257,-0.4084340012261167,0.5599780394188204
1742115166.5907047,0.004012829401940434,0.0,0.03488114509855483,0.0633468973347585,5.910476976580782,-0.3981010524407331,0.560730726873044
1742115166.690718,0.0035732186412283685,0.0,0.034003284712147405,0.059776405388985786,5.928089379595548,-0.3870255277123773,0.5616767717949196
1742115166.791863,0.003271797658186965,0.0,0.032919642260678714,0.05719962987805922,5.941238254275561,-0.37874166632938966,0.5619291378608983
1742115166.891016,0.002939176190247338,0.0,0.032164939933273996,0.05421416964454347,5.956999688967613,-0.3688116955548635,0.5629667355171484
1742115166.990801,0.0026054468955101434,0.0,0.031048048458991586,0.05104357839640696,5.974398448296739,-0.35782441648235874,0.5631465031257908
1742115167.094865,0.002359979425207343,0.0,0.030270560463655442,0.04857961944280073,5.999818776008766,-0.352798000733205,0.5515510145445426
1742115167.1908658,0.002089440312933951,0.0,0.029453110959463173,0.04571039611438465,6.017042191982611,-0.34219925961584075,0.5514133278151115
1742115167.2908688,0.0018399257806920467,0.0,0.02840548838662803,0.04289435604706109,6.034744325364073,-0.3313159729612032,0.5513334575911123
1742115167.3922558,0.0015551464843204603,0.0,0.027295213897236537,0.039435345621922226,6.057706198295264,-0.3171960630749804,0.5520304743071157
1742115167.4925668,0.0014781430916140815,0.0,0.026936379671926632,0.03844662653099855,6.064536777246829,-0.3129866041922682,0.5525586906691152
1742115167.5907924,0.001306963426244165,0.0,0.026029028972917305,0.03615194913478615,6.0809092750920115,-0.3028886001630062,0.5530096594114859
1742115167.6903894,0.0011038445339569374,0.0,0.024993627638263925,0.033224155880276884,6.102949385227845,-0.2892510222310536,0.5551152530928212
1742115167.7917237,0.001046314139784049,0.0,0.024653100106744767,0.032346779434497784,6.109830278242427,-0.28497856277968436,0.5561995807905752
1742115167.8914325,0.0008486570013773584,0.0,0.023329156950632594,0.02913171813294503,6.136291781649263,-0.2684814923245846,0.5583055320997793
1742115167.9910388,0.0008068262181500277,0.0,0.02307280174442032,0.02840468655257487,6.142580003668883,-0.2645501081952881,0.559177905680712
1742115168.090745,0.00070439224980115,0.0,0.022251912465011844,0.026540389028820773,6.159291637356617,-0.2540867262644544,0.5592600408812125
1742115168.1913917,0.0006165622650995647,0.0,0.02152078966938879,0.024830671861622362,6.1754334643453745,-0.24395337679156803,0.5614484850187855
1742115168.291508,0.000503641762961111,0.0,0.020471666387052685,0.022441964329378814,6.199510126220488,-0.22879844578674957,0.5625986162443716
1742115168.3927977,0.000473712589451961,0.0,0.020143064310591537,0.021764939454360102,6.2067056349107474,-0.22426531061661859,0.5617678467054922
1742115168.491307,0.0003545011209081356,0.0,0.01873031558922423,0.018828200150522504,6.225103681919364,-0.1963082934427831,0.5613393793119227
1742115168.5909648,0.0003078314063413602,0.0,0.018069959858652,0.017545124859668575,6.24122032165738,-0.18618242676165897,0.5597859630597865
1742115168.6917791,0.0002673077695287832,0.0,0.017457873588147814,0.016349549520668246,6.257194226467959,-0.17621014463297735,0.55679953193796
1742115168.7922556,0.000217563131657282,0.0,0.016570133558137978,0.014750021412095712,6.280226646319534,-0.16191549148354767,0.5545445690168175
1742115168.8903735,0.0001853552590789987,0.0,0.015922869373185745,0.013614523828580957,6.297892111686508,-0.15097278670312209,0.5546492347730432
1742115168.9908233,0.00017468886439988605,0.0,0.01571197082183939,0.013216991503359834,6.304369292944514,-0.14696181200080582,0.5542539367688928
1742115169.092553,0.00015046070329451832,0.0,0.015113796624453595,0.01226624242767598,6.320553517007809,-0.13694431753471203,0.5540421018613613
1742115169.19545,0.0001275199576734098,0.0,0.014536723000158921,0.011292473496688394,6.3382681480391625,-0.12598486062888448,0.5542171010984217
1742115169.290913,0.00010959717412603675,0.0,0.013972439613115267,0.010468866897904317,6.35427517072867,-0.11606581587871734,0.5549272308362757
1742115169.390797,9.651094241927198e-05,0.0,0.013536617653038496,0.009823998290882993,6.3675699279555005,-0.10782435212657315,0.5548858652128017
1742115169.4910204,8.187812493225239e-05,0.0,0.013038085952427265,0.00904865321096197,6.384595774691633,-0.09729102454362204,0.5528293857587611
1742115169.5918071,7.000074390656461e-05,0.0,0.012507666452764318,0.008366644722143077,6.400669723114902,-0.08738398482365373,0.5507814893735681
1742115169.6908503,5.9266969785115e-05,0.0,0.0119532973710804,0.007698504386250292,6.417622390972923,-0.0770215714353415,0.5479828128827846
1742115169.7911792,5.0385680218682595e-05,0.0,0.011432846264332908,0.007098287132730163,6.433972237719402,-0.06703180825636323,0.5485677728666103
1742115169.891454,2.3014040927646706e-05,0.0,0.009339342474559104,0.004797295167867692,6.4533992262545326,0.010634130509498796,0.5562096235071771
1742115169.9939632,2.1619802127479002e-05,0.0,0.009430712829168797,0.00464970989713111,6.459403891570275,0.014350491631098805,0.5522096750055905
1742115170.0944932,1.876028696709263e-05,0.0,0.009112628889025115,0.004331314692687733,6.473022393334247,0.022693744660590376,0.5451387759958859
1742115170.190784,1.585994425084299e-05,0.0,0.0086972934656288,0.003982454551007832,6.489171812108395,0.03237916774360894,0.5378356572901362
1742115170.2919412,1.2210277376442502e-05,0.0,0.008100735879364777,0.0034943207317649737,6.5141041268247335,0.047202460172247385,0.5349207517420403
1742115170.3942444,1.0330391435718846e-05,0.0,0.007839158612659748,0.0032140926302331183,6.5299151383265155,0.056516059338989066,0.5306363698755855
1742115170.499877,9.620658048259181e-06,0.0,0.007706388937216959,0.003101718563677108,6.536621353244456,0.06044104314854071,0.5284083482538814
1742115170.5908961,8.018881059214786e-06,0.0,0.007432506724639118,0.0028317628889465278,6.553709762022123,0.07037813475796373,0.5246654149805661
1742115170.6910517,6.698707367883449e-06,0.0,0.007060907881994331,0.00258818611538727,6.570481725487255,0.08005357435332705,0.5210514661585445
1742115170.7961388,5.176589396942367e-06,0.0,0.006696483524516499,0.0022752119454992246,6.594361036253488,0.09366735699051354,0.5162345763956661
1742115170.8923879,4.341668192527493e-06,0.0,0.006421071134776875,0.002083667006152253,6.610539697422325,0.10279940038384883,0.511741339853918
1742115170.9908638,4.026888159264567e-06,0.0,0.006249236133682272,0.0020067107811701634,6.617461132097077,0.10665371033693916,0.5044569370066279
1742115171.1029935,3.3208592134128866e-06,0.0,0.006026366191554067,0.0018223224778871842,6.635194497368687,0.1163751551680745,0.4993421432291619
1742115171.201456,2.7746693777605095e-06,0.0,0.005715648141766945,0.0016657338856373516,6.6516296134564215,0.12530537374930084,0.4970372316156979
1742115171.2911236,2.107561384072134e-06,0.0,0.005353326102314437,0.0014517442557393275,6.66219729425579,0.1473265762191187,0.48889472230576514
1742115171.392077,1.752448288611179e-06,0.0,0.005180077256711251,0.0013238006982212915,6.678952956919204,0.15619460491104453,0.4847043965687653
1742115171.4909804,1.6348089576348088e-06,0.0,0.0050378599351417865,0.0012785964795958141,6.685254359972419,0.15949266064837664,0.47965481027268403
1742115171.5926502,1.3516175664429115e-06,0.0,0.004758362369054965,0.0011625908852399074,6.702509202739023,0.16838899999121182,0.4712407801976105
1742115171.6909988,1.1063150617547125e-06,0.0,0.004647976969843769,0.001051815127175262,6.720639800774848,0.17757407503145828,0.46752729161881423
1742115171.790855,8.469915316076132e-07,0.0,0.004141433942155158,0.0009203214284192307,6.744724575355647,0.18956617310088886,0.4559279893269442
1742115171.8912802,7.795657242893768e-07,0.0,0.0041706449277749014,0.0008829301921949304,6.752210028110497,0.19321453167119484,0.45109476789139735
1742115171.9936228,5.86033255582233e-07,0.0,0.0038416891506097444,0.0007655280893489364,6.7779476946118535,0.20551286158768578,0.43872513517044986
1742115172.0921206,5.48600331635051e-07,0.0,0.0037271192206503466,0.0007406755913590315,6.783911965394594,0.20829389001171128,0.4338963244786164
1742115172.2010515,4.622720869362899e-07,0.0,0.003575357111763121,0.0006799059397712966,6.799351782195899,0.21542906007764673,0.4322920058598421
1742115172.2907956,3.935216093324824e-07,0.0,0.003385563715392389,0.0006273130074631662,6.813798685244791,0.2220578888352951,0.4288844083180326
1742115172.3910785,3.164531603637084e-07,0.0,0.003156992942305493,0.0005625416965556495,6.833279783584118,0.23088466289731224,0.4221940253605745
1742115172.4933345,2.979333764396152e-07,0.0,0.0031110102412806634,0.0005458327366873622,6.8386635199184695,0.23329185856460688,0.418724677406778
1742115172.5909379,2.604736290550537e-07,0.0,0.002957343879096372,0.000510366171542603,6.850651938910531,0.23859979387152697,0.41355707391404145
1742115172.691031,2.292481102614595e-07,0.0,0.002814273426240011,0.00047879861138213373,6.862042736858072,0.24356904537317847,0.40910436853074056
1742115172.7912166,2.0116309173916166e-07,0.0,0.0027234295481675832,0.0004485120865028742,6.873688907957018,0.24858557132992187,0.4051972840657135
1742115172.891191,1.864037553196887e-07,0.0,0.002672221493816219,0.0004317450119221862,6.8805963298814135,0.25139705309759064,0.3977662823561034
1742115172.9924746,1.6558973587075808e-07,0.0,0.002643676377275103,0.00040692718743131197,6.89117678334722,0.2558148734947552,0.3945295117262204
1742115173.101459,1.5750796468582062e-07,0.0,0.0026115566132652946,0.0003968727310937609,6.895642307921975,0.25766688432032536,0.3917592070463499
1742115173.1983588,1.3867857180131546e-07,0.0,0.0024819262219554997,0.00037239571936491895,6.9069958123330935,0.26233488140008054,0.3879402182463012
1742115173.2909033,1.2208027085196852e-07,0.0,0.002357225630074441,0.0003493998724269494,6.918343199183511,0.2669509795587772,0.38520412663253156
1742115173.392141,1.0345773064049675e-07,0.0,0.0022609609286776845,0.0003216484581658938,6.933044745665683,0.2728596085223125,0.3798968098524413
1742115173.4912922,9.259904537359727e-08,0.0,0.0021531492416070317,0.00030430091254151254,6.942878673871078,0.2767618307191051,0.3760248921278318
1742115173.59088,8.869879356759402e-08,0.0,0.0021296753656532335,0.00029782342682803517,6.946694617606042,0.27826226041942403,0.3732365868452391
1742115173.6925504,8.025904783158524e-08,0.0,0.002076533733977667,0.0002833002785589616,6.955562228886464,0.28171699975038633,0.3695724509123166
1742115173.790952,7.276564435493777e-08,0.0,0.0019813519804046283,0.0002697510785056063,6.964255195243169,0.2850620026050801,0.3655674956205686
1742115173.8920283,6.386888341121791e-08,0.0,0.0019164782671019897,0.00025272293803930404,6.975831007022705,0.2894424711107324,0.35908763626845686
1742115173.998459,6.160826865754647e-08,0.0,0.0018559621723001029,0.0002482101300461898,6.979031671879994,0.2906388162140048,0.3563139937284788
1742115174.0906289,5.6836209762230904e-08,0.0,0.0018175648581934076,0.0002384034600466841,6.986201284109967,0.29328922743117625,0.3516604206922851
1742115174.1942286,5.261129599662295e-08,0.0,0.0017818793954447255,0.00022937152394450133,6.993070747062873,0.29580250508287476,0.34797125080855695
1742115174.2911947,4.9041972511513106e-08,0.0,0.0017083360475057508,0.00022145422215779295,6.9993346597004376,0.29805530245541556,0.34178631523879377
1742115174.3908057,4.6086272171568344e-08,0.0,0.001680973408307539,0.0002146771347199518,7.004895921017223,0.30001783924089187,0.33783536175521206
1742115174.5035756,4.3159471103176995e-08,0.0,0.0015312828767351252,0.00020774857665740336,7.010776444361994,0.3020642518339032,0.33293860176833473
1742115174.5921705,4.096115121025691e-08,0.0,0.001590072165671361,0.0002023886143296033,7.015467681555307,0.3036775560694518,0.32955222348006563
1742115174.6909494,3.8698646388241443e-08,0.0,0.001370023127227025,0.000196719715301343,7.020571402956719,0.30541443883540653,0.3242340586546263
1742115174.790889,3.664517221551728e-08,0.0,0.0013495592741660431,0.000191429287768401,7.025495918066312,0.307048937466194,0.3173430464628539
1742115174.8985631,3.5532695220523125e-08,0.0,0.0013382380390989837,0.00018850118095259543,7.028285850333617,0.3079635991961438,0.31632702568801246
1742115174.9909623,3.557047511974338e-08,0.0,0.001338626316897308,0.0001886013656359449,7.028189602117777,0.3079321925800733,0.3151675961378416
1742115175.0955195,3.5579924093973515e-08,0.0,0.0013387233981094863,0.00018862641409403275,7.028165537808235,0.3079243478461424,0.315130045211633
1742115175.1923862,3.556102769064018e-08,0.0,0.0013385292398269734,0.00018857631794750947,7.028213665463213,0.30794004027164634,0.31508367279799787
1742115175.2908537,3.556102769064018e-08,0.0,0.0013385292398269734,0.00018857631794750947,7.028213665463213,0.30794004027164634,0.31507008293898897
1742115175.3911915,3.555158309066613e-08,0.0,0.001338432180108106,0.00018855127443394843,7.028237729298127,0.3079478864614278,0.3151983521345459
1742115175.492345,3.556102752749215e-08,0.0,0.0013385292381488704,0.0001885763175149312,7.0282136652785,0.3079400408382029,0.31517427185805647
1742115175.5908232,3.556102752749215e-08,0.0,0.0013385292381488704,0.0001885763175149312,7.0282136652785,0.3079400408382029,0.31515221813948957
1742115175.7022345,3.556102752749215e-08,0.0,0.0013385292381488704,0.0001885763175149312,7.0282136652785,0.3079400408382029,0.31515400627883255
1742115175.8007607,3.557047427563646e-08,0.0,0.001338626308216176,0.00018860136339813785,7.028189601162538,0.30793219551045103,0.31516568878920875
1742115175.8923829,3.5561027491149085e-08,0.0,0.001338529237775054,0.00018857631741856952,7.028213665237331,0.3079400409644255,0.31516819218428943
1742115175.9911551,3.5561027491149085e-08,0.0,0.001338529237775054,0.00018857631741856952,7.028213665237331,0.3079400409644255,0.3151450655821165
1742115176.090477,3.5561027491149085e-08,0.0,0.001338529237775054,0.00018857631741856952,7.028213665237331,0.3079400409644255,0.3151505492094359
1742115176.190997,3.5561027491149085e-08,0.0,0.001338529237775054,0.00018857631741856952,7.028213665237331,0.3079400409644255,0.31514637688430164
1742115176.294331,3.5561027491149085e-08,0.0,0.001338529237775054,0.00018857631741856952,7.028213665237331,0.3079400409644255,0.31514041641982404
1742115176.3908963,3.5561027491149085e-08,0.0,0.001338529237775054,0.00018857631741856952,7.028213665237331,0.3079400409644255,0.31515841702254627
1742115176.490888,3.5561027491149085e-08,0.0,0.001338529237775054,0.00018857631741856952,7.028213665237331,0.3079400409644255,0.31513934353621814
1742115176.5922105,3.5561027491149085e-08,0.0,0.001338529237775054,0.00018857631741856952,7.028213665237331,0.3079400409644255,0.3151416085127195
1742115176.6908872,3.5561027491149085e-08,0.0,0.001338529237775054,0.00018857631741856952,7.028213665237331,0.3079400409644255,0.31514899948867175
1742115176.7911344,3.5561027491149085e-08,0.0,0.001338529237775054,0.00018857631741856952,7.028213665237331,0.3079400409644255,0.31514852265151355
1742115176.891153,3.5561027491149085e-08,0.0,0.001338529237775054,0.00018857631741856952,7.028213665237331,0.3079400409644255,0.31514327744277326
1742115176.990964,3.5561027491149085e-08,0.0,0.001338529237775054,0.00018857631741856952,7.028213665237331,0.3079400409644255,0.31515078762801496
1742115177.0909252,3.556102749817387e-08,0.0,0.0013385292378473087,0.00018857631743719535,7.028213665245275,0.3079400409400379,0.3151487610700926
1742115177.1917307,3.556102749817387e-08,0.0,0.0013385292378473087,0.00018857631743719535,7.028213665245275,0.3079400409400379,0.3151600859525997
1742115177.290899,3.556102749817387e-08,0.0,0.0013385292378473087,0.00018857631743719535,7.028213665245275,0.3079400409400379,0.3151479266050656
1742115177.3923228,3.556102752708938e-08,0.0,0.0013385292381447283,0.0001885763175138633,7.0282136652780025,0.3079400408396311,0.31514518479140596
1742115177.4909334,3.556102752708938e-08,0.0,0.0013385292381447283,0.0001885763175138633,7.0282136652780025,0.3079400408396311,0.3151401780012448
1742115177.592565,3.556102752708938e-08,0.0,0.0013385292381447283,0.0001885763175138633,7.0282136652780025,0.3079400408396311,0.31514137009414045
1742115177.691775,3.556102752708938e-08,0.0,0.0013385292381447283,0.0001885763175138633,7.0282136652780025,0.3079400408396311,0.3151457808378537
1742115177.7922459,3.556102752708938e-08,0.0,0.0013385292381447283,0.0001885763175138633,7.0282136652780025,0.3079400408396311,0.3151417277220091
1742115177.8963315,3.556102752708938e-08,0.0,0.0013385292381447283,0.0001885763175138633,7.0282136652780025,0.3079400408396311,0.3151383898619016
1742115177.9931347,3.556102752708938e-08,0.0,0.0013385292381447283,0.0001885763175138633,7.0282136652780025,0.3079400408396311,0.315129568374475
1742115178.0920715,3.556102752708938e-08,0.0,0.0013385292381447283,0.0001885763175138633,7.0282136652780025,0.3079400408396311,0.3151351712110839
1742115178.1915739,3.556102752708938e-08,0.0,0.0013385292381447283,0.0001885763175138633,7.0282136652780025,0.3079400408396311,0.31514280060561506
1742115178.2909944,3.556102752708938e-08,0.0,0.0013385292381447283,0.0001885763175138633,7.0282136652780025,0.3079400408396311,0.3151351712110839
1742115178.3925872,3.556102752708938e-08,0.0,0.0013385292381447283,0.0001885763175138633,7.0282136652780025,0.3079400408396311,0.3151364825132687
1742115178.5003185,3.556102752708938e-08,0.0,0.0013385292381447283,0.0001885763175138633,7.0282136652780025,0.3079400408396311,0.3151340983274777
1742115178.5927784,3.556102752708938e-08,0.0,0.0013385292381447283,0.0001885763175138633,7.0282136652780025,0.3079400408396311,0.3151358864668211
1742115178.6912017,3.556102752708938e-08,0.0,0.0013385292381447283,0.0001885763175138633,7.0282136652780025,0.3079400408396311,0.3151457808378537
1742115178.79088,3.556102752708938e-08,0.0,0.0013385292381447283,0.0001885763175138633,7.0282136652780025,0.3079400408396311,0.3151267073515256
1742115178.8907683,3.556102750809015e-08,0.0,0.0013385292379493074,0.00018857631746348785,7.028213665256487,0.3079400409056121,0.31513219097884504
1742115178.9919205,3.556102750809015e-08,0.0,0.0013385292379493074,0.00018857631746348785,7.028213665256487,0.3079400409056121,0.31513302544387206
1742115179.0920196,3.556102750809015e-08,0.0,0.0013385292379493074,0.00018857631746348785,7.028213665256487,0.3079400409056121,0.31514196614058804
1742115179.192461,3.5561027478350146e-08,0.0,0.0013385292376434082,0.00018857631738463382,7.028213665222822,0.30794004100888506,0.3151505492094359
1742115179.291173,3.556102744076202e-08,0.0,0.001338529237256785,0.00018857631728497093,7.0282136651802745,0.3079400411394091,0.3151397011640868
1742115179.3907816,3.556102744076202e-08,0.0,0.001338529237256785,0.00018857631728497093,7.0282136651802745,0.3079400411394091,0.3151461384657225
1742115179.4927607,3.556102744076202e-08,0.0,0.001338529237256785,0.00018857631728497093,7.0282136651802745,0.3079400411394091,0.31513815144332247
1742115179.5923471,3.556102744076202e-08,0.0,0.001338529237256785,0.00018857631728497093,7.0282136651802745,0.3079400411394091,0.31514327744277326
1742115179.6947691,3.556102744076202e-08,0.0,0.001338529237256785,0.00018857631728497093,7.0282136651802745,0.3079400411394091,0.31514256218703585
1742115179.791968,3.556102744076202e-08,0.0,0.001338529237256785,0.00018857631728497093,7.0282136651802745,0.3079400411394091,0.3151435158613523
1742115179.8924885,3.556102744076202e-08,0.0,0.001338529237256785,0.00018857631728497093,7.0282136651802745,0.3079400411394091,0.31515507916243884
1742115179.99177,3.556102744076202e-08,0.0,0.001338529237256785,0.00018857631728497093,7.0282136651802745,0.3079400411394091,0.31514423111708945
1742115180.092798,3.556102744076202e-08,0.0,0.001338529237256785,0.00018857631728497093,7.0282136651802745,0.3079400411394091,0.3151526949766477
1742115180.1978805,3.556102744076202e-08,0.0,0.001338529237256785,0.00018857631728497093,7.0282136651802745,0.3079400411394091,0.3151461384657225
1742115180.2916682,3.556102744076202e-08,0.0,0.001338529237256785,0.00018857631728497093,7.0282136651802745,0.3079400411394091,0.3151531718138058
1742115180.3908927,3.556102744076202e-08,0.0,0.001338529237256785,0.00018857631728497093,7.0282136651802745,0.3079400411394091,0.31514005879195545
1742115180.4908903,3.556102744076202e-08,0.0,0.001338529237256785,0.00018857631728497093,7.0282136651802745,0.3079400411394091,0.31515186051162075
1742115180.5910928,3.556102744076202e-08,0.0,0.001338529237256785,0.00018857631728497093,7.0282136651802745,0.3079400411394091,0.31513743618758516
1742115180.692952,3.556102744076202e-08,0.0,0.001338529237256785,0.00018857631728497093,7.0282136651802745,0.3079400411394091,0.31513755539687477
1742115180.790835,3.556102744076202e-08,0.0,0.001338529237256785,0.00018857631728497093,7.0282136651802745,0.3079400411394091,0.31513946274550764
1742115180.9006221,3.556102744076202e-08,0.0,0.001338529237256785,0.00018857631728497093,7.0282136651802745,0.3079400411394091,0.31513731697829583
1742115180.9920223,3.5561027427129885e-08,0.0,0.001338529237116567,0.00018857631724882604,7.0282136651648415,0.3079400411867481,0.315129568374475
1742115181.0910347,3.5561027427129885e-08,0.0,0.001338529237116567,0.00018857631724882604,7.0282136651648415,0.3079400411867481,0.3151422045591674
1742115181.191042,3.5561027427129885e-08,0.0,0.001338529237116567,0.00018857631724882604,7.0282136651648415,0.3079400411867481,0.3151448271635373
1742115181.2913818,3.5561027427129885e-08,0.0,0.001338529237116567,0.00018857631724882604,7.0282136651648415,0.3079400411867481,0.31514709214003883
1742115181.3909616,3.5561027427129885e-08,0.0,0.001338529237116567,0.00018857631724882604,7.0282136651648415,0.3079400411867481,0.31514983395369844
1742115181.498604,3.5561027427129885e-08,0.0,0.001338529237116567,0.00018857631724882604,7.0282136651648415,0.3079400411867481,0.31515078762801496
1742115181.590976,3.5561027427129885e-08,0.0,0.001338529237116567,0.00018857631724882604,7.0282136651648415,0.3079400411867481,0.3151318333509763
1742115181.6914954,3.5561027427129885e-08,0.0,0.001338529237116567,0.00018857631724882604,7.0282136651648415,0.3079400411867481,0.3151280186537108
1742115181.7912135,3.5561027427129885e-08,0.0,0.001338529237116567,0.00018857631724882604,7.0282136651648415,0.3079400411867481,0.3151358864668211
1742115181.8949094,3.5561027427129885e-08,0.0,0.001338529237116567,0.00018857631724882604,7.0282136651648415,0.3079400411867481,0.3151536486509641
1742115181.9915395,3.5561027427129885e-08,0.0,0.001338529237116567,0.00018857631724882604,7.0282136651648415,0.3079400411867481,0.31514542320998523
1742115182.0942144,3.5561027427129885e-08,0.0,0.001338529237116567,0.00018857631724882604,7.0282136651648415,0.3079400411867481,0.31515734413894014
1742115182.1923673,3.5561027427129885e-08,0.0,0.001338529237116567,0.00018857631724882604,7.0282136651648415,0.3079400411867481,0.3151572249296508
1742115182.292149,3.556102743745866e-08,0.0,0.0013385292372228076,0.00018857631727621223,7.028213665176523,0.3079400411508888,0.31516354302199684
1742115182.3909175,3.556102743745866e-08,0.0,0.0013385292372228076,0.00018857631727621223,7.028213665176523,0.3079400411508888,0.3151538870695431
1742115182.4951706,3.556102743745866e-08,0.0,0.0013385292372228076,0.00018857631727621223,7.028213665176523,0.3079400411508888,0.3151344559553465
1742115182.590914,3.556102743745866e-08,0.0,0.0013385292372228076,0.00018857631727621223,7.028213665176523,0.3079400411508888,0.3151405356291134
1742115182.693828,3.556102743745866e-08,0.0,0.0013385292372228076,0.00018857631727621223,7.028213665176523,0.3079400411508888,0.31513719776900606
1742115182.796642,3.556102743745866e-08,0.0,0.0013385292372228076,0.00018857631727621223,7.028213665176523,0.3079400411508888,0.31512766102584205
1742115182.894006,3.556102743745866e-08,0.0,0.0013385292372228076,0.00018857631727621223,7.028213665176523,0.3079400411508888,0.3151449463728269
1742115182.9924552,3.556102743745866e-08,0.0,0.0013385292372228076,0.00018857631727621223,7.028213665176523,0.3079400411508888,0.31513755539687477
1742115183.0908449,3.556102743745866e-08,0.0,0.0013385292372228076,0.00018857631727621223,7.028213665176523,0.3079400411508888,0.31513982037337623
1742115183.1909199,3.556102743745866e-08,0.0,0.0013385292372228076,0.00018857631727621223,7.028213665176523,0.3079400411508888,0.3151640198591551
1742115183.2915833,3.556102743745866e-08,0.0,0.0013385292372228076,0.00018857631727621223,7.028213665176523,0.3079400411508888,0.31514113167556135
1742115183.3916454,3.556102743745866e-08,0.0,0.0013385292372228076,0.00018857631727621223,7.028213665176523,0.3079400411508888,0.31516509274276105
1742115183.4925601,3.556102743745866e-08,0.0,0.0013385292372228076,0.00018857631727621223,7.028213665176523,0.3079400411508888,0.3151575825575194
1742115183.5908682,3.556102743745866e-08,0.0,0.0013385292372228076,0.00018857631727621223,7.028213665176523,0.3079400411508888,0.3151488802793822
1742115183.6908784,3.556102743745866e-08,0.0,0.0013385292372228076,0.00018857631727621223,7.028213665176523,0.3079400411508888,0.31515436390670143
1742115183.7909684,3.556102743745866e-08,0.0,0.0013385292372228076,0.00018857631727621223,7.028213665176523,0.3079400411508888,0.3151526949766477
1742115183.890855,3.556102743745866e-08,0.0,0.0013385292372228076,0.00018857631727621223,7.028213665176523,0.3079400411508888,0.31515853623183576
1742115183.9917524,3.556102743745866e-08,0.0,0.0013385292372228076,0.00018857631727621223,7.028213665176523,0.3079400411508888,0.31514280060561506
1742115184.0916564,3.556102743745866e-08,0.0,0.0013385292372228076,0.00018857631727621223,7.028213665176523,0.3079400411508888,0.3151447079542478
1742115184.1909668,3.556102743745866e-08,0.0,0.0013385292372228076,0.00018857631727621223,7.028213665176523,0.3079400411508888,0.3151553175810178
1742115184.2909024,3.556102743745866e-08,0.0,0.0013385292372228076,0.00018857631727621223,7.028213665176523,0.3079400411508888,0.3151436350706418
1742115184.3989542,3.556102743745866e-08,0.0,0.0013385292372228076,0.00018857631727621223,7.028213665176523,0.3079400411508888,0.31514125088485084
1742115184.4918337,3.556102743745866e-08,0.0,0.0013385292372228076,0.00018857631727621223,7.028213665176523,0.3079400411508888,0.31515150288375227
1742115184.5945804,3.556102743745866e-08,0.0,0.0013385292372228076,0.00018857631727621223,7.028213665176523,0.3079400411508888,0.3151435158613523
1742115184.6909482,3.556102743745866e-08,0.0,0.0013385292372228076,0.00018857631727621223,7.028213665176523,0.3079400411508888,0.3151395819547971
1742115184.7908843,3.556102743745866e-08,0.0,0.0013385292372228076,0.00018857631727621223,7.028213665176523,0.3079400411508888,0.31514232376845686
1742115184.890848,3.556102743745866e-08,0.0,0.0013385292372228076,0.00018857631727621223,7.028213665176523,0.3079400411508888,0.3151475689771971
1742115184.9910977,3.556102743745866e-08,0.0,0.0013385292372228076,0.00018857631727621223,7.028213665176523,0.3079400411508888,0.3151457808378537
1742115185.090863,3.557047415789657e-08,0.0,0.0013386263070052922,0.0001886013630859983,7.02818960102924,0.30793219591923426,0.3151499531629879
1742115185.1922667,3.556102745810875e-08,0.0,0.001338529237435209,0.00018857631733096484,7.028213665199914,0.30794004107917017,0.31514029721053444
1742115185.2908597,3.556102745810875e-08,0.0,0.001338529237435209,0.00018857631733096484,7.028213665199914,0.30794004107917017,0.31514196614058804
1742115185.390856,3.556102745810875e-08,0.0,0.001338529237435209,0.00018857631733096484,7.028213665199914,0.30794004107917017,0.3151480458143552
1742115185.4919674,3.556102745810875e-08,0.0,0.001338529237435209,0.00018857631733096484,7.028213665199914,0.30794004107917017,0.3151467345121701
1742115185.591957,3.556102745810875e-08,0.0,0.001338529237435209,0.00018857631733096484,7.028213665199914,0.30794004107917017,0.31515066841872547
1742115185.6910577,3.555158315385531e-08,0.0,0.001338432180758142,0.0001885512746015134,7.028237729369636,0.3079478862419722,0.31515162209304176
1742115185.7962406,3.5561027458525294e-08,0.0,0.0013385292374394932,0.00018857631733206926,7.028213665200369,0.30794004107773576,0.31514148930342983
1742115185.8911288,3.5561027458525294e-08,0.0,0.0013385292374394932,0.00018857631733206926,7.028213665200369,0.30794004107773576,0.31515126446517305
1742115185.9910998,3.5561027458525294e-08,0.0,0.0013385292374394932,0.00018857631733206926,7.028213665200369,0.30794004107773576,0.31514590004714343
1742115186.0908902,3.5561027458525294e-08,0.0,0.0013385292374394932,0.00018857631733206926,7.028213665200369,0.30794004107773576,0.31513505200179426
1742115186.1909707,3.5561027458525294e-08,0.0,0.0013385292374394932,0.00018857631733206926,7.028213665200369,0.30794004107773576,0.31514446953566877
1742115186.2923076,3.5561027458525294e-08,0.0,0.0013385292374394932,0.00018857631733206926,7.028213665200369,0.30794004107773576,0.3151292107466061
1742115186.392316,3.5561027458525294e-08,0.0,0.0013385292374394932,0.00018857631733206926,7.028213665200369,0.30794004107773576,0.31513779381545387
1742115186.4909742,3.5561027458525294e-08,0.0,0.0013385292374394932,0.00018857631733206926,7.028213665200369,0.30794004107773576,0.3151331446531615
1742115186.5952992,3.5561027458525294e-08,0.0,0.0013385292374394932,0.00018857631733206926,7.028213665200369,0.30794004107773576,0.31513815144332247
1742115186.6916807,3.5561027458525294e-08,0.0,0.0013385292374394932,0.00018857631733206926,7.028213665200369,0.30794004107773576,0.31513946274550764
1742115186.7928963,3.5561027458525294e-08,0.0,0.0013385292374394932,0.00018857631733206926,7.028213665200369,0.30794004107773576,0.3151248000028929
1742115186.8934023,3.5561027458525294e-08,0.0,0.0013385292374394932,0.00018857631733206926,7.028213665200369,0.30794004107773576,0.3151294491651853
1742115186.9909286,3.5561027458525294e-08,0.0,0.0013385292374394932,0.00018857631733206926,7.028213665200369,0.30794004107773576,0.31513064125808077
1742115187.09209,3.5561027458525294e-08,0.0,0.0013385292374394932,0.00018857631733206926,7.028213665200369,0.30794004107773576,0.3151366017225585
1742115187.1920452,3.5561027458525294e-08,0.0,0.0013385292374394932,0.00018857631733206926,7.028213665200369,0.30794004107773576,0.31513707855971634
1742115187.2909095,3.5561027458525294e-08,0.0,0.0013385292374394932,0.00018857631733206926,7.028213665200369,0.30794004107773576,0.31513266781600335
1742115187.3909252,3.5561027458525294e-08,0.0,0.0013385292374394932,0.00018857631733206926,7.028213665200369,0.30794004107773576,0.3151435158613523
1742115187.5010707,3.5561027458525294e-08,0.0,0.0013385292374394932,0.00018857631733206926,7.028213665200369,0.30794004107773576,0.31514315823348366
1742115187.592632,3.5561027458525294e-08,0.0,0.0013385292374394932,0.00018857631733206926,7.028213665200369,0.30794004107773576,0.3151336214903197
1742115187.6917741,3.557047406369543e-08,0.0,0.0013386263060364896,0.00018860136283626222,7.02818960092263,0.3079321962462651,0.31512503842147194
1742115187.791094,3.556102745522067e-08,0.0,0.0013385292374055037,0.00018857631732330723,7.028213665196631,0.30794004108920836,0.3151407740476928
1742115187.890808,3.556102745522067e-08,0.0,0.0013385292374055037,0.00018857631732330723,7.028213665196631,0.30794004108920836,0.3151301644209226
1742115187.9909086,3.556102745522067e-08,0.0,0.0013385292374055037,0.00018857631732330723,7.028213665196631,0.30794004108920836,0.31513624409468977
1742115188.0909536,3.556102745522067e-08,0.0,0.0013385292374055037,0.00018857631732330723,7.028213665196631,0.30794004108920836,0.315140654838403
1742115188.1919243,3.556102745522067e-08,0.0,0.0013385292374055037,0.00018857631732330723,7.028213665196631,0.30794004108920836,0.31515126446517305
1742115188.291368,3.556102745522067e-08,0.0,0.0013385292374055037,0.00018857631732330723,7.028213665196631,0.30794004108920836,0.3151526949766477
1742115188.3949099,3.556102745522067e-08,0.0,0.0013385292374055037,0.00018857631732330723,7.028213665196631,0.30794004108920836,0.31515090683730435
1742115188.4909875,3.556102745522067e-08,0.0,0.0013385292374055037,0.00018857631732330723,7.028213665196631,0.30794004108920836,0.31513910511763893
1742115188.5973492,3.556102745522067e-08,0.0,0.0013385292374055037,0.00018857631732330723,7.028213665196631,0.30794004108920836,0.3151474497679075
1742115188.6911855,3.556102745522067e-08,0.0,0.0013385292374055037,0.00018857631732330723,7.028213665196631,0.30794004108920836,0.31515627125533424
1742115188.7917702,3.556102745522067e-08,0.0,0.0013385292374055037,0.00018857631732330723,7.028213665196631,0.30794004108920836,0.31515341023238497
1742115188.890712,3.556102745522067e-08,0.0,0.0013385292374055037,0.00018857631732330723,7.028213665196631,0.30794004108920836,0.31515817860396705
1742115188.997403,3.556102745522067e-08,0.0,0.0013385292374055037,0.00018857631732330723,7.028213665196631,0.30794004108920836,0.3151474497679075
1742115189.0910814,3.5551583119582685e-08,0.0,0.0013384321804055755,0.0001885512745106293,7.028237729330826,0.30794788636101833,0.315154959953149
1742115189.1909637,3.5561027482485195e-08,0.0,0.0013385292376859401,0.00018857631739559768,7.028213665227483,0.3079400409945401,0.31513576725753145
1742115189.2963638,3.5561027482485195e-08,0.0,0.0013385292376859401,0.00018857631739559768,7.028213665227483,0.3079400409945401,0.31514733055861793
1742115189.390905,3.5561027482485195e-08,0.0,0.0013385292376859401,0.00018857631739559768,7.028213665227483,0.3079400409945401,0.31515066841872547
1742115189.4908981,3.5561027482485195e-08,0.0,0.0013385292376859401,0.00018857631739559768,7.028213665227483,0.3079400409945401,0.3151401780012448
1742115189.591414,3.5561027482485195e-08,0.0,0.0013385292376859401,0.00018857631739559768,7.028213665227483,0.3079400409945401,0.31514947632583
1742115189.6910992,3.5561027482485195e-08,0.0,0.0013385292376859401,0.00018857631739559768,7.028213665227483,0.3079400409945401,0.31514733055861793
1742115189.795302,3.5561027482485195e-08,0.0,0.0013385292376859401,0.00018857631739559768,7.028213665227483,0.3079400409945401,0.3151555559995968
1742115189.8952858,3.5561027482485195e-08,0.0,0.0013385292376859401,0.00018857631739559768,7.028213665227483,0.3079400409945401,0.3151501915815672
1742115189.9908803,3.5561027482485195e-08,0.0,0.0013385292376859401,0.00018857631739559768,7.028213665227483,0.3079400409945401,0.31514709214003883
1742115190.0917969,3.5561027482485195e-08,0.0,0.0013385292376859401,0.00018857631739559768,7.028213665227483,0.3079400409945401,0.31514649609359086
1742115190.1909773,3.5561027482485195e-08,0.0,0.0013385292376859401,0.00018857631739559768,7.028213665227483,0.3079400409945401,0.3151315949323973
1742115190.3025742,3.5561027482485195e-08,0.0,0.0013385292376859401,0.00018857631739559768,7.028213665227483,0.3079400409945401,0.31514661530288074
1742115190.392262,3.556102751387517e-08,0.0,0.0013385292380088097,0.00018857631747882652,7.028213665263024,0.3079400408855322,0.3151383898619016
1742115190.4908738,3.556102751387517e-08,0.0,0.0013385292380088097,0.00018857631747882652,7.028213665263024,0.3079400408855322,0.31514947632583
1742115190.5909576,3.556102751387517e-08,0.0,0.0013385292380088097,0.00018857631747882652,7.028213665263024,0.3079400408855322,0.3151410124662718
1742115190.6930947,3.556102751387517e-08,0.0,0.0013385292380088097,0.00018857631747882652,7.028213665263024,0.3079400408855322,0.3151407740476928
1742115190.7909281,3.556102751387517e-08,0.0,0.0013385292380088097,0.00018857631747882652,7.028213665263024,0.3079400408855322,0.31515615204604475
1742115190.8908098,3.556102751387517e-08,0.0,0.0013385292380088097,0.00018857631747882652,7.028213665263024,0.3079400408855322,0.3151538870695431
1742115190.9908118,3.556102751387517e-08,0.0,0.0013385292380088097,0.00018857631747882652,7.028213665263024,0.3079400408855322,0.3151493571165402
1742115191.0918484,3.556102751387517e-08,0.0,0.0013385292380088097,0.00018857631747882652,7.028213665263024,0.3079400408855322,0.31515853623183576
1742115191.1917014,3.556102751387517e-08,0.0,0.0013385292380088097,0.00018857631747882652,7.028213665263024,0.3079400408855322,0.3151631853941281
1742115191.2939944,3.556102751387517e-08,0.0,0.0013385292380088097,0.00018857631747882652,7.028213665263024,0.3079400408855322,0.3151623509291014
1742115191.3908892,3.556102751387517e-08,0.0,0.0013385292380088097,0.00018857631747882652,7.028213665263024,0.3079400408855322,0.3151693842771848
1742115191.49131,3.556102751387517e-08,0.0,0.0013385292380088097,0.00018857631747882652,7.028213665263024,0.3079400408855322,0.3151598475340206
1742115191.595684,3.556102751387517e-08,0.0,0.0013385292380088097,0.00018857631747882652,7.028213665263024,0.3079400408855322,0.3151615164640745
1742115191.6917143,3.556102751387517e-08,0.0,0.0013385292380088097,0.00018857631747882652,7.028213665263024,0.3079400408855322,0.3151566288832027
1742115191.790964,3.556102751387517e-08,0.0,0.0013385292380088097,0.00018857631747882652,7.028213665263024,0.3079400408855322,0.3151613972547848
1742115191.8984568,3.556102751387517e-08,0.0,0.0013385292380088097,0.00018857631747882652,7.028213665263024,0.3079400408855322,0.3151714108351071
1742115191.993451,3.556102751387517e-08,0.0,0.0013385292380088097,0.00018857631747882652,7.028213665263024,0.3079400408855322,0.31517009953292213
1742115192.0910316,3.556102751387517e-08,0.0,0.0013385292380088097,0.00018857631747882652,7.028213665263024,0.3079400408855322,0.31515615204604475
1742115192.1909654,3.556102751387517e-08,0.0,0.0013385292380088097,0.00018857631747882652,7.028213665263024,0.3079400408855322,0.31517009953292213
1742115192.2952423,3.556102751387517e-08,0.0,0.0013385292380088097,0.00018857631747882652,7.028213665263024,0.3079400408855322,0.31516330460341774
1742115192.3909235,3.556102751387517e-08,0.0,0.0013385292380088097,0.00018857631747882652,7.028213665263024,0.3079400408855322,0.31517176846297584
1742115192.4911652,3.556102751387517e-08,0.0,0.0013385292380088097,0.00018857631747882652,7.028213665263024,0.3079400408855322,0.31515972832473127
1742115192.5910058,3.556102751387517e-08,0.0,0.0013385292380088097,0.00018857631747882652,7.028213665263024,0.3079400408855322,0.3151739142301879
1742115192.703084,3.556102751387517e-08,0.0,0.0013385292380088097,0.00018857631747882652,7.028213665263024,0.3079400408855322,0.31516723850997297
1742115192.7922423,3.556102751387517e-08,0.0,0.0013385292380088097,0.00018857631747882652,7.028213665263024,0.3079400408855322,0.31518738487990716
1742115192.9043133,3.556102751387517e-08,0.0,0.0013385292380088097,0.00018857631747882652,7.028213665263024,0.3079400408855322,0.31517629841597855
1742115192.9909039,3.556102751387517e-08,0.0,0.0013385292380088097,0.00018857631747882652,7.028213665263024,0.3079400408855322,0.3151621125105223
1742115193.0909238,3.556102751387517e-08,0.0,0.0013385292380088097,0.00018857631747882652,7.028213665263024,0.3079400408855322,0.3151735566023191
1742115193.1910746,3.556102751387517e-08,0.0,0.0013385292380088097,0.00018857631747882652,7.028213665263024,0.3079400408855322,0.31517069557936983
1742115193.2946744,3.556102751387517e-08,0.0,0.0013385292380088097,0.00018857631747882652,7.028213665263024,0.3079400408855322,0.3151702187422117
1742115193.3924825,3.556102755641992e-08,0.0,0.0013385292384464156,0.00018857631759163166,7.028213665311185,0.30794004073779435,0.3151795170667966
1742115193.4908636,3.556102755641992e-08,0.0,0.0013385292384464156,0.00018857631759163166,7.028213665311185,0.30794004073779435,0.31517200688155494
1742115193.5909514,3.556102755641992e-08,0.0,0.0013385292384464156,0.00018857631759163166,7.028213665311185,0.30794004073779435,0.315192153251489
1742115193.6914232,3.556102755641992e-08,0.0,0.0013385292384464156,0.00018857631759163166,7.028213665311185,0.30794004073779435,0.3151833317640622
1742115193.7924025,3.556102755641992e-08,0.0,0.0013385292384464156,0.00018857631759163166,7.028213665311185,0.30794004073779435,0.31516568878920875
1742115193.9000113,3.556102755641992e-08,0.0,0.0013385292384464156,0.00018857631759163166,7.028213665311185,0.30794004073779435,0.3151822588804564
1742115193.9990523,3.556102755641992e-08,0.0,0.0013385292384464156,0.00018857631759163166,7.028213665311185,0.30794004073779435,0.31517904022963844
1742115194.0922744,3.556102755641992e-08,0.0,0.0013385292384464156,0.00018857631759163166,7.028213665311185,0.30794004073779435,0.3151836893919309
1742115194.1905775,3.556102755641992e-08,0.0,0.0013385292384464156,0.00018857631759163166,7.028213665311185,0.30794004073779435,0.3151640198591551
1742115194.2987688,3.556102755641992e-08,0.0,0.0013385292384464156,0.00018857631759163166,7.028213665311185,0.30794004073779435,0.3151675961378416
1742115194.3911633,3.556102755641992e-08,0.0,0.0013385292384464156,0.00018857631759163166,7.028213665311185,0.30794004073779435,0.3151548407438596
1742115194.491167,3.556102755641992e-08,0.0,0.0013385292384464156,0.00018857631759163166,7.028213665311185,0.30794004073779435,0.3151760599973998
1742115194.5909483,3.556102755641992e-08,0.0,0.0013385292384464156,0.00018857631759163166,7.028213665311185,0.30794004073779435,0.31517153004439674
1742115194.6940408,3.556102755641992e-08,0.0,0.0013385292384464156,0.00018857631759163166,7.028213665311185,0.30794004073779435,0.3151693842771848
1742115194.7912629,3.556102755641992e-08,0.0,0.0013385292384464156,0.00018857631759163166,7.028213665311185,0.30794004073779435,0.31517737129958473
1742115194.8929965,3.556102755641992e-08,0.0,0.0013385292384464156,0.00018857631759163166,7.028213665311185,0.30794004073779435,0.31516783455642045
1742115194.9909198,3.556102755641992e-08,0.0,0.0013385292384464156,0.00018857631759163166,7.028213665311185,0.30794004073779435,0.3151741526487667
1742115195.0960274,3.556102755641992e-08,0.0,0.0013385292384464156,0.00018857631759163166,7.028213665311185,0.30794004073779435,0.31516723850997297
1742115195.1911771,3.556102755641992e-08,0.0,0.0013385292384464156,0.00018857631759163166,7.028213665311185,0.30794004073779435,0.31518714646132784
1742115195.2909257,3.556102755641992e-08,0.0,0.0013385292384464156,0.00018857631759163166,7.028213665311185,0.30794004073779435,0.31518106678756086
1742115195.3984566,3.556102755641992e-08,0.0,0.0013385292384464156,0.00018857631759163166,7.028213665311185,0.30794004073779435,0.315178324973901
1742115195.4909327,3.556102755641992e-08,0.0,0.0013385292384464156,0.00018857631759163166,7.028213665311185,0.30794004073779435,0.3151860735777218
1742115195.5921674,3.556102755641992e-08,0.0,0.0013385292384464156,0.00018857631759163166,7.028213665311185,0.30794004073779435,0.3151876232984863
1742115195.690819,3.556102755641992e-08,0.0,0.0013385292384464156,0.00018857631759163166,7.028213665311185,0.30794004073779435,0.3151838086012206
1742115195.7910368,3.556102755641992e-08,0.0,0.0013385292384464156,0.00018857631759163166,7.028213665311185,0.30794004073779435,0.3151745102766354
1742115195.8909674,3.556102755641992e-08,0.0,0.0013385292384464156,0.00018857631759163166,7.028213665311185,0.30794004073779435,0.31519453743728004
1742115195.9922516,3.556102755641992e-08,0.0,0.0013385292384464156,0.00018857631759163166,7.028213665311185,0.30794004073779435,0.31518166283400856
1742115196.0966983,3.556102755641992e-08,0.0,0.0013385292384464156,0.00018857631759163166,7.028213665311185,0.30794004073779435,0.3151925108793577
1742115196.1924758,3.556102755641992e-08,0.0,0.0013385292384464156,0.00018857631759163166,7.028213665311185,0.30794004073779435,0.31517939785750715
1742115196.2907908,3.556102755641992e-08,0.0,0.0013385292384464156,0.00018857631759163166,7.028213665311185,0.30794004073779435,0.3151802323225339
1742115196.3908963,3.556102755641992e-08,0.0,0.0013385292384464156,0.00018857631759163166,7.028213665311185,0.30794004073779435,0.3151942990187009
1742115196.4987962,3.556102755641992e-08,0.0,0.0013385292384464156,0.00018857631759163166,7.028213665311185,0.30794004073779435,0.3151896498564084
1742115196.591024,3.556102755641992e-08,0.0,0.0013385292384464156,0.00018857631759163166,7.028213665311185,0.30794004073779435,0.31518106678756086
1742115196.6909854,3.556102755641992e-08,0.0,0.0013385292384464156,0.00018857631759163166,7.028213665311185,0.30794004073779435,0.31518774250777576
1742115196.7908654,3.556102755641992e-08,0.0,0.0013385292384464156,0.00018857631759163166,7.028213665311185,0.30794004073779435,0.3151795170667966
1742115196.8908405,3.556102755641992e-08,0.0,0.0013385292384464156,0.00018857631759163166,7.028213665311185,0.30794004073779435,0.31521480301650373
1742115196.9910326,3.556102755641992e-08,0.0,0.0013385292384464156,0.00018857631759163166,7.028213665311185,0.30794004073779435,0.3152889511946043
1742115197.0926218,3.54571996312271e-08,0.0,0.0013374615800005266,0.0001883008221735293,7.028478288966909,0.30802658928789706,0.31601827362807583
1742115197.190935,3.544778285063653e-08,0.0,0.0013373646774216942,0.0001882758158942261,7.028502354479258,0.3080344303311704,0.31392984608443586
1742115197.2924654,3.5561052790484445e-08,0.0,0.0013385294979977383,0.0001885763844983895,7.0282136937679525,0.307939953189591,0.31580560425551707
1742115197.3909123,3.558941396214606e-08,0.0,0.0013388208880336094,0.00018865156761115466,7.028141516958357,0.3079163695987721,0.315817644393762
1742115197.4908254,3.551395520368381e-08,0.0,0.0013380453728470193,0.00018845146644078895,7.028334127488705,0.3079788315908236,0.3103631041410766
1742115197.5926092,3.5523290675500695e-08,0.0,0.0013381413563390006,0.0001884762337152902,7.028309954304788,0.3079713290563322,0.280640175140222
1742115197.6909566,3.551424179558071e-08,0.0,0.0013380483224834426,0.00018845222682574146,7.028334405571599,0.3079778686584693,0.25035469750197725
1742115197.7920282,3.551424179558071e-08,0.0,0.0013380483224834426,0.00018845222682574146,7.028334405571599,0.3079778686584693,0.17859428147109363
1742115197.891684,3.552253655961948e-08,0.0,0.001338133596458558,0.00018847423314506277,7.028309439425044,0.30797370664326396,0.1517802975538571
1742115197.9924161,2.8313201044301565e-08,0.0,0.001257373455113846,0.0001682652698696364,7.039051953244908,0.3216448327337238,0.11280349708669579
1742115198.098153,2.8313201044301565e-08,0.0,0.001257373455113846,0.0001682652698696364,7.039051953244908,0.3216448327337238,0.0766386172878065
1742115198.192585,2.830719892377646e-08,0.0,0.001257299966523976,0.00016824743363206602,7.039077200526847,0.32164661922392046,0.0646453282939711
1742115198.2913167,2.8313064505524014e-08,0.0,0.0012573717850839076,0.00016826486414437213,7.039051923876173,0.32164530705957795,0.013333954583338834
1742115198.3919897,2.8313064505524014e-08,0.0,0.0012573717850839076,0.00016826486414437213,7.039051923876173,0.32164530705957795,-0.03721078418619245
1742115198.4947515,2.831269014703476e-08,0.0,0.0012573672057450656,0.00016826375173231684,7.039052017597399,0.3216464823799061,-0.13038548015482043
1742115198.5943773,2.59460446441328e-08,0.0,0.0012276128654659815,0.00016107775961979605,7.022082182825841,0.3418803758440472,-0.1442668341857408
1742115198.6909378,2.59460446441328e-08,0.0,0.0012276128654659815,0.00016107775961979605,7.022082182825841,0.3418803758440472,-0.17918037407221546
1742115198.7911444,2.59460446441328e-08,0.0,0.0012276128654659815,0.00016107775961979605,7.022082182825841,0.3418803758440472,-0.2246131204825853
1742115198.8920937,2.594288192313215e-08,0.0,0.0012275717444161947,0.00016106794194727935,7.02210678042016,0.341874410175798,-0.2702824973327134
1742115198.9919736,2.594564026997592e-08,0.0,0.0012276076120349237,0.00016107650440078442,7.022082511155517,0.3418815958307846,-0.3054315351706955
1742115199.0943844,1.8062203294446002e-08,0.0,0.001111844754181812,0.00013439569671104057,6.993929094547823,0.3946013101184427,-0.27964892070473263
1742115199.1935763,1.8063887920649556e-08,0.0,0.0011118731152582359,0.00013440196397616203,6.993905006897265,0.39460908288722507,-0.3159912435311182
1742115199.2908697,1.806396436850982e-08,0.0,0.001111874383318153,0.00013440224837594727,6.9939049071174395,0.3946087654905348,-0.28970088641823355
1742115199.3913784,1.8062060578222455e-08,0.0,0.0011118423869749263,0.0001343951657546597,6.99392927143721,0.3946019090507882,-0.23587997834862304
1742115199.494805,1.806193860184127e-08,0.0,0.0011118403644178431,0.00013439471195639087,6.993929388525586,0.3946024439518858,-0.19261153619469232
1742115199.5925152,1.80618533230453e-08,0.0,0.0011118389505932883,0.00013439439468610772,6.993929458114209,0.39460282620597553,-0.169731160809408
1742115199.6909518,1.8064366613165926e-08,0.0,0.0011118810532194255,0.0001344037447884765,6.9939044969496535,0.39460701799656306,-0.16302891652763918
1742115199.7909026,1.8064366613165926e-08,0.0,0.0011118810532194255,0.0001344037447884765,6.9939044969496535,0.39460701799656306,-0.14011420886696402
1742115199.8916018,1.8061666740785587e-08,0.0,0.00111183585771908,0.00013439370052493378,6.993929586391928,0.394603678725602,-0.10451247375191276
1742115199.9909222,1.8064556568407426e-08,0.0,0.0011118842012305876,0.00013440445144565497,6.99390439478492,0.39460613102655984,-0.08956792037666873
1742115200.0920234,1.8064629541532013e-08,0.0,0.001111885410251296,0.00013440472291378756,6.993904371989544,0.3946057791916786,-0.052438518216024244
1742115200.1950529,1.8064629541532013e-08,0.0,0.001111885410251296,0.00013440472291378756,6.993904371989544,0.3946057791916786,-0.03275623004616324
1742115200.2912843,1.8064629541532013e-08,0.0,0.001111885410251296,0.00013440472291378756,6.993904371989544,0.3946057791916786,0.0071337016326086964
1742115200.3908455,2.1229706961673514e-08,0.0,0.0011614955820801976,0.00014570417619846562,6.974309594428291,0.39306255658608436,0.06173480531082332
1742115200.4922295,2.1234052464759434e-08,0.0,0.0011615610535662688,0.00014571908751004253,6.974284347539694,0.3930607606292469,0.07098401566848926
1742115200.5920107,2.123402258596847e-08,0.0,0.001161560603636357,0.0001457189849881218,6.974284338694957,0.3930608945242824,0.06038082620010558
1742115200.6946158,2.1229774229824377e-08,0.0,0.0011614965951424043,0.00014570440703638436,6.974309612729186,0.39306225615476365,0.051288018430330165
1742115200.7913966,2.122974479275808e-08,0.0,0.0011614961518177118,0.00014570430601995975,6.974309605551724,0.3930623870719323,0.06164837857589885
1742115200.8908708,2.1234067231392763e-08,0.0,0.0011615612759300665,0.00014571913817818427,6.974284351506341,0.39306069472555905,0.08358527203903376
1742115200.991016,2.122958833938122e-08,0.0,0.0011614937956345394,0.0001457037691323777,6.974309548049845,0.39306309577525766,0.09545267602310341
1742115201.0909815,2.1234054264703087e-08,0.0,0.0011615610806732964,0.00014571909368611612,6.974284345929064,0.3930607539913993,0.08501995583877747
1742115201.1917799,2.1229636111754237e-08,0.0,0.0011614945150838938,0.00014570393306892658,6.974309567317377,0.39306287823609765,0.08532465478286917
1742115201.2983167,2.1229636111754237e-08,0.0,0.0011614945150838938,0.00014570393306892658,6.974309567317377,0.39306287823609765,0.11765588303909472
1742115201.3924637,2.123428102566679e-08,0.0,0.0011615644952934895,0.00014571987175971158,6.974284455786432,0.3930597093470638,0.14508045693741017
1742115201.4909217,2.122948842392329e-08,0.0,0.0011614922909555362,0.00014570342626006873,6.974309469323373,0.39306357636323597,0.15368093034134095
1742115201.5908709,2.122948842392329e-08,0.0,0.0011614922909555362,0.00014570342626006873,6.974309469323373,0.39306357636323597,0.1727662183891314
1742115201.6923802,2.122948842392329e-08,0.0,0.0011614922909555362,0.00014570342626006873,6.974309469323373,0.39306357636323597,0.20471979161605985
1742115201.7934306,2.1234546178673287e-08,0.0,0.0011615684878824402,0.00014572078156074132,6.97428468997856,0.3930584173986915,0.20580805322036932
1742115201.892424,2.122948971815262e-08,0.0,0.001161492310445659,0.00014570343070138266,6.9743094706629165,0.39306356992497626,0.2025328971992509
1742115201.9957392,2.123454675426251e-08,0.0,0.0011615684965493498,0.00014572078353571432,6.97428469057391,0.39305841453622037,0.21334053059921448
1742115202.0908768,2.7567053917943033e-08,0.0,0.0012481556071912414,0.00016603329159521903,6.938782572926925,0.39268871010554385,0.19867448377667318
1742115202.190909,2.7567132334346262e-08,0.0,0.0012481565816890414,0.0001660335277416771,6.9387826284857255,0.3926884151607215,0.17495851087628253
1742115202.290995,2.7567132334346262e-08,0.0,0.0012481565816890414,0.0001660335277416771,6.9387826284857255,0.3926884151607215,0.1715463833814705
1742115202.3916314,2.7567132334346262e-08,0.0,0.0012481565816890414,0.0001660335277416771,6.9387826284857255,0.3926884151607215,0.2034820752149666
1742115202.4912121,2.7573590739287283e-08,0.0,0.0012482367811429804,0.0001660529757013926,6.938757857837942,0.39268321459803524,0.2109407620435799
1742115202.5909667,2.7573590739287283e-08,0.0,0.0012482367811429804,0.0001660529757013926,6.938757857837942,0.39268321459803524,0.20773856210766692
1742115202.6908498,2.7567043453760892e-08,0.0,0.0012481554771289446,0.000166033260082915,6.938782554301682,0.39268875675667125,0.2253190712934578
1742115202.791532,2.7567043453760892e-08,0.0,0.0012481554771289446,0.000166033260082915,6.938782554301682,0.39268875675667125,0.25465468931256185
1742115202.899131,2.7567043453760892e-08,0.0,0.0012481554771289446,0.000166033260082915,6.938782554301682,0.39268875675667125,0.2805225090986337
1742115202.991917,2.757396431845228e-08,0.0,0.0012482414233488835,0.00016605410057704773,6.9387582370283525,0.39268173528517814,0.27429573106823835
1742115203.090938,2.7567109309200973e-08,0.0,0.0012481562955841774,0.00016603345840282004,6.938782629633408,0.3926884904064156,0.25814728307782076
1742115203.1974401,2.7567109309200973e-08,0.0,0.0012481562955841774,0.00016603345840282004,6.938782629633408,0.3926884904064156,0.26826111841259853
1742115203.2908857,2.7574060211437064e-08,0.0,0.0012482426149649328,0.00016605438931698572,6.938758347986649,0.39268134670461663,0.2901179032331553
1742115203.3973668,2.7567067116094868e-08,0.0,0.0012481557711997064,0.00016603333134071263,6.938782578141598,0.39268866315430095,0.292643471241578
1742115203.4909372,2.7567067116094868e-08,0.0,0.0012481557711997064,0.00016603333134071263,6.938782578141598,0.39268866315430095,0.27733914423046946
1742115203.59086,2.7567108224889904e-08,0.0,0.0012481562820998177,0.00016603345513748095,6.9387826239734665,0.3926884976666649,0.263770385265931
