Timestamp,CI,II,PI,ADI,Robot_X,Robot_Y,Robot_Theta
1742111680.280156,2.3887440921766956e-09,0.0,0.0006626960097079815,4.8874779714866186e-05,0.0,0.0,0.0
1742111680.3677616,2.389711657167428e-09,0.0,0.0006621017497907811,4.888467712041707e-05,0.0,0.0,0.0
1742111680.4617007,2.389711657167428e-09,0.0,0.0006621017497907811,4.888467712041707e-05,0.0,0.0,0.0
1742111680.561599,2.3894578209000717e-09,0.0,0.0006652044768185202,4.888208077506594e-05,0.0,0.0,0.0
1742111680.6619658,2.3894578209000717e-09,0.0,0.0006652044768185202,4.888208077506594e-05,0.0,0.0,0.0
1742111680.7625444,2.3887406041829233e-09,0.0,0.000671735890609263,4.88747440318916e-05,0.0,0.0,0.0
1742111680.8629458,2.3894988166742837e-09,0.0,0.0006926875484093379,4.888250010662593e-05,0.0,0.0,0.0
1742111680.9763474,2.389606542998339e-09,0.0,0.0012469415045250332,4.888360198469768e-05,0.0,0.0,0.0
1742111681.062647,2.3897605084875088e-09,0.0,0.0006483449418025553,4.888517677668261e-05,0.0,0.0,0.0
1742111681.1639254,2.38957732122926e-09,0.0,0.0006670800821032243,4.8883303092459496e-05,0.0,0.0,0.0
1742111681.261915,2.3897421891293904e-09,0.0,0.0006651787144655089,4.888498940502484e-05,0.0,0.0,0.0
1742111681.3659112,2.3897421891293904e-09,0.0,0.0006651787144655089,4.888498940502484e-05,0.0,0.0,0.0
1742111681.4610825,4.41727541411677e-09,0.0,0.001465471303467436,6.646258657407768e-05,0.025106538385966104,0.4423420836922169,0.09949533518304553
1742111681.5606475,4.417275414841707e-09,0.0,0.001465471303530149,6.64625865795314e-05,0.025106538393718125,0.4423420836145316,0.0994891661023114
1742111681.6604686,4.417275414841707e-09,0.0,0.001465471303530149,6.64625865795314e-05,0.025106538393718125,0.4423420836145316,0.0994891661023114
1742111681.7605429,4.417275414841707e-09,0.0,0.001465471303530149,6.64625865795314e-05,0.025106538393718125,0.4423420836145316,0.0994891661023114
1742111681.8607676,4.417275414841707e-09,0.0,0.001465471303530149,6.64625865795314e-05,0.025106538393718125,0.4423420836145316,0.0994891661023114
1742111681.9695773,3.9606099507969865e-09,0.0,0.0008154647420141667,6.293337708082243e-05,0.025081352883956853,0.4423395694661489,0.09948252018441889
1742111682.0611022,3.960609950797015e-09,0.0,0.0008197367886691182,6.293337708082265e-05,0.025081352883956853,0.4423395694661489,0.09949047740449635
1742111682.1668284,3.960609950797099e-09,0.0,0.0008217502426462771,6.293337708082333e-05,0.025081352893396414,0.4423395693715752,0.09949798758973809
1742111682.261299,3.960609950797099e-09,0.0,0.0008217502426462771,6.293337708082333e-05,0.025081352893396414,0.4423395693715752,0.09949149068345756
1742111682.3653803,3.961979756415794e-09,0.0,0.000755007770329862,6.29442591219866e-05,0.025106538425188063,0.442342083299284,0.0994950669621441
1742111682.4742472,3.95924060725775e-09,0.0,0.0007785814840857443,6.292249682949454e-05,0.02508135291445157,0.4423395691606595,0.09949512656678887
1742111682.5655024,3.960609950796888e-09,0.0,0.000763461489411225,6.293337708082165e-05,0.02508135291445157,0.4423395691606595,0.0994938748692486
1742111682.6609735,3.9606099507969865e-09,0.0,0.0007513189394790652,6.293337708082243e-05,0.025106538434666703,0.44234208320433416,0.0994930702065441
1742111682.7596874,3.9619797556769285e-09,0.0,0.0007846171215812996,6.29442591161174e-05,0.025106538446054927,0.44234208309024553,0.09948401030053823
1742111682.8619776,3.961979754982162e-09,0.0,0.0007846171215580148,6.29442591105985e-05,0.025106538437775328,0.4423420831731861,0.09949059661378597
1742111682.958348,1.020032046131564e-12,0.0,7.966553699453848e-05,1.0099663589108124e-06,0.025106538449273685,0.4423420830579707,0.09948144730081297
1742111683.0582736,4.476250282500354e-13,0.0,6.399634731177751e-05,6.690478519882083e-07,0.0251065384424205,0.44234208312664974,0.09948690112580984
1742111683.1729057,9.396094831499807e-13,0.0,7.79451771800976e-05,9.693345568739313e-07,0.025081352892986075,0.4423395693757041,0.09949220593919485
1742111683.2609067,1.4494647503313116e-12,0.0,8.74769985397411e-05,1.2039371870373102e-06,0.025081352892986075,0.4423395693757041,0.09948395069589343
1742111683.3585896,1.1885904501795105e-12,0.0,8.297693556985562e-05,1.0902249539335954e-06,0.025081352863921325,0.44233956966693205,0.09946082409372063
1742111683.4586835,1.6559255861453828e-12,0.0,9.063581947493183e-05,1.286827722014638e-06,0.025106538447138504,0.4423420830793629,0.09948505338182187
1742111683.557893,1.6559255861453828e-12,0.0,9.063581947493183e-05,1.286827722014638e-06,0.025106538447138504,0.4423420830793629,0.09948046382417412
1742111683.6581583,1.278905709216865e-13,0.0,4.5895265166134276e-05,3.5761791191393996e-07,0.0251065384577025,0.44234208297352956,0.09947205956926077
1742111683.762681,1.063193185869731e-12,0.0,8.055133667568699e-05,1.031112596116317e-06,0.0251065384577025,0.44234208297352956,0.0994674998139355
1742111683.8581653,1.3119635035676492e-12,0.0,8.518800820846124e-05,1.1454097535675385e-06,0.025081352934941847,0.4423395689553747,0.09949619945039485
1742111683.958403,1.4725890948177379e-12,0.0,8.784799523201417e-05,1.213502820275972e-06,0.025081352938235213,0.4423395689223489,0.0994988220547649
1742111684.0583456,1.326049968847546e-12,0.0,8.543046171327974e-05,1.1515424303287943e-06,0.025106538446088678,0.4423420830898703,0.09947316225518914
1742111684.1585062,1.3445783190925252e-12,0.0,8.574631299163954e-05,1.1595595366743897e-06,0.025106538446088678,0.4423420830898703,0.09946991380204888
1742111684.2586029,1.0028917893460115e-12,0.0,7.930806068588348e-05,1.001444850875979e-06,0.025081352871820783,0.4423395695877444,0.09947611268510548
1742111684.358307,1.00289178816719e-12,0.0,7.930806066106177e-05,1.0014448502874185e-06,0.025081352888939534,0.44233956941623515,0.09948973234643667
1742111684.459191,6.222699492530751e-11,0.0,0.00023907376986403737,7.888408896939072e-06,0.025081352888939534,0.44233956941623515,0.099475457034013
1742111684.558432,8.767665709072256e-13,0.0,7.652411469216332e-05,9.363581424365495e-07,0.025106538454032545,0.4423420830103077,0.09947334106912348
1742111684.6583264,6.888565906293148e-11,0.0,0.0002457003522119804,8.299738493647344e-06,0.025106538454032545,0.4423420830103077,0.09948266919603083
1742111684.758192,1.1813447932355244e-12,0.0,8.284094020152906e-05,1.086896864120752e-06,0.025106538454032545,0.4423420830103077,0.09947655971994136
1742111684.859055,2.2301054010590495e-12,0.0,9.812363276312699e-05,1.493353742774648e-06,0.02510653844654165,0.44234208308536643,0.09948252018441889
1742111684.960317,3.688438711086418e-09,0.0,0.0007221809739062324,6.073251774038697e-05,0.02510653844654165,0.44234208308536643,0.09947164233674738
1742111685.059726,2.9741128258922713e-09,0.0,0.0006795545547469494,5.453542725506303e-05,0.025106538426912905,0.44234208328202035,0.09948725875367848
1742111685.163079,2.881015711406723e-09,0.0,0.0006728322021565312,5.3675093958061434e-05,0.025106538426912905,0.44234208328202035,0.09949470933427548
1742111685.2598956,2.8810157123642164e-09,0.0,0.0006728322022103947,5.367509396698078e-05,0.02510653844223576,0.44234208312852524,0.09948252018441889
1742111685.359841,1.440440374826874e-14,0.0,4.234992961376074e-05,1.200183475484842e-07,0.02510653844223576,0.44234208312852524,0.0994938152646038
1742111685.4711688,3.2316855620751444e-09,0.0,0.0007017603656564133,5.6847916075043106e-05,0.025106538443209203,0.44234208311876805,0.0994930404042217
1742111685.5594573,2.9576320431411115e-09,0.0,0.000682596603977067,5.438411572454876e-05,0.025106538443209203,0.44234208311876805,0.09949119266023373
1742111685.659324,2.739153722069169e-09,0.0,0.0006667736076601409,5.233692503452194e-05,0.025106538443209203,0.44234208311876805,0.09950180228700371
1742111685.7626731,2.7800500532194702e-09,0.0,0.0006688772854976608,5.272617996042829e-05,0.025106538443209203,0.44234208311876805,0.09946401294221614
1742111685.8612056,1.67334320295522e-14,0.0,4.5765257939913216e-05,1.293577675655861e-07,0.025106538426317826,0.44234208328802566,0.09947745378961292
1742111685.959407,3.501004223015225e-09,0.0,0.0007109943712169328,5.916928445583253e-05,0.025106538426317826,0.44234208328802566,0.09948603685846058
1742111686.0660326,3.501004222414504e-09,0.0,0.0007109943711875866,5.916928445075624e-05,0.02510653841863686,0.44234208336496167,0.09949214633455017
1742111686.1686246,1.5438587449043133e-14,0.0,4.519384840050764e-05,1.2425211245304095e-07,0.025081352896696885,0.4423395693385502,0.09950150426377988
1742111686.2602258,4.3040963143289454e-14,0.0,5.336232656181653e-05,2.0746316093053592e-07,0.025081352896696885,0.4423395693385502,0.0994792717312786
1742111686.3699489,2.0511792873385908e-14,0.0,4.724888462988753e-05,1.4321938721201786e-07,0.02510653845886779,0.44234208296189587,0.09948672231187555
1742111686.460099,3.793329817105467e-09,0.0,0.0007297290883734029,6.159001393980576e-05,0.02510653845886779,0.44234208296189587,0.09946973498811458
1742111686.5598588,2.7298824434111966e-14,0.0,5.2938743626531724e-05,1.6522355895607614e-07,0.02510653845886779,0.44234208296189587,0.09949616964807242
1742111686.6598902,3.1533245704623635e-13,0.0,8.075801424894972e-05,5.615447061866369e-07,0.02510653845886779,0.44234208296189587,0.09948889788140991
1742111686.7611272,4.1813970470514e-13,0.0,8.529811155231976e-05,6.466372280538293e-07,0.02508135293340885,0.44233956897076193,0.09947521861543387
1742111686.8634338,4.1830153347914565e-13,0.0,8.530698371928867e-05,6.46762346986237e-07,0.025106538494004127,0.4423420826098701,0.0994655328606579
1742111686.959757,3.992890110221596e-12,0.0,0.0001370585434541107,1.9982217370005753e-06,0.025106538494004127,0.4423420826098701,0.09948603685846058
1742111687.0604413,2.6902002030739773e-12,0.0,0.0001255974874968168,1.6401829785344004e-06,0.025081352934904544,0.4423395689557504,0.09948976214875908
1742111687.16223,3.0612767188779955e-09,0.0,0.0006896495890465241,5.532880550742078e-05,0.025081352930822476,0.44233956899665744,0.09948651369561877
1742111687.262337,5.73588627367212e-14,0.0,5.9556409088271264e-05,2.394971038169798e-07,0.025081352930822476,0.44233956899665744,0.0994887488697979
1742111687.3606462,6.338400819955253e-14,0.0,6.0552190011114345e-05,2.5176180846099855e-07,0.025081352928125966,0.4423395690236784,0.099486603102586
1742111687.4644153,7.856799616476913e-14,0.0,6.278570256878497e-05,2.802998326163773e-07,0.025106538481157514,0.4423420827385955,0.09947045024385184
1742111687.560173,1.427936136505564e-13,0.0,6.971142886886654e-05,3.7788042242296224e-07,0.025106538484303442,0.44234208270707126,0.09946794684877133
1742111687.6598415,1.767335009814594e-13,0.0,7.245557690958884e-05,4.203968375017341e-07,0.025081352904155807,0.44233956926386625,0.09948812302102773
1742111687.762924,4.841477193923524e-13,0.0,8.779358506584307e-05,6.958072429864124e-07,0.025081352904155807,0.44233956926386625,0.09946556266298028
1742111687.8719225,1.2845357827184525e-13,0.0,6.839308570958535e-05,3.5840421073397735e-07,0.025081352902507348,0.4423395692803794,0.09946425136079519
1742111687.9599519,1.285043040132337e-13,0.0,6.840037839072814e-05,3.5847496985596314e-07,0.02510653846523958,0.4423420828980959,0.09947515901078914
1742111688.0670433,4.858499408849668e-09,0.0,0.0007789608113162412,6.970293687391993e-05,0.02510653846523958,0.4423420828980959,0.0994638043259594
1742111688.1641023,9.653458930311516e-14,0.0,6.504617146334403e-05,3.107001598054226e-07,0.02510653846523958,0.4423420828980959,0.09948135789384574
1742111688.2602806,1.1067509286179286e-13,0.0,6.661696155939656e-05,3.326786630696247e-07,0.02510653846523958,0.4423420828980959,0.09947325166215633
1742111688.3603914,3.076913281876221e-13,0.0,8.037810827093692e-05,5.546993133109344e-07,0.02508135290288216,0.4423395692766266,0.09947354968538014
1742111688.4635096,4.1734439219897734e-14,0.0,5.656104641649459e-05,2.042900859559703e-07,0.02508135290554314,0.4423395692499809,0.09947566565026977
1742111688.5598366,7.28511884468007e-14,0.0,6.198442109982827e-05,2.699095930988758e-07,0.02510653848040789,0.44234208274610193,0.09947161253442503
1742111688.6596637,7.282214875171207e-14,0.0,6.197778580343651e-05,2.698557925109485e-07,0.02508135292778846,0.44233956902705635,0.099460853896043
1742111688.7593775,4.833047125690015e-09,0.0,0.0007778977195769842,6.952012029398407e-05,0.025081352924344102,0.4423395690615837,0.09945811208238337
1742111688.866285,4.8347082527427e-09,0.0,0.0007779702674040069,6.953206636324495e-05,0.025106538511233012,0.44234208243723544,0.09947128470887873
1742111688.959383,3.891987623635176e-09,0.0,0.0007346850288241283,6.238579664983991e-05,0.025106538532618572,0.4423420822229423,0.09945426758279538
1742111689.0593083,3.890642780170552e-09,0.0,0.000734615692759767,6.237501727591385e-05,0.025081352953032265,0.44233956877410857,0.0994740861271831
1742111689.160072,4.827410896940187e-11,0.0,0.00024576840318312675,6.9479571795889666e-06,0.025081352953032265,0.44233956877410857,0.09947658952226385
1742111689.261414,1.7617752092650312e-12,0.0,0.00011459801525620484,1.3273188046829711e-06,0.025081352953032265,0.44233956877410857,0.09947778161515923
1742111689.3682086,1.9836592014637623e-12,0.0,0.00011755658015174806,1.408424368386092e-06,0.02510653853063438,0.4423420822428334,0.09948442753305164
1742111689.458348,1.8052426566090103e-12,0.0,9.274590915712667e-05,1.343593188658312e-06,0.02510653856033329,0.44234208194522523,0.09946079429139822
1742111689.5611594,1.8045633893428016e-12,0.0,9.273667656922186e-05,1.3433403847658276e-06,0.02508135297119729,0.4423395685920915,0.09947280462732043
1742111689.6712832,7.813745484924959e-12,0.0,0.00013711993943918015,2.7953077621122434e-06,0.025106538572169157,0.4423420818266324,0.09947042044152946
1742111689.7590582,2.358804413821399e-12,0.0,9.959713451191346e-05,1.5358399701210407e-06,0.025081352977489146,0.44233956852904205,0.09945125754823407
1742111689.858137,1.2265305526394888e-12,0.0,8.367688877336102e-05,1.1074883984220732e-06,0.025081352977489146,0.44233956852904205,0.09945858891954158
1742111689.9583297,4.1761337950991155e-09,0.0,0.0007259726239345251,6.462301289091306e-05,0.02510653855617484,0.44234208198688335,0.09945724781503407
1742111690.061041,1.7285158667675373e-12,0.0,9.168068589547525e-05,1.3147303399433426e-06,0.02508135296186964,0.4423395686855402,0.09945462521066402
1742111690.1596441,1.7285158667675373e-12,0.0,9.168068589547525e-05,1.3147303399433426e-06,0.02508135296186964,0.4423395686855402,0.0994584399079297
1742111690.2704668,2.0560281489076593e-12,0.0,9.601511628612227e-05,1.4338856819522467e-06,0.02508135296186964,0.4423395686855402,0.09946815546502805
1742111690.3632524,1.2520078461796092e-12,0.0,8.413521256081669e-05,1.1189315645648796e-06,0.025106538537336576,0.44234208217565624,0.09946922834863403
1742111690.4577062,4.519656290039483e-09,0.0,0.0007417623526838613,6.72283890186243e-05,0.025081352943333357,0.4423395688713105,0.09946878131379826
1742111690.5583582,1.0796902135676544e-13,0.0,4.387904268939761e-05,3.2858639861802776e-07,0.025081352943333357,0.4423395688713105,0.09944598253717152
1742111690.6596956,9.287451160144789e-14,0.0,4.2165375999504556e-05,3.0475319785270164e-07,0.025106538579580118,0.44234208175232376,0.09946180757035941
1742111690.7583969,4.445226724422548e-14,0.0,3.469053817300569e-05,2.1083706326029462e-07,0.02508135294453062,0.44233956885930154,0.09944029029359548
1742111690.8622434,1.8116094491534397e-12,0.0,9.283342875874797e-05,1.345960418865815e-06,0.025106538568270054,0.44234208186566276,0.09945066150178647
1742111690.9601474,2.5131737945763266e-12,0.0,0.00010130036578113067,1.5852992760284497e-06,0.025106538577182036,0.442342081776343,0.09944356854905816
1742111691.0614986,3.51572827261974e-12,0.0,0.00011078838591597395,1.8750275391630224e-06,0.025106538563326453,0.4423420819152017,0.09945459540834158
1742111691.1583338,3.51572827046199e-12,0.0,0.00011078838589795205,1.875027538587631e-06,0.02510653857242673,0.44234208182400464,0.09944735344400137
1742111691.2584357,6.326133000482987e-11,0.0,0.00024013909504476579,7.953699139697822e-06,0.02510653857242673,0.44234208182400464,0.09945981081475945
1742111691.3596926,3.7607656768312644e-09,0.0,0.0007199923399324892,6.132508195535709e-05,0.02508135294501912,0.4423395688544221,0.09944592293252677
1742111691.461138,3.5801629374547445e-11,0.0,0.00022047422363999478,5.9834462790725755e-06,0.025106538581752602,0.4423420817305564,0.09944437321176257
1742111691.5664005,1.3666382201534043e-13,0.0,6.107724647894923e-05,3.696807027900434e-07,0.02508135295074787,0.4423395687970018,0.09944344933976858
1742111691.6597543,3.4375173480514118e-09,0.0,0.0007052059634558544,5.8630344942285746e-05,0.02508135295074787,0.4423395687970018,0.09944598253717152
1742111691.7598743,6.360303064611976e-13,0.0,8.685977492010224e-05,7.975150822781959e-07,0.025106538578381077,0.4423420817643327,0.09945233043184011
1742111691.8601587,1.3495579811466868e-12,0.0,0.00010242890392531935,1.1617047736609706e-06,0.025081352943930213,0.4423395688653056,0.09944252546777461
1742111691.9629657,1.4785531811143973e-12,0.0,0.00010453958272452138,1.2159577217627254e-06,0.025081352943930213,0.4423395688653056,0.09945027407159539
1742111692.068363,9.466822891028826e-13,0.0,9.470038897845148e-05,9.7297599615966e-07,0.025081352921764832,0.4423395690874809,0.09943263109674187
1742111692.160001,9.470424367493517e-13,0.0,9.471014731249042e-05,9.731610538597153e-07,0.025106538562427616,0.4423420819242088,0.09945075090875352
1742111692.2598023,1.0399562207029776e-13,0.0,6.0045446662550464e-05,3.2248352216864937e-07,0.025081352944942736,0.44233956885517306,0.09943158801545825
1742111692.36442,1.0399562207029776e-13,0.0,6.0045446662550464e-05,3.2248352216864937e-07,0.025081352944942736,0.44233956885517306,0.09944696601381028
1742111692.4599233,1.2931444118884117e-13,0.0,6.26303821643011e-05,3.596031718281155e-07,0.025106538576768145,0.442342081780471,0.09944768126954762
1742111692.5623438,5.74034018478409e-12,0.0,0.00014287130788063492,2.3959007042830655e-06,0.025081352950746094,0.44233956879700226,0.09943811472406118
1742111692.6660166,3.152551780983373e-11,0.0,0.00021579538999109748,5.614758927134248e-06,0.02510653859859957,0.4423420815616736,0.09943596895684931
1742111692.7598288,3.151432379866809e-11,0.0,0.00021577446628874347,5.613762000536547e-06,0.025081352943631785,0.4423395688683082,0.09943179663171502
1742111692.8593032,5.3483977002699284e-09,0.0,0.000789799066340565,7.313274027595252e-05,0.025106538618032914,0.44234208136689496,0.09942416723718375
1742111692.9605634,1.2169042116651843e-12,0.0,0.00010010388146422343,1.103133814033993e-06,0.025106538609383833,0.44234208145358817,0.0994310515736553
1742111693.06011,5.487063288860162e-13,0.0,8.415695529698575e-05,7.407471423407695e-07,0.025106538596988415,0.442342081577811,0.09944091614236567
1742111693.1598353,7.773533132056457e-13,0.0,9.071264136093805e-05,8.816764220538314e-07,0.025106538596988415,0.442342081577811,0.09943459805001945
1742111693.2640932,1.163542496792104e-12,0.0,9.910451382021766e-05,1.0786762706169558e-06,0.025106538596988415,0.442342081577811,0.09941770013322566
1742111693.3606098,1.1631013718532538e-12,0.0,9.909432501172845e-05,1.0784717761041565e-06,0.025081352942958546,0.44233956887506326,0.09943573053827023
1742111693.4593582,1.5683618029429889e-12,0.0,0.00010593911023621832,1.252342526205586e-06,0.025081352942958546,0.44233956887506326,0.09943900879373288
1742111693.560964,8.717123023029681e-13,0.0,9.300707064423471e-05,9.336553444944061e-07,0.025081352942958546,0.44233956887506326,0.09943191584100451
1742111693.661697,1.2797581381862719e-12,0.0,0.0001012238251239356,1.1312639560183431e-06,0.025106538615448315,0.4423420813927896,0.09942470367898672
1742111693.7597637,1.1260362321900217e-12,0.0,9.839066249568017e-05,1.0611485438853609e-06,0.025081352929968048,0.44233956900529053,0.09945006545533869
1742111693.8600469,3.5071281248916067e-11,0.0,0.00022156980739910023,5.92210108398329e-06,0.025081352924500422,0.4423395690600838,0.09944571431627004
1742111693.9677804,3.5083726762151145e-11,0.0,0.00022159107486170623,5.923151759169365e-06,0.025106538580031312,0.4423420817478196,0.09945018466462828
1742111694.0608082,1.181160013900261e-12,0.0,9.943751361509183e-05,1.0868118576369421e-06,0.02510653860425549,0.4423420815050035,0.09943090256204337
1742111694.1598034,1.1949481003655522e-12,0.0,9.969322214731234e-05,1.093136816855764e-06,0.025081352974375193,0.44233956856019024,0.09945578750123713
1742111694.2640963,3.008116488709984e-13,0.0,7.418643453983705e-05,5.484629876947016e-07,0.025106538628595132,0.44234208126106117,0.099444403014085
1742111694.3596904,6.363824233995988e-13,0.0,8.68679643763069e-05,7.977358105285226e-07,0.025081352966475734,0.44233956863937746,0.09944285329332084
1742111694.4604943,1.9555486881248713e-12,0.0,0.00011134327892195345,1.3984093421187058e-06,0.025106538609389162,0.4423420814535873,0.09943427022447325
1742111694.5598297,3.119321177962767e-09,0.0,0.0006871871884771349,5.5850883412554605e-05,0.025081352942589064,0.4423395688788156,0.09943009789933888
1742111694.6585827,3.030100861594555e-12,0.0,0.00010647521843956017,1.7407184900478752e-06,0.025106538638441478,0.4423420811623577,0.09942622359742848
1742111694.7584155,2.034794179393488e-12,0.0,9.575185899218527e-05,1.4264621198593e-06,0.025106538627619912,0.44234208127081803,0.09943483646859859
1742111694.8606544,2.0347941766561392e-12,0.0,9.575185895798696e-05,1.4264621188998112e-06,0.025106538647388987,0.4423420810726613,0.09941910084237778
1742111694.9582243,2.8479104617217496e-13,0.0,5.67570902015519e-05,5.336581735270012e-07,0.025106538647388987,0.4423420810726613,0.09943596895684931
1742111695.058243,2.8479104594134926e-13,0.0,5.675709018946263e-05,5.336581733107339e-07,0.025106538658917543,0.44234208095707034,0.09942678984155388
1742111695.158101,4.120009545121005e-09,0.0,0.0007202317536702793,6.418730049722457e-05,0.02510653864783663,0.44234208106815803,0.09943561132898068
1742111695.2626784,4.473835531203914e-09,0.0,0.0007365866634968186,6.688673658659028e-05,0.02508135295520475,0.4423395687523402,0.09942208107461656
1742111695.3633623,1.971987482913252e-14,0.0,2.7981662458434746e-05,1.4042747177505021e-07,0.02508135295520475,0.4423395687523402,0.09943885978212093
1742111695.458978,6.443565031378979e-15,0.0,2.0824955063355705e-05,8.02718196590745e-08,0.02508135295520475,0.4423395687523402,0.0994275348996136
1742111695.5587895,1.2943704446997002e-14,0.0,2.503703715768997e-05,1.1377040233293105e-07,0.02508135295520475,0.4423395687523402,0.09942345198144648
1742111695.6583948,1.2949016598348114e-14,0.0,2.503976766086444e-05,1.1379374586658142e-07,0.025106538650906174,0.44234208103738387,0.0994184749936077
1742111695.7582462,5.017182236010222e-14,0.0,3.58232751155666e-05,2.2399067471683328e-07,0.025081352959247738,0.4423395687118084,0.0994255977486583
1742111695.8580124,3.9140639823849035e-14,0.0,3.354456548685566e-05,1.978399348560574e-07,0.025106538647424514,0.4423420810722865,0.09942813094606137
1742111695.9583092,3.993910749053645e-14,0.0,3.372558825454984e-05,1.9984771074629914e-07,0.025106538658803856,0.4423420809581962,0.09941907104005548
1742111696.0593822,5.87109382063125e-14,0.0,3.734296114964964e-05,2.4230340114474766e-07,0.025106538613352214,0.44234208141380477,0.09945525105943413
1742111696.1583807,2.5231910647366936e-12,0.0,0.0001014064356139711,1.5884555595724714e-06,0.025081352943072233,0.4423395688739357,0.09942789252748221
1742111696.2585175,4.080545485072936e-11,0.0,0.00021346813329754444,6.387914749801327e-06,0.02510653862750445,0.4423420812719429,0.0994202333306286
1742111696.3583393,4.0791004968207605e-11,0.0,0.00021344785356073432,6.386783616829961e-06,0.025081352935995227,0.44233956894486687,0.0994265812252971
1742111696.4592555,4.824173019807887e-09,0.0,0.000751865949483575,6.945626695848176e-05,0.025106538585159655,0.4423420816964025,0.09943367417802547
1742111696.5581114,4.8225125157370314e-09,0.0,0.0007517958193706037,6.94443123354032e-05,0.02508135290548097,0.44233956925073276,0.0994427936886761
1742111696.6599445,1.488756254131199e-12,0.0,8.810384284483575e-05,1.2201459970557617e-06,0.02508135289986413,0.44233956930702706,0.09943832334031792
1742111696.7581935,2.2997388543371885e-12,0.0,9.892680549213451e-05,1.5164889891908837e-06,0.025106538590625505,0.4423420816416093,0.09941922005166741
1742111696.8584027,2.2146174702467203e-14,0.0,2.8852457539125576e-05,1.4881590876807226e-07,0.025106538565690784,0.44234208189155605,0.09943906839837761
1742111696.9589667,1.0871338199699737e-11,0.0,0.00014978168056568736,3.29717124209522e-06,0.025106538565690784,0.44234208189155605,0.09941543515672416
1742111697.0580647,1.4291201925300501e-12,0.0,8.716490421899579e-05,1.1954581517267972e-06,0.025106538565690784,0.44234208189155605,0.09941704448213312
1742111697.1590788,5.074897720819191e-09,0.0,0.0007623128677850401,0.0013180747262209272,0.025106538565690784,0.44234208189155605,0.09943200524797169
1742111697.2579017,5.073153191664895e-09,0.0,0.0007622411786905456,0.0013179173832970844,0.0250813528839533,0.44233956946652736,0.09942783292283745
1742111697.3579254,9.78437882074677e-13,0.0,7.878935454102513e-05,6.761550102188944e-05,0.02510653857227929,0.442342081825504,0.09942136581887931
1742111697.4583335,2.541191498007226e-12,0.0,0.00010160083322781372,9.418273919594423e-05,0.025081352880995667,0.44233956949617576,0.09941322978486751
1742111697.5689254,5.805363700583939e-09,0.0,0.0013958656214172482,0.0013810791001648037,0.02510653858594658,0.44234208168852035,0.09942032273759578
1742111697.660381,2.8949478846612958e-12,0.0,0.00030120265790557283,9.854288218433797e-05,0.03150395251133986,0.44297771683407033,0.09807769831170768
1742111697.7675683,5.37642277098927e-13,0.0,0.00021457859149643909,5.492305130245116e-05,0.05158606361649909,0.444886187367115,0.0916006403779003
1742111697.8689547,7.459168030314837e-13,0.0,0.00024140108843744856,6.15359072267316e-05,0.07300984987449333,0.4468551923271444,0.08900622900476189
1742111697.962871,6.519853693992465e-12,0.0,0.00034145598037502807,0.00013063357407517196,0.09225141249198998,0.4485033754092364,0.08174843963136405
1742111698.059922,7.619045400849684e-13,0.0,0.0002201943432804692,6.199070619605199e-05,0.1125877297777258,0.450119089845952,0.07715655740251268
1742111698.1615255,3.281323791359652e-12,0.0,0.0003101345442467103,0.00010292409197891398,0.12753029298198193,0.4512313809091785,0.07028846319665642
1742111698.25978,1.7447529610676398e-08,0.0,0.0017018406127314739,0.0001320890972437786,0.14652137388259057,0.45250287715984433,0.06217197950830193
1742111698.3623555,1.7618474058516547e-11,0.0,0.0003611004341845579,4.197436605657856e-06,0.1668851741727142,0.4537242082679314,0.056323959193131615
1742111698.4618485,2.2839050148875443e-11,0.0,0.00039748279443047973,4.7790218820251745e-06,0.18543593271761516,0.45473043670424057,0.051037206015488834
1742111698.5621881,9.930365200497726e-12,0.0,0.0003267638754645592,3.1512481972224476e-06,0.20465078760241795,0.4556342945937895,0.04509280498971672
1742111698.6604605,1.3054607980726886e-11,0.0,0.0003475205369913095,3.6131161039644e-06,0.22389548371310042,0.45643646933220067,0.03857014950265622
1742111698.7602658,6.652024995332664e-08,0.0,0.00235033570295501,0.0002579151991514394,0.23758143930041165,0.45687460051943646,0.022209300360581583
1742111698.8678477,7.311966463241057e-08,0.0,0.002405440333270952,0.00027040648038168495,0.2541832860833768,0.4571192843247755,0.004312037191292955
1742111698.9704037,8.816210232855977e-08,0.0,0.002505112313737097,0.00029692103719433513,0.27101483186606323,0.4571155407010454,-0.006616593637564478
1742111699.061262,1.0993293379162323e-07,0.0,0.0026384604632616222,0.0003315613575066058,0.28852487531598214,0.456715877431127,-0.03399473551759994
1742111699.1601381,1.4446696876558695e-07,0.0,0.0028210673007763414,0.00038008810658265405,0.3129850445343685,0.4618976969092049,-0.045871161294544355
1742111699.2817917,1.718251086248697e-07,0.0,0.002935634930946498,0.00041451792316481287,0.3280212401624638,0.46105795612721423,-0.06807936019953552
1742111699.36787,1.6724913314131265e-07,0.0,0.002873598817760233,0.00040896104110454414,0.3472510199301144,0.45958028209549007,-0.08976098187025852
1742111699.4595172,2.70810408074825e-07,0.0,0.003263719048112782,0.0005203944735244841,0.3660162461483125,0.4577298380306388,-0.10949072278794116
1742111699.5624645,3.3432993979889976e-07,0.0,0.003431812417551222,0.000578212711550775,0.3840680400903942,0.4554283406756806,-0.13879151679333512
1742111699.666909,4.270079385369977e-07,0.0,0.003631504120979965,0.000653458444384184,0.40269594534171915,0.45250406784643815,-0.16624609417971437
1742111699.7597454,4.3925117583459744e-07,0.0,0.003654958626435829,0.0006627602702596147,0.41707015081527565,0.4499236834876811,-0.19137865341957874
1742111699.8598187,5.193630028147795e-07,0.0,0.0037529209868954164,0.0007206684416670259,0.43645818728027486,0.44594275554013196,-0.21854796390738557
1742111699.9619775,5.551554813911256e-07,0.0,0.003859361869233892,0.0007450875662572324,0.4562616920544613,0.44137147305226454,-0.23769159838315318
1742111700.0592384,6.896883317392466e-07,0.0,0.004015454502421579,0.0008304747628551072,0.47406276531000735,0.4286512676888933,-0.2551644999956551
1742111700.1633613,9.023324859728891e-07,0.0,0.004314160357026733,0.0009499118306310798,0.4940493105495598,0.42315258000138545,-0.2773146365260545
1742111700.2631633,1.0820163624434987e-06,0.0,0.004506683351537801,0.0010402001549910953,0.5092459368788571,0.41866887435949096,-0.29811762612814335
1742111700.3611045,1.5849353215904628e-06,0.0,0.004867157034259335,0.0012589421438614495,0.5287684099103203,0.41249280615081807,-0.3180156607603493
1742111700.4594283,2.1596268612843434e-06,0.0,0.005291801976607213,0.001469566895818065,0.5483060232896975,0.4058751594739548,-0.3391502533530655
1742111700.5593646,2.5818914679666576e-06,0.0,0.005458003186075475,0.0016068265208063555,0.5674804818993504,0.39898453631752495,-0.35220279884094613
1742111700.6602917,3.1590487395432353e-06,0.0,0.0057963923907779725,0.0017773713004162173,0.5865406807691276,0.39178398205297127,-0.36722018909210596
1742111700.7615087,3.6652480615373774e-06,0.0,0.0060100909381609,0.001914483758494017,0.6022479607942781,0.3856654236495872,-0.3709994215940896
1742111700.8594131,4.0455381808959445e-06,0.0,0.0061556632597829205,0.0020113523263953397,0.6121373895552438,0.3819063659044263,-0.3529967327093545
1742111700.9597878,4.809160901926512e-06,0.0,0.0064241153140394865,0.0021929799137079464,0.6245544517628119,0.37739223580829917,-0.34400740605348973
1742111701.059448,5.515408223919748e-06,0.0,0.006556997692510927,0.002348490626747262,0.6369378233887772,0.3730090688820461,-0.3345623646354141
1742111701.1612022,7.985980410925395e-06,0.0,0.007160783601298176,0.002825947701378317,0.6493085882116478,0.368821697688427,-0.32095281374210743
1742111701.2595818,9.416730152618382e-06,0.0,0.007530299607893031,0.00306866911748699,0.6612307863682627,0.3649707749156851,-0.3058887828564111
1742111701.359705,9.209607708452634e-06,0.0,0.007490767673120363,0.0030347335481805703,0.6706451355416263,0.3620882779144422,-0.2870870862578812
1742111701.4737377,1.0799392507194042e-05,0.0,0.007719787761714648,0.0032862429166441794,0.6833662666744598,0.3584275083825671,-0.2710495736872616
1742111701.558432,1.4279088486204241e-05,0.0,0.008345764098916346,0.003778768117548924,0.6966056152761517,0.35483419053674636,-0.2576953839933339
1742111701.6593888,1.7699164680086063e-05,0.0,0.008779498412166522,0.004207037518264612,0.7091435656844371,0.3516593976158279,-0.241351781082696
1742111701.757908,1.9797129340925994e-05,0.0,0.009011277342743946,0.00444939651423943,0.7149781077736819,0.37807771797955547,-0.23634621371678394
1742111701.8586051,2.1401482098439624e-05,0.0,0.009178819978633516,0.004626173591472722,0.7263108459618799,0.37540842928415774,-0.22335008728481226
1742111701.9592717,2.1744361658411142e-05,0.0,0.009133053623668909,0.004663084993693675,0.7441521643087956,0.371574694078014,-0.19514381057746097
1742111702.0637782,2.907927235976173e-05,0.0,0.009892013581693967,0.0053925200379564405,0.7629840781088166,0.368044624545775,-0.17330454579717802
1742111702.1578915,4.091635766098228e-05,0.0,0.01075980553459765,0.006396589533570391,0.7809598934690083,0.3652099016573853,-0.14535029894835638
1742111702.258209,4.2002636779737266e-05,0.0,0.010732081244513081,0.006480944127188358,0.7998095205376075,0.3627618873812559,-0.11884581959969684
1742111702.3581247,5.165139533061181e-05,0.0,0.011376114903547908,0.007186890518897015,0.8150609368046471,0.36113532116712077,-0.09113244629628342
1742111702.458094,5.8144639970724605e-05,0.0,0.011706835948871149,0.00762526327222376,0.8339579662533811,0.3596254873319431,-0.06297998047597096
1742111702.558299,9.920330329637584e-05,0.0,0.013369030750771982,0.00996008550647914,0.8777657003509525,0.3649771005066835,-0.01867872802382833
1742111702.658515,0.0001193939975122241,0.0,0.013979082313584986,0.010926756037920133,0.8972792393769833,0.3648108993903483,0.0037114140593397004
1742111702.758111,0.0001355559932437303,0.0,0.014418991391362577,0.011642851594164134,0.9167639531871696,0.3652088854827753,0.03148683579796427
1742111702.8632567,0.00016174335518753132,0.0,0.015018000121499286,0.012717836104759777,0.9369126249486879,0.36618203413582706,0.05908970208996416
1742111702.9580386,0.00017738818793068838,0.0,0.015363833700080943,0.01331871570124869,0.9525145372710941,0.3672963116655559,0.08593172999256726
1742111703.0616417,0.00021279177201781512,0.0,0.0160655575172697,0.014587384001863223,0.972468922883186,0.3692076867867504,0.10982159944409012
1742111703.1598604,0.00029394703596160096,0.0,0.017489205712155204,0.017144883667193574,0.9911210648814031,0.37139863815813157,0.12613095017307877
1742111703.2578652,0.0003512059038913579,0.0,0.018293782270508492,0.01874048835786725,1.011163350035611,0.3742783001698031,0.15345148416393872
1742111703.358213,0.00043580709253944634,0.0,0.01933892917427637,0.020875993210849784,1.041713269563738,0.4217519399513153,0.17880487883996252
1742111703.4586,0.00048148827474445936,0.0,0.01981972403897907,0.02194284108187587,1.0580201046144815,0.42487686819179793,0.20097563112687344
1742111703.558782,0.0005721568922484987,0.0,0.02064595528799573,0.023919801258549343,1.0781573734197991,0.4291102876715863,0.2159542187542845
1742111703.657919,0.0005304619442685159,0.0,0.0203096102366765,0.02303175946966527,1.0982806675372228,0.43364590989140395,0.22879475797127963
1742111703.7580996,0.000627450282975802,0.0,0.02118068516934847,0.025048957722344497,1.1180411161542931,0.4384004557967921,0.2407276674599577
1742111703.8597732,0.0008253933641346055,0.0,0.02273966502571385,0.08499554660432827,1.1382250676840169,0.44344733991814567,0.24716681683968791
1742111703.9579985,0.0009151695021465871,0.0,0.023353445025104447,0.08809795191286984,1.154168589431766,0.44750571020119667,0.25121036613892805
1742111704.0589168,0.000892666710617406,0.0,0.02319566399368943,0.08733967593030045,1.1737804532763292,0.4525434202257793,0.2519792362542081
1742111704.1578903,0.0010497602363761065,0.0,0.02415903475032625,0.09239666396358817,1.193624778997524,0.4576931663471854,0.257435415634625
1742111704.2582943,0.001145800815347101,0.0,0.024700795192870113,0.09524832251460907,1.2137817058312521,0.4631451974443833,0.2682122334332394
1742111704.3588023,0.001345757876603566,0.0,0.025753134473726364,0.10071948987671248,1.2336940325456496,0.4687229738335744,0.2763566418976711
1742111704.4596486,0.00403495529174394,0.0,0.03435763631571718,0.14746671381497672,1.2538353525197525,0.4745136935758466,0.2826491042466091
1742111704.558396,0.0016852395231789362,0.0,0.027332669011500516,0.10890185820600336,1.2697511563827675,0.47924341337041765,0.2968057438225675
1742111704.6586385,0.002090385897328323,0.0,0.02889326752705175,0.11736080472745468,1.2894769200678997,0.4853638934279295,0.3053375526757168
1742111704.7577012,0.002804579712165957,0.0,0.031193063420316833,0.12996995901299369,1.309474094621601,0.49180137707260607,0.3148446127266813
1742111704.8581738,0.0029215642530248873,0.0,0.03154027762855447,0.13182730139256088,1.315807321592466,0.5246542290898594,0.3306106227044689
1742111704.957816,0.003275959512801604,0.0,0.032556085611500384,0.13717353208243685,1.3313460977453246,0.5299815884066229,0.3292642133836377
1742111705.0598063,0.003460805075961615,0.0,0.03296260067361322,0.13981302033468332,1.3505560705906472,0.5365415627248676,0.32900052243515127
1742111705.1579237,0.003572789471576945,0.0,0.03324044491794264,0.14136757253829163,1.3687286262231364,0.542771574720205,0.3333974378709422
1742111705.2577727,0.013538613851664421,0.0,0.047943030663987446,0.22451276690797672,1.3882574825681466,0.5495713890658541,0.3370136516694652
1742111705.3613544,0.005009466704217587,0.0,0.03637765948902319,0.15897048203065897,1.4078884631725401,0.5565385372070802,0.3440636294488536
1742111705.4581535,0.005686940020255402,0.0,0.03766567898150368,0.1661284354130108,1.4259809108370618,0.5630724055806661,0.34758233004852396
1742111705.5580037,0.0057752805631298846,0.0,0.03782523222956922,0.16701998218372843,1.4411217097071134,0.568539462886818,0.34500025683685415
1742111705.6577399,0.007365960176213993,0.0,0.04050352385893212,0.18174172304043426,1.4608769713940664,0.5756850224884719,0.3517416613702403
1742111705.7670805,0.005567472314997237,0.0,0.03744486117989954,0.16490825040905577,1.480509719154032,0.5829445430655681,0.35647939616485713
1742111705.8581388,0.009056377936402639,0.0,0.04270981331920964,0.19525816994775674,1.4987136643022527,0.5897618371453058,0.3602764504556286
1742111705.9602637,0.010281595800961375,0.0,0.044240760735649594,0.20405311943037463,1.5177607111687443,0.5969259115765843,0.3585832017068495
1742111706.0576346,0.011859802113150176,0.0,0.046230462611596676,0.21442572631236068,1.535944311637838,0.6037253768842451,0.357551206887208
1742111706.157902,0.01166211904107162,0.0,0.04582376794886712,0.21317789874884216,1.5512039586107615,0.6093831807122346,0.351470817864381
1742111706.2608738,0.011384929857400423,0.0,0.045703779084022976,0.10670018677303439,1.569506005742502,0.6160813220949796,0.35135488683029276
1742111706.363124,0.01400036073221937,0.0,0.04815199982087675,0.11832312002402308,1.5887547003542348,0.6232117781704342,0.35664467984481946
1742111706.4576852,0.012595624468795976,0.0,0.04699318845418592,0.11223022974580413,1.6078626545469135,0.6303576075913003,0.35829775506302
1742111706.55846,0.013553451045574936,0.0,0.0477084407058522,0.11641928983452414,1.6209916247320404,0.6599149892600829,0.3498117339593336
1742111706.658003,0.017174641335601044,0.0,0.05100581668353413,0.1310520558236346,1.6396889443364664,0.6667112437210292,0.3460387003404065
1742111706.757716,0.016223080683675777,0.0,0.05018626396698373,0.1273698578301624,1.6592016512940013,0.6737086863687942,0.3429362785798473
1742111706.857821,0.023747850526282026,0.0,0.05585614678368762,0.15410337610280322,1.6790255072384923,0.6808132413054504,0.34467393278898445
1742111706.9585657,0.02653729268899815,0.0,0.05767188621827665,0.16290270927457945,1.6983213181417582,0.6877406923825407,0.34465181946577267
1742111707.058082,0.02890571901738546,0.0,0.05908518679159823,0.17001681980729277,1.7134255955521773,0.6931597504992844,0.34341448664488045
1742111707.1589687,0.03202081904978583,0.0,0.06129617566123496,0.17894361975154582,1.7318062986331189,0.6997146706384698,0.34257704138578604
1742111707.2595782,0.035519486299327274,0.0,0.06270969369153356,0.1884661409891105,1.7507833526140129,0.706481159129446,0.3419818294030592
1742111707.357985,0.03922738993925731,0.0,0.06456009800042352,0.19805905669586865,1.7693160713720673,0.7131370873851115,0.3468559992295668
1742111707.4605525,0.04346724772008179,0.0,0.06650743075084366,0.20848800377979015,1.7888718595785171,0.7202388516346043,0.3488549005967543
1742111707.558542,0.04783719565441125,0.0,0.06841811727514527,0.2187171590305874,1.8075107564395498,0.727047590417448,0.3517001879197521
1742111707.6605806,0.051672094756523394,0.0,0.07004239562860136,0.22731496817526864,1.8228058647372283,0.732682505511713,0.3537212026101513
1742111707.7579503,0.05678699314983545,0.0,0.0728899527149455,0.23830021642842764,1.8418955713681306,0.7397321241676942,0.35418242335142325
1742111707.8585982,0.062355957153515496,0.0,0.07413614160432828,0.24971174812874844,1.8612410933153196,0.7468926964136757,0.35475027680219834
1742111707.9578457,0.06823724781904988,0.0,0.07624937158157555,0.2612226020447884,1.8803222211101094,0.7540379230171943,0.361429752109663
1742111708.0595646,0.06676145960927385,0.0,0.07685089541140588,0.2583823902847751,1.8830191140515957,0.78650134480013,0.35346924444880873
1742111708.1576881,0.07163045250474392,0.0,0.07760878741005409,0.267638660332815,1.8984559767847937,0.7921907895969652,0.3524230041190663
1742111708.25805,0.07753931180234634,0.0,0.07957014948127258,0.27845881527139044,1.9161984565793464,0.7987239463238799,0.35396473786082666
1742111708.3610082,0.08426416856046853,0.0,0.08164219485414802,0.2902829112443041,1.935262933478997,0.8057688206498089,0.3538615026160757
1742111708.4577434,0.09159901516998337,0.0,0.08492930482374397,0.3026532920190748,1.9548897179285447,0.8130444731765712,0.3567965545341054
1742111708.5583932,0.09922895287399125,0.0,0.08613391496113629,0.31500627434067285,1.9742399160444286,0.8203371457095937,0.36236452242579853
1742111708.6589272,0.10707340856975639,0.0,0.08928949683439295,0.32722073371006977,1.9931611989735885,0.8275474608906336,0.3648230948134938
1742111708.7576551,0.11371024601369402,0.0,0.08997385878266274,0.33720949870027983,2.0084867424635267,0.8333896485396756,0.3639041700049918
1742111708.8580854,0.12182859261365726,0.0,0.09203058008899667,0.34903952872655736,2.0265013098799383,0.8402783091154117,0.36667668005671905
1742111708.9583368,0.13094185504739478,0.0,0.09420267746349374,0.3618588883078524,2.0459103391171283,0.8477718623771991,0.3698123016044181
1742111709.057649,0.14052045178996858,0.0,0.09645246059249886,0.3748605764680631,2.065525666431066,0.8554333643664317,0.37352269074168604
1742111709.1614943,0.14829462641381466,0.0,0.09820561359686866,0.3850904132977276,2.080917285852582,0.8614557197101794,0.3718932189628164
1742111709.2592204,0.15805663733815295,0.0,0.10029810181298447,0.3975633752474603,2.0996441737894997,0.8687482037318907,0.36994963070598047
1742111709.3580973,0.16777924244087705,0.0,0.10245296025859135,0.4096086454664709,2.1177208346484164,0.8757573623649187,0.370868734328417
1742111709.465001,0.1783098272327464,0.0,0.10454787249141775,0.4222674830397747,2.136792585714902,0.8832104746672328,0.373267940489916
1742111709.5577545,0.1894405440519809,0.0,0.10837811513349044,0.4352476812712285,2.156478650393341,0.8909688801772929,0.3768045820876639
1742111709.6578515,0.1924713073572506,0.0,0.10745288361352172,0.43871551984999413,2.170364645956715,0.9110068567430758,0.36376528570895506
1742111709.7586074,0.20052601275263882,0.0,0.10890700911450071,0.4478013094583789,2.1845136028734142,0.916382651223228,0.36321906874423326
1742111709.85825,0.21140722989471106,0.0,0.11103180489879871,0.45979041953341204,2.203350500521287,0.9235300362171079,0.3609378201747447
1742111709.957672,0.22281331450131256,0.0,0.11313815214532955,0.47203105247569527,2.2228126885485384,0.9308844361256967,0.36233113835101427
1742111710.057673,0.23417407405157548,0.0,0.1150554117578785,0.48391535835471833,2.242045033747349,0.9382024910519662,0.3643001777911692
1742111710.1580234,0.2455320295426757,0.0,0.11893862996562013,0.4955118863787989,2.261160280405514,0.9454724336726259,0.36234872172122284
1742111710.2590752,0.25460921215618193,0.0,0.12233002647562287,0.5045881609354127,2.276365498610865,0.9512035749086456,0.35787205527072247
1742111710.3581746,0.2650314072873609,0.0,0.12024186222301686,0.5148120115997303,2.293774844037298,0.9576887903532982,0.3535404665256053
1742111710.457989,0.2760137640280627,0.0,0.12209006322445734,0.525370120989063,2.312061375426982,0.9643555306079798,0.3456313473964245
1742111710.5615668,0.2878135281987805,0.0,0.12409167254382888,0.5364825516256614,2.3317965550595385,0.9714822553480971,0.3487840754771738
1742111710.659943,0.29927048636034853,0.0,0.125725967961124,0.5470562003673375,2.351308522809491,0.9786302907286668,0.3512588603282482
1742111710.7597747,0.3082282202497636,0.0,0.12930764114545173,0.5551830511189653,2.3668054363676383,0.9843030621225455,0.34894363711123755
1742111710.8584688,0.3191564453691434,0.0,0.1286116033031495,0.564939328927579,2.3860097526448456,0.9912603737601071,0.34578077624087633
1742111710.9576569,0.32916366401730884,0.0,0.13018755291060102,0.5737278658190735,2.403974037340827,0.9977018823367501,0.3419218523288279
1742111711.0654595,0.33969848798234004,0.0,0.13379522111911002,0.5828365877176381,2.423272510897908,1.0044703762330036,0.3349218232417613
1742111711.1579294,0.3502090415888689,0.0,0.13312021117909145,0.5917846243261723,2.44318582830401,1.0113976027102995,0.3340777022624523
1742111711.2618842,0.33254273215692653,0.0,0.13286914787530393,0.576665182022399,2.4439078926995546,1.0342225198794093,0.3111191134339582
1742111711.357979,0.34186105114168597,0.0,0.1343626427641333,0.5846888498523689,2.462918237485443,1.0402558169656864,0.3019370179063092
1742111711.4604886,0.35036732920537844,0.0,0.13532464222503054,0.5919183467382798,2.4808333324465153,1.045806252385924,0.29839519070446613
1742111711.5597968,0.3590817336124778,0.0,0.13669551628646334,0.5992342894164834,2.4997051178306986,1.0514288665287579,0.2828533987885725
1742111711.6579406,0.36746940834998876,0.0,0.1400065000677373,0.60619255055633,2.5184241845381337,1.056761695715801,0.2745791416054976
1742111711.7580006,0.3736853243913208,0.0,0.13606959552695455,0.6112980650969875,2.5328161931439457,1.0607456524232386,0.2632959227448713
1742111711.8586242,0.38150716461773704,0.0,0.1372824905719787,0.6176626624766444,2.551442586138096,1.065650442815007,0.2512353401070845
1742111711.9608016,0.3896205748337249,0.0,0.13854228792424655,0.6241959426604157,2.571961741885689,1.0709202014362882,0.2514592747575056
1742111712.057916,0.39680653124685467,0.0,0.13908211229275266,0.6299258140819874,2.59161639303435,1.0758923982247472,0.2441388111001264
1742111712.1577284,0.40359830553219134,0.0,0.14525456013673116,0.6352938733627072,2.6115609681673373,1.0807471155680732,0.2351842861062299
1742111712.257872,0.4083466205637133,0.0,0.14087268790162868,0.6390200470749828,2.6265868554153577,1.0842968519044462,0.2277578751927625
1742111712.357911,0.41349781385142614,0.0,0.14361881203045557,0.6430379567734911,2.644131136944784,1.088303028694116,0.2202748994714032
1742111712.4581628,0.4185805744876582,0.0,0.1470734657775522,0.6469780324614262,2.6631650694626394,1.0924907772713728,0.21048474716007817
1742111712.557711,0.4230168237675511,0.0,0.14254428520656554,0.6503974352406005,2.6816897070498094,1.0963987720682997,0.20401209996998412
1742111712.6697931,0.4268327620161244,0.0,0.14506039409166077,0.6533243926382394,2.699388053972898,1.0999261145154025,0.19111657546818367
1742111712.758719,0.4299312145663355,0.0,0.14744123939694004,0.6556914019310727,2.715213384993204,1.1028736148777827,0.17589256571591003
1742111712.8607376,0.37629359577457905,0.0,0.13555499200857865,0.6134277429123817,2.712460225242987,1.148758091391824,0.17797382894666905
1742111712.9578032,0.3790610498122685,0.0,0.13769997217347493,0.6156793400888717,2.731765333063077,1.1520887734401166,0.1620130759826491
1742111713.0626407,0.3814252659425411,0.0,0.13648090180937936,0.6175963616655632,2.7511615980722457,1.1551799486398722,0.15253102008016803
1742111713.157922,0.3833496112084596,0.0,0.13683606680859717,0.6191523327973978,2.769899106743919,1.1578884580069837,0.13684575978430014
1742111713.2579958,0.3850777041038844,0.0,0.1388546472675802,0.6205462948917546,2.790135890169866,1.1604657746042648,0.12020798746259907
1742111713.3581774,0.38611180597059913,0.0,0.13732842001606405,0.6213789552041484,2.8059522073946805,1.162282875949341,0.10874515000494223
1742111713.4581668,0.38692220835939445,0.0,0.1392530206400953,0.6220307133569808,2.8241521359692765,1.1641896740542694,0.0965061706653427
1742111713.56672,0.3874292375188733,0.0,0.14184132857032686,0.6224381395117697,2.8438153757865035,1.1659535094607314,0.08093985143812399
1742111713.6580665,0.38755080136120496,0.0,0.13765821119344368,0.6225357831974038,2.8628719735497192,1.1673744254070646,0.06990530315550067
1742111713.7580383,0.38727943905039924,0.0,0.13947227741611481,0.6223177958651024,2.8824520550441495,1.1685547835590995,0.053614698087293924
1742111713.8578494,0.38673300937729704,0.0,0.14183572546449721,0.6218786130566777,2.899012022282456,1.1693364868455836,0.04023956481130826
1742111713.9586234,0.38575527730311426,0.0,0.13745252990388193,0.6210920038956501,2.9180598179195663,1.1699842033060206,0.024394385253507792
1742111714.057778,0.3844780801201438,0.0,0.13912815671059597,0.620062964641611,2.9364318556979327,1.1703402207342386,0.013126603995878526
1742111714.1644156,0.38258223620400644,0.0,0.13885191764003665,0.6185323243000372,2.9564515754565264,1.1705427501153174,0.009305618440229682
1742111714.258021,0.38008004004793494,0.0,0.13658989387933315,0.6165063179302666,2.9753320649652313,1.1707618483355977,0.013754240905363356
1742111714.3577495,0.34822340799767937,0.0,0.1320063757417449,0.5901045737813589,2.9859028448177263,1.1973802457252782,0.02624388393494597
1742111714.4577363,0.344136196904416,0.0,0.13137977365083817,0.5866312273519165,3.007129515240406,1.1979970108806863,0.033847439852685846
1742111714.5580127,0.3393456729752885,0.0,0.13243924759262418,0.5825338384808976,3.027795804561741,1.19871709241037,0.03446816262337672
1742111714.657707,0.3340125981808466,0.0,0.13371316929148128,0.5779382304198664,3.048363025232643,1.1993692732047956,0.027527082529992964
1742111714.757633,0.3286712506097726,0.0,0.13071053529394472,0.5732985702143104,3.067288653842457,1.1998751636766642,0.024651128617257934
1742111714.8576531,0.3230831053972553,0.0,0.13015157435717334,0.5684039984001302,3.0857355872227465,1.200284934787914,0.021258640852899423
1742111714.9616728,0.31813832473818315,0.0,0.1316274513691951,0.5640375206829623,3.1010708100302224,1.2005907029311376,0.01800169405076015
1742111715.057818,0.31173487109056924,0.0,0.12649855462949283,0.5583322228660721,3.119975639342968,1.200880938395306,0.011262479988069451
1742111715.1578028,0.3048574402905015,0.0,0.12777673034735704,0.5521389682774631,3.139362770530923,1.201061620225024,0.00662631150814998
1742111715.2600882,0.29727337498349266,0.0,0.12875445179044756,0.5452278193411381,3.1598896478957457,1.2011127605561709,0.00019090231987941675
1742111715.3597136,0.2901751218074137,0.0,0.12376344038825605,0.538679052690388,3.1782398922175474,1.2011228562144707,0.0011551415595720867
1742111715.457736,0.28369825232114876,0.0,0.12681378025172724,0.5326333188236995,3.1942614917167216,1.2011667601715876,0.004256490436525233
1742111715.5580525,0.275257543464404,0.0,0.12156028951877454,0.5246499246777836,3.214332629514381,1.201264086898584,0.005190867749185449
1742111715.6579194,0.2672234226230546,0.0,0.12235072663056493,0.5169365750486752,3.2328344966150624,1.2013592058672908,0.005668077436418408
1742111715.7665255,0.231260675708031,0.0,0.11442998883409623,0.48089570148633165,3.2422854509598658,1.2402211268962855,0.016818892303161404
1742111715.8576999,0.22362939928779882,0.0,0.11316360994004034,0.47289470211432777,3.2611903778879228,1.2405060130999264,0.01276102298801401
1742111715.9577568,0.2171618912606957,0.0,0.11213610205795162,0.46600632105229617,3.2771354309331198,1.2406505644669663,0.005798678937606618
1742111716.059851,0.20850996611662784,0.0,0.11064390142534138,0.456628915112291,3.2981930750321258,1.2408342351806791,0.014302294793777285
1742111716.1579401,0.1996838066177267,0.0,0.10906495184549403,0.4468599407171409,3.3192238437453963,1.2411527368665727,0.014182474556617553
1742111716.2580338,0.19122567343105998,0.0,0.10916597124609502,0.4372935780812016,3.339496965007749,1.2413191745955447,0.0046386384398267875
1742111716.3618183,0.18325545390028683,0.0,0.10607124044358007,0.42808346604404945,3.3587836787325482,1.2413354048068457,-0.0015503353446199477
1742111716.4651434,0.17741739320988434,0.0,0.10649297051120944,0.42120944102653296,3.373033440352174,1.2412717326617497,-0.006859559473343063
1742111716.5586174,0.16929750613481495,0.0,0.10641659154556658,0.4114577817161986,3.3930029988602133,1.241120667251829,-0.008514646348304893
1742111716.6578147,0.16154538921444492,0.0,0.10182827542906073,0.4019270944020133,3.412238282665969,1.2409412955608687,-0.010141584929771576
1742111716.758411,0.15355479229152275,0.0,0.10161696750894601,0.39186067969563204,3.4323084021724135,1.2407175507969572,-0.013686690387077514
1742111716.8578842,0.14551123370122124,0.0,0.09846737222210354,0.3814593473769141,3.452908695300355,1.2403902053215545,-0.016515362915344414
1742111716.958991,0.1381914645439181,0.0,0.0968469397340627,0.3717411257097042,3.4720399446005974,1.2400183758573133,-0.021865520533867065
1742111717.058256,0.1322167442261223,0.0,0.09814314678663194,0.36361620457031657,3.4880310597794875,1.2396104375929722,-0.030370209273643662
1742111717.1584578,2.9383834431263486e-29,0.0,5.075428844394045e-08,5.420685789756079e-15,3.4955756998273113,1.2494812836192246,-0.03486658329057761
1742111717.2590263,4.4422348141985415e-29,0.0,4.9448403126089e-08,6.665009237951993e-15,3.513710816963707,1.2488043884734532,-0.04043277794408864
1742111717.3593862,6.950997768277032e-29,0.0,4.840794039411539e-08,8.337264400435572e-15,3.5335089168066567,1.2479113771278876,-0.04844936424779955
1742111717.4583075,1.0533382089762646e-28,0.0,5.9532807655959456e-08,1.02632266318944e-14,3.5520355045200613,1.246927558348541,-0.05707889491605825
1742111717.559283,1.4613655684167098e-28,0.0,6.394707416099688e-08,1.2088695415208002e-14,3.5667386801977994,1.2460260427814205,-0.06539362365293569
1742111717.658547,2.2350573881996644e-28,0.0,6.24305968142241e-08,1.4950108321345583e-14,3.5859553564204276,1.2447141205011552,-0.07209098035383289
1742111717.7613885,3.350943183358445e-28,0.0,7.642764689890498e-08,1.8305581616978044e-14,3.6044059460273576,1.2433346088144708,-0.07846902007150722
1742111717.8589041,5.026729856189542e-28,0.0,8.34900364716878e-08,2.24203698814037e-14,3.623001319755602,1.2418571610808762,-0.07982694798994129
1742111717.958771,7.676175937282012e-28,0.0,1.0199080762514223e-07,2.770591261316258e-14,3.642504120137236,1.240296300763584,-0.07979525322008202
1742111718.0623124,1.1382103975020725e-27,0.0,1.1108114719229414e-07,3.373737389753495e-14,3.6607432111950757,1.2388091076920078,-0.08238315278577873
1742111718.1585674,1.6107048633918788e-27,0.0,9.614697667662074e-08,4.01335877214071e-14,3.676887774877178,1.2374841861287968,-0.08081875437784264
1742111718.2584412,2.4501786386530396e-27,0.0,1.3072812937242487e-07,4.9499279173065134e-14,3.6964645755625725,1.2358962984607749,-0.08136729592371053
1742111718.358553,3.6091888991017385e-27,0.0,1.279171547996254e-07,6.007652535809423e-14,3.7146273574615645,1.2344075471257883,-0.0817391096978194
1742111718.4619875,5.5663421696631375e-27,0.0,1.5595056044110213e-07,7.460792296842968e-14,3.7350353423604172,1.2327357615347816,-0.08192027801561423
1742111718.5649266,6.496209710652686e-27,0.0,1.44947390780169e-07,8.059906767855745e-14,3.7348918696289672,1.2477388588602045,-0.07362859850993603
1742111718.6583626,9.084150021899672e-27,0.0,1.5604334926565773e-07,9.531080747690512e-14,3.7506922952037876,1.2465580291546627,-0.07533244198432415
1742111718.7598667,1.3653989804943492e-26,0.0,1.891492345348755e-07,1.168502879968359e-13,3.769975571216442,1.245112720858282,-0.0746177524911448
1742111718.8593724,2.008535336856747e-26,0.0,1.8504024246045412e-07,1.4172280468776882e-13,3.7883244010458696,1.2437298256702112,-0.075710171519427
1742111718.9597478,3.086663511125314e-26,0.0,2.0354584871080783e-07,1.756890295700137e-13,3.8088660314964375,1.242142140882104,-0.07780058091750594
1742111719.0657506,4.640589667172141e-26,0.0,2.4565950006780825e-07,2.1542027915616814e-13,3.828471078042867,1.240589911506353,-0.08035234516730755
1742111719.1601548,6.763399326085971e-26,0.0,2.4085988739832705e-07,2.600653634393856e-13,3.8467068737551227,1.2390629599614058,-0.08531554198136779
1742111719.2592347,9.464003590496481e-26,0.0,2.3422530348450013e-07,3.076362070773933e-13,3.863071007446484,1.2376314325653042,-0.08884493416419478
1742111719.3586266,1.3908491811673964e-25,0.0,3.108764030088707e-07,3.729409043223063e-13,3.88192734969787,1.2359362359083963,-0.09179047649970504
1742111719.4590633,2.0677201482240865e-25,0.0,3.0722728960830046e-07,4.5472190932745766e-13,3.9014820804991217,1.2340964649897668,-0.09515774404874296
1742111719.5584655,3.1344094669340764e-25,0.0,3.0398575350478474e-07,5.598579701079619e-13,3.922117029247934,1.2321193300592932,-0.09587401306500884
1742111719.6589582,4.547836921247843e-25,0.0,3.6391562700952267e-07,6.74376521036123e-13,3.940683515408189,1.230314802249056,-0.09789616024365874
1742111719.75843,6.199868025048941e-25,0.0,3.899215189315947e-07,7.873924069388109e-13,3.9562237817030805,1.228771691653509,-0.09968414312472791
1742111719.8665273,9.049575093361303e-25,0.0,4.649322214992603e-07,9.512925466627658e-13,3.97526615205728,1.2268924487866344,-0.0969024837600276
1742111719.9591334,8.992548683838277e-25,0.0,4.2183505534694706e-07,9.482904978875553e-13,3.97221536215954,1.232321488582243,-0.09083310523944743
1742111720.0586684,1.3388297594314746e-24,0.0,5.064590809076046e-07,1.1570781129342455e-12,3.992254330068949,1.2304954357797901,-0.09035334000306978
1742111720.1588874,1.96146229092751e-24,0.0,5.494178654296215e-07,1.4005221493884021e-12,4.011521225936095,1.2288465942480427,-0.08163874605613604
1742111720.2591207,2.6942370105512983e-24,0.0,5.352477158383179e-07,1.641413113920837e-12,4.027566432763544,1.2275489233208448,-0.08129011103826414
1742111720.3598917,4.0538127024773e-24,0.0,6.429682908768256e-07,2.013408230458319e-12,4.048327248192461,1.225844109485776,-0.08104538926797761
1742111720.4583335,5.855538964454629e-24,0.0,6.335589131666872e-07,2.41982209355453e-12,4.0670968764919255,1.2243231596373922,-0.08102271715122117
1742111720.5693223,8.570375826484114e-24,0.0,6.282397535675436e-07,2.927520422897868e-12,4.086646795731038,1.222717076411548,-0.08257776508050808
1742111720.6584737,1.2497186247577036e-23,0.0,8.181867832106375e-07,3.5351359588532146e-12,4.106096612345457,1.2211290673133326,-0.08048658082204713
1742111720.7584958,1.7671388413110968e-23,0.0,8.058219621905569e-07,4.2037350550565115e-12,4.12403462458213,1.219686826987675,-0.0799906105728711
1742111720.8582594,2.4046141076825973e-23,0.0,7.879282570777498e-07,4.903686478235122e-12,4.140055002991426,1.2183961527104696,-0.0806799233885373
1742111720.9620337,3.4509701701042546e-23,0.0,1.0181073645776005e-06,5.874495867820706e-12,4.158926648518754,1.2168807282434404,-0.08026922503429303
1742111721.0585916,4.827874321380326e-23,0.0,1.0040033416099431e-06,6.94829066848842e-12,4.176560399004076,1.215444203037416,-0.0827004612417783
1742111721.1606376,7.036491914923189e-23,0.0,1.1874221128464612e-06,8.388380007440762e-12,4.196461772919678,1.2137884649481072,-0.08245849618631255
1742111721.2586305,1.0031708895890379e-22,0.0,1.2827178652298622e-06,1.0015841899655954e-11,4.215280413744599,1.2122457179085606,-0.0820309148164357
1742111721.3587945,1.0046532703465339e-22,0.0,1.1773009888968246e-06,1.0023239348367043e-11,4.2229958744130585,1.1981873067066304,-0.09083209435964715
1742111721.4633534,1.47443576305532e-22,0.0,1.1721241848425825e-06,1.2142634652559223e-11,4.2435928617346725,1.196349418764484,-0.08728032808328762
1742111721.5586843,2.0815052108572075e-22,0.0,1.501361907636239e-06,1.4427422537852031e-11,4.262176971436201,1.1947364655194084,-0.0855270425560583
1742111721.6583393,2.9395561897290724e-22,0.0,1.4865758942907418e-06,1.714513397360625e-11,4.2808413824171385,1.1931715714771403,-0.08166442315603391
1742111721.758376,4.293991805291337e-22,0.0,1.7550812817760803e-06,2.0721949245404827e-11,4.301380645720981,1.1915537556734512,-0.07618903617883817
1742111721.85866,5.668680609473698e-22,0.0,1.7157792930209305e-06,2.3808991178699064e-11,4.31645149837666,1.1904605267848938,-0.06847406427885189
1742111721.963054,8.223220920615826e-22,0.0,1.8593360580527277e-06,2.8676158948882653e-11,4.3366787882246935,1.1890871726503236,-0.06730088095689903
1742111722.0594027,1.1674063308646714e-21,0.0,2.1792846793957343e-06,3.4167328412749386e-11,4.35582157005452,1.1878076031980238,-0.06620563070799004
1742111722.158368,1.6199599651395088e-21,0.0,2.155841259536519e-06,4.0248726254870585e-11,4.37380337092052,1.1866164742715817,-0.0654171953680624
1742111722.2585104,2.3528604707092345e-21,0.0,2.340338479079195e-06,4.8506293104186333e-11,4.394341815611,1.1853483040945467,-0.05861879389310971
1742111722.3596869,3.1488390681246942e-21,0.0,2.6988744775554124e-06,5.611451744535182e-11,4.410390092438838,1.1844708524810856,-0.049775595474492465
1742111722.4586143,4.456821302887221e-21,0.0,2.6907561314279976e-06,6.675942856920826e-11,4.429528978971566,1.1835680047536485,-0.0439649621727575
1742111722.5604477,6.416861770810282e-21,0.0,3.14841054399281e-06,8.010531674495946e-11,4.449658314011723,1.182717511812529,-0.03946835796857966
1742111722.658539,9.020716564918946e-21,0.0,3.3914832601809634e-06,9.497745292920287e-11,4.468526108340473,1.181991154534327,-0.03783630828882352
1742111722.7583785,1.2209717347124534e-20,0.0,3.620518407931426e-06,1.1049758977970757e-10,4.472547787373271,1.2032774025967905,-0.019991956044050862
1742111722.8650029,1.786435928877361e-20,0.0,3.6427522186553907e-06,1.3365761964352654e-10,4.493477201353736,1.2029538695114264,-0.013926125455710094
1742111722.9583597,2.398139355608007e-20,0.0,3.886556942114352e-06,1.5485927016514082e-10,4.509750112174487,1.202708213647869,-0.01747519462189356
1742111723.0585966,3.385225640106665e-20,0.0,4.513847056228008e-06,1.8398982689558314e-10,4.528932308937968,1.202352313154163,-0.019414953280302683
1742111723.1585205,4.722677347633049e-20,0.0,4.85378957144505e-06,2.173172185454491e-10,4.547582213068253,1.2019629649356047,-0.023189864445540116
1742111723.2594852,6.804294529795725e-20,0.0,4.881390569155347e-06,2.608504270610981e-10,4.568203818065218,1.2014411007273815,-0.025044641781660736
1742111723.3588564,9.559606499458203e-20,0.0,5.656428589988277e-06,3.0918613325080096e-10,4.5874853877922135,1.200994780350987,-0.021216950703474662
1742111723.458886,1.238807118981987e-19,0.0,5.565997287747983e-06,3.519669187554403e-10,4.6022381712530525,1.2006805269162886,-0.021593249727102908
1742111723.5591624,1.7685386421176139e-19,0.0,6.018476952028936e-06,4.205399674368197e-10,4.622608436512875,1.2002365874760539,-0.020852408696028387
1742111723.6585083,2.4864766702282315e-19,0.0,6.9578013630185505e-06,4.986458332552506e-10,4.642194922214744,1.1998414501978356,-0.020258314300390826
1742111723.7590137,3.4001456941948957e-19,0.0,6.9446587158319e-06,5.8310768252484e-10,4.660288185371829,1.1994668679393077,-0.021256841111990634
1742111723.8611987,4.81029948653603e-19,0.0,8.03096127747834e-06,6.935632261399123e-10,4.680456488949051,1.1990497534013276,-0.02025993852696103
1742111723.9581993,6.67072979915689e-19,0.0,8.049838168471126e-06,8.16745358061917e-10,4.699562274745963,1.1986695622376726,-0.020081452418181104
1742111724.0585718,8.74565430420434e-19,0.0,8.54498993891989e-06,9.351820306338408e-10,4.71547917675159,1.1983349241097456,-0.022268182922217022
1742111724.161331,1.358579842007824e-18,0.0,1.0067650250116386e-05,1.1655813322148842e-09,4.7455448284498285,1.191396398698683,-0.024165081276355957
1742111724.2581816,1.855969070678724e-18,0.0,1.0079294518325976e-05,1.3623395577750518e-09,4.764216851946141,1.1908775062350982,-0.03397780884688972
1742111724.358758,2.5987779675330805e-18,0.0,1.0145288371480768e-05,1.6120725689413243e-09,4.784579373625014,1.190161649620976,-0.03556232382243751
1742111724.4586759,3.545835644825614e-18,0.0,1.2410297079559845e-05,1.883038938743863e-09,4.80349935983609,1.1894763956415377,-0.0373382591146815
1742111724.5623288,4.485659658827904e-18,0.0,1.223943259733056e-05,2.1179375955933887e-09,4.817915377473055,1.1889113618915306,-0.04054348398631692
1742111724.6585133,6.22883434363597e-18,0.0,1.3150451685685002e-05,2.4957632787658306e-09,4.838148570786551,1.188123243320784,-0.03606315185016274
1742111724.7585735,8.489302458201554e-18,0.0,1.5005683290706245e-05,2.9136407565452462e-09,4.8572969236295584,1.1874499438911594,-0.0337657653231013
1742111724.8588336,1.1679406940122713e-17,0.0,1.5103490278102405e-05,3.417514731515098e-09,4.877129069944441,1.1867764941951373,-0.034894930614887486
1742111724.9583452,1.618324435819309e-17,0.0,1.5232167075831473e-05,4.022840334663196e-09,4.897542422738779,1.1860657107046553,-0.03422858048862099
1742111725.0588682,2.175383978964231e-17,0.0,1.8425718215486176e-05,4.66410117703747e-09,4.916136149913127,1.1854674862567753,-0.030876698388515696
1742111725.1746645,2.780649292876079e-17,0.0,1.718370806187664e-05,5.27318622170323e-09,4.931643781207837,1.18497506777119,-0.033548327578960674
1742111725.2595973,3.785589029269682e-17,0.0,2.079540350038957e-05,6.152714059071559e-09,4.951249287934219,1.1843406230870634,-0.028933110131679738
1742111725.3600109,5.0609040299611145e-17,0.0,2.0866275902148326e-05,7.114003113550847e-09,4.969744578039181,1.1838384348410385,-0.025892125858722873
1742111725.458323,6.900210304130128e-17,0.0,2.3718345895614653e-05,8.306750450164088e-09,4.9896306978555565,1.1832721135131625,-0.031279536380230205
1742111725.5587394,8.930352080460068e-17,0.0,2.508944724525003e-05,9.450054010671086e-09,5.0156454738428575,1.169165205971018,-0.03668285940491046
1742111725.6581607,1.1448352862779827e-16,0.0,2.4980059620248837e-05,1.0699697595156523e-08,5.031908901631304,1.1685577027277971,-0.03820323978267993
1742111725.7583258,1.567016282506996e-16,0.0,2.837537197371394e-05,1.251805209490277e-08,5.052573927225787,1.1678027337326777,-0.03268818591438619
1742111725.8594635,2.0951681676915674e-16,0.0,3.0238812694825493e-05,1.4474695740123753e-08,5.071749932656392,1.1671993088989687,-0.030395642264712714
1742111725.9582682,2.8087112863410057e-16,0.0,3.0463445841573685e-05,1.6759210262840566e-08,5.091204965189705,1.1666112586423831,-0.0300508144935259
1742111726.0679877,3.8213586666796828e-16,0.0,3.449924849530976e-05,1.954829574842698e-08,5.111748969985705,1.1660283380802898,-0.027434468611110086
1742111726.158768,5.06742807908118e-16,0.0,3.4718521035929065e-05,2.2510948623017157e-08,5.130674856066735,1.1655320409146777,-0.025986120446551693
1742111726.2596145,6.468070486460171e-16,0.0,3.664377059430713e-05,2.5432401550895996e-08,5.147121667455673,1.1651212587166904,-0.022681117399562287
1742111726.3605042,7.722380351758815e-16,0.0,4.024387941566429e-05,2.7789171185479453e-08,5.15909091099992,1.1648664899760055,-0.019883022054065124
1742111726.4585047,1.128605744748151e-15,0.0,4.145433221988581e-05,3.359472793085473e-08,5.18480267312381,1.1644193580141406,-0.017921612008441352
1742111726.5581827,1.5114158333924756e-15,0.0,4.664267295345628e-05,3.887693189273654e-08,5.20479386013845,1.16400714363624,-0.021019205792773617
1742111726.658407,1.988633575740204e-15,0.0,4.699127529199425e-05,4.459409799222543e-08,5.223672345296983,1.1636551568985327,-0.017834067686427497
1742111726.7582502,2.4985548442380797e-15,0.0,4.94371419711638e-05,4.998554635330177e-08,5.239463619004418,1.1633689125252258,-0.018796235664714268
1742111726.8585088,3.3091463864452563e-15,0.0,5.540645352994005e-05,5.7525180455564467e-08,5.259025423857585,1.1630067609233454,-0.016276732428897305
1742111726.958546,4.327738905841764e-15,0.0,5.583941089492408e-05,6.578555240964207e-08,5.280813178201953,1.1587163537703522,-0.032833400306459655
1742111727.0587394,5.752306533285917e-15,0.0,5.9482791072664484e-05,7.584396174571787e-08,5.30117563452683,1.157998908208423,-0.03707215481733922
1742111727.1583307,7.508898512018915e-15,0.0,6.636548828486564e-05,8.665390073169767e-08,5.3204231023551,1.1572656408459676,-0.038917797741647935
1742111727.258129,9.153177002985506e-15,0.0,6.596973849174439e-05,9.567223736792981e-08,5.334838392866791,1.1566823477785397,-0.042079377112146626
1742111727.3583865,1.207331606448092e-14,0.0,7.014996659189227e-05,1.0987864244010716e-07,5.355145129957258,1.1558333688220284,-0.039276274976488355
1742111727.458272,1.5762706681188942e-14,0.0,7.814795574733691e-05,1.2554961840319922e-07,5.374772522663546,1.1551001283826483,-0.03545201116537691
1742111727.558379,2.0602738282208973e-14,0.0,7.900463656187727e-05,1.4353653988517687e-07,5.394627462451393,1.1543561048857809,-0.04019892507528902
1742111727.6583486,2.7079353411338218e-14,0.0,8.803634329221808e-05,1.6455805483578802e-07,5.415087499253302,1.1535390349313275,-0.03969954246019961
1742111727.759156,3.462611879275597e-14,0.0,9.294580803683866e-05,1.8608094688268321e-07,5.433649398511312,1.1527648289652457,-0.04289584153627994
1742111727.8586247,4.4988936671004097e-14,0.0,9.401385844474606e-05,2.1210595623650952e-07,5.453576095802809,1.1519147852577576,-0.04159958952402714
1742111727.9703934,5.5248621702984693e-14,0.0,0.00010310100856977682,2.3505025356928398e-07,5.469281496193064,1.1512872528699463,-0.0387989758822882
1742111728.0607903,7.000943785757699e-14,0.0,0.00010374592639067824,2.645929663796394e-07,5.487491135878237,1.1505716899668628,-0.03984999948477389
1742111728.158573,9.058506024542259e-14,0.0,0.00010989549929423733,3.009735208376687e-07,5.5074460833725905,1.1497931146225469,-0.038478735027071255
1742111728.2585835,1.150940457999012e-13,0.0,0.00012126769496967053,3.392551337856234e-07,5.526111966957453,1.1490856586783804,-0.037072542247530246
1742111728.3582778,1.0248516059551794e-13,0.0,0.00011295479488276275,3.2013303577656266e-07,5.522676758996287,1.1426460191872074,-0.050301282750967465
1742111728.4586437,1.3335394628117874e-13,0.0,0.0001253027743447028,3.651765960205812e-07,5.543580790341332,1.141565556529893,-0.05211414312064979
1742111728.5585103,1.6870975700854543e-13,0.0,0.000126338580992461,4.10742932998908e-07,5.562387526404699,1.1406070236164159,-0.04964163814723821
1742111728.658176,2.1526582615633477e-13,0.0,0.00012755075613797085,4.6396748394293187e-07,5.582004330210674,1.1396305697262499,-0.05133436535537571
1742111728.7596343,2.7264623508393226e-13,0.0,0.0001467027571977512,5.221553744661949e-07,5.601285890446819,1.138546247181814,-0.05830575441062781
1742111728.8626924,3.3945987679724575e-13,0.0,0.00015401969076152782,5.826318535724302e-07,5.619351618316527,1.1374804383277188,-0.05957145904243322
1742111728.959019,4.121339413538667e-13,0.0,0.00014785231905452604,6.419765894126255e-07,5.635494383504875,1.136483647179919,-0.06545741771400303
1742111729.0584495,5.19113327800581e-13,0.0,0.00016941533692387038,7.204951962369916e-07,5.654939619626431,1.1351749660655674,-0.068230285393599
1742111729.1631598,6.461127848823843e-13,0.0,0.0001704604273068405,8.038114112665882e-07,5.673549920836836,1.133899234089225,-0.06897909854591225
1742111729.2584617,8.159577997953789e-13,0.0,0.0001724284751956781,9.033038247430257e-07,5.693596824120295,1.1324856310124403,-0.07140017961204378
1742111729.365691,1.0101520251097372e-12,0.0,0.00019630094118991702,1.0050631945851651e-06,5.712125938588912,1.1311382137973038,-0.07353496466815801
1742111729.4636874,1.2057990429376713e-12,0.0,0.00019644115043791597,1.0980888137749476e-06,5.727647738668674,1.129965193276953,-0.07831886326015326
1742111729.5585341,1.4979873316006838e-12,0.0,0.0002141226812937861,1.2239229271488805e-06,5.7468983720321845,1.1284262435835277,-0.08105441843211986
1742111729.6613624,1.8488764647171894e-12,0.0,0.00021600134896307698,1.359733968361896e-06,5.765767387439851,1.1268784435871495,-0.08312679742515415
1742111729.758269,2.1952446683826404e-12,0.0,0.00022434742134416435,1.481635808281725e-06,5.779467110274943,1.127563855345751,-0.09660296873971555
1742111729.8600545,2.7029290359827233e-12,0.0,0.00024475449970289416,1.6440587081922358e-06,5.798826282570559,1.125548109541235,-0.10857693092748255
1742111729.965312,3.1404915143869772e-12,0.0,0.00024305722355211367,1.7721431980477698e-06,5.813058340254107,1.1239121163289698,-0.12104858444854352
1742111730.058552,3.854383083498219e-12,0.0,0.00024509201063167667,1.9632582824219075e-06,5.832872380257442,1.1214205809547217,-0.13064456717893214
1742111730.158375,4.648414557323877e-12,0.0,0.00027562946052841206,2.1560182182263386e-06,5.851312631589554,1.118962655006122,-0.13571440415307612
1742111730.2583876,5.564964211654781e-12,0.0,0.00027708416366829043,2.359017636995277e-06,5.869311662726513,1.1164537406323678,-0.14205286638661957
1742111730.3581042,6.761696536222912e-12,0.0,0.00027860615140434277,2.600326236498588e-06,5.889233917577986,1.1134513849413485,-0.1541708557479057
1742111730.4641216,8.080825074639865e-12,0.0,0.000290664588144514,2.84267920712835e-06,5.907852462092523,1.1104656923465919,-0.16272045658752046
1742111730.5586035,9.196886387800335e-12,0.0,0.0002774622481650113,3.032636870414975e-06,5.921628063511825,1.1081346235264364,-0.17454142110272977
1742111730.6596432,1.0745241216225997e-11,0.0,0.000287299352614847,3.2779934740975304e-06,5.938565430739622,1.1050765774213032,-0.1842202617399368
1742111730.7588484,1.2366141585127132e-11,0.0,0.00028644959568886703,3.516552514200112e-06,5.954181000270465,1.1021088445317075,-0.19281278909966076
1742111730.8581553,1.4102456115206166e-11,0.0,0.00028337296452798135,3.7553237031188357e-06,5.9691620064454725,1.0990626367758325,-0.20601247237845985
1742111730.9584358,1.594268044372023e-11,0.0,0.0002807255716623794,3.992828626890995e-06,5.983488659537455,1.095978575471888,-0.21604012312218285
1742111731.0767853,1.742926671181009e-11,0.0,0.00028661349524216863,4.17483732758656e-06,5.994108309756982,1.0935963789967844,-0.2265146401323351
1742111731.158505,1.9342040262903663e-11,0.0,0.0002832516444502157,4.397958647248024e-06,6.006774623484926,1.090627258402777,-0.23611832070946423
1742111731.2580545,2.1283782137048355e-11,0.0,0.0002895464568459756,4.613434960747616e-06,6.018673533716903,1.0877140894470338,-0.24672635771184892
1742111731.3584135,2.521212705954839e-11,0.0,0.0002905664398408343,5.021167897964416e-06,6.024646874555428,1.0970722160956603,-0.24437241301147394
1742111731.4589128,2.7445325829597365e-11,0.0,0.0002964740021939538,5.23882866961665e-06,6.035462540314379,1.0943133695667404,-0.2537892614325707
1742111731.5600917,2.958262617012684e-11,0.0,0.0002896461314969233,5.438991282409527e-06,6.045224637567074,1.0917268516199945,-0.2623823885640328
1742111731.659703,3.181524975819441e-11,0.0,0.0002951960813860051,5.640500842850253e-06,6.054890958096159,1.0890767733216133,-0.2714075879028266
1742111731.758197,3.3539243987964417e-11,0.0,0.00028687933647180824,5.79130762332346e-06,6.062028486304154,1.087063570598406,-0.27946983136443543
1742111731.858019,3.5719296337910254e-11,0.0,0.0002914206942044601,5.976562250818631e-06,6.070705928351243,1.0845437431595588,-0.28635798253325867
1742111731.9590902,3.779194895628333e-11,0.0,0.00029562608344636376,6.147515673528887e-06,6.078635224266316,1.0821713824272967,-0.29314685844091815
1742111732.062007,3.989037031220841e-11,0.0,0.0002878333974434801,6.315882385875184e-06,6.0863773452849514,1.079792337832847,-0.30198411129621916
1742111732.1581535,4.152011367329058e-11,0.0,0.00029069747925365073,6.443610298061994e-06,6.0922193051871165,1.0779513325230448,-0.30879665397314476
1742111732.2632837,4.3578675736726937e-11,0.0,0.00028263399987056673,6.601414676925464e-06,6.099398638871493,1.0756388581735385,-0.31669745080379896
1742111732.3591785,4.5448745219793096e-11,0.0,0.0002856132657351183,6.741568453987032e-06,6.105765666089317,1.0735295540444527,-0.32281194858459866
1742111732.4583366,4.7357494317665776e-11,0.0,0.00028857286376536085,6.881678161441857e-06,6.1120974126280565,1.0713945291689528,-0.3275598906746333
1742111732.5580354,4.91220537903019e-11,0.0,0.000279478687892947,7.0087127056473e-06,6.117879915478477,1.0693746173649177,-0.34283477299122256
1742111732.6579962,5.0838603322373814e-11,0.0,0.0002819324430591886,7.130119446571271e-06,6.123552465445867,1.0672734527261873,-0.36144089929966383
1742111732.758008,5.2088937089019677e-11,0.0,0.00028368012401771257,7.217266594010483e-06,6.127667577435366,1.0657045195211725,-0.367312821077389
1742111732.8582997,5.356410783747746e-11,0.0,0.00028569759455203257,7.318750428691872e-06,6.132501319672359,1.0638184821973211,-0.38105339043049274
1742111732.9580688,5.495080679491448e-11,0.0,0.00027574697976914944,7.4128811399424504e-06,6.13713662101059,1.0619136181921913,-0.403714063095135
1742111733.0657353,5.6351566816325945e-11,0.0,0.0002775464273587913,7.506768067306059e-06,6.141944559218821,1.0598317951786895,-0.4128622137775843
1742111733.1588407,5.740573621415052e-11,0.0,0.0002788762032716784,7.5766573245825575e-06,6.145558392259982,1.058241013396938,-0.41701935462860523
1742111733.2581906,5.826145723021235e-11,0.0,0.0002799492281062532,7.63291931243953e-06,6.148533519597201,1.0568959719281472,-0.43513952426819247
1742111733.3581216,7.89073389489025e-11,0.0,0.0003027844553193957,8.882980296550392e-06,6.160040682167352,1.0733536762642488,-0.4293614207234355
1742111733.4581656,8.037439393105716e-11,0.0,0.0002917657679719347,8.96517673730179e-06,6.163895379044098,1.071558615572454,-0.44422465846204484
1742111733.5586832,8.174371719173106e-11,0.0,0.0002930519871970446,9.041223213245598e-06,6.167648365525437,1.069726663647595,-0.45886932596826274
1742111733.6579883,8.27624370063838e-11,0.0,0.0002940030692199238,9.09738627334158e-06,6.170441486022021,1.0683516803419677,-0.45669107422494604
1742111733.7584417,8.383523227017369e-11,0.0,0.00029498826403725,9.15615816105061e-06,6.173349388385402,1.0669233248248702,-0.45626665935182287
1742111733.8584216,8.485754067469441e-11,0.0,0.00029592307181891005,9.211815275758325e-06,6.176098066616504,1.0655726792299398,-0.4573262809243173
1742111733.958485,8.565553040159091e-11,0.0,0.00029665056063578555,9.255027304205585e-06,6.178232677699873,1.0645219415701683,-0.4576274929966898
1742111734.0584288,8.664748551614996e-11,0.0,0.0002975497921277985,9.308463112466524e-06,6.180866944471232,1.0632254204835432,-0.4568769513096782
1742111734.1585772,8.769306654212466e-11,0.0,0.0002860983810175285,9.364457621353447e-06,6.183615654164745,1.0618748387024926,-0.4565423904385537
1742111734.2585874,8.876748168189416e-11,0.0,0.0002870138079878624,9.421649626360246e-06,6.1864107599212765,1.0605038947350893,-0.4556244789090129
1742111734.358411,8.929645527554904e-11,0.0,0.00027530503072684706,9.449680167897167e-06,6.187774783700151,1.0598362795512308,-0.4546528635945292
1742111734.4580681,8.993495476864446e-11,0.0,0.0002758241886490533,9.483404176172418e-06,6.18941192033337,1.0590357710214706,-0.4550658939805002
1742111734.5582232,9.03440419171809e-11,0.0,0.0002761564810699928,9.504948285876199e-06,6.190457717024568,1.058524024847224,-0.45509441480302537
1742111734.658562,9.068290841728514e-11,0.0,0.0002764315427946167,9.522757395696119e-06,6.191321629278015,1.05810126420891,-0.4551019845929116
1742111734.7584164,9.105847658596078e-11,0.0,0.0002767361596055991,9.542456527852815e-06,6.1922764917327004,1.057634027115462,-0.45504264816903783
1742111734.8586287,9.141712509947299e-11,0.0,0.00027702679030133944,9.561230313064996e-06,6.193185882190647,1.0571890345923949,-0.45507403001451213
1742111734.9585116,9.16957262012609e-11,0.0,0.0002772524242339992,9.57578854200848e-06,6.193890658625019,1.0568441629948568,-0.4550787983860941
1742111735.0584624,9.20470531303522e-11,0.0,0.00027753679666274044,9.594115547060718e-06,6.194777319369953,1.0564103056019867,-0.45509289488458354
1742111735.1588764,9.239022559921227e-11,0.0,0.00027781439869002975,9.611983437314709e-06,6.195641240931037,1.0559875639844143,-0.4550702749218912
1742111735.2584903,9.27523953594473e-11,0.0,0.0002661629901901028,9.63080450219229e-06,6.1965506356314215,1.0555425801312692,-0.45505865201616
1742111735.3583024,9.30700733974492e-11,0.0,0.0002664094592742071,9.64728321329115e-06,6.197346356490739,1.0551532202743996,-0.4550607083764048
1742111735.4626503,9.313371977171035e-11,0.0,0.00026645882151858473,9.650581317812432e-06,6.1975055082988035,1.055075363911241,-0.45479260668420496
1742111735.5595636,9.312460731068082e-11,0.0,0.00026645175453388526,9.650109186464204e-06,6.197482766401995,1.0550864741305759,-0.4541728822913142
1742111735.658242,9.31337429608768e-11,0.0,0.0002664588394849825,9.650582519251198e-06,6.197505515779962,1.0550753792377767,-0.453664156648156
1742111735.7582972,9.31337429608768e-11,0.0,0.0002664588394849825,9.650582519251198e-06,6.197505515779962,1.0550753792377767,-0.45269348010682775
1742111735.858067,9.314294810430244e-11,0.0,0.0002664659781536084,9.651059429114632e-06,6.197528287330568,1.055064329917219,-0.45199205264711073
1742111735.9579573,9.312452860231353e-11,0.0,0.0002664516935495963,9.650105108355739e-06,6.197482741077412,1.0550864220434428,-0.450995284172532
1742111736.0580635,9.30967877869379e-11,0.0,0.0002664301792366012,9.64866766900684e-06,6.197414384404286,1.0551194832365796,-0.4499569712605447
1742111736.1584656,9.310605227572221e-11,0.0,0.0002664373644040186,9.649147748673051e-06,6.197437175786995,1.055108474888911,-0.4498520223822567
1742111736.2617528,9.310605227572354e-11,0.0,0.00026643736440401945,9.64914774867312e-06,6.197437175786996,1.0551084748889106,-0.4483022271122904
1742111736.3580806,9.308737450278331e-11,0.0,0.0002664228786260447,9.648179854396543e-06,6.197391545242613,1.0551303923862372,-0.4474842576708765
1742111736.4583423,9.308737450278331e-11,0.0,0.0002664228786260447,9.648179854396543e-06,6.197391545242613,1.0551303923862372,-0.4460472194876641
1742111736.5617075,9.308737450278331e-11,0.0,0.0002664228786260447,9.648179854396543e-06,6.197391545242613,1.0551303923862372,-0.4452407835450144
1742111736.6595488,9.308737450278331e-11,0.0,0.0002664228786260447,9.648179854396543e-06,6.197391545242613,1.0551303923862372,-0.4446834354128809
1742111736.7582598,9.308737450278331e-11,0.0,0.0002664228786260447,9.648179854396543e-06,6.197391545242613,1.0551303923862372,-0.44428517207765295
1742111736.8584435,9.310631211680347e-11,0.0,0.00026643756575189196,9.649161213121246e-06,6.197437258410561,1.0551086477418592,-0.4435204146828622
1742111736.958015,9.308727737029102e-11,0.0,0.00026642280335161726,9.648174820674169e-06,6.197391514499749,1.0551303276289197,-0.4417584715809793
1742111737.0582583,9.309682295112083e-11,0.0,0.00026643020648626126,9.648669491236646e-06,6.1974143954736824,1.055119506728952,-0.44139020428323467
1742111737.1579814,9.310641762850903e-11,0.0,0.000266437647511547,9.649166680522678e-06,6.197437291705723,1.0551087181515468,-0.4400317399229975
1742111737.2771947,9.312563231500146e-11,0.0,0.00026645254871704443,9.65016229474932e-06,6.197483091483855,1.0550871565259574,-0.43992622480058385
1742111737.3588054,9.312565768810662e-11,0.0,0.0002664525683762896,9.650163609395782e-06,6.197483099451171,1.0550871734869924,-0.43844549641275116
1742111737.4594624,9.313533756140216e-11,0.0,0.0002664600749344002,9.65066513569931e-06,6.197506021775849,1.0550764404596649,-0.43788382694387146
1742111737.5581028,9.314505796704973e-11,0.0,0.0002664676127299603,9.651168735808618e-06,6.197528956559934,1.0550657340819836,-0.4359908281292886
1742111737.657977,9.315482054968012e-11,0.0,0.00026647518303221326,9.65167449459834e-06,6.197551904285492,1.0550550554708387,-0.4355371324744195
1742111737.758325,9.317437322775309e-11,0.0,0.00026649034443686307,9.652687357816635e-06,6.197597807628849,1.0550337152190663,-0.4347488759484264
1742111737.8584933,9.317437322775309e-11,0.0,0.00026649034443686307,9.652687357816635e-06,6.197597807628849,1.0550337152190663,-0.4341547666516276
1742111737.9582822,9.31940046251865e-11,0.0,0.00026650556612571434,9.653704191924802e-06,6.19764373455617,1.0550124257680775,-0.43332614287996
1742111738.058335,9.320385978161972e-11,0.0,0.0002665132072676894,9.654214612365923e-06,6.197666709925867,1.0550018067647635,-0.43238085791730596
1742111738.1581156,9.321373530375512e-11,0.0,0.00026652086400411756,9.65472606052368e-06,6.197689691376109,1.0549912009272646,-0.4318594364848108
1742111738.258601,9.322360914953173e-11,0.0,0.0002665285192632683,9.655237394778634e-06,6.197712672092569,1.0549805934445458,-0.429944458457467
1742111738.3674934,9.322360914953238e-11,0.0,0.0002665285192632692,9.65523739477867e-06,6.197712672092571,1.0549805934445453,-0.42847208962106414
1742111738.457996,9.321359127146701e-11,0.0,0.00026652075245991877,9.654718601361046e-06,6.197689646947477,1.0549911040838016,-0.42746416017675115
1742111738.5580842,9.322367368666748e-11,0.0,0.0002665285692406139,9.655240736857237e-06,6.197712691891235,1.0549806369250998,-0.42590989455842687
1742111738.6586857,9.323382585168795e-11,0.0,0.0002665364398362238,9.655766455941649e-06,6.197735757916943,1.054970216277918,-0.42455794200563146
1742111738.7579722,9.323382585168795e-11,0.0,0.0002665364398362238,9.655766455941649e-06,6.197735757916943,1.054970216277918,-0.42363883838319494
1742111738.8584278,9.324406008762131e-11,0.0,0.0002665443737783518,9.656296396011325e-06,6.197758848668208,1.054959850537502,-0.42235957369470317
1742111738.9582963,9.323382803475583e-11,0.0,0.00026653644152669275,9.655766568986422e-06,6.197735758587994,1.0549702177473397,-0.42098702773713775
1742111739.05815,9.321327111165305e-11,0.0,0.0002665205045160064,9.654702020862843e-06,6.197689549520845,1.0549908876648506,-0.4194122581210108
1742111739.1589773,9.323392573468509e-11,0.0,0.00026653651718085825,9.655771628134393e-06,6.197735788134896,1.0549702839285988,-0.41812803134584153
1742111739.258089,9.324430043687467e-11,0.0,0.0002665445598830786,9.656308841212292e-06,6.197758921349648,1.0549600133288424,-0.41703713223600114
1742111739.3755922,9.3244278510575e-11,0.0,0.00026654454290536597,9.656307705876765e-06,6.197758914765187,1.054959998438104,-0.4157505957808466
1742111739.458242,9.326524388803977e-11,0.0,0.00026656079486063775,9.657393224262941e-06,6.197805245255758,1.0549396021389221,-0.4144732533421489
1742111739.5583842,9.325471623877285e-11,0.0,0.0002665526341866543,9.656848152413543e-06,6.1977820667027625,1.0549497700062154,-0.41292822644376476
1742111739.6586251,9.32441477660412e-11,0.0,0.0002665444416688648,9.656300935971352e-06,6.197758875709315,1.0549599094670996,-0.4118699757781001
1742111739.7584932,9.325473513264865e-11,0.0,0.00026655264881549474,9.656849130676561e-06,6.197782072326605,1.0549497828788055,-0.4108559964623424
1742111739.8644269,9.327599045116153e-11,0.0,0.0002665691247786861,9.657949598706836e-06,6.197828488693519,1.0549295827733844,-0.40936734065675445
1742111739.9579399,9.326530866346986e-11,0.0,0.00026656084501109847,9.657396577932888e-06,6.197805264606524,1.0549396462035794,-0.4080858556952448
1742111740.0585113,9.327601796354251e-11,0.0,0.0002665691460780669,9.65795102304534e-06,6.197828496825654,1.0549296015613019,-0.4075648663964242
1742111740.1600251,9.327601796354052e-11,0.0,0.000266569146078066,9.657951023045236e-06,6.197828496825652,1.0549296015613023,-0.40665783271455475
1742111740.263461,9.324364726201958e-11,0.0,0.00026654405412485793,9.656275020007434e-06,6.197758727786603,1.054959567501898,-0.40433378801011755
1742111740.3582873,9.32219729054754e-11,0.0,0.00026652725216287746,9.655152660909894e-06,6.197712186118515,1.0549794772107945,-0.40422523305082037
1742111740.4624717,9.32219729054754e-11,0.0,0.00026652725216287746,9.655152660909894e-06,6.197712186118515,1.0549794772107945,-0.40422544166707697
1742111740.5580287,9.323281015107796e-11,0.0,0.00026653565332678024,9.655713860252797e-06,6.197735457113726,1.0549695227331048,-0.4042089311804743
1742111740.6586843,9.323281015107796e-11,0.0,0.00026653565332678024,9.655713860252797e-06,6.197735457113726,1.0549695227331048,-0.40421130046510406
1742111740.758426,9.32219730276438e-11,0.0,0.0002665272522574838,9.655152667236485e-06,6.197712186154337,1.0549794772945376,-0.40421180710458476
1742111740.858359,9.323281023683196e-11,0.0,0.0002665356533931844,9.65571386469338e-06,6.197735457138867,1.0549695227918816,-0.4042176185574504
1742111740.9598203,9.323281030007426e-11,0.0,0.00026653565344215643,9.655713867968244e-06,6.19773545715741,1.0549695228352265,-0.40421389326715185
1742111741.0584056,9.322197312477417e-11,0.0,0.00026652725233270125,9.655152672266461e-06,6.1977121861828195,1.0549794773611167,-0.40420799240731914
1742111741.1582153,9.323281042504185e-11,0.0,0.00026653565353892494,9.655713874439417e-06,6.1977354571940495,1.054969522920878,-0.4042065469946832
1742111741.2672486,9.323281042504185e-11,0.0,0.00026653565353892494,9.655713874439417e-06,6.1977354571940495,1.054969522920878,-0.40421189651155187
1742111741.3584116,9.322197322265965e-11,0.0,0.0002665272524085033,9.65515267733554e-06,6.19771218621152,1.0549794774282157,-0.4042090652909252
1742111741.458179,9.323281049359443e-11,0.0,0.00026653565359200895,9.65571387798926e-06,6.197735457214147,1.0549695229678646,-0.40420712813996995
1742111741.5587845,9.323281049359443e-11,0.0,0.00026653565359200895,9.65571387798926e-06,6.197735457214147,1.0549695229678646,-0.4042129544939965
1742111741.6582992,9.323281047993485e-11,0.0,0.0002665356535814317,9.65571387728193e-06,6.197735457210143,1.0549695229585017,-0.40421375915670116
1742111741.7595515,9.323281047993485e-11,0.0,0.0002665356535814317,9.65571387728193e-06,6.197735457210143,1.0549695229585017,-0.4042075006689995
1742111741.8583956,9.323281047993485e-11,0.0,0.0002665356535814317,9.65571387728193e-06,6.197735457210143,1.0549695229585017,-0.4042116878952952
1742111741.958341,9.323281047993485e-11,0.0,0.0002665356535814317,9.65571387728193e-06,6.197735457210143,1.0549695229585017,-0.4042063234772652
1742111742.0579324,9.323281047993485e-11,0.0,0.0002665356535814317,9.65571387728193e-06,6.197735457210143,1.0549695229585017,-0.40419926032685954
1742111742.1582131,9.322197308354388e-11,0.0,0.0002665272523007731,9.655152670131316e-06,6.19771218617073,1.0549794773328551,-0.4042104212965937
1742111742.2585204,9.323281061097122e-11,0.0,0.00026653565368290005,9.655713884067363e-06,6.197735457248561,1.0549695230483143,-0.4041933445658656
1742111742.3582873,9.323281061097122e-11,0.0,0.00026653565368290005,9.655713884067363e-06,6.197735457248561,1.0549695230483143,-0.404206070157525
1742111742.4583313,9.323281052445773e-11,0.0,0.000266535653615908,9.65571387958745e-06,6.197735457223196,1.0549695229890181,-0.4042111663546534
1742111742.5583043,9.323281052445773e-11,0.0,0.000266535653615908,9.65571387958745e-06,6.197735457223196,1.0549695229890181,-0.40421052560472204
1742111742.6600728,9.323281052445773e-11,0.0,0.000266535653615908,9.65571387958745e-06,6.197735457223196,1.0549695229890181,-0.40421237334871024
1742111742.7615485,9.323281053912788e-11,0.0,0.000266535653627268,9.655713880347113e-06,6.1977354572274965,1.0549695229990737,-0.40421150908136094
1742111742.858565,9.323281053912788e-11,0.0,0.000266535653627268,9.655713880347113e-06,6.1977354572274965,1.0549695229990737,-0.40421688840055187
1742111742.9581482,9.322197318421368e-11,0.0,0.000266527252378731,9.655152675344584e-06,6.197712186200247,1.054979477401862,-0.4042023001637429
1742111743.058611,9.323281054519998e-11,0.0,0.0002665356536319701,9.655713880661541e-06,6.197735457229278,1.0549695230032343,-0.40420124218129816
1742111743.1584623,9.323281049637642e-11,0.0,0.00026653565359416315,9.65571387813332e-06,6.1977354572149626,1.0549695229697715,-0.4042041181054087
1742111743.2581203,9.323281049637642e-11,0.0,0.00026653565359416315,9.65571387813332e-06,6.1977354572149626,1.0549695229697715,-0.4042087225642176
1742111743.3582232,9.32219728748707e-11,0.0,0.00026652725213917696,9.655152659325004e-06,6.197712186109543,1.054979477189814,-0.4041972486700982
1742111743.4582217,9.322197316599983e-11,0.0,0.00026652725236462623,9.655152674401365e-06,6.197712186194906,1.0549794773893775,-0.4042143999066325
1742111743.558149,9.323281042225554e-11,0.0,0.00026653565353676754,9.655713874295133e-06,6.197735457193231,1.0549695229189702,-0.404208364936349
1742111743.658299,9.323281042225554e-11,0.0,0.00026653565353676754,9.655713874295133e-06,6.197735457193231,1.0549695229189702,-0.4042114494767161
1742111743.7592115,9.323281042225554e-11,0.0,0.00026653565353676754,9.655713874295133e-06,6.197735457193231,1.0549695229189702,-0.4042145489182442
1742111743.8590822,9.323281042225554e-11,0.0,0.00026653565353676754,9.655713874295133e-06,6.197735457193231,1.0549695229189702,-0.4042083947386713
1742111743.9582746,9.323281042225554e-11,0.0,0.00026653565353676754,9.655713874295133e-06,6.197735457193231,1.0549695229189702,-0.40421052560472204
1742111744.0587108,9.323281042225554e-11,0.0,0.00026653565353676754,9.655713874295133e-06,6.197735457193231,1.0549695229189702,-0.40421712681913097
1742111744.1639943,9.32219732666683e-11,0.0,0.00026652725244258394,9.655152679614565e-06,6.1977121862244235,1.0549794774583838,-0.4042113302674265
1742111744.2602468,9.322197335544936e-11,0.0,0.0002665272525113355,9.655152684212163e-06,6.197712186250456,1.0549794775192407,-0.4042165605750056
1742111744.3584428,9.32328103367523e-11,0.0,0.00026653565347055776,9.655713869867536e-06,6.197735457168161,1.0549695228603675,-0.4042147128310175
1742111744.4582548,9.32328103367523e-11,0.0,0.00026653565347055776,9.655713869867536e-06,6.197735457168161,1.0549695228603675,-0.4042180953946086
1742111744.5652666,9.32328103367523e-11,0.0,0.00026653565347055776,9.655713869867536e-06,6.197735457168161,1.0549695228603675,-0.40421331212186523
1742111744.6585364,9.32328103367523e-11,0.0,0.00026653565347055776,9.655713869867536e-06,6.197735457168161,1.0549695228603675,-0.40420842454099365
1742111744.758527,9.32328103367523e-11,0.0,0.00026653565347055776,9.655713869867536e-06,6.197735457168161,1.0549695228603675,-0.40420946762227733
1742111744.8586175,9.32328103367523e-11,0.0,0.00026653565347055776,9.655713869867536e-06,6.197735457168161,1.0549695228603675,-0.4042138485636682
1742111744.9585042,9.32328103367523e-11,0.0,0.00026653565347055776,9.655713869867536e-06,6.197735457168161,1.0549695228603675,-0.40421150908136094
1742111745.058983,9.32328103367523e-11,0.0,0.00026653565347055776,9.655713869867536e-06,6.197735457168161,1.0549695228603675,-0.4042212544407817
1742111745.1617143,9.324364801544157e-11,0.0,0.00026654405470823806,9.656275059019475e-06,6.1977587280074715,1.054959568018229,-0.4042246668066951
1742111745.2583802,9.323281040328206e-11,0.0,0.0002665356535220755,9.655713873312633e-06,6.197735457187667,1.0549695229059666,-0.40421904906892503
1742111745.3595364,9.32436503432488e-11,0.0,0.000266544056510676,9.65627517955287e-06,6.19775872868985,1.0549595696135328,-0.4040952800240488
1742111745.462683,9.318937379948835e-11,0.0,0.00026650197943035457,9.653464341856158e-06,6.197642345828264,1.0550092767461337,-0.40280439242982585
1742111745.5587661,9.316761506173885e-11,0.0,0.0002664851094783515,9.652337284913891e-06,6.197595776604411,1.0550291219163082,-0.4027042715277643
1742111745.6584356,9.312384655744019e-11,0.0,0.00026645117188226793,9.650069769563337e-06,6.197502561430758,1.0550686316288187,-0.39874685094022466
1742111745.7585657,9.307973353270803e-11,0.0,0.0002664169629311071,9.647783866396886e-06,6.197409241387737,1.0551078931086,-0.39780009076261247
1742111745.8606596,9.31238565288069e-11,0.0,0.0002664511796081166,9.650070286210712e-06,6.197502564320862,1.055068638502974,-0.39851002678537095
1742111745.958309,9.316798086164727e-11,0.0,0.0002664853928346899,9.652356233668921e-06,6.197595882942531,1.0550293736605356,-0.3974851100172969
1742111746.0582855,9.322368522899499e-11,0.0,0.0002665285781733705,9.655241334580663e-06,6.197712682911565,1.054980655533078,-0.3861442236628503
1742111746.1612163,9.318888542687e-11,0.0,0.00026650160117354886,9.65343904662323e-06,6.197642212668789,1.0550089331298753,-0.37705728695058527
1742111746.2580495,9.314093528461317e-11,0.0,0.0002664644260405868,9.650955148824036e-06,6.197547819544255,1.0550455385879955,-0.36826989338063904
1742111746.3583915,9.312915849785935e-11,0.0,0.0002664552946114829,9.650344993722211e-06,6.197524278259676,1.0550548358329968,-0.3779606847491235
1742111746.4583287,9.31403932485056e-11,0.0,0.0002664640061092476,9.6509270667903e-06,6.1975476669444305,1.0550451611097642,-0.3967333911385508
1742111746.5597603,9.313999185269974e-11,0.0,0.0002664636951332762,9.65090627105557e-06,6.197547548325625,1.0550448864294988,-0.42037558838987077
1742111746.658525,9.313999185269974e-11,0.0,0.0002664636951332762,9.65090627105557e-06,6.197547548325625,1.0550448864294988,-0.4335002778496714
1742111746.7583103,9.313987579195951e-11,0.0,0.00026646360521594245,9.650900258108541e-06,6.197547512055156,1.055044808714117,-0.440277072640893
1742111746.8614645,9.313085980193777e-11,0.0,0.0002664566127532224,9.650433140638703e-06,6.197524801380823,1.055055982617444,-0.46347670540475555
1742111746.9605668,9.313085980193777e-11,0.0,0.0002664566127532224,9.650433140638703e-06,6.197524801380823,1.055055982617444,-0.5208916841473552
1742111747.0583327,9.313085980193777e-11,0.0,0.0002664566127532224,9.650433140638703e-06,6.197524801380823,1.055055982617444,-0.626756000372407
1742111747.158094,1.0499211387351118e-10,0.0,0.0002751787691109587,1.024656595516328e-05,6.200039204731226,1.0633925201841372,-0.7499582956914412
1742111747.2617626,1.0499211387351118e-10,0.0,0.0002751787691109587,1.024656595516328e-05,6.200039204731226,1.0633925201841372,-0.8730277012471662
1742111747.3587487,8.384763745090111e-11,0.0,0.0002590232529920699,9.156835558799837e-06,6.199199857247155,1.0444384136224827,-0.9122340263133403
1742111747.45859,8.384763745090111e-11,0.0,0.0002590232529920699,9.156835558799837e-06,6.199199857247155,1.0444384136224827,-0.9005432308917399
1742111747.5582352,8.384763745090111e-11,0.0,0.0002590232529920699,9.156835558799837e-06,6.199199857247155,1.0444384136224827,-0.8079289973979351
1742111747.6582682,8.384763745090111e-11,0.0,0.0002590232529920699,9.156835558799837e-06,6.199199857247155,1.0444384136224827,-0.7720789493327496
1742111747.7580824,8.384763745090111e-11,0.0,0.0002590232529920699,9.156835558799837e-06,6.199199857247155,1.0444384136224827,-0.6962727488284465
1742111747.8584397,7.543914770792436e-11,0.0,0.0002517817262856085,8.685571236707714e-06,6.1882998502598845,1.0446341033349489,-0.5627594531833556
1742111747.961469,7.543914770792436e-11,0.0,0.0002517817262856085,8.685571236707714e-06,6.1882998502598845,1.0446341033349489,-0.4330012441932585
1742111748.0611293,6.074909303681508e-11,0.0,0.000237543480549913,7.794170452127351e-06,6.17587485984261,1.0365563728365386,-0.33694325920768015
1742111748.1625838,6.074909303681508e-11,0.0,0.000237543480549913,7.794170452127351e-06,6.17587485984261,1.0365563728365386,-0.29191775408215753
1742111748.2582757,6.074909303681508e-11,0.0,0.000237543480549913,7.794170452127351e-06,6.17587485984261,1.0365563728365386,-0.2896034398359799
1742111748.358026,6.074909303681508e-11,0.0,0.000237543480549913,7.794170452127351e-06,6.17587485984261,1.0365563728365386,-0.29406413224168054
1742111748.4584844,6.074909303681508e-11,0.0,0.000237543480549913,7.794170452127351e-06,6.17587485984261,1.0365563728365386,-0.2561801874322438
1742111748.5583265,6.074909303681508e-11,0.0,0.000237543480549913,7.794170452127351e-06,6.17587485984261,1.0365563728365386,-0.21750407640464536
1742111748.6604955,6.074909303681508e-11,0.0,0.000237543480549913,7.794170452127351e-06,6.17587485984261,1.0365563728365386,-0.21990591820903058
1742111748.7587004,6.074909303681508e-11,0.0,0.000237543480549913,7.794170452127351e-06,6.17587485984261,1.0365563728365386,-0.25012312617726556
1742111748.8583508,6.074909303681508e-11,0.0,0.000237543480549913,7.794170452127351e-06,6.17587485984261,1.0365563728365386,-0.2819489442986989
1742111748.9582255,6.074909303681508e-11,0.0,0.000237543480549913,7.794170452127351e-06,6.17587485984261,1.0365563728365386,-0.3220799991173292
1742111749.0583909,6.074909303681508e-11,0.0,0.000237543480549913,7.794170452127351e-06,6.17587485984261,1.0365563728365386,-0.3500200861377262
1742111749.158303,6.074909303681508e-11,0.0,0.000237543480549913,7.794170452127351e-06,6.17587485984261,1.0365563728365386,-0.3611272775811695
1742111749.2581148,6.074909303681508e-11,0.0,0.000237543480549913,7.794170452127351e-06,6.17587485984261,1.0365563728365386,-0.3624377751035237
1742111749.3607564,6.074909303681508e-11,0.0,0.000237543480549913,7.794170452127351e-06,6.17587485984261,1.0365563728365386,-0.36267306443877456
1742111749.4583523,6.074909303681508e-11,0.0,0.000237543480549913,7.794170452127351e-06,6.17587485984261,1.0365563728365386,-0.37012883063979396
1742111749.560575,6.074909303681508e-11,0.0,0.000237543480549913,7.794170452127351e-06,6.17587485984261,1.0365563728365386,-0.3869933539313817
1742111749.65914,6.074909303681508e-11,0.0,0.000237543480549913,7.794170452127351e-06,6.17587485984261,1.0365563728365386,-0.3947631621045613
1742111749.7583225,6.074909303681508e-11,0.0,0.000237543480549913,7.794170452127351e-06,6.17587485984261,1.0365563728365386,-0.38168480035491226
1742111749.8593934,6.074909303681508e-11,0.0,0.000237543480549913,7.794170452127351e-06,6.17587485984261,1.0365563728365386,-0.3473763221187139
1742111749.9588583,6.074909303681508e-11,0.0,0.000237543480549913,7.794170452127351e-06,6.17587485984261,1.0365563728365386,-0.31129888233371017
1742111750.0620878,6.074909303681508e-11,0.0,0.000237543480549913,7.794170452127351e-06,6.17587485984261,1.0365563728365386,-0.28821107533402673
1742111750.1665347,6.074909303681508e-11,0.0,0.000237543480549913,7.794170452127351e-06,6.17587485984261,1.0365563728365386,-0.28571828242964975
1742111750.258499,6.074909303681508e-11,0.0,0.000237543480549913,7.794170452127351e-06,6.17587485984261,1.0365563728365386,-0.2992567547840619
1742111750.3614821,6.074909303681508e-11,0.0,0.000237543480549913,7.794170452127351e-06,6.17587485984261,1.0365563728365386,-0.3100589343590283
1742111750.4585638,6.074909303681508e-11,0.0,0.000237543480549913,7.794170452127351e-06,6.17587485984261,1.0365563728365386,-0.3145579674524808
1742111750.5584426,6.074909303681508e-11,0.0,0.000237543480549913,7.794170452127351e-06,6.17587485984261,1.0365563728365386,-0.32255223181672343
1742111750.6582448,6.074909303681508e-11,0.0,0.000237543480549913,7.794170452127351e-06,6.17587485984261,1.0365563728365386,-0.3189810940308117
1742111750.7580862,6.074909303681508e-11,0.0,0.000237543480549913,7.794170452127351e-06,6.17587485984261,1.0365563728365386,-0.3012678005976224
1742111750.8619418,6.074909303681508e-11,0.0,0.000237543480549913,7.794170452127351e-06,6.17587485984261,1.0365563728365386,-0.275669103233292
1742111750.9594893,6.074909303681508e-11,0.0,0.000237543480549913,7.794170452127351e-06,6.17587485984261,1.0365563728365386,-0.2634294756931805
1742111751.0587518,6.074909303681508e-11,0.0,0.000237543480549913,7.794170452127351e-06,6.17587485984261,1.0365563728365386,-0.27843685981459854
1742111751.1597857,6.074909303681508e-11,0.0,0.000237543480549913,7.794170452127351e-06,6.17587485984261,1.0365563728365386,-0.31123915102906463
1742111751.2583714,6.074909303681508e-11,0.0,0.000237543480549913,7.794170452127351e-06,6.17587485984261,1.0365563728365386,-0.35918428537078156
1742111751.3583536,6.074162639133441e-11,0.0,0.00023753568366694712,7.793691448301916e-06,6.175851453521977,1.036566004814461,-0.3973049574775242
1742111751.4584856,6.074910840594453e-11,0.0,0.00023754349664249473,7.794171438064762e-06,6.1758748665012835,1.036556389033458,-0.37158814605899076
1742111751.56077,6.074910840594453e-11,0.0,0.00023754349664249473,7.794171438064762e-06,6.1758748665012835,1.036556389033458,-0.34004656013674966
1742111751.6588204,6.074910840594453e-11,0.0,0.00023754349664249473,7.794171438064762e-06,6.1758748665012835,1.036556389033458,-0.30387712803311584
1742111751.7611525,6.074910840594453e-11,0.0,0.00023754349664249473,7.794171438064762e-06,6.1758748665012835,1.036556389033458,-0.2532522731704259
1742111751.858272,6.074910840594453e-11,0.0,0.00023754349664249473,7.794171438064762e-06,6.1758748665012835,1.036556389033458,-0.19521429177947283
1742111751.9581769,4.5888198664784666e-11,0.0,0.00022031665849652673,6.774082865213908e-06,6.1496323874949255,1.035106122050044,-0.17988109735499822
1742111752.0632892,4.587821063718633e-11,0.0,0.00022030365114013962,6.773345601487225e-06,6.149607275073583,1.035109283875239,-0.11022500095616782
1742111752.1600459,4.5888792636648835e-11,0.0,0.00022031743005887562,6.774126706568813e-06,6.149632495697103,1.0351071505694853,-0.018508025982489202
1742111752.2582152,3.843066314478223e-11,0.0,0.00021006632436365377,6.1992469820763095e-06,6.106470327719045,1.0581353435553442,0.06918808937589914
1742111752.3585968,3.843066314478223e-11,0.0,0.00021006632436365377,6.1992469820763095e-06,6.106470327719045,1.0581353435553442,0.18787950397054942
1742111752.4590209,3.145840135533861e-11,0.0,0.00019909016294341375,5.608778954045043e-06,6.067531013331244,1.076254931144114,0.229145145581358
1742111752.5724065,3.145840135533861e-11,0.0,0.00019909016294341375,5.608778954045043e-06,6.067531013331244,1.076254931144114,0.22518677131950188
1742111752.658307,3.145840135533861e-11,0.0,0.00019909016294341375,5.608778954045043e-06,6.067531013331244,1.076254931144114,0.16064328567802244
1742111752.758328,3.145840135533861e-11,0.0,0.00019909016294341375,5.608778954045043e-06,6.067531013331244,1.076254931144114,0.0836922587615185
1742111752.8629034,3.145840135533861e-11,0.0,0.00019909016294341375,5.608778954045043e-06,6.067531013331244,1.076254931144114,0.04821658747016723
1742111752.9609156,3.145840135533861e-11,0.0,0.00019909016294341375,5.608778954045043e-06,6.067531013331244,1.076254931144114,0.026089227364652693
1742111753.05828,3.145840135533861e-11,0.0,0.00019909016294341375,5.608778954045043e-06,6.067531013331244,1.076254931144114,-0.00658907873810002
1742111753.1581633,2.5685632349346968e-11,0.0,0.00018841840720912377,5.068099481003403e-06,6.0274668894647245,1.096033660914963,-0.09989688495707492
1742111753.2586982,2.568525347455438e-11,0.0,0.00018841765984174341,5.0680621024760916e-06,6.0274667139131015,1.0960325139584288,-0.19159058431696868
1742111753.358389,2.568525347455438e-11,0.0,0.00018841765984174341,5.0680621024760916e-06,6.0274667139131015,1.0960325139584288,-0.22267933140110954
1742111753.458124,2.568525347455438e-11,0.0,0.00018841765984174341,5.0680621024760916e-06,6.0274667139131015,1.0960325139584288,-0.16216688553404787
1742111753.5584793,2.568525347455438e-11,0.0,0.00018841765984174341,5.0680621024760916e-06,6.0274667139131015,1.0960325139584288,-0.13936112026286102
1742111753.6587708,2.5678858217102262e-11,0.0,0.0001884048221744953,5.067431126034399e-06,6.027441476439623,1.0960344376986941,-0.06583549777579292
1742111753.7584064,2.5685463978786022e-11,0.0,0.0001884180745406158,5.068082870157711e-06,6.027466757004689,1.0960332032457245,-0.007358453670263047
1742111753.858244,2.5685463978786022e-11,0.0,0.0001884180745406158,5.068082870157711e-06,6.027466757004689,1.0960332032457245,0.05673433144974735
1742111753.9633503,2.5685463978786022e-11,0.0,0.0001884180745406158,5.068082870157711e-06,6.027466757004689,1.0960332032457245,0.12219146688866636
1742111754.0581615,2.5685463978786022e-11,0.0,0.0001884180745406158,5.068082870157711e-06,6.027466757004689,1.0960332032457245,0.2061161180346015
1742111754.159189,2.3135810158065806e-11,0.0,0.00018289277512217433,4.809969870806449e-06,5.997529059505416,1.1156071558428282,0.25012636021776824
1742111754.2590516,2.3135810158065806e-11,0.0,0.00018289277512217433,4.809969870806449e-06,5.997529059505416,1.1156071558428282,0.29479920701189677
1742111754.3620045,2.3135810158065806e-11,0.0,0.00018289277512217433,4.809969870806449e-06,5.997529059505416,1.1156071558428282,0.2967234237591807
1742111754.4612823,2.3135810158065806e-11,0.0,0.00018289277512217433,4.809969870806449e-06,5.997529059505416,1.1156071558428282,0.23349565104647302
1742111754.5583289,2.3135626195383168e-11,0.0,0.00018289239543587926,4.8099507477086674e-06,5.997529241323855,1.1156062632824775,0.16151499585314424
1742111754.6582692,2.3135626195383168e-11,0.0,0.00018289239543587926,4.8099507477086674e-06,5.997529241323855,1.1156062632824775,0.10200270847483309
1742111754.758298,2.3135626195383168e-11,0.0,0.00018289239543587926,4.8099507477086674e-06,5.997529241323855,1.1156062632824775,0.06293889717264801
1742111754.858339,2.3135626195383168e-11,0.0,0.00018289239543587926,4.8099507477086674e-06,5.997529241323855,1.1156062632824775,0.012692449847895235
1742111754.9579513,2.4859792297751234e-11,0.0,0.0001863833612828841,4.985959516256749e-06,5.994919288168175,1.1246386899210017,-0.03283685675865347
1742111755.0582047,2.4859792297751234e-11,0.0,0.0001863833612828841,4.985959516256749e-06,5.994919288168175,1.1246386899210017,-0.08904420069461995
1742111755.1583579,2.4859792297751234e-11,0.0,0.0001863833612828841,4.985959516256749e-06,5.994919288168175,1.1246386899210017,-0.16630593172317673
1742111755.2627747,2.485475308291933e-11,0.0,0.00018637300001777995,4.985454150117051e-06,5.994894670845776,1.1246445736512864,-0.2650522445053452
1742111755.3587964,2.5470497899783182e-11,0.0,0.00018752263390050563,5.046830480587116e-06,5.981648158028355,1.1399579692362558,-0.3583047117887787
1742111755.462635,2.5470497899783182e-11,0.0,0.00018752263390050563,5.046830480587116e-06,5.981648158028355,1.1399579692362558,-0.42861150091875105
1742111755.558207,2.5470467966874773e-11,0.0,0.00018752257405974716,5.0468275150707074e-06,5.981648124113791,1.1399578961724508,-0.4349765095709614
1742111755.658221,2.5470467966874773e-11,0.0,0.00018752257405974716,5.0468275150707074e-06,5.981648124113791,1.1399578961724508,-0.4022717688082508
1742111755.7582436,2.5470467966874773e-11,0.0,0.00018752257405974716,5.0468275150707074e-06,5.981648124113791,1.1399578961724508,-0.36021831145871197
1742111755.860229,2.5470467966874773e-11,0.0,0.00018752257405974716,5.0468275150707074e-06,5.981648124113791,1.1399578961724508,-0.3133963591269007
1742111755.9582849,2.5470467966874773e-11,0.0,0.00018752257405974716,5.0468275150707074e-06,5.981648124113791,1.1399578961724508,-0.27812813481677084
1742111756.062712,2.5470467966874773e-11,0.0,0.00018752257405974716,5.0468275150707074e-06,5.981648124113791,1.1399578961724508,-0.23159725105751072
1742111756.158732,2.5470467966874773e-11,0.0,0.00018752257405974716,5.0468275150707074e-06,5.981648124113791,1.1399578961724508,-0.17438613510120424
1742111756.25888,2.5470467966874773e-11,0.0,0.00018752257405974716,5.0468275150707074e-06,5.981648124113791,1.1399578961724508,-0.09588261580455809
1742111756.3584163,1.7608878254449315e-11,0.0,0.0001704787690674728,4.1962933947055364e-06,5.9336144526191426,1.1547736762654206,0.002878666804820425
1742111756.4583457,1.7608878254449315e-11,0.0,0.0001704787690674728,4.1962933947055364e-06,5.9336144526191426,1.1547736762654206,0.11245316355088367
1742111756.558378,1.6220368306982945e-11,0.0,0.0001668522629008705,4.027451837947034e-06,5.915239055209348,1.1661702448596178,0.17065027048940729
1742111756.6585846,1.6225783827041227e-11,0.0,0.00016686679267464134,4.028124107700907e-06,5.915263874922939,1.1661752059745578,0.25595834544057894
1742111756.7579703,1.6225783827041227e-11,0.0,0.00016686679267464134,4.028124107700907e-06,5.915263874922939,1.1661752059745578,0.31384429028387145
1742111756.8582592,1.6485322121231222e-11,0.0,0.00016746476737253515,4.060212078356403e-06,5.895420902365807,1.188414917020625,0.28697693203943586
1742111756.9589534,1.6485322121231222e-11,0.0,0.00016746476737253515,4.060212078356403e-06,5.895420902365807,1.188414917020625,0.2409519538785776
1742111757.0582292,1.6485322121231222e-11,0.0,0.00016746476737253515,4.060212078356403e-06,5.895420902365807,1.188414917020625,0.21949243401544888
1742111757.161898,1.6485322121231222e-11,0.0,0.00016746476737253515,4.060212078356403e-06,5.895420902365807,1.188414917020625,0.18091231440561617
1742111757.2584107,1.6485190636941168e-11,0.0,0.0001674644113124029,4.060195886523354e-06,5.895421028427471,1.188414042779724,0.11111351703661294
1742111757.3674788,1.88146760257949e-11,0.0,0.000173460145420841,4.337588734054313e-06,5.873304131342135,1.2244768549941512,0.055363354529337355
1742111757.4582188,1.88146760257949e-11,0.0,0.000173460145420841,4.337588734054313e-06,5.873304131342135,1.2244768549941512,-0.030219378624959554
1742111757.5585196,1.88146760257949e-11,0.0,0.000173460145420841,4.337588734054313e-06,5.873304131342135,1.2244768549941512,-0.12809524193863447
1742111757.658074,2.0156808313379233e-11,0.0,0.00017669005306876804,4.489633427505995e-06,5.861960604800688,1.2434060335841073,-0.22921131685566756
1742111757.7593086,2.0156808313379233e-11,0.0,0.00017669005306876804,4.489633427505995e-06,5.861960604800688,1.2434060335841073,-0.3438865108807073
1742111757.858359,1.6608960956833204e-11,0.0,0.0001677679628091434,4.075409299301507e-06,5.8293416647068685,1.2611541162714524,-0.3893681330157598
1742111757.958134,1.6608960956833204e-11,0.0,0.0001677679628091434,4.075409299301507e-06,5.8293416647068685,1.2611541162714524,-0.3659740699006399
1742111758.0588064,1.6608960956833204e-11,0.0,0.0001677679628091434,4.075409299301507e-06,5.8293416647068685,1.2611541162714524,-0.3031764676345667
1742111758.1583173,1.6608960956833204e-11,0.0,0.0001677679628091434,4.075409299301507e-06,5.8293416647068685,1.2611541162714524,-0.24848377644253578
1742111758.2583132,1.6608960956833204e-11,0.0,0.0001677679628091434,4.075409299301507e-06,5.8293416647068685,1.2611541162714524,-0.15264453864825572
1742111758.3582675,1.4321704849609263e-11,0.0,0.00016125032359666426,3.784402839234912e-06,5.81053032145471,1.2681639267328426,-0.055457670649331395
1742111758.469805,1.4325891770815902e-11,0.0,0.00016126304431054813,3.784955980036743e-06,5.810555625279811,1.2681633374286978,0.05516489926930112
1742111758.5610225,9.455161043036159e-12,0.0,0.0001442853445513423,3.074924558917854e-06,5.760153792116606,1.2860967718602692,0.19271531167574366
1742111758.658369,9.455161043036159e-12,0.0,0.0001442853445513423,3.074924558917854e-06,5.760153792116606,1.2860967718602692,0.3371852284962698
1742111758.7583308,7.52608388534627e-12,0.0,0.00013574010424432384,2.743370898246584e-06,5.721303765164697,1.3099057735279849,0.4186784600583232
1742111758.8594363,7.52608388534627e-12,0.0,0.00013574010424432384,2.743370898246584e-06,5.721303765164697,1.3099057735279849,0.5170456146565593
1742111758.958252,7.523090079392642e-12,0.0,0.00013572570988315893,2.7428252002985246e-06,5.721282060399313,1.3098927530055777,0.540596482690922
1742111759.0745478,6.857002764544606e-26,0.0,2.887481487050411e-08,2.618587933322959e-13,5.721303805955998,1.3099057052875596,0.5221180295315896
1742111759.1585882,6.857002764544606e-26,0.0,2.887481487050411e-08,2.618587933322959e-13,5.721303805955998,1.3099057052875596,0.5010156010953106
