Timestamp,CI,II,PI,ADI,Robot_X,Robot_Y,Robot_Theta
1742112751.7201123,9.560603852953995e-12,0.0,0.00014470958463218622,3.0920226152073975e-06,-0.1748933617514723,0.5606577056174973,0.0511252039143018
1742112751.819996,9.665069978138634e-12,0.0,0.0001451300042545112,3.108869565957799e-06,-0.1748933617514723,0.5606577056174973,0.051127230472224235
1742112751.919527,9.665069978138634e-12,0.0,0.0001451300042545112,3.108869565957799e-06,-0.1748933617514723,0.5606577056174973,0.051136111564295754
1742112752.0245652,1.1201606680732258e-11,0.0,0.00015097138322929456,3.3468801413752864e-06,-0.1748933617514723,0.5606577056174973,0.05112472707714357
1742112752.1210449,9.447370821762312e-12,0.0,0.00014425138452292023,3.0736575641672108e-06,-0.17489336174654113,0.5606577055210713,0.05113235647167484
1742112752.21921,1.361679971608422e-11,0.0,0.000159073608596987,3.690094811259491e-06,-0.17489336174654113,0.5606577055210713,0.051130329913752465
1742112752.3192153,1.361679971608422e-11,0.0,0.000159073608596987,3.690094811259491e-06,-0.17489336174654113,0.5606577055210713,0.05114356214489253
1742112752.4246352,7.953371379506027e-12,0.0,0.0001377713727006763,2.8201722251497385e-06,-0.17489336174654113,0.5606577055210713,0.05114952260937019
1742112752.519266,6.557409578808778e-12,0.0,0.0001308432320742561,2.560743950263044e-06,-0.17489336174654113,0.5606577055210713,0.051131402797358394
1742112752.6191933,7.404489226891128e-12,0.0,0.0001351607838953996,2.72111911295539e-06,-0.17489336174654113,0.5606577055210713,0.05114177400554943
1742112752.719178,9.136914378686608e-12,0.0,0.00014297245739520553,3.0227329320809356e-06,-0.17489336174654113,0.5606577055210713,0.05112961465801518
1742112752.819292,1.1228323816024588e-11,0.0,0.0001510681458980417,3.3508691135322773e-06,-0.17489336174654113,0.5606577055210713,0.05113652879680907
1742112752.9216394,7.921519964059756e-12,0.0,0.00013762346142725932,2.814519490794078e-06,-0.17489336174654113,0.5606577055210713,0.05114588672603884
1742112753.020693,7.921519964059756e-12,0.0,0.00013762346142725932,2.814519490794078e-06,-0.17489336174654113,0.5606577055210713,0.05114022428478519
1742112753.119182,9.509924383990912e-12,0.0,0.00014450778468478242,3.083816528912009e-06,-0.17489336174654113,0.5606577055210713,0.05113897258724487
1742112753.2189114,1.0018740807969161e-11,0.0,0.00014653731328097695,3.165239455075897e-06,-0.17489336174654113,0.5606577055210713,0.05114338333095822
1742112753.319308,6.660660481788505e-12,0.0,0.00013139521345258636,2.5808255426875536e-06,-0.17489336174654113,0.5606577055210713,0.05114678079571043
1742112753.4192064,6.660660481788505e-12,0.0,0.00013139521345258636,2.5808255426875536e-06,-0.17489336174654113,0.5606577055210713,0.05113867456402093
1742112753.5190077,8.901072299304608e-12,0.0,0.00014197376488930718,2.98346649039412e-06,-0.17489336173751724,0.5606577053447888,0.05115262205089852
1742112753.619449,8.86538572891556e-09,0.0,0.0008946440249882802,9.415617732743592e-05,-0.17489336173751724,0.5606577053447888,0.051142191238062684
1742112753.7190826,8.812278155235868e-09,0.0,0.0008931763320092258,9.387373517249576e-05,-0.17489336173751724,0.5606577053447888,0.05114940340008056
1742112753.8191705,1.0458411444183453e-11,0.0,0.00014822323822398403,3.233946728717629e-06,-0.17489336173751724,0.5606577053447888,0.05113545591320311
1742112753.919363,9.598007188746469e-12,0.0,0.00014486308672775563,3.098065071741791e-06,-0.17489336173751724,0.5606577053447888,0.051149761027949145
1742112754.019237,9.598007188746469e-12,0.0,0.00014486308672775563,3.098065071741791e-06,-0.17489336173751724,0.5606577053447888,0.051133786983149444
1742112754.118954,9.495838273659107e-12,0.0,0.00014444784026280318,3.08153180636824e-06,-0.17489336173751724,0.5606577053447888,0.051144038982050874
1742112754.2194386,5.931414830289774e-09,0.0,0.0008018037563459914,7.701567911983751e-05,-0.17489336173751724,0.5606577053447888,0.051143204517024
1742112754.3191824,9.810071709223633e-12,0.0,0.00014570999835872495,3.1321034001487933e-06,-0.17489336173751724,0.5606577053447888,0.0511377208897046
1742112754.4191537,8.467447959269671e-12,0.0,0.00014009729219021305,2.9098879633535155e-06,-0.17489336173751724,0.5606577053447888,0.05114761526073735
1742112754.5192149,6.731239662204458e-12,0.0,0.0001317628270920165,2.594463270544499e-06,-0.17489336173751724,0.5606577053447888,0.05116490060772223
1742112754.6192162,1.1367264421444831e-11,0.0,0.0001515644384476713,3.3715373973077667e-06,-0.17489336173751724,0.5606577053447888,0.051149164981501655
1742112754.7192008,1.1367264421444831e-11,0.0,0.0001515644384476713,3.3715373973077667e-06,-0.17489336173751724,0.5606577053447888,0.051149761027949145
1742112754.818981,5.797735817623261e-09,0.0,0.0007994650485443897,7.614286452205e-05,-0.17489336173751724,0.5606577053447888,0.05113670761074346
1742112754.9190748,6.8707647742714845e-09,0.0,0.0008373275842554061,8.289007645232018e-05,-0.17489336173751724,0.5606577053447888,0.051153396911280444
1742112755.0190003,5.690020853427447e-09,0.0,0.0007953719823261309,7.543222688895938e-05,-0.17489336173751724,0.5606577053447888,0.051161920375483394
1742112755.1191778,5.38806332137664e-09,0.0,0.0007836218310853746,7.340342853965774e-05,-0.17489336173751724,0.5606577053447888,0.051164423770564016
1742112755.221195,7.781513572277842e-12,0.0,0.0001369673688912346,2.7895364439773577e-06,-0.17489336173751724,0.5606577053447888,0.05115017826046263
1742112755.319179,6.570364401214586e-12,0.0,0.00013091280145549096,2.563272205836631e-06,-0.17489336173751724,0.5606577053447888,0.05114779407467166
1742112755.4375076,6.570364401214586e-12,0.0,0.00013091280145549096,2.563272205836631e-06,-0.17489336173751724,0.5606577053447888,0.0511498802372388
1742112755.5190437,4.843916380682994e-09,0.0,0.0007612161225811577,6.959824983922364e-05,-0.17486808416488486,0.5606589996268294,0.051161264724390906
1742112755.618911,6.161648249711674e-09,0.0,0.0008128309443940378,7.849616710204183e-05,-0.17489336172636882,0.5606577051270785,0.051150416679041695
1742112755.7235644,7.893954051612192e-09,0.0,0.0008696748488402481,8.884792654649961e-05,-0.17489336172636882,0.5606577051270785,0.051173066444056364
1742112755.82227,6.9073146456584355e-09,0.0,0.0008385409845355824,8.311025595952907e-05,-0.17489336172636882,0.5606577051270785,0.05114743644680301
1742112755.9190402,5.0915379172941605e-09,0.0,0.0007716693269731448,7.13550132597154e-05,-0.17489336172636882,0.5606577051270785,0.051150416679041695
1742112756.0309703,5.0915379172941605e-09,0.0,0.0007716693269731448,7.13550132597154e-05,-0.17489336172636882,0.5606577051270785,0.051152085609095434
1742112756.1221988,5.899953775076649e-09,0.0,0.0008033222794402265,7.681115657947516e-05,-0.17489336172636882,0.5606577051270785,0.05115083391155522
1742112756.2208676,5.579389791286533e-09,0.0,0.0008064454183474369,7.469531304765067e-05,-0.17489336172636882,0.5606577051270785,0.0511480324932508
1742112756.3291209,5.471242316849384e-09,0.0,0.000784308496328094,7.3967846506772e-05,-0.17489336172636882,0.5606577051270785,0.05116233760799688
1742112756.4192617,6.1290016496395944e-09,0.0,0.00080894783630458,7.828794063991973e-05,-0.17489336172636882,0.5606577051270785,0.0511584633060865
1742112756.518988,6.1290016496395944e-09,0.0,0.00080894783630458,7.828794063991973e-05,-0.17489336172636882,0.5606577051270785,0.05113974744762693
1742112756.6189697,5.54041168172286e-09,0.0,0.0007869789219483323,7.443394173173191e-05,-0.17489336172636882,0.5606577051270785,0.05116019184078499
1742112756.719019,5.926042834429293e-09,0.0,0.0008016081083313746,7.698079523120875e-05,-0.17489336172636882,0.5606577051270785,0.05116740400280282
1742112756.818975,5.457553155593093e-09,0.0,0.0007837848518222286,7.387525401372975e-05,-0.17489336172636882,0.5606577051270785,0.051151131934779145
1742112756.9190252,5.520692962227159e-09,0.0,0.0007862361321638626,7.430136581670056e-05,-0.17489336172636882,0.5606577051270785,0.051158165282862475
1742112757.0213795,5.520692962227159e-09,0.0,0.0007862361321638626,7.430136581670056e-05,-0.17489336172636882,0.5606577051270785,0.05117300683941158
1742112757.119201,4.971407064062266e-09,0.0,0.0007640900841389789,7.050820565056428e-05,-0.17489336172636882,0.5606577051270785,0.05115309888805663
1742112757.2228026,5.32068739501283e-09,0.0,0.0007783877418680783,0.0013398992166695418,-0.17489336172636882,0.5606577051270785,0.05115500623668947
1742112757.336937,5.32068739501283e-09,0.0,0.0007783877418680783,0.0013398992166695418,-0.17489336172636882,0.5606577051270785,0.05117288763012214
1742112757.4190528,4.850156726452493e-09,0.0,0.0007589700768973096,0.0012975068019070914,-0.17491863930170126,0.5606564108977685,0.05115446979488655
1742112757.5228798,2.958528800251681e-13,0.0,5.73291981921421e-05,4.4635365737456036e-05,-0.17489336172602066,0.5606577051202946,0.05116347009624757
1742112757.6203668,2.344582453172704e-13,0.0,5.3899477770503004e-05,4.1172390197423876e-05,-0.1748680841349568,0.5606589990422459,0.051141893214838946
1742112757.7190292,2.3436700710886584e-13,0.0,5.389395715353766e-05,4.116682628866255e-05,-0.17489336172216952,0.5606577050449637,0.051157390422480443
1742112757.8190017,4.6876363318655575e-09,0.0,0.0007519646773964535,0.0012822423249285145,-0.17489336172216952,0.5606577050449637,0.05115548307384762
1742112757.9214516,6.271504324883517e-09,0.0,0.0008167165242453286,0.0014186170743479012,-0.17489336172216952,0.5606577050449637,0.051158582515375924
1742112758.0190554,4.625094786426118e-13,0.0,6.455810807872517e-05,5.212616530339358e-05,-0.17486808413777055,0.5606589990972375,0.05114290649380011
1742112758.1192153,4.623315063949659e-13,0.0,6.455148461274586e-05,5.2119199848414104e-05,-0.17489336172039316,0.5606577050103101,0.05115238363231934
1742112758.2256486,6.754214294047743e-12,0.0,0.0001318826047742218,0.0001322452711003567,-0.17486808414147248,0.5606589991695548,0.0511498206325941
1742112758.319148,2.4407863574486794e-10,0.0,0.00034537058159435493,0.0004595541842518798,-0.1748933617192705,0.5606577049884627,0.051155840701716235
1742112758.4191658,6.66425964503316e-12,0.0,0.00013141185047980142,0.00013163103672354055,-0.1748933617192705,0.5606577049884627,0.051158582515375924
1742112758.5191534,6.6642596507657846e-12,0.0,0.00013141185051021394,0.0001316310367628566,-0.1748933617258217,0.5606577051165273,0.05114844972576411
1742112758.6214526,4.765329121227351e-12,0.0,0.00012014478725097534,2.1829633806427792e-06,-0.1748933617258217,0.5606577051165273,0.051145707912104474
1742112758.7193289,7.161971791256052e-12,0.0,0.00013396636079556832,2.6761860531839057e-06,-0.1748933617258217,0.5606577051165273,0.05114117795910167
1742112758.819441,4.0262020267899586e-12,0.0,0.00011486855593091366,2.0065398144043786e-06,-0.17486808414131616,0.5606589991665407,0.05114785367931645
1742112758.9192827,7.961183322101914e-13,0.0,7.45865326846954e-05,8.922546341769211e-07,-0.17489336172722147,0.5606577051436474,0.05116180116619388
1742112759.0210233,7.961183322101914e-13,0.0,7.45865326846954e-05,8.922546341769211e-07,-0.17489336172722147,0.5606577051436474,0.05116633111919672
1742112759.119318,8.37656851120689e-12,0.0,0.0001396926185681396,2.89423021047167e-06,-0.17489336172722147,0.5606577051436474,0.051152502841608896
1742112759.2190506,6.096603473008002e-09,0.0,0.0008104384454895925,7.808074969547874e-05,-0.17489336172722147,0.5606577051436474,0.05116490060772223
1742112759.3192523,8.797724896590323e-12,0.0,0.00014153088378808106,2.9660959014486235e-06,-0.17489336172722147,0.5606577051436474,0.05114868814434333
1742112759.4194303,8.797724896590323e-12,0.0,0.00014153088378808106,2.9660959014486235e-06,-0.17489336172722147,0.5606577051436474,0.05115047628368663
1742112759.518672,3.759299651392308e-09,0.0,0.0007104216761178259,6.131312788785374e-05,-0.17489336172722147,0.5606577051436474,0.051144158191340425
1742112759.6193295,1.007575091915061e-11,0.0,0.00014675981806201962,3.174232335408139e-06,-0.17489336172722147,0.5606577051436474,0.05115053588833141
1742112759.719243,1.0603750793027938e-11,0.0,0.00014877210298023846,3.256340091733039e-06,-0.17489336172722147,0.5606577051436474,0.05115655595745366
1742112759.8193257,8.209311803739703e-12,0.0,0.00013893766913668687,2.8651896627866896e-06,-0.17489336172722147,0.5606577051436474,0.05116996700252807
1742112759.919167,8.209311803739703e-12,0.0,0.00013893766913668687,2.8651896627866896e-06,-0.17489336172722147,0.5606577051436474,0.051166867560999835
1742112760.0208426,7.829812540592561e-12,0.0,0.00013720015642577072,2.7981802194627422e-06,-0.17489336172722147,0.5606577051436474,0.051152502841608896
1742112760.1193056,6.658249658455017e-12,0.0,0.0001313823258752731,2.5803584360423685e-06,-0.17489336172722147,0.5606577051436474,0.05115899974788944
1742112760.2193975,8.367550759425173e-12,0.0,0.0001396505350240996,2.8926719066332382e-06,-0.17486808416018107,0.5606589995349198,0.051153396911280444
1742112760.3193164,8.09654891926892e-12,0.0,0.00013842571304075563,2.845443536475275e-06,-0.17489336173859726,0.5606577053658808,0.0511418336101941
1742112760.4190283,6.967372355330188e-12,0.0,0.00013298151858741396,2.639578063882595e-06,-0.17489336173859726,0.5606577053658808,0.05113390619243892
1742112760.5196211,6.967372355330188e-12,0.0,0.00013298151858741396,2.639578063882595e-06,-0.17489336173859726,0.5606577053658808,0.0511614435383253
1742112760.6195073,1.381315070703761e-13,0.0,4.6838390269674055e-05,3.7166047283828304e-07,-0.17489336173859726,0.5606577053658808,0.05115667516674333
1742112760.7190967,9.73562166406251e-13,0.0,7.868503072077474e-05,9.866925389432369e-07,-0.17489336173859726,0.5606577053658808,0.051153158492701405
1742112760.8206997,4.649192867990388e-09,0.0,0.0007502892954518115,6.818499004905983e-05,-0.17489336173859726,0.5606577053658808,0.05116645032848633
1742112760.9192202,5.094254402529579e-09,0.0,0.0007692073010981392,7.137404572062298e-05,-0.17489336173859726,0.5606577053658808,0.05116203958477301
1742112761.0191512,5.094254402529579e-09,0.0,0.0007692073010981392,7.137404572062298e-05,-0.17489336173859726,0.5606577053658808,0.05115727121319096
1742112761.1194263,7.388017422074925e-14,0.0,3.968508576300966e-05,2.7180907678138576e-07,-0.17489336173859726,0.5606577053658808,0.0511628144451551
1742112761.2194471,6.971018169601825e-14,0.0,3.9064822247387125e-05,2.6402685790657407e-07,-0.17489336173859726,0.5606577053658808,0.051152502841608896
1742112761.3190095,7.136538078319115e-13,0.0,7.244442958108781e-05,8.447803311109412e-07,-0.17489336173859726,0.5606577053658808,0.05114588672603884
1742112761.419029,5.143730311154005e-09,0.0,0.0007712491498374768,7.17198041767684e-05,-0.17489336173859726,0.5606577053658808,0.051154290980952116
1742112761.5191638,5.143730311154005e-09,0.0,0.0007712491498374768,7.17198041767684e-05,-0.17489336173859726,0.5606577053658808,0.051137065238612
1742112761.619349,6.882298225858435e-12,0.0,0.0001325838507199102,2.6234134683382324e-06,-0.17489336174450187,0.5606577054811437,0.05112794572796135
1742112761.7189708,6.054502470891322e-09,0.0,0.0008062875835114728,7.781068352669396e-05,-0.17489336174450187,0.5606577054811437,0.05115327770199112
1742112761.8190386,7.0414464261644424e-09,0.0,0.000840135189488174,8.391332686864728e-05,-0.17489336174450187,0.5606577054811437,0.05113211805309579
1742112761.9191632,1.0046373903315887e-11,0.0,0.00014658880886266395,3.169601536994183e-06,-0.17489336174450187,0.5606577054811437,0.0511340254017286
1742112762.0214047,1.689230737069567e-12,0.0,9.117212345396847e-05,1.2997040959655267e-06,-0.17489336174450187,0.5606577054811437,0.05115369493450447
1742112762.119359,1.689230737069567e-12,0.0,9.117212345396847e-05,1.2997040959655267e-06,-0.17489336174450187,0.5606577054811437,0.05116454297985346
1742112762.2191167,1.6788504890277937e-10,0.0,0.00031215989938958224,1.2957046303181114e-05,-0.17489336174450187,0.5606577054811437,0.05115667516674333
1742112762.3217318,1.5590966416360357e-12,0.0,8.921338481251456e-05,1.248637914543698e-06,-0.17489336174450187,0.5606577054811437,0.05114022428478519
1742112762.42012,1.5590966416360357e-12,0.0,8.921338481251456e-05,1.248637914543698e-06,-0.17489336174450187,0.5606577054811437,0.051137959308283715
1742112762.5189788,2.075523021533022e-13,0.0,5.2228697489995565e-05,4.5557908441158953e-07,-0.174868084145956,0.5606589992569457,0.05113438302959725
1742112762.619002,5.550567004437397e-09,0.0,0.0007873836857058646,7.45021275161817e-05,-0.17489336173717618,0.560657705338012,0.05115482742275513
1742112762.7199533,5.550567004437397e-09,0.0,0.0007873836857058646,7.45021275161817e-05,-0.17489336173717618,0.560657705338012,0.05114242965664182
1742112762.82135,1.7645492971407433e-13,0.0,5.003665984944046e-05,4.2006538742685566e-07,-0.17489336174396897,0.5606577054705997,0.051131939239161414
1742112762.9190233,4.707118742890321e-09,0.0,0.0007528168279897938,6.86084451280622e-05,-0.17489336174396897,0.5606577054705997,0.05113891298260022
1742112763.0217528,5.54331073298465e-09,0.0,0.000787117189495992,7.445341317216189e-05,-0.17489336174396897,0.5606577054705997,0.051133667773859914
1742112763.1215646,5.544002776577221e-09,0.0,0.000787166875631771,7.445806052119019e-05,-0.17489336174396897,0.5606577054705997,0.05113938981975832
1742112763.2214918,5.544002776577221e-09,0.0,0.000787166875631771,7.445806052119019e-05,-0.17489336174396897,0.5606577054705997,0.051151131934779145
1742112763.3192108,5.954876355003744e-13,0.0,6.89763542606157e-05,7.716784534379423e-07,-0.17489336174396897,0.5606577054705997,0.05114606553997314
1742112763.4191763,3.8133587388382176e-13,0.0,6.137422689543193e-05,6.175239864845914e-07,-0.17489336174396897,0.5606577054705997,0.05113944942440313
1742112763.5191007,6.809071564640635e-09,0.0,0.0008325137311693222,8.251709861986566e-05,-0.17489336174396897,0.5606577054705997,0.0511452310749464
1742112763.6190674,6.809071564640635e-09,0.0,0.0008325137311693222,8.251709861986566e-05,-0.17489336174396897,0.5606577054705997,0.05115089351619999
1742112763.718713,6.461219549403209e-09,0.0,0.0008207285510215309,8.038171153566717e-05,-0.17489336174396897,0.5606577054705997,0.05115572149242674
1742112763.8189902,7.478275808258986e-09,0.0,0.0008540713253654151,8.647702474217639e-05,-0.17486808417203292,0.5606589997662019,0.05116203958477301
1742112763.9191015,7.386795263784519e-09,0.0,0.0008512336113030313,8.594646743051467e-05,-0.17489336174150338,0.5606577054223916,0.051153992957728316
1742112764.024895,7.160063967118793e-09,0.0,0.0008440482790064138,8.461716118565307e-05,-0.17489336174790537,0.5606577055474431,0.05114409858669549
1742112764.1219773,7.242729907534955e-09,0.0,0.0008466998624024573,8.51042296688887e-05,-0.17489336174790537,0.5606577055474431,0.05116579467739366
1742112764.2304707,7.242729907534955e-09,0.0,0.0008466998624024573,8.51042296688887e-05,-0.17489336174790537,0.5606577055474431,0.05115894014324467
1742112764.318747,6.868424275014655e-09,0.0,0.0008344926372730855,8.287595715896532e-05,-0.17489336174790537,0.5606577055474431,0.05115142995800283
1742112764.4192917,6.771318430837948e-09,0.0,0.0008312697987609933,8.228802118679212e-05,-0.17489336174790537,0.5606577055474431,0.05114427740062996
1742112764.5229359,6.507859875384759e-09,0.0,0.0008223459967228602,8.06713076340328e-05,-0.17489336174790537,0.5606577055474431,0.051165437049525156
1742112764.6221821,6.107523423285448e-09,0.0,0.0008081950630889938,7.815064569973461e-05,-0.1748933617496462,0.5606577055813404,0.05116811925854019
1742112764.7191787,6.519085944712763e-09,0.0,0.0008227282739351699,8.074085672515968e-05,-0.1748933617496462,0.5606577055813404,0.051157628841059566
1742112764.8190758,6.519085944712763e-09,0.0,0.0008227282739351699,8.074085672515968e-05,-0.1748933617496462,0.5606577055813404,0.05116633111919672
1742112764.9189413,5.86997109205628e-09,0.0,0.0007995443644083424,7.661573658235153e-05,-0.1748933617496462,0.5606577055813404,0.051159416980402855
1742112765.0191035,5.869971091944772e-09,0.0,0.0007995443644042047,7.661573658162383e-05,-0.17489336175018622,0.5606577055918844,0.051158582515375924
1742112765.1191566,5.456668235155007e-09,0.0,0.0007837752551539632,7.386926448229336e-05,-0.17489336175018622,0.5606577055918844,0.051159297771113235
1742112765.2214596,5.360704101548788e-09,0.0,0.0007799718633479033,7.321682936011903e-05,-0.17489336175018622,0.5606577055918844,0.05115232402767461
1742112765.319066,5.404392546449201e-09,0.0,0.0007817002192522525,7.351457370106421e-05,-0.17489336175018622,0.5606577055918844,0.051151191539423914
1742112765.4266548,6.446110225607188e-09,0.0,0.0008201980360217792,8.028767169128264e-05,-0.17489336175018622,0.5606577055918844,0.05117086107219969
1742112765.5194192,5.827889812675847e-09,0.0,0.0007979589873729208,7.634061705721173e-05,-0.17489336175018622,0.5606577055918844,0.05115834409679678
1742112765.6272779,6.375661669883425e-09,0.0,0.0008177495384963585,7.98477405433831e-05,-0.17489336175018622,0.5606577055918844,0.05116811925854019
1742112765.7191694,6.375661669883425e-09,0.0,0.0008177495384963585,7.98477405433831e-05,-0.17489336175018622,0.5606577055918844,0.05115089351619999
1742112765.8274558,6.133376404863315e-09,0.0,0.0008091319479472266,7.8315875816231e-05,-0.17489336175018622,0.5606577055918844,0.051163350886958
1742112765.9192903,5.520990689641552e-09,0.0,0.0007862554455047156,7.43033693020818e-05,-0.1748680841768575,0.5606589998603639,0.05115286046947762
1742112766.0225616,5.382080760564968e-09,0.0,0.0007808122703395288,7.336266598594252e-05,-0.1748933617579027,0.5606577057425532,0.05114272767986562
1742112766.1202855,5.006174606825427e-09,0.0,0.0007655493860960161,7.075432571105053e-05,-0.1748933617579027,0.5606577057425532,0.051160251445429725
1742112766.2190278,5.006174606825427e-09,0.0,0.0007655493860960161,7.075432571105053e-05,-0.1748933617579027,0.5606577057425532,0.05115750963176993
1742112766.3195176,2.5582556152322475e-13,0.0,5.513415740271841e-05,5.057920140959372e-07,-0.1748933617579027,0.5606577057425532,0.05115297967876708
1742112766.4195766,5.969998971224155e-13,0.0,6.90409472204131e-05,7.72657684309433e-07,-0.1748933617579027,0.5606577057425532,0.05116156274761477
1742112766.5199714,3.0615618041473276e-13,0.0,5.783472240774805e-05,5.533138172996701e-07,-0.1748933617579027,0.5606577057425532,0.0511637681194715
1742112766.6193445,1.0615765983014685e-12,0.0,8.050554686144005e-05,1.0303283934268086e-06,-0.17486808416563804,0.5606589996411517,0.05114147598232541
1742112766.7190504,1.0611726229314645e-12,0.0,8.049752999546808e-05,1.0301323327279192e-06,-0.174893361756439,0.5606577057139286,0.05113921100582404
1742112766.819326,2.1942881703788005e-12,0.0,9.768703088354427e-05,1.481312988662018e-06,-0.17491863933038587,0.5606564114575057,0.05115905935253411
1742112766.9193802,3.4680298211118497e-12,0.0,0.00011042433498611252,1.8622647022139065e-06,-0.1748933617451769,0.5606577054939601,0.051147555656092566
1742112767.0192668,3.2406854783110487e-12,0.0,0.00010841145101876654,1.800190400571853e-06,-0.1748933617451769,0.5606577054939601,0.051142966098444806
1742112767.1196115,3.2406854783110487e-12,0.0,0.00010841145101876654,1.800190400571853e-06,-0.1748933617451769,0.5606577054939601,0.05116496021236702
1742112767.2195005,6.263107845657616e-13,0.0,6.994085218989703e-05,7.913979937842663e-07,-0.17486808417563537,0.560658999836265,0.05116448337520872
1742112767.3196645,5.666059098773126e-13,0.0,6.809535414595441e-05,7.527322962895325e-07,-0.1748933617509607,0.560657705606955,0.05116412574734026
1742112767.424659,8.748535635789035e-13,0.0,7.652349832662888e-05,9.353360698587987e-07,-0.1748933617509607,0.560657705606955,0.05114511186565677
1742112767.5192637,8.748535635789035e-13,0.0,7.652349832662888e-05,9.353360698587987e-07,-0.1748933617509607,0.560657705606955,0.051153456515925386
1742112767.619106,5.179877585270362e-12,0.0,0.00012278482788277023,2.275934442217166e-06,-0.1748933617509607,0.560657705606955,0.05114713842357909
1742112767.7254446,5.803623157755297e-09,0.0,0.0007970460413420123,7.618151454096524e-05,-0.1748933617509607,0.560657705606955,0.05115476781811038
1742112767.8194847,3.3359166926116295e-12,0.0,0.00010925804095513901,1.8264492034030482e-06,-0.1748933617509607,0.560657705606955,0.05115327770199112
1742112767.9194875,7.524090514292808e-09,0.0,0.0008555316079003191,8.674151551761594e-05,-0.1748933617509607,0.560657705606955,0.05116180116619388
1742112768.0190594,7.524090514292808e-09,0.0,0.0008555316079003191,8.674151551761594e-05,-0.1748933617509607,0.560657705606955,0.051134740657465885
1742112768.119199,9.038127308114862e-09,0.0,0.0008993836853250598,9.506906598949452e-05,-0.1748933617509607,0.560657705606955,0.05116269523586556
1742112768.2320895,9.038127308114862e-09,0.0,0.0008993836853250598,9.506906598949452e-05,-0.1748933617509607,0.560657705606955,0.051147555656092566
1742112768.3191879,2.918560342419493e-13,0.0,5.7094436762051465e-05,5.402370167268708e-07,-0.1748933617509607,0.560657705606955,0.05114242965664182
1742112768.4363606,4.543286917969274e-13,0.0,6.427746832070246e-05,6.740390877367035e-07,-0.1748933617509607,0.560657705606955,0.051133250541346514
1742112768.5190575,6.979620487618551e-09,0.0,0.0008381401271838544,8.354412299867987e-05,-0.17486808415634414,0.5606589994595934,0.05115297967876708
1742112768.618997,4.685409725920114e-09,0.0,0.0007543574340983407,6.845005278244944e-05,-0.1748933617417805,0.5606577054276616,0.051130329913752465
1742112768.7190158,4.685409725920114e-09,0.0,0.0007543574340983407,6.845005278244944e-05,-0.1748933617417805,0.5606577054276616,0.051152264423029774
1742112768.8191466,3.4917829925213493e-13,0.0,5.9922400453432424e-05,5.909131063465549e-07,-0.1748933617417805,0.5606577054276616,0.05115268165554323
1742112768.9190385,5.688407897045496e-09,0.0,0.0007952940480721407,7.542153470359441e-05,-0.1748933617417805,0.5606577054276616,0.05114254886593146
1742112769.019383,4.420730988758259e-09,0.0,0.0007425470961216531,6.648857788190584e-05,-0.1748933617417805,0.5606577054276616,0.051149045772211875
1742112769.1189766,4.420730988758259e-09,0.0,0.0007425470961216531,6.648857788190584e-05,-0.1748933617417805,0.5606577054276616,0.05114105874981207
1742112769.2194843,5.022765037638474e-12,0.0,0.00012183271356951298,2.241152613642916e-06,-0.1748933617417805,0.5606577054276616,0.05114177400554943
1742112769.321837,5.020913071086388e-12,0.0,0.00012182073680800378,2.2407394027611485e-06,-0.1749186393471831,0.5606564117859487,0.05113390619243892
1742112769.4194882,1.0331687784273701e-08,0.0,0.0009359719682305645,0.00010164491027234812,-0.17489336173491665,0.5606577052935688,0.051125025100367524
1742112769.5189764,1.0331687784273701e-08,0.0,0.0009359719682305645,0.00010164491027234812,-0.17489336173491665,0.5606577052935688,0.05112270051922122
1742112769.6192722,5.598912129367917e-12,0.0,0.00012541456848916846,2.366202047452397e-06,-0.17489336173491665,0.5606577052935688,0.05112365419353762
1742112769.7190514,6.60220577081511e-12,5.709233554528255e-61,0.00013108371567532507,2.569475777433037e-06,-0.17489336173491665,0.5606577052935688,0.051124071426051104
1742112769.819223,6.604628003061671e-12,5.7205400629722695e-61,0.00013109658724191407,2.569947081762905e-06,-0.1748680841260395,0.5606589988674804,0.051129972285883764
1742112769.919191,3.419080128275743e-12,0.0,0.00010997441237232054,1.8490754793344007e-06,-0.1748933617356485,0.5606577053078827,0.05112484628643304
1742112770.0318336,5.376679515578445e-12,0.0,0.0001240669119011703,2.3187668092282253e-06,-0.17486808412600396,0.5606589988667245,0.05112466747249877
1742112770.1192055,5.926240927549014e-12,4.4165497141687136e-57,0.00012733625681107358,2.4343871770014348e-06,-0.17489336173923675,0.5606577053779449,0.051157390422480443
1742112770.2193544,3.5830364184283966e-12,4.4165497141687136e-57,0.00011136632977622346,1.8928910212762901e-06,-0.17489336173923675,0.5606577053779449,0.05111936265911378
1742112770.319444,1.3410260278678525e-12,4.4261085241805623e-57,8.564711259412714e-05,1.1580267820166564e-06,-0.17486808413436705,0.5606589990301982,0.05113086635555536
1742112770.4192128,1.3405179596132613e-12,4.416549676243576e-57,8.56383370206617e-05,1.1578073931415627e-06,-0.17489336174521242,0.5606577054947128,0.05113736326183593
1742112770.5192797,1.9136240312807783e-12,4.416549676243576e-57,9.423842392434272e-05,1.3833380032662945e-06,-0.17489336174521242,0.5606577054947128,0.05113593275036137
1742112770.6192262,6.3220462064577465e-12,4.416549676243576e-57,0.00012956781680939554,2.5143679536729996e-06,-0.17489336174521242,0.5606577054947128,0.051128124541895796
1742112770.719343,8.729850565405726e-12,4.416549676243576e-57,0.00014125319792240696,2.954632052456909e-06,-0.17489336174521242,0.5606577054947128,0.05113372737850463
1742112770.8196168,6.5352120600384e-12,4.407011401409154e-57,0.00013073270542733235,2.5564060827729227e-06,-0.17491863934542096,0.5606564117513058,0.05112472707714357
1742112770.9196968,6.010858502893804e-12,4.426108566840909e-57,0.00012781211038459902,2.451705223491153e-06,-0.17486808412766663,0.5606589988991266,0.05113891298260022
1742112771.0194163,9.211119059753632e-12,4.4165498139923025e-57,0.00014327026323932802,3.034982546861453e-06,-0.17489336172351244,0.5606577050705934,0.05112985307659417
1742112771.1195073,9.211119059753632e-12,4.4165498139923025e-57,0.00014327026323932802,3.034982546861453e-06,-0.17489336172351244,0.5606577050705934,0.051130806750910626
1742112771.219321,7.575255429428308e-12,4.4165498139923025e-57,0.0001360420167108907,2.752318191893573e-06,-0.17489336172351244,0.5606577050705934,0.05112192565883909
1742112771.3194625,9.746806311398508e-12,4.4165498139923025e-57,0.00014542618693681757,3.1219875578545326e-06,-0.17489336172351244,0.5606577050705934,0.051138376540797184
1742112771.419178,9.746806311398508e-12,4.4165498139923025e-57,0.00014542618693681757,3.1219875578545326e-06,-0.17489336172351244,0.5606577050705934,0.05112913782085695
1742112771.5193174,8.1121419662896e-12,4.4165498139923025e-57,0.00013852872869477793,2.848182221398343e-06,-0.17489336172351244,0.5606577050705934,0.051133667773859914
1742112771.6193287,8.314850229637326e-12,4.4165498139923025e-57,0.00013944072228588942,2.8835482013722827e-06,-0.17489336172351244,0.5606577050705934,0.05113319093670163
1742112771.7191954,4.39018866492709e-11,4.4165498139923025e-57,0.00021764744471332816,6.625849881280959e-06,-0.17489336172351244,0.5606577050705934,0.051138555354731524
1742112771.8191228,3.818918202126401e-09,4.4165498139923025e-57,0.0007135666365420029,6.179739640248933e-05,-0.17489336172351244,0.5606577050705934,0.05114487344707775
1742112771.9190106,3.818918202126401e-09,4.4165498139923025e-57,0.0007135666365420029,6.179739640248933e-05,-0.17489336172351244,0.5606577050705934,0.05113509828533438
1742112772.0192995,9.885096605844172e-12,4.4165498139923025e-57,0.0001459858001631241,3.144057347734639e-06,-0.17489336172351244,0.5606577050705934,0.051141118354456706
1742112772.1479554,3.325576644856998e-09,4.4165498139923025e-57,0.0006871804932269618,5.766781290162649e-05,-0.17489336172351244,0.5606577050705934,0.05114761526073735
1742112772.2196252,7.504252246029093e-12,4.4165498139923025e-57,0.0001356868405088959,2.7393890278726554e-06,-0.17489336172351244,0.5606577050705934,0.0511466019817761
1742112772.3193245,7.504252246029093e-12,4.4165498139923025e-57,0.0001356868405088959,2.7393890278726554e-06,-0.17489336172351244,0.5606577050705934,0.051138018912928455
1742112772.4193492,3.324666848135736e-12,4.4165498139923025e-57,0.00010917009267976187,1.8233668989360688e-06,-0.17489336172351244,0.5606577050705934,0.051146661586421
1742112772.519599,3.324666848135736e-12,4.4165498139923025e-57,0.00010917009267976187,1.8233668989360688e-06,-0.17489336172351244,0.5606577050705934,0.05112973386730465
1742112772.6189861,4.343399374403339e-09,4.4165498139923025e-57,0.0007389533692790654,6.590447158124658e-05,-0.17489336172351244,0.5606577050705934,0.05113700563396725
1742112772.71901,4.204709460524981e-09,4.4165497755776127e-57,0.0007324257240392408,6.484373108115372e-05,-0.17489336172956627,0.5606577051888668,0.05114636356319711
1742112772.8190465,4.204709460524981e-09,4.4165497755776127e-57,0.0007324257240392408,6.484373108115372e-05,-0.17489336172956627,0.5606577051888668,0.05114690000499994
1742112772.9191968,4.073332761352536e-09,4.4165497755776127e-57,0.0007261216679888379,6.38226665170967e-05,-0.17489336172956627,0.5606577051888668,0.05112729007686887
1742112773.0193188,5.09766245345874e-09,4.4165497755776127e-57,0.0007719218200590092,7.139791631034299e-05,-0.17489336172956627,0.5606577051888668,0.051149045772211875
1742112773.1190724,4.2974616949759766e-09,4.4165497755776127e-57,0.0007368098078727579,6.555502799157343e-05,-0.17489336172956627,0.5606577051888668,0.05114874774898814
1742112773.2191024,4.2974616949759766e-09,4.4165497755776127e-57,0.0007368098078727579,6.555502799157343e-05,-0.17489336172956627,0.5606577051888668,0.051141416377680764
1742112773.3193228,9.466956879006892e-13,4.4165497755776127e-57,7.815049618013049e-05,9.729828816072198e-07,-0.17489336172956627,0.5606577051888668,0.05112198526348393
1742112773.4363272,6.099136637739601e-13,4.4165497755776127e-57,6.940526746692002e-05,7.809696945297942e-07,-0.17489336172956627,0.5606577051888668,0.05113062793697643
1742112773.5197408,4.312257727420954e-13,4.4165497755776127e-57,6.343128161355551e-05,6.566778302501885e-07,-0.17489336172956627,0.5606577051888668,0.05112472707714357
1742112773.6193528,5.988370474516206e-09,4.4165497755776127e-57,0.0008065282449267444,7.738456224930272e-05,-0.17489336172956627,0.5606577051888668,0.05112550193752562
1742112773.7192104,6.774804352934669e-13,4.4165497755776127e-57,7.141881128365146e-05,8.230919968590795e-07,-0.17489336172956627,0.5606577051888668,0.05113617116894047
1742112773.8222456,6.774804352934669e-13,4.4165497755776127e-57,7.141881128365146e-05,8.230919968590795e-07,-0.17489336172956627,0.5606577051888668,0.05113015109981814
1742112773.920627,7.792889020215745e-09,4.4165497755776127e-57,0.0008665906495630707,8.827734148815168e-05,-0.17489336172956627,0.5606577051888668,0.0511447542377882
1742112774.0190725,8.024900505924629e-09,4.4165497755776127e-57,0.0008735401769797555,8.958180901234709e-05,-0.17489336172956627,0.5606577051888668,0.05112198526348393
1742112774.1191382,6.648149303807441e-09,4.4165497755776127e-57,0.0008271384044957659,8.153618401548751e-05,-0.17489336172956627,0.5606577051888668,0.05112818414654059
1742112774.2191424,6.353719690271815e-09,4.4165497755776127e-57,0.0008169960142449765,7.971022324816193e-05,-0.17489336172956627,0.5606577051888668,0.051120435542719764
1742112774.3193011,6.353719690271815e-09,4.4165497755776127e-57,0.0008169960142449765,7.971022324816193e-05,-0.17489336172956627,0.5606577051888668,0.0511151903339796
1742112774.4193583,5.6170124378886214e-09,4.4165497755776127e-57,0.0007899899894976531,7.494673066844625e-05,-0.17489336172956627,0.5606577051888668,0.051122998542445175
1742112774.5197089,8.579409415487028e-09,4.4165497755776127e-57,0.0008867098994611511,9.262510143307281e-05,-0.17489336172956627,0.5606577051888668,0.051138316936152305
1742112774.6193085,6.978523163944246e-09,4.4165497755776127e-57,0.0008408686450730392,8.35375554103916e-05,-0.17489336172956627,0.5606577051888668,0.05113271409954339
1742112774.7246854,7.530319935935655e-09,4.4165497755776127e-57,0.0008585352535857566,8.677741604781543e-05,-0.17489336172956627,0.5606577051888668,0.0511225217052869
1742112774.8222647,7.530319935935655e-09,4.4165497755776127e-57,0.0008585352535857566,8.677741604781543e-05,-0.17489336172956627,0.5606577051888668,0.05113968784298231
1742112774.9244924,8.019078124442511e-09,4.4165497755776127e-57,0.0008733848484373953,8.954930554975014e-05,-0.17489336172956627,0.5606577051888668,0.051131522006648125
1742112775.0189254,8.019078124442511e-09,4.4165497755776127e-57,0.0008733848484373953,8.954930554975014e-05,-0.17489336172956627,0.5606577051888668,0.051124965495722624
1742112775.1189597,6.010870916209208e-09,4.4165497755776127e-57,0.0008047211019727247,7.75298066307998e-05,-0.17489336172956627,0.5606577051888668,0.05113074714626581
1742112775.2190924,4.43916916404167e-09,4.4165497755776127e-57,0.0007408626528542782,6.662709031648966e-05,-0.17489336172956627,0.5606577051888668,0.05113754207577024
1742112775.320117,5.231349527749755e-09,4.4165497755776127e-57,0.0007748532683799441,7.232806874063316e-05,-0.17489336172956627,0.5606577051888668,0.051138138122218096
1742112775.4191985,7.397529592445134e-13,4.4165497755776127e-57,7.315018544053564e-05,8.600889251958273e-07,-0.17489336172956627,0.5606577051888668,0.0511401646801404
1742112775.519046,6.131569802733271e-09,4.4165497755776127e-57,0.000811715831840079,7.830434089329448e-05,-0.17489336172956627,0.5606577051888668,0.0511280649372511
1742112775.6192842,6.131569802733271e-09,4.4165497755776127e-57,0.000811715831840079,7.830434089329448e-05,-0.17489336172956627,0.5606577051888668,0.051128601379053965
1742112775.7207127,8.504803166228445e-09,4.4165497755776127e-57,0.0008875111950894225,9.222148972028399e-05,-0.17489336172956627,0.5606577051888668,0.05115107233013427
1742112775.8189602,1.0215018894594487e-08,4.4165497755776127e-57,0.000929846176732705,0.00010106937664097117,-0.17489336172956627,0.5606577051888668,0.05115286046947762
1742112775.9197035,4.885765554979124e-13,4.416549746456861e-57,6.550427367726739e-05,6.989825144436107e-07,-0.17489336173416348,0.5606577052785151,0.0511457675167494
1742112776.0191727,7.412538094542446e-13,4.416549746456861e-57,7.319151378967439e-05,8.609609802158543e-07,-0.17489336173416348,0.5606577052785151,0.05111948186840331
1742112776.119157,1.0748360656352391e-08,4.416549746456861e-57,0.0009429327964776897,0.00010367430084814843,-0.17489336173416348,0.5606577052785151,0.051135873145716694
1742112776.2195125,1.0748360656352391e-08,4.416549746456861e-57,0.0009429327964776897,0.00010367430084814843,-0.17489336173416348,0.5606577052785151,0.05115035707439692
1742112776.319073,1.1311442813245819e-08,4.416549746456861e-57,0.0009561913823977979,0.00010635526697463468,-0.17489336173416348,0.5606577052785151,0.05114344293560302
1742112776.4224834,2.5759077740136096e-13,4.416549746456861e-57,5.523862331274895e-05,5.075340160042093e-07,-0.17489336173416348,0.5606577052785151,0.05114457542385376
1742112776.5195127,1.1456435091421742e-08,4.416549746456861e-57,0.0009595314925817784,0.00010703473777901145,-0.17489336173416348,0.5606577052785151,0.05114850933040894
1742112776.6188712,1.142607731412206e-08,4.416549746456861e-57,0.0009587739394146234,0.00010689283097627296,-0.17489336173416348,0.5606577052785151,0.05113956863369273
1742112776.71936,1.142607731412206e-08,4.416549746456861e-57,0.0009587739394146234,0.00010689283097627296,-0.17489336173416348,0.5606577052785151,0.05113760168041504
1742112776.819477,9.646240258719965e-09,4.416549746456861e-57,0.0009154899717510618,9.82152750783704e-05,-0.17489336173416348,0.5606577052785151,0.05114290649380011
1742112776.9190202,8.242363176327793e-09,4.416549746456861e-57,0.0008771113845758603,9.078746155900491e-05,-0.17489336173416348,0.5606577052785151,0.05115232402767461
1742112777.0189123,8.242363176327793e-09,4.416549746456861e-57,0.0008771113845758603,9.078746155900491e-05,-0.17489336173416348,0.5606577052785151,0.05113503868068969
1742112777.1189215,6.66365927508411e-09,4.416549746456861e-57,0.0008276621551927378,8.163123957826507e-05,-0.17489336173416348,0.5606577052785151,0.051153456515925386
1742112777.2194958,7.050196981559751e-09,4.4165497552650125e-57,0.0008404837383529635,8.396545111865803e-05,-0.1748933617327708,0.5606577052514021,0.05115560228313718
1742112777.3198102,9.509026687050047e-09,4.4165497552650125e-57,0.0009119629353473015,9.751423838112077e-05,-0.1748933617327708,0.5606577052514021,0.05114558870281505
1742112777.4190192,1.0034763214950251e-08,4.4165497552650125e-57,0.0009254207886807484,0.00010017366527660975,-0.1748933617327708,0.5606577052514021,0.05113509828533438
1742112777.5188951,1.0988859882337828e-08,4.4165497552650125e-57,0.0009486341863481488,0.00010482776293681854,-0.1748933617327708,0.5606577052514021,0.05115137035335821
1742112777.6253262,1.0988859882337828e-08,4.4165497552650125e-57,0.0009486341863481488,0.00010482776293681854,-0.1748933617327708,0.5606577052514021,0.05114326412166876
1742112777.7199984,8.916228342411016e-09,4.4165497552650125e-57,0.0008960598956812984,9.442578219115273e-05,-0.1748933617327708,0.5606577052514021,0.05112270051922122
1742112777.8231547,9.779813272268106e-09,4.4165497552650125e-57,0.0009189263690917171,9.889293843479476e-05,-0.1748933617327708,0.5606577052514021,0.051130329913752465
1742112777.9224546,9.949605612298251e-09,4.4165497552650125e-57,0.0009232646392251933,9.974770980979088e-05,-0.1748933617327708,0.5606577052514021,0.05113563472713758
1742112778.0203614,9.949605612298251e-09,4.4165497552650125e-57,0.0009232646392251933,9.974770980979088e-05,-0.1748933617327708,0.5606577052514021,0.05112079317058839
1742112778.1188896,1.0596514455690907e-08,4.4165497552650125e-57,0.0009392881052390803,0.00010293937271856142,-0.1748933617327708,0.5606577052514021,0.05115137035335821
1742112778.2213845,1.191249257560949e-08,4.4165497552650125e-57,0.0009697920262423418,0.0001091443657529306,-0.1748933617327708,0.5606577052514021,0.05114117795910167
1742112778.3188345,1.191249257560949e-08,4.4165497552650125e-57,0.0009697920262423418,0.0001091443657529306,-0.1748933617327708,0.5606577052514021,0.051131402797358394
1742112778.4188151,1.0542799980267336e-08,4.4165497552650125e-57,0.0009379347553162069,0.00010267813779119358,-0.1748933617327708,0.5606577052514021,0.051145052261012035
1742112778.5188882,9.027393967105237e-09,4.4165497552650125e-57,0.0008990923868177321,9.501259899142449e-05,-0.1748933617327708,0.5606577052514021,0.05113760168041504
1742112778.6189952,9.830236386243293e-09,4.4165497552650125e-57,0.0009202213254366112,9.914754856396245e-05,-0.1748933617327708,0.5606577052514021,0.05114469463314331
1742112778.7189415,9.830236386243293e-09,4.4165497552650125e-57,0.0009202213254366112,9.914754856396245e-05,-0.1748933617327708,0.5606577052514021,0.0511420720287733
1742112778.8231626,8.192814410881943e-09,4.4165497552650125e-57,0.00087566744738834,9.051416690707561e-05,-0.1748933617327708,0.5606577052514021,0.051142191238062684
1742112778.9199402,8.227205447714798e-09,4.4261085381484956e-57,0.0008766649651589544,9.07039439479607e-05,-0.17486808413217858,0.5606589989872757,0.05113211805309579
1742112779.0192158,9.24917746035239e-12,4.416549734468761e-57,0.0001434245190499418,3.0412460374577377e-06,-0.17489336173604642,0.5606577053154327,0.05114356214489253
1742112779.1233957,7.999507671119089e-12,4.41654972933061e-57,0.00013804051124097647,2.828340091134567e-06,-0.17489336173685643,0.560657705331252,0.051142310447352374
1742112779.21938,7.999507671119089e-12,4.41654972933061e-57,0.00013804051124097647,2.828340091134567e-06,-0.17489336173685643,0.560657705331252,0.05113766128505994
1742112779.3192837,1.0028039537079978e-11,5.5138050324471535e-09,0.00014651600362929849,3.166707996813091e-06,-0.17489336174094916,0.5606577054111059,0.05113134319271353
1742112779.4192662,1.0028039537079978e-11,5.5138050324471535e-09,0.00014651600362929849,3.166707996813091e-06,-0.17489336174094916,0.5606577054111059,0.05111715728725712
1742112779.5189598,8.46655654928219e-09,5.5138050324471535e-09,0.0008835044976050295,9.201389324054379e-05,-0.17489336174094916,0.5606577054111059,0.05113235647167484
1742112779.6189322,8.317386093774182e-09,5.5138050324471535e-09,0.0008791941385780603,9.119970446100241e-05,-0.17489336174094916,0.5606577054111059,0.05114284688915523
1742112779.719311,8.864234476218388e-09,5.5138050324471535e-09,0.0008945819437433538,9.415006360177559e-05,-0.17489336174094916,0.5606577054111059,0.0511280649372511
1742112779.8238182,8.851843763080986e-09,5.5138050324471535e-09,0.0008942895372035634,9.408423759100663e-05,-0.17489336174094916,0.5606577054111059,0.05111632282223028
1742112779.918847,8.851843763080986e-09,5.5138050324471535e-09,0.0008942895372035634,9.408423759100663e-05,-0.17489336174094916,0.5606577054111059,0.0511372440525464
1742112780.0190308,7.549770577883584e-09,5.5138050324471535e-09,0.0008563181562935183,8.688941579895438e-05,-0.17489336174094916,0.5606577054111059,0.05113295251812263
1742112780.125473,8.044819486887438e-09,5.5138050324471535e-09,0.0008712333409293197,8.969291770751712e-05,-0.17489336174094916,0.5606577054111059,0.05111793214763917
1742112780.237801,8.044819486887438e-09,5.5138050324471535e-09,0.0008712333409293197,8.969291770751712e-05,-0.17489336174094916,0.5606577054111059,0.05111769372906009
1742112780.3190067,8.69006617330345e-09,5.5138050324471535e-09,0.0008927426246051499,9.322052442087767e-05,-0.17489336174094916,0.5606577054111059,0.05112222368206309
1742112780.4273014,9.007968907369394e-09,5.5138050324471535e-09,0.0009015394337710423,9.491032034172782e-05,-0.17489336174094916,0.5606577054111059,0.051131522006648125
1742112780.518944,7.695708230131226e-09,5.5138050324471535e-09,0.0008636515805438186,8.772518583697174e-05,-0.17489336174094916,0.5606577054111059,0.05111781293834959
1742112780.6190286,7.343058679579228e-09,5.5138050324471535e-09,0.0008526468985623324,8.569164883218918e-05,-0.17489336174094916,0.5606577054111059,0.051113163776057235
1742112780.7194853,4.726117384523579e-12,5.5138050324471535e-09,0.00011984995041739895,2.173963519593551e-06,-0.17489336174094916,0.5606577054111059,0.05111894542660036
1742112780.818941,4.726117384523579e-12,5.5138050324471535e-09,0.00011984995041739895,2.173963519593551e-06,-0.17489336174094916,0.5606577054111059,0.05111626321758546
1742112780.9191344,6.053274349159647e-12,5.5138050324471535e-09,0.00012804612627813038,2.460340291333629e-06,-0.17489336174094916,0.5606577054111059,0.05112091237987805
1742112781.022606,1.3534594241194372e-12,5.5138050324471535e-09,8.58510448983492e-05,1.1633827504821606e-06,-0.17489336174094916,0.5606577054111059,0.0511241310306959
1742112781.1241307,1.2447941248827988e-12,5.5138050324471535e-09,8.394706577259725e-05,1.1319963119302831e-06,-0.17489336174094916,0.5606577054111059,0.051131641215937475
1742112781.2191622,7.0654008743709456e-09,5.5138050324471535e-09,0.0008437056811106296,8.405593895954614e-05,-0.17489336174094916,0.5606577054111059,0.051122879333155555
1742112781.3196766,7.0654008743709456e-09,5.5138050324471535e-09,0.0008437056811106296,8.405593895954614e-05,-0.17489336174094916,0.5606577054111059,0.05111399824108409
1742112781.4194672,7.390626538469112e-09,5.5138050324471535e-09,0.0008541869363509934,8.596875326808638e-05,-0.17489336174094916,0.5606577054111059,0.05112270051922122
1742112781.5193598,4.375590654314089e-12,5.5138050324471535e-09,0.00011744671411284931,2.0917912549568824e-06,-0.17489336174094916,0.5606577054111059,0.05112729007686887
1742112781.6192853,7.68044119752917e-12,5.5138050324471535e-09,0.00013653455944133202,2.771360892689577e-06,-0.17489336174094916,0.5606577054111059,0.05112550193752562
1742112781.7229567,7.749433206511987e-09,5.5138050324471535e-09,0.0008624020786638441,8.803086507874376e-05,-0.17489336174094916,0.5606577054111059,0.051118885821955576
1742112781.821985,7.749433206511987e-09,5.5138050324471535e-09,0.0008624020786638441,8.803086507874376e-05,-0.17489336174094916,0.5606577054111059,0.05112258130993157
1742112781.9192657,7.237206413608571e-09,5.5138050324471535e-09,0.00084645538208219,8.507177213158646e-05,-0.17489336174094916,0.5606577054111059,0.05113581354107179
1742112782.0263488,6.954547089627737e-09,5.513805025593404e-09,0.0008373280683709575,8.339392717475138e-05,-0.17489336173766645,0.5606577053470687,0.051140879935877695
1742112782.1254692,8.42224375109533e-09,5.513805025593404e-09,0.0008851835768153818,9.177278328074903e-05,-0.17489336173766645,0.5606577053470687,0.05112603837932866
1742112782.2273593,1.6224365163314755e-12,5.513805025593404e-09,9.018059074864302e-05,1.2737490005222674e-06,-0.17489336173766645,0.5606577053470687,0.051133667773859914
1742112782.3200884,1.6224365163314755e-12,5.513805025593404e-09,9.018059074864302e-05,1.2737490005222674e-06,-0.17489336173766645,0.5606577053470687,0.05112937623943608
1742112782.4192345,7.3265415430614265e-09,5.513805025593404e-09,0.0008521455076827728,8.559521916007591e-05,-0.17489336173766645,0.5606577053470687,0.051123177356379446
1742112782.519088,7.329038351256104e-09,5.514734307037353e-09,0.0008522252932088438,8.560980289228625e-05,-0.17486808413098487,0.5606589989639166,0.05113301212276731
1742112782.6189826,2.1056585848343217e-12,5.513805023416618e-09,9.663880605959312e-05,1.4510887584273822e-06,-0.17489336173662196,0.5606577053267294,0.05112538272823605
1742112782.7192395,2.1056585848343217e-12,5.513805023416618e-09,9.663880605959312e-05,1.4510887584273822e-06,-0.17489336173662196,0.5606577053267294,0.05113062793697643
1742112782.8222656,6.217882634153197e-09,5.513805023416618e-09,0.0008121665314342845,7.885355181698029e-05,-0.17489336173662196,0.5606577053267294,0.051134979076044876
1742112782.9202373,5.9645646018259244e-09,5.513805023416618e-09,0.0008030249906994941,7.723059369075136e-05,-0.17489336173662196,0.5606577053267294,0.051125025100367524
1742112783.018875,5.9645646018259244e-09,5.513805023416618e-09,0.0008030249906994941,7.723059369075136e-05,-0.17489336173662196,0.5606577053267294,0.05111161405529295
1742112783.1195154,8.399569015039334e-09,5.513805023416618e-09,0.0008816026612781844,9.164916265323614e-05,-0.17489336173662196,0.5606577053267294,0.051117276496546606
1742112783.2189114,8.168432108427989e-09,5.513805023416618e-09,0.0008749014758291829,9.037937877872357e-05,-0.17489336173662196,0.5606577053267294,0.05112740928615847
1742112783.3190126,7.460726703551439e-09,5.513805023416618e-09,0.0008535682580988035,8.63754982825074e-05,-0.17489336173662196,0.5606577053267294,0.05113044912304201
1742112783.4190795,8.80249787827376e-09,5.513805023416618e-09,0.0008929252796045409,9.382162798776069e-05,-0.17489336173662196,0.5606577053267294,0.05112430984463032
1742112783.5192325,2.238857052613334e-14,5.513805023416618e-09,2.8939315015607497e-05,1.1319963105954122e-06,-0.17489336173662196,0.5606577053267294,0.05113283330883306
1742112783.6192138,1.886921323176284e-12,5.513805023416618e-09,9.394337210131634e-05,1.3736525481999748e-06,-0.17489336173662196,0.5606577053267294,0.05112973386730465
1742112783.7205782,1.887633416368158e-12,5.514734291796054e-09,9.395255624341049e-05,1.3739117207332348e-06,-0.1748680841236947,0.5606589988215371,0.05112001831020625
1742112783.81893,8.657911722546997e-09,5.51380503857523e-09,0.000888887506167299,9.30479001511963e-05,-0.1748933617438695,0.5606577054683588,0.05111364061321543
1742112783.9188647,9.150293809800896e-09,5.514734309053672e-09,0.0009024434812729234,9.565716810464805e-05,-0.1748680841319512,0.5606589989827526,0.05111286575283326
1742112784.0190876,8.101841353414056e-09,5.513805043735102e-09,0.0008729683691931501,9.001022915987968e-05,-0.17489336174634218,0.56065770551657,0.051130270309107675
1742112784.1189752,6.713527204570426e-09,5.513805043735102e-09,0.0008293664589766678,8.193611660660044e-05,-0.17489336174634218,0.56065770551657,0.051123534984248084
1742112784.2192023,8.823895277838569e-09,5.513805043735102e-09,0.0008934989450774084,9.393559111347822e-05,-0.17489336174634218,0.56065770551657,0.051129555053370385
1742112784.33089,8.823895277838569e-09,5.513805043735102e-09,0.0008934989450774084,9.393559111347822e-05,-0.17489336174634218,0.56065770551657,0.051119660682337614
1742112784.4190593,7.272285455215036e-09,5.513805043735102e-09,0.0008476394022848128,8.527769611812362e-05,-0.17489336174634218,0.56065770551657,0.05111668045009888
1742112784.5186765,7.272285455215036e-09,5.513805043735102e-09,0.0008476394022848128,8.527769611812362e-05,-0.17489336174634218,0.56065770551657,0.05113056833233175
1742112784.6193485,7.4406296910745025e-09,5.513805043735102e-09,0.0008529897556305496,8.625908468720557e-05,-0.17489336174634218,0.56065770551657,0.051144337005274716
1742112784.7264042,9.80217479318056e-09,5.513805043735102e-09,0.00091949361254138,9.900593312110421e-05,-0.17489336174634218,0.56065770551657,0.05114099914516719
1742112784.8189654,5.505098021037825e-09,5.513805051878707e-09,0.0007856539852885399,7.419634776077476e-05,-0.17489336175023595,0.5606577055926572,0.05114701921428956
1742112784.9192858,1.5490997289790936e-10,5.513805051878707e-09,0.00030540783547107416,1.2446283497410356e-05,-0.17489336175023595,0.5606577055926572,0.051138495750086665
1742112785.0224874,1.5496336872800642e-10,5.514734316150287e-09,0.0003054358875476598,1.2448428363773735e-05,-0.1748680841353405,0.5606589990490454,0.05112866098369878
1742112785.119298,1.1432341365373684e-10,5.51380506179625e-09,0.0002816677358226585,1.0692212757597786e-05,-0.17489336175498238,0.5606577056853195,0.05114970142330453
1742112785.2192307,2.3881223172144297e-12,5.51380506179625e-09,9.980027180212615e-05,1.5453550780368988e-06,-0.17489336175498238,0.5606577056853195,0.05113259489025394
1742112785.3189995,5.305229128127085e-09,5.51380506179625e-09,0.0007778015070175247,7.283700383820771e-05,-0.17489336175498238,0.5606577056853195,0.0511257999607495
1742112785.4191358,7.105797381942309e-09,5.51380506179625e-09,0.000842292916439121,8.429589184499035e-05,-0.17489336175498238,0.5606577056853195,0.05114272767986562
1742112785.5221772,7.105797381942309e-09,5.51380506179625e-09,0.000842292916439121,8.429589184499035e-05,-0.17489336175498238,0.5606577056853195,0.05113539630855838
1742112785.6190646,2.3429892997176603e-12,5.513805063973232e-09,9.930474925769308e-05,1.5306826254052995e-06,-0.17489336175601977,0.5606577057056583,0.051133786983149444
1742112785.734214,7.258016164602057e-09,5.513805063973232e-09,0.000847149767674004,8.519399136442697e-05,-0.17489336175601977,0.5606577057056583,0.05114874774898814
1742112785.819296,3.166735580017219e-12,5.513805063973232e-09,0.00010774650645456033,1.7795324048797817e-06,-0.17489336175601977,0.5606577057056583,0.05113062793697643
1742112785.9187558,7.2398388653896686e-09,5.513805063973232e-09,0.0008465775113389373,8.508724267121169e-05,-0.17489336175601977,0.5606577057056583,0.05112979347194943
1742112786.0241067,7.2398388653896686e-09,5.513805063973232e-09,0.0008465775113389373,8.508724267121169e-05,-0.17489336175601977,0.5606577057056583,0.05112442905391972
1742112786.119282,7.376756616087384e-09,5.513805063973232e-09,0.000850921619030736,8.588804699192656e-05,-0.17489336175601977,0.5606577057056583,0.051135694331782285
1742112786.2189858,8.647765914860373e-09,5.513805063973232e-09,0.0008886445759620368,9.299336489696656e-05,-0.17489336175601977,0.5606577057056583,0.051143621749537425
1742112786.318946,8.647765914860373e-09,5.513805063973232e-09,0.0008886445759620368,9.299336489696656e-05,-0.17489336175601977,0.5606577057056583,0.05112174684490482
1742112786.4192975,7.694615726221325e-09,5.513805063973232e-09,0.000860761129486624,8.771895876161165e-05,-0.17489336175601977,0.5606577057056583,0.0511257999607495
1742112786.5188694,8.779817670391283e-09,5.513805063973232e-09,0.0008922735381264232,9.370068126962195e-05,-0.17489336175601977,0.5606577057056583,0.051131223983424144
1742112786.6191118,7.608208174204356e-09,5.513805063973232e-09,0.0008581447141816336,8.722504327430485e-05,-0.17489336175601977,0.5606577057056583,0.05113670761074346
1742112786.718993,7.60820817283062e-09,5.513805074051835e-09,0.0008581447141393079,8.72250432664302e-05,-0.17489336176084436,0.5606577057998261,0.05112925703014652
1742112786.8191786,6.7002945685104484e-09,5.513805074051835e-09,0.0008289212215219523,8.18553270625098e-05,-0.17489336176084436,0.5606577057998261,0.05112985307659417
1742112786.9191263,7.110598101566944e-09,5.513805074051835e-09,0.0008423764178419442,8.432436244388061e-05,-0.17489336176084436,0.5606577057998261,0.051149224586146305
1742112787.0189934,7.351674040572161e-09,5.513805074051835e-09,0.0008500948570220106,8.574190364443842e-05,-0.17489336176084436,0.5606577057998261,0.05115142995800283
1742112787.126008,6.367762739563695e-09,5.513805059296737e-09,0.0008174142446747527,7.979826276031136e-05,-0.17489336175378867,0.5606577056619666,0.05114052230800905
1742112787.219061,6.367762739563695e-09,5.513805059296737e-09,0.0008174142446747527,7.979826276031136e-05,-0.17489336175378867,0.5606577056619666,0.05114427740062996
1742112787.3263402,7.706455867965691e-09,5.513805059296737e-09,0.0008611021064788102,8.778642188838598e-05,-0.17489336175378867,0.5606577056619666,0.05114958221401497
1742112787.4223197,7.536392030714878e-09,5.513805059296737e-09,0.0008587742697519363,8.68123956052065e-05,-0.17489336175378867,0.5606577056619666,0.05114302570308965
1742112787.5191145,7.263082743801102e-09,5.513805059296737e-09,0.0008472690090601927,8.522372171995953e-05,-0.17489336175378867,0.5606577056619666,0.0511480324932508
1742112787.6195283,8.991635254096151e-15,5.514734342359006e-09,2.277379190953098e-05,1.1321336770361605e-06,-0.17486808414787447,0.560658999293878,0.051134979076044876
1742112787.7188985,6.772065870269623e-09,5.513805016885852e-09,0.0008340438505621375,8.229256266680253e-05,-0.17489336173350267,0.5606577052657125,0.0511365884014539
1742112787.8189561,6.772065870269623e-09,5.513805016885852e-09,0.0008340438505621375,8.229256266680253e-05,-0.17489336173350267,0.5606577052657125,0.051149343795435766
1742112787.9191606,7.185511712008826e-09,5.513805016885852e-09,0.0008448002764652651,8.476739769515651e-05,-0.17489336173350267,0.5606577052657125,0.051123892612116764
1742112788.019058,6.785918909420674e-09,5.513805016885852e-09,0.0008345081195824805,8.237668911421892e-05,-0.17489336173350267,0.5606577052657125,0.05114737684215821
1742112788.1190095,6.040659695461798e-09,5.5147343088119424e-09,0.0008084349477880539,7.772168098710808e-05,-0.17486808413183752,0.5606589989804949,0.05112800533260628
1742112788.222582,5.186746093633191e-09,5.513805025835621e-09,0.0007755727798720592,7.201906756986785e-05,-0.17489336173778725,0.5606577053493331,0.0511241310306959
1742112788.3190398,6.742215281528566e-09,5.513805025835621e-09,0.0008330368678028285,8.211099367032752e-05,-0.17489336173778725,0.5606577053493331,0.051136230773585166
1742112788.4191153,6.815949932310777e-09,5.513805025835621e-09,0.0008355025986591135,8.255876653821069e-05,-0.17489336173778725,0.5606577053493331,0.051146661586421
1742112788.519054,6.422532939478278e-09,5.513805025835621e-09,0.000822063600671031,8.014070713113453e-05,-0.17489336173778725,0.5606577053493331,0.05115458900417602
1742112788.618871,5.919307710828169e-09,5.5138050305929206e-09,0.0008039895551829924,7.693703731512001e-05,-0.17489336174006098,0.5606577053937811,0.05115107233013427
1742112788.7191305,6.0030446744698275e-09,5.5138050305929206e-09,0.000807067571318799,7.747931772073001e-05,-0.17489336174006098,0.5606577053937811,0.05114672119106578
1742112788.8189778,6.0030446744698275e-09,5.5138050305929206e-09,0.000807067571318799,7.747931772073001e-05,-0.17489336174006098,0.5606577053937811,0.05113521749462401
1742112788.946763,5.488221948306844e-09,5.5138050305929206e-09,0.0007876025421527697,7.408253470492788e-05,-0.17489336174006098,0.5606577053937811,0.05112830335583012
1742112789.0189886,6.1096436859329445e-09,5.5138050305929206e-09,0.0008109476056134504,7.816420975058179e-05,-0.17489336174006098,0.5606577053937811,0.0511257999607495
1742112789.1205354,5.898448465972745e-09,5.5138050305929206e-09,0.0008032225327998185,7.680135718835146e-05,-0.17489336174006098,0.5606577053937811,0.0511300914951733
1742112789.219081,5.898448465972745e-09,5.5138050305929206e-09,0.0008032225327998185,7.680135718835146e-05,-0.17489336174006098,0.5606577053937811,0.05113521749462401
1742112789.3190656,6.305950321063321e-09,5.5138050305929206e-09,0.0008179878254360299,7.94100139847823e-05,-0.17489336174006098,0.5606577053937811,0.05113271409954339
1742112789.419316,6.305950321063321e-09,5.5138050305929206e-09,0.0008179878254360299,7.94100139847823e-05,-0.17489336174006098,0.5606577053937811,0.051138376540797184
1742112789.5189228,6.72645170291516e-09,5.5138050305929206e-09,0.0008325107153632632,8.201494804555545e-05,-0.17489336174006098,0.5606577053937811,0.051133488959925484
1742112789.6325102,6.210339551678578e-09,5.5138050305929206e-09,0.0008145872303230115,7.880570760851385e-05,-0.17489336174006098,0.5606577053937811,0.05114064151729863
1742112789.7190924,6.239050880772559e-09,5.5138050305929206e-09,0.0008156087084236328,7.898766283903176e-05,-0.17489336174006098,0.5606577053937811,0.05113134319271353
1742112789.8196137,6.527112935972151e-09,5.5138050305929206e-09,0.0008256985269489046,8.079054979372371e-05,-0.17489336174006098,0.5606577053937811,0.05112675363506589
1742112789.9197075,5.945775131162831e-09,5.5138050305929206e-09,0.0008049644874929137,7.710885248246683e-05,-0.17489336174006098,0.5606577053937811,0.05114678079571043
1742112790.018925,5.945775131162831e-09,5.5138050305929206e-09,0.0008049644874929137,7.710885248246683e-05,-0.17489336174006098,0.5606577053937811,0.05114159519161512
1742112790.1273255,6.51509109957737e-09,5.5138050305929206e-09,0.000825280997242052,8.071611424974179e-05,-0.17489336174006098,0.5606577053937811,0.0511130445667676
1742112790.2189734,4.322730835118475e-09,5.5138050305929206e-09,0.0007354967675581896,6.574747778522364e-05,-0.17489336174006098,0.5606577053937811,0.051131939239161414
1742112790.319199,1.6586832640962687e-10,5.161546951611928e-74,0.00031114834485796247,1.2878987786686765e-05,-0.17489336174510584,0.5606577054924675,0.0511241310306959
1742112790.418788,7.26429253928172e-09,5.161546951611928e-74,0.0008473710033716624,8.523081918696851e-05,-0.17489336174510584,0.5606577054924675,0.051131223983424144
1742112790.5189667,7.26429253928172e-09,5.161546951611928e-74,0.0008473710033716624,8.523081918696851e-05,-0.17489336174510584,0.5606577054924675,0.051139926261561296
1742112790.6199696,1.2362343481740692e-14,5.161546951611928e-74,2.4706514476124365e-05,1.1118607593462724e-07,-0.17489336174510584,0.5606577054924675,0.05113998586620612
1742112790.7189262,2.6477339643390658e-11,5.161546951611928e-74,0.00019009409398288243,5.145613631374849e-06,-0.17489336174510584,0.5606577054924675,0.05112198526348393
1742112790.8191273,7.614942602525471e-13,5.161546951611928e-74,7.374615060366899e-05,8.726363849006911e-07,-0.17489336174510584,0.5606577054924675,0.05112079317058839
1742112790.9208896,8.866556314020078e-09,5.161546951611928e-74,0.0008946952055172714,9.416239331081214e-05,-0.17489336174510584,0.5606577054924675,0.051134502238886693
1742112791.0189972,9.320123013651288e-13,5.161546951611928e-74,7.784746089422523e-05,9.65407841984479e-07,-0.17489336174510584,0.5606577054924675,0.05113015109981814
1742112791.119372,2.3064344385359387e-12,5.161546951611928e-74,9.895683631177964e-05,1.5186949787682643e-06,-0.17489336174510584,0.5606577054924675,0.05111352140392581
1742112791.2201288,2.3064344385359387e-12,5.161546951611928e-74,9.895683631177964e-05,1.5186949787682643e-06,-0.17489336174510584,0.5606577054924675,0.05111620361294075
1742112791.3192654,3.897950513263213e-12,5.161546951611928e-74,0.0001139481098414979,1.9743227986484916e-06,-0.17489336174510584,0.5606577054924675,0.051113282985346675
1742112791.4263456,9.343001140386986e-09,5.161546951611928e-74,0.0009075552528208071,9.665920101256262e-05,-0.17489336174510584,0.5606577054924675,0.05113056833233175
1742112791.526046,5.4727793734334796e-09,5.161546951611928e-74,0.0007843969992335132,7.397823580914511e-05,-0.17489336174510584,0.5606577054924675,0.05113593275036137
1742112791.6248822,5.373082572566772e-09,5.161546951611928e-74,0.0007804757272644719,7.330131358009059e-05,-0.17489336174510584,0.5606577054924675,0.0511464231678418
1742112791.718837,5.029646035471939e-09,5.161546988875045e-74,0.0007690527182029673,7.091999743000517e-05,-0.1748933617529289,0.5606577056453941,0.05113432342495247
1742112791.8222404,5.029646035471939e-09,5.161546988875045e-74,0.0007690527182029673,7.091999743000517e-05,-0.1748933617529289,0.5606577056453941,0.05112711126293459
1742112791.9188893,5.03411907509594e-09,5.161546988875045e-74,0.0007692473711407986,7.095152623514127e-05,-0.1748933617529289,0.5606577056453941,0.051120971984522694
1742112792.0198054,4.041487503967067e-09,5.161546988875045e-74,0.000722173004204361,6.357269464138725e-05,-0.1748933617529289,0.5606577056453941,0.05112556154217043
1742112792.1201649,4.041487503967067e-09,5.161546988875045e-74,0.000722173004204361,6.357269464138725e-05,-0.1748933617529289,0.5606577056453941,0.051131223983424144
1742112792.2256174,3.6676161602218714e-09,5.161546988875045e-74,0.0007056482539459112,6.056084675945236e-05,-0.1748933617529289,0.5606577056453941,0.051130806750910626
1742112792.320583,2.6111973026005004e-12,5.161546988875045e-74,0.00010227702984624312,1.6159199555053773e-06,-0.1748933617529289,0.5606577056453941,0.05113593275036137
1742112792.419113,4.533691535864829e-09,5.161546988875045e-74,0.0007476384768621156,6.733269292004315e-05,-0.1748933617529289,0.5606577056453941,0.051144158191340425
1742112792.5191295,3.4910691673449656e-09,5.161546988875045e-74,0.000696287471808755,5.9085270307793e-05,-0.1748933617529289,0.5606577056453941,0.05111054117168696
1742112792.619253,3.6950140901706644e-12,5.161546988875045e-74,0.0001123268806569074,1.9222419437132947e-06,-0.1748933617529289,0.5606577056453941,0.051131998843806224
1742112792.7193449,3.6950140901706644e-12,5.161546988875045e-74,0.0001123268806569074,1.9222419437132947e-06,-0.1748933617529289,0.5606577056453941,0.05112901861156747
1742112792.819064,3.1289428399736406e-12,5.161546988875045e-74,0.0001073948023547546,1.768881804975573e-06,-0.1748933617529289,0.5606577056453941,0.05113074714626581
1742112792.919515,3.4700002891433463e-12,5.161546988875045e-74,0.00011044159302923907,1.8627936786298547e-06,-0.1748933617529289,0.5606577056453941,0.05112073356594362
1742112793.0191143,3.4700002891433463e-12,5.161546988875045e-74,0.00011044159302923907,1.8627936786298547e-06,-0.1748933617529289,0.5606577056453941,0.05112001831020625
1742112793.1189063,4.268099973641198e-09,5.161546988875045e-74,0.0007354317636173443,6.533069702399629e-05,-0.1748933617529289,0.5606577056453941,0.05112973386730465
1742112793.2191782,3.356491447241994e-09,5.161546988875045e-74,0.0006889265422362727,5.7935234937315946e-05,-0.1748933617529289,0.5606577056453941,0.05112776691402714
1742112793.3201091,4.41767958950828e-09,5.161546988875045e-74,0.0007424113624330804,6.64656271279244e-05,-0.1748933617529289,0.5606577056453941,0.05112675363506589
1742112793.4191658,2.506815792034962e-12,5.161546988875045e-74,0.00010115905595172127,1.583292705735412e-06,-0.1748933617529289,0.5606577056453941,0.05112270051922122
1742112793.519064,2.506815792034962e-12,5.161546988875045e-74,0.00010115905595172127,1.583292705735412e-06,-0.1748933617529289,0.5606577056453941,0.051151847190516436
1742112793.6191869,1.898030945330489e-12,5.161546988875045e-74,9.403334260713952e-05,1.377690438861535e-06,-0.1748933617529289,0.5606577056453941,0.05111513072933471
1742112793.718706,4.6654214449617226e-09,5.161546988875045e-74,0.0007534753630901142,6.830389040868553e-05,-0.1748933617529289,0.5606577056453941,0.051122998542445175
1742112793.8189774,4.0274730659819315e-09,5.161546988875045e-74,0.0007239190530723776,0.0012164122340874415,-0.1748933617529289,0.5606577056453941,0.05112538272823605
1742112793.91922,4.0274730659819315e-09,5.161546988875045e-74,0.0007239190530723776,0.0012164122340874415,-0.1748933617529289,0.5606577056453941,0.05113372737850463
1742112794.018847,3.791547520855563e-09,5.161546988875045e-74,0.0007120996574484966,0.0011911815349919936,-0.1748933617529289,0.5606577056453941,0.05112603837932866
1742112794.1190283,3.791547520855563e-09,5.161546988875045e-74,0.0007120996574484966,0.0011911815349919936,-0.1748933617529289,0.5606577056453941,0.05113593275036137
1742112794.2213016,3.65766415772707e-09,5.161546972719856e-74,0.0007051787122174423,0.0011764050610442783,-0.17489336174953962,0.5606577055790987,0.05114117795910167
1742112794.3206677,4.316186397773439e-09,5.161546972719856e-74,0.0007515012082511897,0.0012460081985143615,-0.17489336174953962,0.5606577055790987,0.05113271409954339
1742112794.4235125,3.0417211250881524e-14,5.161546972719856e-74,4.516849575573804e-05,2.025996442682021e-05,-0.17489336174953962,0.5606577055790987,0.05112305814708997
1742112794.5206845,3.0417211250881524e-14,5.161546972719856e-74,4.516849575573804e-05,2.025996442682021e-05,-0.17489336174953962,0.5606577055790987,0.05112740928615847
1742112794.620164,4.249969667268819e-09,5.161546972719856e-74,0.0007489515985629033,6.519179141018307e-05,-0.17489336174953962,0.5606577055790987,0.051128720588343494
1742112794.722053,1.504302251248681e-14,5.161546972719856e-74,4.041076212154916e-05,1.5865858557606606e-05,-0.17489336174953962,0.5606577055790987,0.05110875303234384
1742112794.820766,1.504302251248681e-14,5.161546972719856e-74,4.041076212154916e-05,1.5865858557606606e-05,-0.17489336174953962,0.5606577055790987,0.05110601121868417
1742112794.9210243,2.6124667796227868e-14,5.161546972719856e-74,4.4482869829363416e-05,1.921755737394644e-05,-0.17489336174953962,0.5606577055790987,0.05111513072933471
1742112795.020423,6.062286380263861e-09,5.161546972719856e-74,0.0008236203783629658,0.0014020024314576503,-0.17489336174953962,0.5606577055790987,0.051111733264582494
1742112795.1242414,5.876760914251839e-09,5.161546972719856e-74,0.0008087040681035762,7.666003466117035e-05,-0.17489336174953962,0.5606577055790987,0.05111399824108409
1742112795.2245495,5.876760914251839e-09,5.161546972719856e-74,0.0008087040681035762,7.666003466117035e-05,-0.17489336174953962,0.5606577055790987,0.05112347537960324
1742112795.3267076,6.350726743337505e-09,5.161546972719856e-74,0.0008258241794405029,7.969144711534297e-05,-0.17489336174953962,0.5606577055790987,0.05111042196239747
1742112795.4255936,6.350726743337505e-09,5.161546972719856e-74,0.0008258241794405029,7.969144711534297e-05,-0.17489336174953962,0.5606577055790987,0.051100766009943885
1742112795.5203407,4.390870266148428e-09,5.161546972719856e-74,0.0007474243857645675,6.626364211351824e-05,-0.17489336174953962,0.5606577055790987,0.05111578638042731
1742112795.6206782,5.393011611978731e-09,5.161546972719856e-74,0.0007901140203319438,7.343712693167354e-05,-0.17489336174953962,0.5606577055790987,0.051108514613764734
1742112795.728811,6.567130145773017e-09,5.1615469554689636e-74,0.0008333845679445291,8.103783157126687e-05,-0.17489336174590875,0.5606577055082838,0.051114117450373586
1742112795.8262517,6.567130145773017e-09,5.1615469554689636e-74,0.0008333845679445291,8.103783157126687e-05,-0.17489336174590875,0.5606577055082838,0.0511057728001049
1742112795.9272227,6.349050094178687e-09,5.174799503540989e-74,0.0008257483751571198,7.968092679041006e-05,-0.17486808410765775,0.5606589985081514,0.05109867984737669
1742112796.0212233,5.303132928239785e-09,5.161547017512937e-74,0.00078653054008523,7.28226127534558e-05,-0.174893361758933,0.5606577057629072,0.051106786079066074
1742112796.1201653,6.329663932316071e-09,5.161547017512937e-74,0.0008250678248112679,7.955918509082449e-05,-0.174893361758933,0.5606577057629072,0.05111393863643916
1742112796.2208915,6.04326103039976e-09,5.161547017512937e-74,0.0008148135373553987,7.773841412326187e-05,-0.174893361758933,0.5606577057629072,0.0511008852192334
1742112796.3206103,6.04326103039976e-09,5.161547017512937e-74,0.0008148135373553987,7.773841412326187e-05,-0.174893361758933,0.5606577057629072,0.05111513072933471
1742112796.4203143,5.895699217486357e-09,5.161547017512937e-74,0.0008094033855249103,7.678345666539347e-05,-0.174893361758933,0.5606577057629072,0.051103388614313947
1742112796.5208025,2.9929271097354117e-14,5.161547017512937e-74,3.748729006787149e-05,1.7300078351659024e-07,-0.174893361758933,0.5606577057629072,0.05111799175228392
1742112796.6294873,4.74359052242504e-09,5.161547017512937e-74,0.0007631561324126462,6.887372882620077e-05,-0.174893361758933,0.5606577057629072,0.051106547660487125
1742112796.720888,4.6742305641029175e-09,5.161547017512937e-74,0.0007632612831590277,6.836834475181418e-05,-0.174893361758933,0.5606577057629072,0.05111054117168696
1742112796.8231695,4.675843466454449e-09,5.174799583410963e-74,0.0007633330137754944,6.838013941528965e-05,-0.17486808412438393,0.5606589988350978,0.05110267335857664
1742112796.9207952,5.158248146564902e-09,5.161547076070732e-74,0.0007837226644656254,7.182094504087859e-05,-0.1748933617712254,0.560657706003223,0.05109909707989014
1742112797.0234041,5.94286168571197e-09,5.161547076070732e-74,0.0008141145095105488,7.708995839739421e-05,-0.1748933617712254,0.560657706003223,0.05111507112468991
1742112797.1204276,5.942861683174132e-09,5.161547130406062e-74,0.0008141145094230714,7.708995838093397e-05,-0.1748933617826296,0.5606577062262073,0.05109742814983648
1742112797.2205687,6.147351707371591e-09,5.161547130406062e-74,0.0008214994940383055,7.840504899157701e-05,-0.1748933617826296,0.5606577062262073,0.05109122926677979
1742112797.3209746,6.162406664420459e-09,5.161547130406062e-74,0.0008220251406698855,7.850099785620855e-05,-0.1748933617826296,0.5606577062262073,0.051094984359400686
1742112797.421269,5.250724084422849e-12,5.161547130406062e-74,0.00013510744553308596,2.2914458502052474e-06,-0.1748933617826296,0.5606577062262073,0.05108884508098885
1742112797.5204346,6.470232498307924e-09,5.161547130406062e-74,0.0008328808357842839,8.043775542808193e-05,-0.1748933617826296,0.5606577062262073,0.051099335498469275
1742112797.6205668,7.103046247809665e-09,5.161547130406062e-74,0.0008540205765577436,8.427957194842452e-05,-0.1748933617826296,0.5606577062262073,0.051112627334254215
1742112797.721184,7.103046247809665e-09,5.161547130406062e-74,0.0008540205765577436,8.427957194842452e-05,-0.1748933617826296,0.5606577062262073,0.05109438831295292
1742112797.8209565,7.3205653924130625e-09,5.161547130406062e-74,0.0008610039762747618,8.556030266667517e-05,-0.1748933617826296,0.5606577062262073,0.05111530954326914
1742112797.92531,4.5206367214424514e-12,5.161547130406062e-74,0.00013034247483513622,2.126178901560838e-06,-0.1748933617826296,0.5606577062262073,0.05109891826595587
1742112798.0238469,5.921068832158185e-09,5.161547130406062e-74,0.0008133065040194806,7.694848167545727e-05,-0.1748933617826296,0.5606577062262073,0.0510961168476514
1742112798.1233442,6.309303571370142e-09,5.161547130406062e-74,0.0008272703036982245,7.943112470165673e-05,-0.1748933617826296,0.5606577062262073,0.05108616287197388
1742112798.220081,6.309303571370142e-09,5.161547130406062e-74,0.0008272703036982245,7.943112470165673e-05,-0.1748933617826296,0.5606577062262073,0.05109581882442757
1742112798.3203402,6.080730975301228e-09,5.161547130406062e-74,0.0008191428271474355,7.797904189781526e-05,-0.1748933617826296,0.5606577062262073,0.05110016996349609
1742112798.4235318,6.199718732537101e-09,5.161547142154824e-74,0.0008233616888518774,7.873829266968583e-05,-0.17489336178509518,0.5606577062744216,0.05109635526623044
1742112798.52052,6.199718732537101e-09,5.161547142154824e-74,0.0008233616888518774,7.873829266968583e-05,-0.17489336178509518,0.5606577062744216,0.05108836824383051
1742112798.6303985,7.0742511651363985e-09,5.161547142154824e-74,0.0008558801289030603,8.41085677272916e-05,-0.17489336178509518,0.5606577062744216,0.05109873945202153
1742112798.7223508,6.637422870624885e-09,5.161547142154824e-74,0.000841395198591837,8.147038032699298e-05,-0.17489336178509518,0.5606577062744216,0.05108103687252323
1742112798.82004,6.937011769267325e-09,5.161547142154824e-74,0.0008514006088543554,8.328872534303382e-05,-0.17489336178509518,0.5606577062744216,0.05110231573070803
1742112798.9204564,6.937011769267325e-09,5.161547142154824e-74,0.0008514006088543554,8.328872534303382e-05,-0.17489336178509518,0.5606577062744216,0.05109260017360955
1742112799.0208259,6.8328152575353545e-09,5.16154718658145e-74,0.0008479538766371669,8.266084476664483e-05,-0.1748933617944104,0.5606577064567246,0.05107817584957405
1742112799.121113,3.212140232365337e-13,5.16154718658145e-74,7.045321156234171e-05,5.667574642089274e-07,-0.1748933617944104,0.5606577064567246,0.05108902389492302
1742112799.2209313,1.0222551406480523e-14,5.16154718658145e-74,3.540864249968324e-05,1.011066338401221e-07,-0.1748933617944104,0.5606577064567246,0.05108747417415889
1742112799.3235476,1.0222551406480523e-14,5.16154718658145e-74,3.540864249968324e-05,1.011066338401221e-07,-0.1748933617944104,0.5606577064567246,0.051080321616785954
1742112799.4203956,1.569278426480352e-13,5.16154718658145e-74,6.03343154259082e-05,3.9614119029461603e-07,-0.1748933617944104,0.5606577064567246,0.051072394199030806
1742112799.5204904,6.0708329469985924e-09,5.16154718658145e-74,0.0008214135945439519,7.791555009751642e-05,-0.1748933617944104,0.5606577064567246,0.05110875303234384
1742112799.6205127,5.839476456345953e-09,5.16154718658145e-74,0.000812927627735853,7.641646718048377e-05,-0.1748933617944104,0.5606577064567246,0.05107626850094105
1742112799.7206683,5.839476456345953e-09,5.16154718658145e-74,0.000812927627735853,7.641646718048377e-05,-0.1748933617944104,0.5606577064567246,0.05109087163891119
1742112799.8188229,7.384966074749295e-09,5.16154718658145e-74,0.0008539976306357348,8.593582532767865e-05,-0.1748933617944104,0.5606577064567246,0.05108407670940682
1742112799.9190507,4.8884065493732786e-09,5.16154718658145e-74,0.0007630884018988049,6.991714059780533e-05,-0.1748933617944104,0.5606577064567246,0.05110863382305426
1742112800.0192022,1.5807896243285735e-12,5.16154718658145e-74,8.955592670206528e-05,1.2572945654573447e-06,-0.1748933617944104,0.5606577064567246,0.05109760696377078
1742112800.119145,2.89881748064656e-12,5.16154718658145e-74,0.00010516403803923546,1.7025914015542779e-06,-0.1748933617944104,0.5606577064567246,0.051104580707209496
1742112800.222538,2.89881748064656e-12,5.16154718658145e-74,0.00010516403803923546,1.7025914015542779e-06,-0.1748933617944104,0.5606577064567246,0.05109742814983648
1742112800.3271456,7.036412834308092e-09,5.16154718658145e-74,0.0008428076015610015,8.388332870307479e-05,-0.1748933617944104,0.5606577064567246,0.05108836824383051
1742112800.418912,7.036412834308092e-09,5.16154718658145e-74,0.0008428076015610015,8.388332870307479e-05,-0.1748933617944104,0.5606577064567246,0.05110601121868417
1742112800.5192661,7.965612728517363e-14,5.16154718658145e-74,4.050615938360594e-05,2.822341710090641e-07,-0.1748933617944104,0.5606577064567246,0.051101064033167706
1742112800.6201653,7.528550822693853e-14,5.16154718658145e-74,3.9888475588268984e-05,2.7438204793123497e-07,-0.1748933617944104,0.5606577064567246,0.05109742814983648
1742112800.72407,4.363244988153092e-09,5.16154718658145e-74,0.000737373439736806,6.605486347085347e-05,-0.1748933617944104,0.5606577064567246,0.051101242847102046
1742112800.8204117,4.363244988153092e-09,5.16154718658145e-74,0.000737373439736806,6.605486347085347e-05,-0.1748933617944104,0.5606577064567246,0.05109873945202153
1742112800.921575,1.3808196941958921e-12,5.16154718658145e-74,8.628576771667424e-05,1.1750828456733985e-06,-0.1748933617944104,0.5606577064567246,0.0511051171490124
1742112801.0189214,6.734012770393842e-09,5.16154718658145e-74,0.0008327858216047309,8.20610307660941e-05,-0.1748933617944104,0.5606577064567246,0.051091467685358924
1742112801.11927,7.48634628087088e-09,5.16154718658145e-74,0.0008543499928892905,8.652367468427864e-05,-0.1748933617944104,0.5606577064567246,0.05108669931377694
1742112801.2190123,4.836954263281984e-09,5.16154718658145e-74,0.0007584078764454495,6.954821538531369e-05,-0.1748933617944104,0.5606577064567246,0.05110279256786618
1742112801.3190622,4.6613960176403686e-09,5.16154718658145e-74,0.0007508683677079171,6.827441700696073e-05,-0.1748933617944104,0.5606577064567246,0.05109802419628432
1742112801.4188666,4.6613960176403686e-09,5.16154718658145e-74,0.0007508683677079171,6.827441700696073e-05,-0.1748933617944104,0.5606577064567246,0.051109229869502
1742112801.5188756,4.585370783248694e-09,5.16154718658145e-74,0.0007474771235137001,6.771536593158672e-05,-0.1748933617944104,0.5606577064567246,0.051111077613490076
1742112801.6199276,6.583854188360038e-09,5.174799705801975e-74,0.0008249496061411917,8.114095259707048e-05,-0.1748680841499919,0.560658999336058,0.05110350782360362
1742112801.7236192,6.272517454083382e-09,5.1615471590486486e-74,0.000814112034363235,7.919922634775785e-05,-0.17489336178862658,0.5606577063437239,0.05110857421840949
1742112801.8193367,1.590083776678001e-10,5.1615471590486486e-74,0.0003076357213144117,1.260985240467945e-05,-0.17489336178862658,0.5606577063437239,0.051098799056666255
1742112801.9191601,1.590083776678001e-10,5.1615471590486486e-74,0.0003076357213144117,1.260985240467945e-05,-0.17489336178862658,0.5606577063437239,0.051106309241908114
1742112802.0189993,5.757937591129078e-09,5.1615471590486486e-74,0.0007953658875396897,7.588107531610947e-05,-0.17489336178862658,0.5606577063437239,0.05111256772960938
1742112802.1189013,6.07950172538535e-09,5.1615471590486486e-74,0.0008072058747440709,7.797115957445643e-05,-0.17489336178862658,0.5606577063437239,0.051103627032893055
1742112802.2214553,6.07950172538535e-09,5.1615471590486486e-74,0.0008072058747440709,7.797115957445643e-05,-0.17489336178862658,0.5606577063437239,0.05109432870830816
1742112802.3192043,5.942964492642933e-09,5.1615471590486486e-74,0.0008022428685312076,7.70906251929697e-05,-0.17489336178862658,0.5606577063437239,0.05108854705776487
1742112802.4201636,6.543419903997681e-09,5.1615471590486486e-74,0.0008235886156445527,8.089140809750861e-05,-0.17489336178862658,0.5606577063437239,0.051116382426875016
1742112802.519214,5.8738776923365605e-09,5.1615471590486486e-74,0.0007997003347007341,7.664122710615064e-05,-0.17489336178862658,0.5606577063437239,0.05111495191540037
1742112802.6266904,5.8738776923365605e-09,5.1615471590486486e-74,0.0007997003347007341,7.664122710615064e-05,-0.17489336178862658,0.5606577063437239,0.05110267335857664
1742112802.7225046,6.34857422932087e-09,5.1615471590486486e-74,0.0008168122011754914,7.967794066942789e-05,-0.17489336178862658,0.5606577063437239,0.05109426910366341
1742112802.8191595,6.674475799529541e-09,5.1615471590486486e-74,0.0008280346662868099,8.169746507407399e-05,-0.17489336178862658,0.5606577063437239,0.05110964710201544
1742112802.9190485,6.224133606472251e-09,5.1615471590486486e-74,0.0008124118192786653,7.889317845335078e-05,-0.17489336178862658,0.5606577063437239,0.051121627635615195
1742112803.0298846,9.170968120873483e-13,5.1615471590486486e-74,7.752268229950328e-05,9.576517175295769e-07,-0.17489336178862658,0.5606577063437239,0.051123177356379446
1742112803.1191473,9.170968120873483e-13,5.1615471590486486e-74,7.752268229950328e-05,9.576517175295769e-07,-0.17489336178862658,0.5606577063437239,0.051112031287806496
1742112803.2206576,4.555318793449369e-12,5.1615471590486486e-74,0.00011869584257013961,2.1343192810470904e-06,-0.17489336178862658,0.5606577063437239,0.05111215049709595
1742112803.321511,5.970508063560242e-09,5.1615471590486486e-74,0.0008032334952342509,7.726906278427506e-05,-0.17489336178862658,0.5606577063437239,0.05112013751949585
1742112803.4190805,6.165082228452792e-09,5.1615471590486486e-74,0.0008102738194942421,7.851803759934906e-05,-0.17489336178862658,0.5606577063437239,0.05111256772960938
1742112803.519193,6.165082228452792e-09,5.1615471590486486e-74,0.0008102738194942421,7.851803759934906e-05,-0.17489336178862658,0.5606577063437239,0.051121627635615195
1742112803.618875,5.962220851765997e-09,5.1615471590486486e-74,0.0008029308310028148,7.721541848469123e-05,-0.17489336178862658,0.5606577063437239,0.05110207731212886
1742112803.7188735,5.909923429417608e-09,5.1615471590486486e-74,0.000801009675041422,7.68760263633443e-05,-0.17489336178862658,0.5606577063437239,0.051114475078242114
1742112803.8191445,5.5082382567070735e-09,5.1615471590486486e-74,0.0007857691809015337,7.42175064031868e-05,-0.17489336178862658,0.5606577063437239,0.05109564001049312
1742112803.9218426,5.508238258362079e-09,5.161547120499998e-74,0.0007857691809671093,7.42175064143365e-05,-0.1748933617805335,0.5606577061855225,0.05110815698589602
1742112804.019006,5.516367583554897e-09,5.161547120499998e-74,0.0007860899107412893,7.427225312022584e-05,-0.1748933617805335,0.5606577061855225,0.05111161405529295
1742112804.1189406,5.516367581584977e-09,5.161547166390983e-74,0.0007860899106632257,7.427225310696437e-05,-0.17489336179016846,0.5606577063738576,0.051096712894099
1742112804.2190568,5.070033168696795e-09,5.161547166390983e-74,0.0007682020231086768,7.120416538866806e-05,-0.17489336179016846,0.5606577063738576,0.051081692523615795
1742112804.3231828,5.105022563152012e-09,5.161547166390983e-74,0.0007696501298882269,7.144944060769134e-05,-0.17489336179016846,0.5606577063738576,0.051098083800928874
1742112804.419037,5.610189656349542e-09,5.161547166390983e-74,0.0007897038948080663,7.490119929847279e-05,-0.17489336179016846,0.5606577063738576,0.051112627334254215
1742112804.5187662,5.617601811207337e-09,5.161547166390983e-74,0.000789989029103201,7.495066251346506e-05,-0.17489336179016846,0.5606577063738576,0.05110034877743039
1742112804.618908,5.617601811207337e-09,5.161547166390983e-74,0.000789989029103201,7.495066251346506e-05,-0.17489336179016846,0.5606577063738576,0.05110398466076163
1742112804.71918,5.660284582570657e-09,5.161547166390983e-74,0.0007916191534773487,7.523486281352986e-05,-0.17489336179016846,0.5606577063738576,0.05108133489574702
1742112804.818842,5.318771306511374e-09,5.161547166390983e-74,0.0007783094711123576,7.292990680448847e-05,-0.17489336179016846,0.5606577063738576,0.05110863382305426
1742112804.9192402,5.3822945105273624e-09,5.161547166390983e-74,0.0007808369717312116,7.336412277487792e-05,-0.17489336179016846,0.5606577063738576,0.051101958102839386
1742112805.01892,5.3822945105273624e-09,5.161547166390983e-74,0.0007808369717312116,7.336412277487792e-05,-0.17489336179016846,0.5606577063738576,0.05109134847606935
1742112805.1312456,5.336078429366544e-09,5.161547166390983e-74,0.0007790040619829814,7.304846630399945e-05,-0.17489336179016846,0.5606577063738576,0.05110231573070803
1742112805.2193189,5.353245489928954e-09,5.161547166390983e-74,0.0007796869803709439,7.316587654042665e-05,-0.17489336179016846,0.5606577063738576,0.05109802419628432
1742112805.3191035,5.353245489928954e-09,5.161547166390983e-74,0.0007796869803709439,7.316587654042665e-05,-0.17489336179016846,0.5606577063738576,0.05108896429027827
1742112805.4195414,4.901740672450093e-09,5.161547166390983e-74,0.0007611404393904472,7.001243227063386e-05,-0.17489336179016846,0.5606577063738576,0.05108967954601576
1742112805.5192053,5.362629981875051e-09,5.161547166390983e-74,0.0007800588856092303,7.322998007561555e-05,-0.17489336179016846,0.5606577063738576,0.05108348066295912
1742112805.621636,5.6666304948302445e-09,5.161547166390983e-74,0.0007918341245355395,7.527702501314889e-05,-0.17489336179016846,0.5606577063738576,0.05108312303509031
1742112805.719693,6.135246880784436e-09,5.161547166390983e-74,0.0008118477896713181,7.83278167752966e-05,-0.17489336179016846,0.5606577063738576,0.05108395750011729
1742112805.8190827,6.135246880784436e-09,5.161547166390983e-74,0.0008118477896713181,7.83278167752966e-05,-0.17489336179016846,0.5606577063738576,0.05109772617306027
1742112805.9191675,6.773705100817468e-09,5.161547166390983e-74,0.0008341056352518489,8.230252183753222e-05,-0.17489336179016846,0.5606577063738576,0.051097904986994784
1742112806.0198398,5.23065347002376e-09,5.161547166390983e-74,0.0007747838802318993,7.232325677141316e-05,-0.17489336179016846,0.5606577063738576,0.05110726291622443
1742112806.119996,5.23065347002376e-09,5.161547166390983e-74,0.0007747838802318993,7.232325677141316e-05,-0.17489336179016846,0.5606577063738576,0.05108795101131723
1742112806.2189565,5.719124733240571e-09,5.161547166390983e-74,0.0007938894891737767,7.562489493044318e-05,-0.17489336179016846,0.5606577063738576,0.05111030275310787
1742112806.3188486,5.970179079454846e-09,5.161547166390983e-74,0.0008032613977825402,7.726693393331229e-05,-0.17489336179016846,0.5606577063738576,0.05106965238537102
1742112806.419229,2.0935169360932994e-12,5.161547166390983e-74,9.649096576974866e-05,1.4468990759874371e-06,-0.17489336179016846,0.5606577063738576,0.05109897787060053
1742112806.5190492,6.022402413093882e-09,5.161547166390983e-74,0.0008051530492137714,7.760413914923534e-05,-0.17489336179016846,0.5606577063738576,0.0511089914509229
1742112806.6189868,6.621007124815424e-09,5.1880861318507886e-74,0.00082624572665769,8.136957124635366e-05,-0.1748428065062697,0.5606602922289556,0.051112627334254215
1742112806.720078,7.428035587637328e-09,5.161547147296218e-74,0.0008525823239812598,8.61860521641253e-05,-0.1748933617861681,0.5606577062955096,0.051095043964045433
1742112806.8216038,7.428035587637328e-09,5.161547147296218e-74,0.0008525823239812598,8.61860521641253e-05,-0.1748933617861681,0.5606577062955096,0.05109158689464845
1742112806.9189343,8.954466751616582e-09,5.161547147296218e-74,0.0008971165258726443,9.462804421320658e-05,-0.1748933617861681,0.5606577062955096,0.05107263261760993
1742112807.0265098,6.508944145933083e-09,5.161547147296218e-74,0.0008223947567180025,8.067802765272019e-05,-0.1748933617861681,0.5606577062955096,0.051116382426875016
1742112807.1190956,6.438378869565072e-09,5.161547162714388e-74,0.0008199305240788602,8.023950940506224e-05,-0.17489336178940817,0.560657706358791,0.051111375636713925
1742112807.2315202,4.935423544336608e-12,5.161547162714388e-74,0.00012122767316926817,2.221581316165719e-06,-0.17489336178940817,0.560657706358791,0.051103090591090146
1742112807.324054,4.935423544336608e-12,5.161547162714388e-74,0.00012122767316926817,2.221581316165719e-06,-0.17489336178940817,0.560657706358791,0.0511058920093945
1742112807.4387527,5.849523575292874e-09,5.161547162714388e-74,0.0008065546608633108,7.648217815473664e-05,-0.17489336178940817,0.560657706358791,0.05109641487087532
1742112807.5231326,5.5880596683372e-12,5.161547162714388e-74,0.000133022678305457,2.3639077114678566e-06,-0.17489336178940817,0.560657706358791,0.05110911066021237
1742112807.620829,5.28353290830012e-09,5.161547162714388e-74,0.0007847036471916091,7.268791445832051e-05,-0.17489336178940817,0.560657706358791,0.0511057728001049
1742112807.7267845,4.641922089041017e-09,5.174799783089875e-74,0.0007577766128708192,6.81316526222652e-05,-0.17486808416619226,0.5606589996524614,0.05112079317058839
1742112807.8201017,5.2269580503144636e-09,5.1615472097075304e-74,0.000782413317096946,7.229770432257489e-05,-0.1748933617992705,0.560657706551642,0.05111161405529295
1742112807.9204571,5.2269580503144636e-09,5.1615472097075304e-74,0.000782413317096946,7.229770432257489e-05,-0.1748933617992705,0.560657706551642,0.051111733264582494
1742112808.0208318,4.77695873164295e-09,5.1615472097075304e-74,0.0007660963798139997,6.911554623702941e-05,-0.1748933617992705,0.560657706551642,0.05111054117168696
1742112808.1206856,3.5615259446017678e-09,5.1615472097075304e-74,0.0007078419399305209,5.9678521635524516e-05,-0.1748933617992705,0.560657706551642,0.05110624963726315
1742112808.2209165,1.16240039161748e-11,3.529975554196267e-13,0.0001601251045054575,3.409399348297996e-06,-0.1748933617992705,0.560657706551642,0.05111340219463628
1742112808.3214962,3.525853078194475e-13,3.529975554196267e-13,6.7862006837987e-05,5.937889421498581e-07,-0.1748933617992705,0.560657706551642,0.05111483270611091
1742112808.420807,3.5258530854011827e-13,3.529975579016183e-13,6.786200687605777e-05,5.937889427566989e-07,-0.1748933618144548,0.5606577068484553,0.05109134847606935
1742112808.5205412,5.2304982066721186e-09,3.529975579016183e-13,0.0007825924303554443,7.232218336494079e-05,-0.1748933618144548,0.5606577068484553,0.05110940868343629
1742112808.6207716,5.14928447924409e-09,3.5312552115292925e-13,0.0007792664099742042,7.175851502953562e-05,-0.17486808417785937,0.5606589998807179,0.05111793214763917
1742112808.7206457,3.0649887639873543e-12,3.5312552051645896e-13,0.00011453940302136422,1.750710931018412e-06,-0.1748680841739656,0.5606589998046312,0.05111191207851696
1742112808.8271704,2.4728822594466954e-11,3.5299755714570247e-13,0.00019438401528769846,4.972808320704404e-06,-0.17489336180982917,0.5606577067580574,0.051104997939723
1742112808.923938,2.4728822594466954e-11,3.5299755714570247e-13,0.00019438401528769846,4.972808320704404e-06,-0.17489336180982917,0.5606577067580574,0.05111352140392581
1742112809.0327299,4.233511168015613e-09,3.5299755714570247e-13,0.0007415872704543218,6.506543758413996e-05,-0.17489336180982917,0.5606577067580574,0.051112627334254215
1742112809.125168,4.74055775040936e-09,3.5299755714570247e-13,0.0007645388961792312,0.0012872502965727694,-0.17489336180982917,0.5606577067580574,0.051114117450373586
1742112809.2206333,1.930739822326063e-12,3.5299755714570247e-13,0.00010228742499608905,8.561364158475114e-05,-0.17489336180982917,0.5606577067580574,0.0511167996593884
1742112809.3244011,2.855734848922778e-12,3.5299755714570247e-13,0.00011251892098254137,9.807734681052502e-05,-0.17489336180982917,0.5606577067580574,0.051114534682886965
1742112809.4274297,2.855734848922778e-12,3.5299755714570247e-13,0.00011251892098254137,9.807734681052502e-05,-0.17489336180982917,0.5606577067580574,0.05111423665966312
1742112809.5335126,4.609451905838665e-12,3.5299755714570247e-13,0.00012683277116296954,0.00011581561398483067,-0.17489336180982917,0.5606577067580574,0.0511240118214063
1742112809.620807,6.009742322426699e-12,3.5299755714570247e-13,0.00013555843618964092,0.00012698996187714937,-0.17489336180982917,0.5606577067580574,0.051131879634516646
1742112809.7205307,2.1058800845259137e-12,3.5299755714570247e-13,0.00010442474565466437,8.823414459204133e-05,-0.17489336180982917,0.5606577067580574,0.05111602479900631
1742112809.8246274,2.1058800845259137e-12,3.5299755714570247e-13,0.00010442474565466437,8.823414459204133e-05,-0.17489336180982917,0.5606577067580574,0.05113974744762693
1742112809.92699,1.6046853458946935e-13,3.529975569819246e-13,5.652100929909443e-05,3.609333762068006e-05,-0.1748933618088273,0.5606577067384717,0.05114129716839109
1742112810.0289207,5.342198734812152e-09,3.529975569819246e-13,0.0007895732240315508,0.0013417776992545728,-0.1748933618088273,0.5606577067384717,0.05112931663479127
1742112810.122552,3.7289719915095694e-14,3.529975569819246e-13,4.092171098939154e-05,2.1744895945695588e-05,-0.1748933618088273,0.5606577067384717,0.05114064151729863
1742112810.226411,3.7289719915095694e-14,3.529975569819246e-13,4.092171098939154e-05,2.1744895945695588e-05,-0.1748933618088273,0.5606577067384717,0.05112645561184208
1742112810.3210914,4.223635878869627e-14,3.529975569819246e-13,4.205723690211681e-05,2.270602624887393e-05,-0.1748933618088273,0.5606577067384717,0.0511151903339796
1742112810.4228315,9.164438693734104e-12,3.529975569819246e-13,0.00015085365068319512,3.027282394117553e-06,-0.1748933618088273,0.5606577067384717,0.05114177400554943
1742112810.5193632,8.584049036895736e-12,3.529975569819246e-13,0.00014063707979901705,2.92985478085446e-06,-0.1748933618088273,0.5606577067384717,0.05115333730663575
1742112810.6189716,5.844340236861374e-09,3.529975569819246e-13,0.0007985774639638533,7.644828472151206e-05,-0.1748933618088273,0.5606577067384717,0.051124369449274766
1742112810.723096,5.844340236861374e-09,3.529975569819246e-13,0.0007985774639638533,7.644828472151206e-05,-0.1748933618088273,0.5606577067384717,0.051094924754755876
1742112810.8192298,7.908978679551423e-12,3.529975569819246e-13,0.00013761326433803762,2.812290646350662e-06,-0.1748933618088273,0.5606577067384717,0.0511177533337049
1742112810.919925,7.908978679551423e-12,3.529975569819246e-13,0.00013761326433803762,2.812290646350662e-06,-0.1748933618088273,0.5606577067384717,0.05111709768261234
1742112811.0228434,6.629708563836376e-12,3.529975569819246e-13,0.00013124417111193748,2.574822045081247e-06,-0.1748933618088273,0.5606577067384717,0.05113205844845105
1742112811.1194715,8.215343636187635e-12,3.531255227977146e-13,0.00013900253854128556,2.866242075643234e-06,-0.17486808418792066,0.5606590000773424,0.051127230472224235
1742112811.2190282,4.9703858618889476e-09,3.5299755541334747e-13,0.0007665917196206432,7.050096355291144e-05,-0.17489336179923498,0.5606577065508924,0.05112067396129879
1742112811.3190324,4.9703858618889476e-09,3.5299755541334747e-13,0.0007665917196206432,7.050096355291144e-05,-0.17489336179923498,0.5606577065508924,0.051115726775782584
1742112811.4188929,6.7047459592370255e-12,3.5299755541334747e-13,0.00013163847447997327,2.5893524208259146e-06,-0.17489336179923498,0.5606577065508924,0.05113700563396725
1742112811.5192518,9.452143796914851e-12,3.5299755541334747e-13,0.00014424359441954482,3.074433898608791e-06,-0.17489336179923498,0.5606577065508924,0.051109349078791555
1742112811.619071,5.914017750926997e-09,3.5299755541334747e-13,0.0008012168765115117,7.690265113067947e-05,-0.17489336179923498,0.5606577065508924,0.051116382426875016
1742112811.7345533,5.914017750926997e-09,3.5299755541334747e-13,0.0008012168765115117,7.690265113067947e-05,-0.17489336179923498,0.5606577065508924,0.051119958705561554
1742112811.8197865,5.410529449726321e-09,3.5299755541334747e-13,0.0007819553206294115,7.355630122379946e-05,-0.17489336179923498,0.5606577065508924,0.051115428752558596
1742112811.9203844,6.434393527967649e-12,3.5299755541334747e-13,0.0001301864933308777,2.5366106378330217e-06,-0.17489336179923498,0.5606577065508924,0.05110517675365729
1742112812.0300453,5.126675862953382e-09,3.5299755541334747e-13,0.0007705405091833446,7.160080909426501e-05,-0.17489336179923498,0.5606577065508924,0.05109295780147821
1742112812.1498103,1.0032416560463082e-11,3.5299755456290765e-13,0.00014654338910471574,3.167399021352233e-06,-0.1748933617940338,0.560657706449192,0.0511010044285229
1742112812.2286823,1.0032416560463082e-11,3.5299755456290765e-13,0.00014654338910471574,3.167399021352233e-06,-0.1748933617940338,0.560657706449192,0.05111906463588986
1742112812.318697,5.577618195158099e-09,3.5299755456290765e-13,0.0007884763762486926,7.468345328891869e-05,-0.1748933617940338,0.560657706449192,0.05110601121868417
1742112812.4188635,5.577618195158099e-09,3.5299755456290765e-13,0.0007884763762486926,7.468345328891869e-05,-0.1748933617940338,0.560657706449192,0.05110833579983038
1742112812.5189834,5.1978655547777396e-09,3.5299755456290765e-13,0.0007734862596940985,7.209622427546216e-05,-0.1748933617940338,0.560657706449192,0.0510959380337171
1742112812.628027,6.408910853998879e-09,3.5299755456290765e-13,0.0008189058016501139,8.005567346540082e-05,-0.1748933617940338,0.560657706449192,0.05111256772960938
1742112812.7193587,5.9577286469513736e-09,3.5299755456290765e-13,0.0008027693201095042,7.71863242223088e-05,-0.1748933617940338,0.560657706449192,0.05110058719600958
1742112812.8189647,5.488178087050752e-09,3.531255183423472e-13,0.0007849993530968227,7.408223867466987e-05,-0.17486808416067845,0.5606589995447355,0.0511089914509229
1742112812.9188075,5.486291088794044e-09,3.5299755467002274e-13,0.0007849261243661244,7.406950174528005e-05,-0.1748933617946875,0.5606577064620009,0.051120971984522694
1742112813.0190647,5.543025846456114e-09,3.5299755467002274e-13,0.0007871124354954136,7.445149996108953e-05,-0.1748933617946875,0.5606577064620009,0.05109361345257087
1742112813.1189585,7.894346345864313e-09,3.5312551862596544e-13,0.0008667845550508173,8.88501341915943e-05,-0.17486808416241217,0.5606589995786395,0.05110863382305426
1742112813.2188199,8.474023365567612e-09,3.529975558732244e-13,0.000883718647961784,9.205445869466406e-05,-0.17489336180204873,0.560657706605888,0.0511058920093945
1742112813.3190289,8.225553630715501e-09,3.529975558732244e-13,0.0014269242468949424,9.069483794966228e-05,-0.17489336180204873,0.560657706605888,0.051111435241358694
1742112813.4290414,8.329552495523345e-09,3.5779835014650907e-13,0.0014310789572184192,9.126638206658214e-05,-0.17395832575012093,0.5607099403424232,0.0603071206280165
1742112813.5187826,5.503149450559042e-09,3.746268545462908e-13,0.0012941493177382702,7.418321542343013e-05,-0.17082671516443781,0.5609178859310342,0.07411191398586552
1742112813.6192942,7.267424464882709e-12,3.903377742586016e-13,0.0002938452111183023,2.6958161036841347e-06,-0.16807636815646987,0.5611343922580123,0.08479187423671992
1742112813.7190154,5.593237553194721e-09,4.0846683566726237e-13,0.001298774442863147,7.478795058827806e-05,-0.165102794034226,0.5614134892807487,0.09885284835781374
1742112813.8238838,5.826128038544057e-09,4.2475802576093495e-13,0.0013110905984164264,7.632907728083746e-05,-0.16258598058959706,0.561681634544366,0.11099228794063842
1742112813.9190717,6.489616077513611e-09,4.394934380406755e-13,0.0013430697008465736,8.055815338942181e-05,-0.16042415556439238,0.5619357285167887,0.12456670934643058
1742112814.0190644,5.450594222698731e-09,4.611216799200536e-13,0.0013225173734501706,7.382813977541849e-05,-0.15743801938887003,0.5623292920586986,0.1358571403690748
1742112814.123461,7.033131949607907e-09,4.748773166881778e-13,0.0013692497207767147,8.386377018479378e-05,-0.15563362455859675,0.5625845778716743,0.14545360738720212
1742112814.21909,7.329313581415585e-09,4.99821396401325e-13,0.0013551916912381045,8.561141034590883e-05,-0.15255834728712614,0.5630689359518231,0.16274235183681762
1742112814.3192954,6.913714185160915e-11,5.186987783662277e-13,0.000504715321942742,8.31487473457112e-06,-0.15036197894826842,0.5634390632482846,0.17018971378292352
1742112814.4196599,4.753288149826354e-12,5.334784268744547e-13,0.00027710594991454225,2.180203694572219e-06,-0.14871733082717498,0.5637317851796739,0.184289252109187
1742112814.5199716,5.025668565302785e-12,5.67854352420739e-13,0.00028054295677253994,2.241800295588968e-06,-0.14513986851717675,0.5644286417645965,0.20272192890133175
1742112814.6331508,7.95653305527619e-12,6.055980366900996e-13,0.0002891119720320347,2.8207327160289736e-06,-0.14152406855563981,0.5651912401043044,0.21487823659862812
1742112814.7192898,2.7956255382211196e-11,6.411120989185142e-13,0.0004119436147354048,5.2873675285732875e-06,-0.13839067460235555,0.5659084658880751,0.23083767826046273
1742112814.8199456,7.798066425232397e-12,6.608690326120013e-13,0.00028765996632551234,2.7925018218852423e-06,-0.13674136700431916,0.5663028853657699,0.23828062946285525
1742112814.921514,8.145617786163599e-09,6.842207800248506e-13,0.001385216659250246,9.025307632520677e-05,-0.13487445476482662,0.5667664541825155,0.24902418786968508
1742112815.0191395,8.30651639358667e-09,7.033747770994199e-13,0.0013915491092116336,9.114009213066811e-05,-0.13340331516817372,0.5671433050353989,0.2536661380001477
1742112815.119064,1.6188289911018268e-08,1.7541182035228701e-12,0.0016283376158941116,0.0001272332107235303,-0.07976799778956689,0.5779064550989652,0.273037250515517
1742112815.2192683,1.7562028682683937e-11,1.7944242225096027e-12,0.000346342814810929,4.1907074203150876e-06,-0.07855050023085397,0.578251815352973,0.2787169175115191
1742112815.31905,2.1401630126162678e-11,1.8426860995585306e-12,0.0003621171933329944,4.626189590382421e-06,-0.07714117732817982,0.5786627644373481,0.288350756641921
1742112815.4209208,2.1809781199282938e-11,1.884717785537429e-12,0.0003636695302067378,4.670094345865289e-06,-0.07595274504934935,0.5790174198711466,0.29473542737632646
1742112815.5191994,2.026425948010596e-11,1.936983213575851e-12,0.0003576352577498031,4.501584107856473e-06,-0.07452507904137917,0.579455368013349,0.3020849184957113
1742112815.6190333,2.067588307151781e-11,1.9845340861661747e-12,0.00035926177754958937,4.54707412206111e-06,-0.07326935651519051,0.5798496070516381,0.30689203309684654
1742112815.719415,1.955831646002392e-11,2.0287675380672967e-12,0.00035489327037400536,4.42247854263013e-06,-0.07213661531508819,0.5802129909693403,0.3129188971486653
1742112815.8326254,2.0221285272308345e-08,2.08212456832355e-12,0.001716700435437391,0.00014220156564647362,-0.07081407183843424,0.5806474798157044,0.3204572753873433
1742112815.918851,2.0522321876199375e-08,2.1301195250775566e-12,0.001722953173939111,0.00014325614079752175,-0.06966238688283966,0.5810342994261894,0.32839804458289995
1742112816.0196946,3.6339244718606854e-11,2.1920544889910115e-12,0.00040869270868048316,6.028204103927376e-06,-0.06822619450468892,0.5815278751083199,0.33497243690162537
1742112816.119215,1.2670271897238566e-08,2.2409945434785815e-12,0.0014983256523144184,0.00011256230229183555,-0.06712732651135411,0.5819126638475614,0.3394205527272786
1742112816.2200756,1.2862056469269196e-11,2.3024182782464388e-12,0.00034627268270235093,3.586370933028149e-06,-0.06579284019905174,0.5823903256426153,0.34517550038963213
1742112816.3190293,1.5659761100690793e-08,2.3717449020460815e-12,0.001575050668027176,0.0001251389671552822,-0.06434362467502552,0.582922823019234,0.35621773767143133
1742112816.418976,1.6030269402347014e-08,2.4617417489561717e-12,0.0016930042552491492,0.00012661070018899276,-0.06254421962843537,0.5836028272857954,0.36546450423866156
1742112816.518944,1.643253188973177e-08,2.553297526550179e-12,0.0017026939904408284,0.00012818943751234644,-0.060798047022615265,0.5842802787207741,0.37815528678565863
1742112816.6222847,1.3164663826782607e-08,2.7041639255407826e-12,0.00161553000273293,0.00011473736892042891,-0.058099696822459634,0.5853716823061119,0.391080017563399
1742112816.719229,1.3086112128436785e-08,2.848202679247633e-12,0.0016138607082257742,0.00011439454588588035,-0.05569517257865897,0.5863789933035322,0.40082573461204424
1742112816.822332,1.34989200367145e-08,3.000039899276347e-12,0.001625416203178558,0.00011618485287125211,-0.05332821523418829,0.5874097865634531,0.417156632420119
1742112816.9190624,8.062823623605004e-09,3.168086192077324e-12,0.00141081504635011,8.979322704750623e-05,-0.05088301676197915,0.5885138896435578,0.43124323653846636
1742112817.0189548,5.309779654802587e-09,3.3452652152156493e-12,0.0013141196970275326,7.286823488189203e-05,-0.04847372357105684,0.5896355856625544,0.44331460761695735
1742112817.1190808,1.497809824787171e-11,3.4824829704846707e-12,0.00035813560111236847,3.870154809290154e-06,-0.046715859621279776,0.5904771335544368,0.45038061904579074
1742112817.2195125,1.5670166732646795e-11,3.697980168397108e-12,0.00036180635482330615,3.9585561424144024e-06,-0.044129656381130644,0.591756620823527,0.46500485706001177
1742112817.3193786,1.6324214420754037e-11,3.910043217106874e-12,0.0003526727286213853,4.040323553968671e-06,-0.041763024668590276,0.5929657295554418,0.47738748359351996
1742112817.4193518,3.500514802127483e-11,5.6817195191030874e-12,0.0003914899700287401,5.916514854310333e-06,-0.005558004832735719,0.5918257155132731,0.505188972811717
1742112817.5193806,2.4789330370450127e-11,5.9203429719004346e-12,0.00040094255307477337,4.978888467363988e-06,-0.0038557862037649215,0.5927747868085604,0.5137845586347761
1742112817.619276,2.5281220712509545e-11,6.081374198710749e-12,0.00040271732116789575,5.0280434278663055e-06,-0.0027551383052255574,0.593399405295477,0.5193176578092756
1742112817.7193573,2.5815552768667952e-11,6.4647201622570206e-12,0.00039120358983104876,5.080900783194645e-06,-0.0002858422542288963,0.5948425545560108,0.534825832705516
1742112817.819231,3.265899220528624e-11,6.834103136974268e-12,0.0003334205306986567,5.714804651542014e-06,0.0019268306228852339,0.5961726513834473,0.5451600860166733
1742112817.921118,3.660675714015551e-11,7.482856394973085e-12,0.00034262406111345764,6.050351819535415e-06,0.005592688160575676,0.5983271052987575,0.5123280595350447
1742112818.0191374,4.28046275071393e-11,9.220629113088705e-12,0.00043889696852596384,6.542524551512154e-06,0.01458752359825155,0.6030807613669311,0.4503331492948712
1742112818.1192057,1.2019467294976022e-12,1.1608740519316793e-11,0.00019607289654519986,1.0963333113144023e-06,0.02538784627208912,0.6080042193410291,0.3948356221723737
1742112818.2193546,9.080986332108254e-10,1.483984404001339e-11,0.0008555651354048219,3.013467493122873e-05,0.03786758941054558,0.6129226033175734,0.35338643298627775
1742112818.3207436,1.1097408033873236e-09,1.8930661285292438e-11,0.0009448862036208403,3.331277237618213e-05,0.05123657854775132,0.6174741595693338,0.3098424981641952
1742112818.4290574,4.137139196961596e-08,2.341272009403967e-11,0.002117160832855743,0.0002033995869455392,0.06396914992669878,0.6210910347538516,0.25552848086835783
1742112818.5245495,1.164177587844155e-10,5.953014909029418e-11,0.0005506120923780865,1.0789706149122669e-05,0.11299656608276365,0.6408819721575147,0.2337212865649389
1742112818.6206577,9.323406932154897e-08,7.299393649764321e-11,0.0025223921854595726,0.0003053425442376954,0.12728445954707013,0.6440213751505866,0.1897999351321386
1742112818.7340653,1.1043020186780776e-07,8.752977567785001e-11,0.0026271567280577736,0.00033231039987910064,0.1412211874421132,0.6464576034826424,0.15163013389693972
1742112818.8191473,1.4788222392315184e-07,1.0243138206148669e-10,0.0027617683692524237,0.00038455457860120694,0.15476271513504258,0.6481053193647215,0.10088357380019913
1742112818.9196968,3.269745198493839e-10,1.181201136381751e-10,0.0007166565772203245,1.8082436778525837e-05,0.16864705847489603,0.6490996557998692,0.05249890735732801
1742112819.0208464,2.6521868882311405e-10,1.3097792613412695e-10,0.0006829654900874536,1.628553618469819e-05,0.17990380788413063,0.6494606257806392,0.0072725718318151595
1742112819.1224625,4.03547502274802e-07,2.6365686944103623e-10,0.0036057310066225723,0.0006352538880438292,0.22830029954955933,0.6629155740256527,-0.02220781659333716
1742112819.2189472,4.3327086713795105e-07,2.8671310920319225e-10,0.003664878064116494,0.000658233140412993,0.2406933504563753,0.6624477250730525,-0.0525876185819388
1742112819.3190355,4.788266441959719e-07,3.1719318422270044e-10,0.003700985945456771,0.0063917159754437874,0.25878238123782893,0.660997818103854,-0.09009676193444738
1742112819.4190228,5.518378208568716e-07,3.344225461550899e-10,0.0038779512731749945,0.006714564790021333,0.27056927183809876,0.6595940638688953,-0.13336046551911832
1742112819.5188253,4.1455908238838195e-07,3.481217704008161e-10,0.0036241075329592324,0.006079728402032259,0.2819998160206012,0.6578271387383738,-0.17675556754319674
1742112819.6190145,6.366285976676582e-07,6.342919797789385e-10,0.0038492974995827343,0.007056211303410792,0.3202377110482786,0.6727233882711809,-0.2063875604014025
1742112819.719146,7.416613461744497e-07,6.460998995995328e-10,0.004154969603023339,0.007440449653236339,0.3349315780056159,0.6694258261399133,-0.24049736145540335
1742112819.818927,8.544376211101121e-07,6.445111290106173e-10,0.004297690566613459,0.007815280503839674,0.34765615587210874,0.6658734483478277,-0.291750188503705
1742112819.9190745,8.237513176793843e-07,6.304281641620036e-10,0.004239948221521827,0.007716657222811239,0.36323648137424414,0.6608326912827724,-0.32556293490930643
1742112820.0262482,6.865782463126411e-07,6.128297944198492e-10,0.004070166320451213,0.007243722742663851,0.37530559815459696,0.6565492058001423,-0.3608046728710756
1742112820.1243784,8.163016951734834e-07,5.833577142459774e-10,0.004177329964352931,0.007692354144039369,0.38942507848112484,0.6509596897417147,-0.40313604060216984
1742112820.2189162,1.2982761672693624e-06,8.402092443230304e-10,0.004661811790766834,0.00903712392509237,0.41105949460233404,0.6616836877200241,-0.4355227793283711
1742112820.3190346,1.299093748520142e-06,7.77405891614461e-10,0.004714047110013449,0.009039099585719995,0.42406643791692744,0.6553847446277326,-0.46951081554367646
1742112820.4193554,1.09580534008455e-06,7.04106363342077e-10,0.004540055806628275,0.00852045898955852,0.43734481238982426,0.6482276038282135,-0.510403909226502
1742112820.5202613,1.58224435644855e-06,6.214992213179239e-10,0.0049574215704431025,0.00967963259609115,0.45143286041370345,0.6399298626057188,-0.5458531616903795
1742112820.6192186,1.8195189120541914e-06,5.545072452003729e-10,0.005122756472137426,0.010160834227472623,0.46280818532879664,0.6327730049451681,-0.5814301403887522
1742112820.7195604,2.1589612510999708e-06,4.727796371298489e-10,0.005332197587418541,0.010782610201406317,0.47675360220116403,0.6233043857860769,-0.6208109478183043
1742112820.8265114,2.3600624180536497e-06,4.835869942811321e-10,0.005444788356455038,0.011121259877445168,0.4846124230014155,0.6228121449765842,-0.6527807220976823
1742112820.920099,2.759704398765479e-06,4.007471001150261e-10,0.005647877506322776,0.011742050570587173,0.4973316129348362,0.6125791521018789,-0.6935793861906999
1742112821.0190742,3.2282990729639587e-06,3.2408119462269364e-10,0.005849115744428055,0.012399200054088635,0.5101017098209226,0.6014606284673283,-0.7313578531306261
1742112821.1209106,3.6545142872640847e-06,2.6951808762920357e-10,0.005967902074926302,0.012944748985884165,0.5202244113813066,0.5920903952355827,-0.7644487872879975
1742112821.2193804,4.2334378216971546e-06,2.1195338731291524e-10,0.00623331561413294,0.013622865449079945,0.5322559218923928,0.5802125196908117,-0.8017870292227739
1742112821.324176,4.8521690532281206e-06,1.6550929694526722e-10,0.00643658013224999,0.014283638898687293,0.5434421077998834,0.5683225514681443,-0.8337400660078995
1742112821.418982,5.764484044161411e-06,1.7804518753764596e-10,0.006709632955208679,0.015164203283202475,0.5593354943553592,0.569100535730442,-0.8620954492946504
1742112821.5207288,1.1145732322980946e-06,1.344410803210763e-10,0.004631252834720487,0.008570848578926935,0.5699608013473636,0.5561454713034877,-0.8980272749324679
1742112821.6208622,9.921064062748407e-07,1.0516101439730049e-10,0.004571095853993541,0.008231360377507827,0.578548347285988,0.5450292629943023,-0.9320603350063204
1742112821.7209783,1.076485277125625e-06,7.53203850769751e-11,0.00466539469242704,0.008467994910952424,0.5892777036159131,0.5302056434972151,-0.961394760932529
1742112821.8229022,1.3103679291273683e-06,5.2852377192988616e-11,0.004887242142111389,0.009066260921845034,0.5997870559794904,0.5147638625204305,-0.9928666392227056
1742112821.923672,1.3128113558400957e-06,3.718007518239426e-11,0.004896572917506832,0.00907212740275217,0.6093589762169032,0.4997047864859727,-1.0179528931041602
1742112822.0237234,1.218460648461771e-06,2.542139026741564e-11,0.004766064988892345,0.008840204854790484,0.6188850340524397,0.48369644292587477,-1.044233773078525
1742112822.1204119,1.3975770236180477e-06,2.015409579829532e-11,0.004984847280382339,0.009271379504831461,0.6264652686130816,0.4738421260453105,-1.0761527089542577
1742112822.2229776,1.2756229928465244e-06,1.3661927411724308e-11,0.0048978485007947995,0.008982057109426456,0.6348177281627159,0.45790238653479065,-1.102292981571598
1742112822.3406682,1.349977657920917e-06,8.044672690182544e-12,0.0049570237369112756,0.009160495205255206,0.6453749321098528,0.4365245948085308,-1.1174985436863136
1742112822.4205692,1.2384510168183436e-06,5.629794019279136e-12,0.004894697883774813,0.008890296837196925,0.6520349705807291,0.4223155770455316,-1.1405725745624733
1742112822.520393,1.2407967926897244e-06,3.5701955555709594e-12,0.004866412808718198,0.008896140204179344,0.659920922251537,0.40441045092399186,-1.1651693849033546
1742112822.6302989,1.2449573374836891e-06,2.1848908693883628e-12,0.004903214648454299,0.00890648647843191,0.6678342629109437,0.38536072999309656,-1.1851620940632055
1742112822.7205553,1.4799975303920987e-06,1.4572451947560761e-12,0.005109006015679918,0.009457689813117957,0.6739908843129712,0.36983173146562365,-1.2021163968509863
1742112822.8278892,3.5124612252913975e-13,8.778052229001559e-13,0.00027675421400293396,5.926602083227284e-07,0.6812805963096196,0.35061585168506504,-1.2177296547359657
1742112822.9241154,4.912004428245306e-13,5.299169664292125e-13,0.0002982883771742248,7.008569346339741e-07,0.6881003480410683,0.33171184475313353,-1.2337680725521276
1742112823.0206041,5.574326164760276e-13,3.1438582164683633e-13,0.00029296293639747477,7.46614101444667e-07,0.6946417799613158,0.31238881783412875,-1.2507483629650302
1742112823.1206253,1.0561271745614855e-12,2.1751689563722106e-13,0.0003123417074885516,1.0276804827189652e-06,0.6852907363218463,0.2996424688309798,-1.2746461714300499
1742112823.2206593,1.94492176570629e-12,1.281977291870058e-13,0.0003406635495134504,1.39460451946288e-06,0.6908916893047561,0.28042137439407444,-1.2944326485189783
1742112823.320874,2.554292439453443e-12,8.187207371764355e-14,0.0003481455321329498,1.598215392071245e-06,0.695388380127433,0.2642804002419181,-1.3031998957189903
1742112823.4207408,2.0452766118994204e-12,4.695171074752252e-14,0.00034721507942343246,1.4301316764198395e-06,0.700806799628765,0.2444552475891566,-1.3056933964285242
1742112823.5319977,4.0405596357969136e-12,2.726324446616206e-14,0.00036592187742076756,2.0101143340111064e-06,0.7059713379524624,0.22526931228651925,-1.3084002817663534
1742112823.648508,5.558639263245919e-12,1.571851850049682e-14,0.00040012003599719135,2.357676666391284e-06,0.7110993955822948,0.20602120770744037,-1.3123774016889915
1742112823.7468667,6.6046269688389615e-12,1.0344761256639372e-14,0.0004062251209493456,2.56994688054811e-06,0.7148872644952675,0.19152398248867541,-1.3186847651991234
1742112823.8235838,4.051420966628718e-12,5.826834433270059e-15,0.00037556965506295074,2.0128141907858056e-06,0.719913866233405,0.17180478024167556,-1.3225078071150167
1742112823.9207432,5.6935085261322766e-12,3.1851365188658158e-15,0.00040518263372784426,2.386107400376663e-06,0.7251736414876362,0.1512569482799364,-1.3180745328459127
1742112824.0208917,1.6779225028161168e-11,1.7478835624466612e-15,0.00048390078037576455,4.0962452353541e-06,0.7303953108588388,0.1310390469375209,-1.3177602375540123
1742112824.1210673,2.2098340949580125e-11,9.761540564453422e-16,0.0005091065402917558,3.548418680236967e-07,0.735476343748438,0.11159530004313023,-1.3129611099752772
1742112824.2209575,2.500562782828425e-11,5.339206846946341e-16,0.0005208700721148224,3.6005553270991033e-07,0.7408008355654658,0.0916399193475872,-1.30872500787109
1742112824.3203318,4.067633414604094e-11,3.2993292452194086e-16,0.0005617995633694644,3.854903055048074e-07,0.7450542436683136,0.07585214474246271,-1.3053184236082416
1742112824.430306,5.6018182746331464e-11,1.7757635494761526e-16,0.0006044770732979975,4.6968645345129033e-07,0.7506212032806374,0.05570039819379957,-1.2943949783834798
1742112824.5203614,5.977026489753285e-11,9.495084762213766e-17,0.0005879249957578605,4.888643671195087e-07,0.7564580758962123,0.03551978196231076,-1.2817483032736168
1742112824.6205637,1.0329040265807911e-10,5.12372585315117e-17,0.000666662537819566,6.852349218170973e-07,0.7623805332851248,0.015812915336770317,-1.2753658975157125
1742112824.7281284,1.1236381182307253e-10,2.78845935663535e-17,0.0006571759884281355,7.217908916974918e-07,0.7683657727572779,-0.003451276982171514,-1.2656595195326195
1742112824.8259401,1.4390120364272452e-10,1.6894406178984705e-17,0.0007187800349330839,8.408743936055505e-07,0.7734041855383467,-0.01919240325077798,-1.2545739496740687
1742112824.9208214,1.8674938158926646e-10,1.986654852571856e-17,0.0007395394530438511,9.876530912626834e-07,0.77173143287812,-0.014113483271612104,-1.2318168129069174
1742112825.0257623,1.4951453412512387e-10,1.0614205602161206e-17,0.0007041338577308631,8.609734524231506e-07,0.7787474656600466,-0.033700129452543415,-1.221817299280819
1742112825.1215212,3.9123261740637735e-10,5.668140045566242e-18,0.000824740272353222,1.5590539544246522e-06,0.7859104970711144,-0.05312566412128117,-1.2154097999674645
1742112825.2222679,5.14974742938737e-10,3.1752069745364366e-18,0.0009054742522324031,1.8472876397726656e-06,0.7925362903551303,-0.07091480632244807,-1.2129452075106466
1742112825.320437,4.442099148148216e-10,1.9674852178277975e-18,0.000847422418151497,1.6861892873078036e-06,0.7980526618567936,-0.0854976583206879,-1.203723534498867
1742112825.4205055,9.128968016418005e-10,1.0393858152636067e-18,0.0010104295725582265,2.6303490650687647e-06,0.8055696419145661,-0.10478892719344213,-1.1921757306200826
1742112825.522605,1.183198859056456e-09,5.616641214317904e-19,0.0010647399208855355,3.0870368676532283e-06,0.813024759348906,-0.12323335006970382,-1.1797552551371422
1742112825.621279,1.4486813205869373e-09,2.963798587612394e-19,0.001076725756974856,3.497924308931298e-06,0.8210156538141504,-0.14222339770174308,-1.1686748112780418
1742112825.7224088,1.2111506804348615e-09,1.580258712632238e-19,0.0009577462466780934,3.1318528181562308e-06,0.8290167325448152,-0.160741355644757,-1.1586921061617697
1742112825.8191211,2.189075051666706e-09,9.755596890568072e-20,0.0010676411065694104,4.513171984689582e-06,0.8352584323787582,-0.1748352262600532,-1.1476708497149315
1742112825.9191165,4.271531593515425e-09,5.098562474646934e-20,0.001276266027100317,6.818574568945866e-06,0.8438430947610911,-0.19364781272808163,-1.1348720039469569
1742112826.019139,5.581624146406252e-09,2.7313500132405514e-20,0.0013540178130104098,8.04280928896967e-06,0.8523307291937172,-0.211584440076809,-1.1202729786974754
1742112826.1188636,3.963246162528816e-09,1.4472271525729914e-20,0.0012270645805101453,6.5104612432308816e-06,0.8613128261825338,-0.22967508957220595,-1.1038444484812586
1742112826.2210684,5.327104723690569e-09,7.69030995937818e-21,0.0013119295650600138,7.81440334395533e-06,0.8705497451070983,-0.24752299135085032,-1.0852348054987753
1742112826.3201494,6.494081957911893e-09,4.812402299422141e-21,0.0014042345272822542,8.830770955000171e-06,0.8776134930911397,-0.26065113306773835,-1.0690188850504723
1742112826.4247046,1.0018656211082731e-08,2.5896275549626118e-21,0.0015158852156932463,1.1540591547004905e-05,0.8871644254826236,-0.2778714518305865,-1.056132599268612
1742112826.522559,1.5608649492052697e-08,1.3731262296649934e-21,0.0017145260853910738,1.5173637648954251e-05,0.8972502925628234,-0.29534132593372053,-1.032641693506893
1742112826.6192417,1.2088619272655165e-08,8.741576215721849e-22,0.001583490545187753,1.2959200518117079e-05,0.9008778998600917,-0.3078107159605681,-1.0205245416871684
1742112826.720843,1.7242382181423783e-08,4.655548249864698e-22,0.0016812799481777628,1.6135264565433872e-05,0.911459046975466,-0.3248962379669207,-1.0140364866964
1742112826.836663,3.38612949436185e-08,2.5514998684670085e-22,0.0020458395945264344,2.447405337587482e-05,0.921799092060418,-0.3410565508648169,-0.9916752677671091
1742112826.9207966,4.097153442404723e-08,1.5649214179278443e-22,0.0020994014537406226,2.7529849998679874e-05,0.9305077506855,-0.3540802674663164,-0.9705807667485848
1742112827.0190005,4.724428541064128e-08,8.539772180207842e-23,0.002209315276827566,3.0060305190056725e-05,0.9415451796773979,-0.3700812754558429,-0.9603161018602029
1742112827.1194458,5.253179608640576e-08,4.707422133484926e-23,0.0022647342907468363,3.209471233997281e-05,0.9525471685128011,-0.3856749819609169,-0.952218334030308
1742112827.2191362,6.648387653148319e-08,2.5206980621376695e-23,0.0023457353859490464,3.711743734702211e-05,0.9642169683088468,-0.40188052189511936,-0.9421742659322397
1742112827.3189635,5.5371094034917666e-08,1.3657910044998812e-23,0.002292658709364301,3.3154701807071206e-05,0.9759603528935799,-0.4176239479818342,-0.9214561682454723
1742112827.4221168,7.486881151272602e-08,8.682158446813328e-24,0.002416569953940307,3.9941128634557923e-05,0.9848288019307816,-0.4291633233317578,-0.9091599386445658
1742112827.5240257,1.0633403938607554e-07,4.638483886089749e-24,0.002579343273159766,4.959943573893837e-05,0.997290429321481,-0.44499420847784776,-0.8950706821195262
1742112827.6265132,2.8716599854838418e-08,2.5776468331518177e-24,0.0019730184118807313,2.2106834169981304e-05,1.0091916150941316,-0.4596856062350758,-0.8844268124810831
1742112827.71882,3.58579501750538e-08,1.4303603401442108e-24,0.0020347679801465336,2.535508661158762e-05,1.021297706687463,-0.47427445800589574,-0.873543868612446
1742112827.8265853,4.538805329330089e-08,7.584803257964435e-25,0.0021888706306207274,2.932566533932622e-05,1.0344451974652813,-0.48983999573741954,-0.8638584118596689
1742112827.9189298,5.3998357153809566e-08,4.722925024573666e-25,0.0022791456818154867,3.26448857117693e-05,1.0443786448520314,-0.5013604949503101,-0.8546635609380383
1742112828.0224786,6.748174839130598e-08,2.5509534934852895e-25,0.002353543664712645,3.7460347891765794e-05,1.0574269708507273,-0.516209647976118,-0.8422119420282025
1742112828.1193287,7.397908881719397e-08,1.8868168232394727e-25,0.002451303831649929,3.964746445826896e-05,1.0547564168612311,-0.5242165147686766,-0.8439064203682333
1742112828.2218668,9.125158422610962e-08,1.044931780265271e-25,0.0025257371201339246,4.5130421611738926e-05,1.0673280557510978,-0.5383046154258979,-0.8385049878540426
1742112828.31887,1.1408638493049911e-07,5.519569865414226e-26,0.0026619159542871735,5.180144367752731e-05,1.0811279573755357,-0.5533633990131133,-0.8230830906811147
1742112828.4191878,1.400594217198354e-07,3.044565827256983e-26,0.0028372807680638384,5.87934029892672e-05,1.0942169863989193,-0.5672515939197913,-0.8092235504570395
1742112828.5192347,1.69710946850177e-07,1.730810252338545e-26,0.0029149816429673635,6.619246483466125e-05,1.1069072291015303,-0.5802950976285874,-0.7919256268921284
1742112828.619131,2.0082842829176933e-07,1.0479548060648684e-26,0.0029875369901179874,7.344148925521373e-05,1.1183771787438133,-0.591769428371606,-0.7783482252540975
1742112828.7191997,2.4344585404410714e-07,5.857874472896817e-27,0.0032202976151117445,8.27051083704237e-05,1.1318725577729936,-0.6049390028808386,-0.7660841374578863
1742112828.8188531,2.9505179902045256e-07,3.2470672163266794e-27,0.0033224234320782847,9.312644066223549e-05,1.1458209054931174,-0.6181486882111127,-0.754195022481957
1742112828.9190245,3.606010523555618e-07,1.7356304296784966e-27,0.003425675659583822,0.00010540377531167563,1.16074015250134,-0.6320252608553663,-0.7462075530472188
1742112829.0215015,4.1654833889030443e-07,1.098388583139022e-27,0.003642107705697353,0.00011521840427208454,1.1716504197984818,-0.642072943402658,-0.7422766714277653
1742112829.119021,4.968385806909712e-07,6.22580739775329e-28,0.0037480943010618035,0.00012846206065697676,1.1851708001919548,-0.6544423570348261,-0.7388923644009021
1742112829.2190056,5.990394861570243e-07,3.3719102735616147e-28,0.0038564415426266675,0.00014418600782855785,1.1997462108197468,-0.6676832310989189,-0.7355325846853641
1742112829.3412063,7.102498508695551e-07,1.9106070708290973e-28,0.004117302165172638,0.00016016764302770954,1.2132978997494064,-0.6798294831628073,-0.7270423947754291
1742112829.420162,8.415801307507676e-07,1.0745940702136298e-28,0.004236680065580782,0.00017785207409029994,1.2272369853817438,-0.6919959959533895,-0.7097872673454669
1742112829.5204835,1.11048521773464e-06,3.972182284193068e-29,0.00457422207903592,0.000211052551092891,1.2252891624118476,-0.716400062447557,-0.7026392291374975
1742112829.623009,1.3170537165126128e-06,2.1868565918305817e-29,0.004712389792886278,0.00023449069292556945,1.240165155731738,-0.728754310077107,-0.6803632448502357
1742112829.718899,1.5620709411397344e-06,1.1904162421747547e-29,0.004839610416517546,0.000260534153154044,1.255641401350175,-0.7411741047477496,-0.670895747382241
1742112829.8197484,1.8259337927679837e-06,6.752282583672065e-30,0.005130715960060937,0.00028688431623367976,1.270355544316601,-0.7525983918399102,-0.6528432513662155
1742112829.9191737,2.135851502783723e-06,3.7782190158354384e-30,0.005275504867691259,0.0003160350267256283,1.2857135752532542,-0.76413887037651,-0.6401451448984915
1742112830.0255265,2.498442604183977e-06,2.0886871806418333e-30,0.00552902989172611,0.0003481538646405329,1.3014998739405286,-0.7757823180043069,-0.6313780467100913
1742112830.1190715,2.809279284790222e-06,1.3297669606730778e-30,0.005662609897056089,0.00037428871986555743,1.3135793669504494,-0.784562346032263,-0.6250773887224965
1742112830.2189515,3.2698318060475617e-06,7.329215334130856e-31,0.005823239451373168,0.00041105939292351016,1.3295895461489522,-0.7960268884104957,-0.6157864327617463
1742112830.3198812,3.8027370967784016e-06,3.999171668904555e-31,0.006094824782082616,0.0004512117836359441,1.3460006414274872,-0.8075385591724462,-0.6065222467370803
1742112830.419,4.37564774487247e-06,2.248134328005523e-31,0.006300810803311552,0.0004920411809211469,1.3617992863212933,-0.8183340780224131,-0.5944632212706382
1742112830.5226214,3.0565825337044294e-08,1.208858236934994e-31,0.0020093747094825165,2.2975071338967207e-05,1.3789727480864542,-0.8298074278057519,-0.5848698946722323
1742112830.620399,3.689877265160498e-08,7.462842274636371e-32,0.0021417208512404576,2.5806894920873246e-05,1.3924483989120517,-0.8386129285392445,-0.5721829044707591
1742112830.720699,4.600712471079012e-08,4.21602051647452e-32,0.002210983473168282,2.957193115943736e-05,1.4085137912141406,-0.8489139672784334,-0.5667274692170792
1742112830.8239148,5.7679622382750065e-08,2.3300301064819536e-32,0.0023767855988132184,3.4001283697811115e-05,1.425248855237399,-0.8594826660548991,-0.5590510498807306
1742112830.923495,5.243846046025848e-08,4.0568385449727823e-32,0.0023257872200433396,3.20595002808697e-05,1.4363822884254844,-0.8445011966088676,-0.5422854537362064
1742112831.0205877,6.573431753946238e-08,2.2343456050109648e-32,0.0024062538502665257,3.685856044994452e-05,1.4537281645521816,-0.8548982927222695,-0.5385225887628105
1742112831.1236985,7.803935456137368e-08,1.4116868045790295e-32,0.002552178760816492,4.0976919044897445e-05,1.4670695853405178,-0.8628188464384019,-0.5325735311241653
1742112831.2207026,9.656520971789306e-08,7.92305917697415e-33,0.0026351467752878882,4.673501646311382e-05,1.4838520713613121,-0.8726774481194544,-0.5293949821250346
1742112831.3278213,1.2086496445510712e-07,4.2694082638300585e-33,0.0027303992767997993,5.368031793934487e-05,1.5017959078128413,-0.883107080525027,-0.5213464244486598
1742112831.428083,1.480559850725688e-07,2.421006544106329e-33,0.0029658478211181515,6.0843412000419675e-05,1.5182905307921715,-0.892553970762461,-0.5190354741396214
1742112831.5204332,1.8107490895251587e-07,1.3665702502719834e-33,0.003058306634849623,6.889443148158181e-05,1.5348553142359478,-0.9019800618231524,-0.5158982954205777
1742112831.6207278,2.2289802450683272e-07,7.500349565239142e-34,0.003266168705451163,7.832361573593651e-05,1.5521781041534268,-0.9117626942167667,-0.5128270431639459
1742112831.7208884,2.588898321566647e-07,4.838496561261226e-34,0.003382907570895265,8.590562487013263e-05,1.5648075046978747,-0.9188409832430535,-0.5086507356943394
1742112831.8203585,3.181801527643421e-07,2.623089425138763e-34,0.0034971513054717802,9.7567319600871e-05,1.5824508290148458,-0.9286208455787004,-0.4999248317660596
1742112831.9252002,3.9317896234740445e-07,1.3866459787839209e-34,0.00373528449291544,0.00011118427740143835,1.6009749208013133,-0.9386366350493254,-0.4911771982194687
1742112832.02053,4.721321522944948e-07,7.923351022912435e-35,0.0038423200686723024,0.000124480399499315,1.6172908050862773,-0.947307485556014,-0.4865300475837493
1742112832.120821,5.738024932714964e-07,4.3236908305801366e-35,0.004027108013552973,0.0001404055311156007,1.6349839314455394,-0.9565680598572253,-0.47942736439721845
1742112832.2207024,6.862646316476157e-07,2.45779441841102e-35,0.00426400668354116,0.00015680690960134477,1.651489391529097,-0.9650952529337435,-0.4746434062005784
1742112832.3205853,6.070166799944658e-07,3.977893361323058e-35,0.004083865212738368,0.0001453682364038898,1.6483361479898306,-0.9551033963749669,-0.47922177232106183
1742112832.420661,7.404081557587863e-07,2.110569668947449e-35,0.0043417680831732055,0.00016433230966452395,1.6668166256064438,-0.9646050421188348,-0.47012881553967445
1742112832.5208888,8.86987859798569e-07,1.1756116106359259e-35,0.004533997174505486,0.0001837158867638295,1.6840111172613774,-0.97322921481262,-0.4619706085999774
1742112832.6274521,1.0724714420287513e-06,6.287973035102949e-36,0.0047455234045364015,0.00020656318615201372,1.702412416255946,-0.9823257964124887,-0.4564853272517488
1742112832.7207606,1.250111700547153e-06,3.7647576211008636e-36,0.004920992163340016,0.0002270603207048763,1.717555175754292,-0.9896741342330575,-0.44656896955569253
1742112832.8320696,1.4909686530777209e-06,2.069496963867363e-36,0.005074292207791589,0.0002531486554915602,1.7353509956002995,-0.9981044259653182,-0.4359823427279757
1742112832.9207163,1.7751553702129137e-06,1.133125675122865e-36,0.005357662934563831,0.00028193299686332115,1.7533863830525718,-1.006440872468458,-0.4288377202232644
1742112833.0203648,2.0924004492868747e-06,6.3589366078374145e-37,0.005572123919560209,0.0003120507193222483,1.7707128487614696,-1.0143194778592948,-0.424200553365545
1742112833.1218615,2.4711626169959054e-06,3.506889692606541e-37,0.005803763247145936,0.0003458023805448914,1.788565859405388,-1.0223235408244835,-0.41954069203932737
1742112833.2205162,2.935835105265029e-06,1.8717537350013177e-37,0.005982834826326736,0.00038460908861977347,1.807446451883301,-1.0306328274208982,-0.41066663331587766
1742112833.320298,3.356937171823826e-06,1.1390661648147093e-37,0.006251508585530456,0.0004177847667248926,1.822466880925056,-1.0370927422837997,-0.40054226286013594
1742112833.4204032,3.936737016447547e-06,6.251338860448303e-38,0.006433484482701756,0.00046096127991918356,1.8407762204759663,-1.044743363096639,-0.3881048447569177
1742112833.5234206,4.642074910483841e-06,3.3202615334089245e-38,0.006769711991402878,0.0005103251862989781,1.8602126538120487,-1.0526485497531395,-0.38108341760237674
1742112833.634738,5.389444127498618e-06,1.851351887210937e-38,0.0070182952308251775,0.0005595857552124514,1.8783535786347443,-1.0597712962230372,-0.3690243399818704
1742112833.7204134,5.071723541501793e-06,2.447330352468007e-38,0.006919446470390665,0.0005389860360593319,1.8790431482239,-1.0534800476254724,-0.3710003006382369
1742112833.8209004,5.751830788787929e-06,1.4837047627190496e-38,0.007141194478166489,0.0005825221022336083,1.89469172820327,-1.059469371767665,-0.3589102584047698
1742112833.9202256,6.710296128123765e-06,7.943675955210402e-39,0.007412482116551439,0.0006406645156553675,1.9143860617085053,-1.0667811189385734,-0.3498445260448837
1742112834.0205686,7.783743176805704e-06,4.29510982376836e-39,0.007624740397981718,0.0007021221161644632,1.9338854941548718,-1.0738153848968461,-0.34241477727130887
1742112834.1265032,8.948302626785517e-06,2.3793177124957123e-39,0.007969244283642091,0.0007652274365692788,1.9527024354367342,-1.0804272762546643,-0.33454556345180514
1742112834.220468,1.0144513049773697e-05,1.382488870431433e-39,0.008147250737499811,0.0008268498840731804,1.970119460766476,-1.0863633605529297,-0.32435811638072964
1742112834.3207865,1.1595043494964103e-05,7.65469824457805e-40,0.008430930223033435,0.000897954966524292,1.9891986199326084,-1.0926769110830374,-0.3164346772356413
1742112834.4257462,1.2824097377416268e-05,4.856289642333565e-40,0.008722343436460701,0.0009555721001656279,2.003968249422286,-1.097429295966446,-0.3046344774885558
1742112834.520221,1.447594757492593e-05,2.7773812136146284e-40,0.00898510065567346,0.001029781446085542,2.02226553120866,-1.103114479838914,-0.2978211003466035
1742112834.6203566,1.6461371540582822e-05,1.5126166271559071e-40,0.009289404655810334,0.001114810999761148,2.042227377576012,-1.1091556796249495,-0.2900764900370026
1742112834.7203906,1.8641885412990887e-05,8.26715729389753e-41,0.009578081260235223,0.001203785978250147,2.0622848731096823,-1.11496277332679,-0.2778482395334625
1742112834.820981,2.101314343505642e-05,4.5473810539511923e-41,0.009814818706191792,0.0012961306506998104,2.0821906307019944,-1.120564012831204,-0.27168350993827806
1742112834.9205801,2.311383453480693e-05,2.7915477665211867e-41,0.010136501510544934,0.001374651443869914,2.098469923871235,-1.1250353776132447,-0.2637310582323455
1742112835.0220609,2.5724186443117285e-05,1.5912650153885796e-41,0.010340164734203761,0.0014685122067096532,2.117272322781673,-1.130066594069441,-0.2579476195497894
1742112835.120528,3.2122640335453324e-05,5.405836483770512e-42,0.010974334571333313,0.0016843280775270216,2.1180254370825224,-1.1527296467267694,-0.27365587293331584
1742112835.2207732,3.555637002511153e-05,3.1142988709237545e-42,0.011211758639638757,0.0017932990838931632,2.1359456578901472,-1.1577246615248193,-0.2697686666173216
1742112835.3203402,3.9457235000816284e-05,1.7417170033865547e-42,0.01159805528971105,0.0019123160035724946,2.1549050525370177,-1.1628541588357635,-0.2601912134808774
1742112835.4202118,4.28612771565652e-05,1.0835721306716966e-42,0.011834227080050283,0.0020125370934727447,2.1704784345956085,-1.1669286010466071,-0.251208942524838
1742112835.5230927,4.7570234587170504e-05,5.854670771783178e-43,0.0121770425907562,0.002146290249184998,2.1908269457321197,-1.1720473187234508,-0.23802651106541106
1742112835.6202278,5.2473893261631476e-05,3.2112937474502314e-43,0.012480805696144383,0.002280287904897348,2.2109771044788786,-1.1768041893284407,-0.22442455231373268
1742112835.7202713,5.8570471834753014e-05,1.5918784717792918e-43,0.012874475662933104,0.0024403718215101444,2.234965002333503,-1.1820334018672916,-0.21138630449001744
1742112835.8203495,6.28928773936579e-05,9.925998371491516e-44,0.013138635120209022,0.002550023095613068,2.2512492806578095,-1.1854021387043248,-0.20036039888088658
1742112835.933926,6.741529847726926e-05,6.165069068864305e-44,0.013367106780962723,0.002661702694484007,2.26781385449641,-1.1886611451648708,-0.1865729802769895
1742112836.025113,7.315041091217254e-05,3.440122993503454e-44,0.01369309889565365,0.002799286752825146,2.288377546676543,-1.1924318215947725,-0.1748271101636166
1742112836.1203618,7.891902384642162e-05,1.9524611502142125e-44,0.014005497669183154,0.0029335676924942744,2.3084498773905153,-1.1959312286375374,-0.1703670436066861
1742112836.2215383,8.492292433582611e-05,1.1024864941073978e-44,0.014277478932810369,0.0030693925351546977,2.3287453105889497,-1.199326974373122,-0.16286228238766146
1742112836.32008,9.114359463202563e-05,6.190423709442309e-45,0.014593807308773988,0.003206297364419946,2.3492891035041197,-1.2026155971704358,-0.15514866649334388
1742112836.4265018,9.741138591848764e-05,3.4875665727045916e-45,0.014854667122034678,0.0033406668068959164,2.3699465252770224,-1.2056643914935434,-0.14109296738331265
1742112836.5203025,0.00010078684046373395,1.7958141731956068e-45,0.015131024358821275,0.0034116567324666957,2.4091160780515963,-1.2022606212272933,-0.1314604386317612
1742112836.6209784,0.00010658065610533637,1.0215507348132134e-45,0.015365282838437567,0.003531422039382531,2.4295538481390864,-1.204863213693872,-0.11972607221483013
1742112836.7204623,0.000112221767234388,5.855297382353243e-46,0.01565311118959653,0.0036456585446726225,2.4498654145779497,-1.207247353523345,-0.11353866305230868
1742112836.8266118,0.00011779859503631455,3.343313192355188e-46,0.0158156129271683,0.003756452020216892,2.4703964021500866,-1.2094934587783446,-0.10601304020761267
1742112836.9200056,0.0001232402132873987,1.9081665723616253e-46,0.01614849846828337,0.0038626399060463024,2.4909931352375807,-1.2115993303419836,-0.09871448125718847
1742112837.0215445,0.00012737588855097118,1.22854763878011e-46,0.01635689662794023,0.003942147373276693,2.5072199328870184,-1.2131428556648858,-0.09006757583497771
1742112837.1328099,0.00013236836631862838,7.067953305441765e-47,0.016543372624369477,0.004036822326135138,2.5276414452021285,-1.2149537998221953,-0.08715764727472075
1742112837.2203655,0.00013719897365056878,4.05608150942256e-47,0.01675093238644995,0.004127135052734867,2.5480423127666327,-1.2167102462822483,-0.08424187745927587
1742112837.3204482,0.0001417730887478928,2.3294428706901406e-47,0.017066472163754717,0.004211536976354658,2.568375271077926,-1.2183676680255018,-0.07929227795480505
1742112837.4201763,0.00014589270752196688,1.3611095342889238e-47,0.01731465358216619,0.0042866645199546175,2.5881129869662445,-1.2198449243307241,-0.07145724739907985
1742112837.5221329,0.00014900823689822817,8.73077333817315e-48,0.017515409083178994,0.004342942916318564,2.604502738771785,-1.2209443199579173,-0.06136594262002729
1742112837.6234894,0.00015248355968438662,5.0136197941261034e-48,0.0177587859549172,0.004405191862772495,2.6250954794432886,-1.2221531312827976,-0.0556696459281326
1742112837.7222188,0.0001555491976199018,2.8828525402809847e-48,0.017996781332284148,0.004459653284276661,2.645618324199212,-1.22325231270522,-0.05024246420739908
1742112837.8207474,0.0001580912194282563,1.647245075375431e-48,0.018226116089596397,0.004504501738555383,2.666530285691678,-1.2241649470512737,-0.039595346115815666
1742112837.9202428,0.00016001677686979809,9.473210211099314e-49,0.01844343476475324,0.004538290534470492,2.687348950828536,-1.224870867717605,-0.029397527836549392
1742112838.0202622,0.0001826550994857166,3.861156808785856e-49,0.019082837278414227,0.004924535920837179,2.6959435954787665,-1.2389900825481077,-0.031061513249112813
1742112838.1200886,0.00018409071014054167,2.228586014576562e-49,0.0192916488416474,0.004948392262662868,2.716538364563675,-1.2395672946211,-0.022780163113309573
1742112838.2275267,0.00018478091495382465,1.307647397660426e-49,0.019486816604002213,0.004959836426208727,2.736682387926976,-1.2399270173245664,-0.011894924465848625
1742112838.3216732,0.00018458397242144715,7.603936855523628e-50,0.01967612104768011,0.0049565726275920706,2.7575128226219547,-1.2399920396558735,0.004050629313753316
1742112838.4219413,0.00018355703800682088,4.43888941196583e-50,0.019736761796081893,0.0049395322787419895,2.7784438146718315,-1.2398024212713081,0.015805082495973812
1742112838.5274997,0.00018148144098857616,2.635700940266829e-50,0.019899233379010794,0.0049049792242470925,2.799240566419286,-1.2392141045005096,0.038099961455629605
1742112838.6201203,0.00017943218694305968,1.8181555335313316e-50,0.019927245446008764,0.0048707160142497435,2.8142875943829395,-1.2385937322344405,0.049712495978639804
1742112838.7201016,0.00017623286318796508,1.1568818114544769e-50,0.02024069521442747,0.00481692283948242,2.832938665118462,-1.2375688826691453,0.06166328686075041
1742112838.8227313,0.00017215562331299105,7.349614019286033e-51,0.02034197670289448,0.004747823612438974,2.852124294529112,-1.2361785679229302,0.07967587011651826
1742112838.927621,0.00016694266919233967,4.573065924940795e-51,0.02042996230777797,0.004658557416085181,2.8727427972971284,-1.234299632877463,0.09776176708535984
1742112839.0201387,0.000162637779131697,3.230845597743237e-51,0.02048577732900213,0.004584033676813721,2.888099171615707,-1.2327003689678988,0.1116191913445455
1742112839.1304355,3.036591272066874e-11,2.0747223643511805e-51,0.0004039969358008248,5.510527444870294e-06,2.9080571548632292,-1.2303444217967954,0.12617810266809287
1742112839.2191658,4.02019051389341e-11,1.362159466001082e-51,0.0004163742988709139,6.340497231206248e-06,2.9275201110123987,-1.2277075266966968,0.1496185232956869
1742112839.3189728,5.20251988915311e-11,9.361600019647277e-52,0.0004714814489634467,7.212849568064698e-06,2.9456399900318075,-1.224810331854921,0.16944499510125943
1742112839.4191158,6.111749867837182e-11,6.914212868281102e-52,0.00047354585738955504,7.817768139205193e-06,2.9566002181982682,-1.2245946591342887,0.18074512141125873
1742112839.5191898,8.125823391185912e-11,4.634132628676373e-52,0.0005212450616031574,9.014334912341516e-06,2.977010664584469,-1.2206934292529816,0.19536167042630398
1742112839.6188693,1.0005902916898671e-10,3.4722592339947495e-52,0.0005461616410171314,1.0002951023022491e-05,2.9920838498719817,-1.217592897397664,0.2116938795365641
1742112839.7190726,1.3133988009406472e-10,2.3950308211667273e-52,0.000580795582759691,1.1460361254954608e-05,3.012002469391824,-1.2131860690457352,0.22623496907132373
1742112839.8192754,1.7329875355004146e-10,1.6471717028628644e-52,0.0006182077576173227,1.3164298445038439e-05,3.032547031659945,-1.2083371423235518,0.23766034500973923
1742112839.9193792,2.261317776270444e-10,1.1520388250082254e-52,0.0006565504145870154,1.5037678598342378e-05,3.052494146168982,-1.2033867775915579,0.24778741257565717
1742112840.0196524,2.935963526913553e-10,8.138374609450405e-53,0.0006768148240514627,1.7134653562046573e-05,3.0723019202471136,-1.1981975489120265,0.2614779438294717
1742112840.1192622,3.6074064753956485e-10,6.199171397786876e-53,0.0006892076149057351,1.8993173708981995e-05,3.0880963597852045,-1.1938724163852084,0.27427744524853925
1742112840.2190688,4.556901765231635e-10,4.570810676844683e-53,0.0007695056933244261,2.134690086460242e-05,3.1062177760080374,-1.1886593929856533,0.28932267086880903
1742112840.3191333,5.774369570757469e-10,3.3742398234598297e-53,0.0008119309896216408,2.4029917958156804e-05,3.1248175357278143,-1.183010966619614,0.30192476170438004
1742112840.4191387,7.403652291443181e-10,2.4677220383229644e-53,0.0008362192450654653,2.720965323454744e-05,3.144607354521831,-1.1766729482867162,0.31443088906186334
1742112840.5191312,9.328200711174989e-10,1.8466344558344044e-53,0.0009054899957186755,3.054210325300959e-05,3.1632279878616103,-1.1705045724507577,0.32382577317136013
1742112840.6192489,1.122120548852969e-09,1.4650040890027377e-53,0.0009199732253053189,3.349806783760772e-05,3.1782750429207667,-1.1653821594957599,0.33381342547314863
1742112840.7197149,1.421147800101015e-09,1.092996711982819e-53,0.0009964728782355247,3.7698114012520776e-05,3.1977498440685252,-1.1585050529667633,0.34844511406796674
1742112840.8189926,1.853594426751647e-09,7.952335344846388e-54,0.0010584687686710304,4.305339042109979e-05,3.2200417269678496,-1.1501191678790312,0.36924558537381386
1742112840.9222727,3.383170465201303e-11,6.717864775867555e-54,0.00041917957512111685,5.816502785352469e-06,3.2607134742429764,-1.1256294969752911,0.40546866991715147
1742112841.0225239,4.528600704269978e-11,5.295246973770304e-54,0.00043133352516941,6.729487873731535e-06,3.279577257512294,-1.1174714801255958,0.4101184282560798
1742112841.1223316,5.637349186087455e-11,4.424629191947115e-54,0.00047068879097161023,7.5082282770887135e-06,3.2938334322528746,-1.111221423542498,0.41772237160401055
1742112841.2226503,7.406236646702939e-11,3.5461655078950237e-54,0.00048167843785406825,8.605949480855055e-06,3.311707866185138,-1.1032033830523638,0.4274548564215157
1742112841.322303,9.810818779236098e-11,2.83483904944773e-54,0.0004997895411093848,9.904957738040127e-06,3.3302535263150546,-1.0946439344597452,0.4409830842276068
1742112841.423936,1.2629979312283373e-10,2.335490584551938e-54,0.0005632072762004209,1.123831807357461e-05,3.3470313777523444,-1.086607454507432,0.4539602074881047
1742112841.5300074,1.635305620395683e-10,1.924454116679151e-54,0.0005994957810249831,1.278790686701965e-05,3.3643107260864937,-1.0780970783010826,0.45819356777863224
1742112841.6233923,4.039818606762e-11,1.5521721444976893e-54,0.0004204408825183245,6.355956738966998e-06,3.383245961633122,-1.068709851848943,0.46321597435669626
1742112841.7223408,5.037537032042524e-11,1.325607657782811e-54,0.0004560570260790955,7.097560871202532e-06,3.397219498700494,-1.0616804760695397,0.468536404158637
1742112841.8237472,6.645903297169172e-11,1.0854430198646779e-54,0.000472520001459492,8.152240978509634e-06,3.414865778133098,-1.052715572683966,0.47295966484741875
1742112841.9280875,3.119798358885855e-11,8.833863644803781e-55,0.0004142091143449171,5.585515516839833e-06,3.4330707006403145,-1.0433421606849742,0.47810390331940394
1742112842.0324206,4.084113146072049e-11,7.314474941058944e-55,0.0004403447145329307,6.390706647994453e-06,3.4497265808179094,-1.0346651955089152,0.4812488827963324
1742112842.122874,5.428127636417554e-11,5.9732811654962725e-55,0.0004674096900862598,7.367582803347074e-06,3.467430884418647,-1.0253713871976649,0.48570731022553154
1742112842.2213638,1.050460737620039e-55,5.032166198915406e-55,1.2752390854713262e-13,3.241081204814281e-28,3.482449185842448,-1.0173871140615383,0.49167516567902286
1742112842.3212225,4.444702647789531e-55,4.08391755470284e-55,1.730834225406215e-13,6.666860316362967e-28,3.5007686294898264,-1.0075250112250913,0.49764337876038256
1742112842.4225066,8.870386497536672e-55,3.317163960087513e-55,1.5832789046335282e-13,9.418272929543226e-28,3.519092846241186,-0.9975124267526665,0.5024336848516912
1742112842.5221846,6.516730518550325e-52,9.055486334059615e-55,6.449082343725407e-13,2.5527887728032505e-26,3.5425240735393473,-0.9561540871978274,0.5401821063774724
1742112842.623051,1.405782219062718e-52,7.69043478218191e-55,5.801253916882262e-13,1.1856568723972033e-26,3.5593975206042003,-0.9459537375196705,0.5457434581535953
1742112842.7210565,2.4272689109451823e-52,6.69656221629302e-55,5.209786043530029e-13,1.557969483316404e-26,3.5735773470310264,-0.9373155158330988,0.5488244222420354
1742112842.8210096,5.464006930344318e-52,5.428562225301228e-55,7.742736859100432e-13,2.3375215358033213e-26,3.594668447332104,-0.9244055905217379,0.5497895406502386
1742112842.9208348,9.274143974119623e-52,4.7107719495097334e-55,8.6387800500876e-13,3.04534792332824e-26,3.6084639822932445,-0.9159636583772466,0.5485844539421695
1742112843.020964,1.8019618082027343e-51,3.9109362105735406e-55,7.98345734416243e-13,4.24495207063959e-26,3.625865647849416,-0.9053652301135382,0.546072595002045
1742112843.124691,3.462356833571505e-51,3.2361853233360565e-55,1.1428300988327556e-12,5.884179495538443e-26,3.643033408432565,-0.8949179956893709,0.5472905563133856
1742112843.221324,5.609101778215492e-51,2.8044443848654142e-55,1.263537969875718e-12,7.489393685883719e-26,3.655742245305703,-0.887173337233762,0.5475994275826114
1742112843.3212914,2.3246353063168415e-53,2.2939351402829903e-55,3.9800769449792215e-13,4.821447195932816e-27,3.6732967054267434,-0.8764365883605234,0.5509195255058904
1742112843.421021,4.672532836130381e-53,1.8613174514242703e-55,4.610318657030326e-13,6.835592758591154e-27,3.6912578084997847,-0.8653946015727425,0.550915114762177
1742112843.5246336,9.261296755389556e-53,1.5058058349565303e-55,5.31572058151643e-13,9.623563142303144e-27,3.7089235061822095,-0.8545487124921469,0.5507088826912542
1742112843.6265967,1.822929376175011e-52,1.2142751473686473e-55,4.906878065020844e-13,1.3501590188474137e-26,3.7264516187678467,-0.8437689917175284,0.5515444206017155
1742112843.7209883,3.1257610259506062e-52,1.0193849838598346e-55,6.881784919238926e-13,1.767982190507191e-26,3.7404358495175387,-0.8351506622949625,0.5530940221565863
1742112843.8247705,6.037771070363494e-52,8.211598408788475e-56,7.893795926493217e-13,2.4571876343420528e-26,3.7575196680752896,-0.8245667311627285,0.5565566943901675
1742112843.9307055,1.2007384604689474e-51,6.53337975584092e-56,9.129530319751526e-13,3.4651673270838555e-26,3.775367638444891,-0.8134381905969619,0.559398643853058
1742112844.0210176,3.601350998527839e-51,9.451676534449968e-56,1.1509168844846992e-12,6.001125726501519e-26,3.794343765242388,-0.7870215017529834,0.5613433485592748
1742112844.1208847,6.794239756280679e-51,7.547051124690171e-56,1.3142923279741147e-12,8.242717850491232e-26,3.810938815941448,-0.7766581367458025,0.5568516617382907
1742112844.2355447,1.3301758127254206e-50,5.89923768193236e-56,1.2225548504449247e-12,1.1533324814317079e-25,3.8285804563875487,-0.7656770631737002,0.5567269688214208
1742112844.328121,2.197711247170969e-50,4.894027390777176e-56,1.6858373750019126e-12,1.4824679582274177e-25,3.8417817297419745,-0.757429110998288,0.5609331493939307
1742112844.4281745,4.0767319890980995e-50,3.885885117924437e-56,1.9177765800585725e-12,2.0190918723768118e-25,3.8580150671093776,-0.7472035541250648,0.5636506443585302
1742112844.5230901,7.97257954334041e-50,3.011509484426721e-56,2.2114129392909747e-12,2.8235756663033504e-25,3.8756671706571026,-0.7360486183596704,0.5628517036999611
1742112844.623424,1.5466008175879865e-49,2.3218936599951892e-56,2.543542950176914e-12,3.932684601627731e-25,3.8931841856933147,-0.7250116098116477,0.5608846312130835
1742112844.7206337,2.892573451506456e-49,1.7985214972858741e-56,2.89983955968617e-12,5.378265009746597e-25,3.9098337592723738,-0.7145921980004228,0.559069908198252
1742112844.8210104,5.604503215987607e-49,1.3669774915495689e-56,3.336496690664195e-12,7.4863230066485955e-25,3.9274534572378954,-0.7035282914357692,0.5620165234173681
1742112844.920907,1.1203958506432754e-50,1.1046818986759882e-56,1.4616929449096332e-12,1.0584875297533153e-25,3.941056332778814,-0.6949205005406336,0.5665090447033786
1742112845.020879,2.1799154594808146e-50,8.364723142547142e-57,1.6820944102215856e-12,1.4764536767135007e-25,3.958633519012004,-0.6837419341184425,0.5655137663449192
1742112845.1206603,4.2158415393103806e-50,6.283094617749289e-57,1.9324229341380533e-12,2.053251455450691e-25,3.976159478918852,-0.6726716781966173,0.5618305569256689
1742112845.228051,8.087407034749264e-50,4.673497913671906e-57,2.217019963144703e-12,2.8438366751185383e-25,3.993615051387671,-0.6617749336153178,0.5553261404599095
1742112845.3209052,1.0400695252303216e-50,3.665896676649602e-57,1.1608637860012882e-12,1.019837989697541e-25,4.007518841698499,-0.6531708604604329,0.553750193652048
1742112845.4216135,2.0171805184830277e-50,2.6790388705925745e-57,1.0757689087662892e-12,1.4202748038612202e-25,4.025223675808903,-0.6421955979768192,0.5572153692807101
1742112845.52163,6.874414679207329e-51,2.873206385036557e-57,1.3188860244522305e-12,8.291209006657189e-26,4.056900671915422,-0.6064333588116533,0.5619826954080378
1742112845.621881,1.3332130769026534e-52,2.137118593136244e-57,5.744277704768098e-13,1.1546484646430937e-26,4.073134281926649,-0.5961608241787753,0.5649870079232967
1742112845.7213864,2.602642336316582e-52,1.542650115429087e-57,5.295610724111553e-13,1.6132706953008792e-26,4.09060830775023,-0.5851505645381945,0.5605813902093683
1742112845.8222723,4.4050409011475945e-52,1.1866135488775297e-57,7.389179079091435e-13,2.0988189300527082e-26,4.104409686932016,-0.5764779290417428,0.5606049936486992
1742112845.9219532,8.287461467117813e-52,8.594093803449542e-58,6.775183477807942e-13,2.878795141568398e-26,4.121056037746804,-0.5660533689262772,0.5588746708108696
1742112846.021762,1.8365871783369798e-50,6.111709449223194e-58,1.6220090090846867e-12,1.3552074300036064e-25,4.13840148659672,-0.5551714642166434,0.5621796291543755
1742112846.1208024,3.4137386263064395e-50,4.390728804902745e-58,1.8483351651441808e-12,1.847630543779367e-25,4.154973073210996,-0.5447706380798572,0.5561515730096614
1742112846.2208622,6.486181574772354e-50,3.068419436884329e-58,2.11671550615077e-12,2.5467982988003493e-25,4.172309817554712,-0.5340663718134318,0.5505453985406671
1742112846.3215897,1.3663654636102076e-49,2.1027439206461595e-58,2.4763086411776628e-12,3.6964381012133933e-25,4.190105577074654,-0.5231905456482098,0.5470728319360528
1742112846.4286754,2.2287940440297587e-49,1.574778689303591e-58,2.746390463350892e-12,4.72101053168679e-25,4.20345239232585,-0.5150823044296144,0.5450491350366387
1742112846.5222602,4.2621955882770245e-49,1.066405893006307e-58,2.5579939629893447e-12,6.528549293891427e-25,4.221195342941819,-0.5043143974400559,0.5465920608712947
1742112846.6274254,7.904195804695538e-49,7.3296331928267775e-59,2.365956653873393e-12,8.890554428546928e-25,4.238113461148636,-0.4939925324687815,0.5487076681329522
1742112846.7397609,1.389520843406955e-48,5.18363924734486e-59,4.039164210640566e-12,1.1787793870809563e-24,4.253591498211669,-0.4845177447064035,0.5500448387338432
1742112846.8207436,2.5082537979104507e-48,3.5839852215825965e-59,4.5753291315782665e-12,1.5837467594001418e-24,4.269851206456877,-0.4745746443077907,0.5479127805902275
1742112846.9212182,1.1563740226356295e-49,2.58610148437167e-59,2.391572429078779e-12,3.400549988804207e-25,4.28402448370047,-0.465925671959428,0.5474048298074519
1742112847.0235472,4.001975868180293e-49,3.3438449080355733e-59,3.108071804047223e-12,6.326117188434224e-25,4.304202985351367,-0.4343333854583422,0.5462114981924722
1742112847.1213646,7.554944357911498e-49,2.200417598403399e-59,3.552983293837799e-12,8.691918291097483e-25,4.321715172641888,-0.4236731242946288,0.5472057036673256
1742112847.2213886,1.42226267121834e-48,1.4411652572607642e-59,3.305846168187961e-12,1.1925865466364862e-24,4.339202443951166,-0.4130206108175649,0.5464539698874185
1742112847.3211155,2.6264833875056675e-48,9.454649377541273e-60,4.622425030986474e-12,1.6206428932697256e-24,4.356272075938826,-0.4027044651055709,0.5411172084128093
1742112847.4204934,1.6864998303507758e-45,6.102827987802477e-60,1.494154724212241e-11,4.106701633124539e-23,4.373591700993998,-0.3923620924817932,0.5370879344259927
1742112847.540874,2.739666631365746e-45,4.2560273230447824e-60,2.0047890337749717e-11,5.2341824876151826e-23,4.387628021405767,-0.3840254211050924,0.5350884370123575
1742112847.6208384,5.040744268578056e-45,2.689003501209152e-60,2.280193161637427e-11,7.09981990516524e-23,4.405318583198081,-0.37351443249613414,0.5383413008963297
1742112847.7207282,9.277577873062475e-45,1.695135672578283e-60,2.5944995959724377e-11,9.632018414155194e-23,4.423011136640859,-0.3629079956311658,0.5400216750418376
1742112847.83834,1.6837905102449017e-44,1.0724136685623143e-60,2.942587813826919e-11,1.2976095368965587e-22,4.440356284049322,-0.3525096672597705,0.5400158337866496
1742112847.921306,2.719551116992147e-44,7.371600182730786e-61,3.254831358534862e-11,1.6491061569808497e-22,4.454369991673282,-0.3441350430018524,0.5373984746252726
1742112848.0205507,4.988942737424511e-44,4.55418645127479e-61,3.07772669588888e-11,2.2335941299673295e-22,4.472168504050487,-0.3335085194842504,0.5397298507010172
1742112848.1212223,8.89087981358249e-44,2.8662887788470396e-61,4.181686122119328e-11,2.981757839527296e-22,4.489143297690724,-0.3233292519980715,0.5408811740194988
1742112848.220709,1.579583313400617e-43,1.7996078418451854e-61,3.9358169859041745e-11,3.9743972038544623e-22,4.506060037371753,-0.3131516483505168,0.5430219344412515
1742112848.3235042,2.856542190347486e-43,1.109720532421424e-61,5.351387377516845e-11,5.34466293637633e-22,4.523513477035991,-0.30258972382184446,0.5444749764715857
1742112848.4208965,5.045435255583396e-43,6.91570164758956e-62,6.03640585645219e-11,7.103122732702424e-22,4.540353431756408,-0.2924318131377355,0.5415638856207561
1742112848.5211725,1.1854762425766877e-42,3.354321472773844e-62,7.23470324126339e-11,1.0887957763403969e-21,4.565756586094196,-0.2771202480374457,0.528328308472743
1742112848.6203594,2.148894317300611e-42,1.9711333747182157e-62,8.202134805385122e-11,1.4659107467034311e-21,4.583762958310778,-0.26659677395742154,0.5292250007487438
1742112848.7327042,3.7969666318012796e-42,1.1783952862391932e-62,9.254315819881301e-11,1.948580671104299e-21,4.601036007973825,-0.2564739215141181,0.5318167299128677
1742112848.8209603,1.29615786986234e-44,6.912974980382965e-63,2.3090848819019697e-11,1.1384892928184877e-22,4.618891423071837,-0.24589357527183964,0.5366586536265514
1742112848.9237056,2.358242483219725e-44,4.06226380198965e-63,2.1716072732773117e-11,1.5356570200470302e-22,4.636584728615489,-0.2353377097428213,0.5383962482310436
1742112849.0327477,3.6461687379111137e-44,2.7503200976856604e-63,3.465668817786945e-11,1.9094943670802263e-22,4.649482209847285,-0.2276116176768479,0.5411080211497447
1742112849.128268,6.373150029865989e-44,1.661558545260483e-63,3.242218202671277e-11,2.5245098593323e-22,4.666035912538703,-0.2176652442411724,0.5412696689463757
1742112849.2207322,1.1469551759905016e-43,9.730810498274317e-64,4.413922443688773e-11,3.386672667959662e-22,4.683482040095846,-0.20714017825261166,0.5454133838511607
1742112849.3237298,1.9925658471521843e-43,5.874287026370535e-64,4.961095530305705e-11,4.463816581303698e-22,4.699871400012597,-0.19716660165223576,0.5472065299845839
1742112849.4214067,3.59633837116656e-43,3.402065223709458e-64,4.6919130346041296e-11,5.99694786634548e-22,4.717444543320916,-0.18646044669930362,0.5477970928050184
1742112849.5213273,6.2584176608804956e-43,2.0271656024298838e-64,4.40255270549504e-11,7.911016155261279e-22,4.7339675517163755,-0.17636572761116653,0.5488635391093395
1742112849.6240134,1.0299208048224551e-42,1.2655571883399555e-64,7.02045374219284e-11,1.0148501390956474e-21,4.748869296152385,-0.16725845865567024,0.5481327861643933
1742112849.7205994,1.6047182448081062e-42,8.282704349286111e-65,6.456980691528409e-11,1.2667747411470226e-21,4.762171883569401,-0.15912627999721618,0.550052055726161
1742112849.826838,2.8534007584065385e-42,4.765633702915704e-65,8.715163665638916e-11,1.6892012190400936e-21,4.779438545598595,-0.14850123474527877,0.5527819484568738
1742112849.9211063,4.87843408181004e-42,2.8391144472453095e-65,9.753600610487766e-11,2.208717746071245e-21,4.795533235127444,-0.13853146504744807,0.5556799262858533
1742112850.0208125,9.253638267479774e-42,3.930927075436253e-65,1.1169282289849332e-10,3.0419793338350895e-21,4.80249228726057,-0.11778653275659767,0.556187968041253
1742112850.1201487,1.6386458521714232e-41,2.2436849529101815e-65,1.0613921403319873e-10,4.048019086135123e-21,4.819692477898343,-0.10705421441409069,0.5588708923118827
1742112850.2206464,2.8953944699482877e-41,1.2726732855748581e-65,1.4221293372730103e-10,5.380886980738666e-21,4.836899801987364,-0.09633334751075306,0.5548509166496512
1742112850.320762,5.041591874195347e-41,7.246492094235409e-66,1.5990057983974499e-10,7.10041680057963e-21,4.853769138869616,-0.085883799395293,0.5554864213722465
1742112850.420289,9.007698836297141e-41,3.9945055708802547e-66,1.8087190274139562e-10,9.490889756127789e-21,4.871465927018718,-0.07489555571865925,0.5542599962013481
1742112850.5212457,1.5718504937722335e-40,2.2334694560265175e-66,2.0348970840303026e-10,1.2537346185585822e-20,4.888536312924543,-0.06433799973515342,0.5539442107933282
1742112850.6213279,2.4768143249398557e-40,1.3802601968935699e-66,1.8955874525241192e-10,1.5737897969359998e-20,4.902535417056683,-0.05569557251679669,0.5519550845878836
1742112850.7204306,7.405726170367246e-38,7.775242809267204e-67,7.499893224785728e-10,2.7213463892652926e-19,4.9190669643361105,-0.04551794887592653,0.5518487499016042
1742112850.826578,1.2326635278933316e-37,4.411344428060881e-67,8.358535075034422e-10,3.5109308279903947e-19,4.93525323622319,-0.03555195485882301,0.5521790788429496
1742112850.9204571,8.973001845880572e-36,2.3680960575210598e-67,1.7948717506082182e-09,2.995496928037245e-18,4.952862437777583,-0.024710826679185338,0.5519031093376395
1742112851.0205567,4.529683521522298e-34,1.2531801272906728e-67,4.7821430190960934e-09,2.12830531680074e-17,4.9707241642324576,-0.013700536197964297,0.5526175306099173
1742112851.1205733,6.8325679161100725e-34,7.640360607142596e-68,4.547598914426589e-09,2.613918115800507e-17,4.984523304936289,-0.005167854798926008,0.5551545427101372
1742112851.2211657,1.1332360505785587e-33,4.140101003792129e-68,4.413353934983877e-09,3.366357156599042e-17,5.001526076184874,0.005402671112241464,0.558703641678643
1742112851.320306,7.369488527393709e-33,2.362397930357235e-68,8.659935214027031e-09,8.584572515503442e-17,5.01704682750492,0.015144814061019751,0.5621809766548393
1742112851.4205399,2.491316839192848e-35,1.3370668589039536e-68,2.582231560766695e-09,4.99130928634246e-18,5.032728734525037,0.025058517245645895,0.5652235553520438
1742112851.5204039,5.821994721230903e-35,5.728302876600689e-68,3.0903476122452268e-09,7.630199683645836e-18,5.029004351149673,0.06492108652959327,0.5953873825979632
1742112851.631746,8.770970728521523e-35,3.6119630439726626e-68,3.373707761041054e-09,9.365346084647124e-18,5.042001818362813,0.07371450818171876,0.593131823630373
1742112851.7204528,1.4626637264492352e-34,2.002488771302883e-68,3.759369340948041e-09,1.2094063529059352e-17,5.058375227539443,0.0846539909200068,0.5822459889364645
1742112851.8203044,2.498968198059809e-34,1.0566700742816023e-68,4.213025366878276e-09,1.5808125119886323e-17,5.0757622019115445,0.09603395824363403,0.5762864781332415
1742112851.9204364,4.227259077191982e-34,5.546751971772589e-69,4.1036800058571125e-09,2.056029931005865e-17,5.093008206679784,0.1071663914383505,0.5713777972174089
1742112852.0203946,6.995389965386583e-34,2.9569095077067356e-69,5.245846216663074e-09,2.644879952925384e-17,5.109645977030475,0.11784086446468756,0.569871587843935
1742112852.121258,1.0108542548934387e-33,1.855671401296719e-69,4.950138789692214e-09,3.179393424685656e-17,5.121862749888983,0.12565675126700615,0.56775526532654
1742112852.2204828,1.6579103888494017e-33,9.800686930458161e-70,6.3058793619641716e-09,4.071744575546705e-17,5.138408795816446,0.13614549518199404,0.5606406165075701
1742112852.3203156,2.7506610715815827e-33,5.0196677077625833e-70,7.018361985856743e-09,5.2446745099973385e-17,5.155507157708904,0.14684971273533431,0.5576168728781148
1742112852.420569,4.5909670407344536e-33,2.5153650149546587e-70,6.849790047825874e-09,6.775667524852775e-17,5.172948661389135,0.1576733010578284,0.5545101595831318
1742112852.5372677,7.632356774860262e-33,1.256772785289515e-70,6.672206648342723e-09,8.736336059733657e-17,5.190324638011347,0.16845848438821776,0.556194944472353
1742112852.6208932,1.1073109487824331e-32,7.541066962290995e-71,7.238221900965659e-09,1.0522884342148939e-16,5.203058001246994,0.17640445938234706,0.5593235922766132
1742112852.7256362,1.7147496353150652e-32,4.116770666608675e-71,1.036994745539323e-08,1.309484492201059e-16,5.218061503032146,0.18578037062737618,0.5570862723303239
1742112852.8205483,2.7550283817390726e-32,2.108845105875292e-71,1.0064104739937392e-08,1.659827816895196e-16,5.234458023123743,0.19593574291537674,0.5504556132269307
1742112852.9215837,4.5505197138374466e-32,1.0206576681304634e-71,1.2761305060029955e-08,2.1331947200941236e-16,5.251999983741925,0.20664437933455737,0.5447254610968038
1742112853.0199676,5.916628886407256e-32,6.637217873669541e-71,1.350411987351901e-08,2.432412153893179e-16,5.232708016844114,0.2319309999643524,0.5534417709715588
1742112853.1198184,9.63956662194297e-32,3.2744882435347185e-71,1.4977391962294373e-08,3.1047651476308106e-16,5.249749732607675,0.24243863651507258,0.5520753940947277
1742112853.2213314,1.4393914231073544e-31,1.8150511910573957e-71,1.6314008061204035e-08,3.793931236998576e-16,5.2638443042340555,0.25107072686961196,0.5451263269789443
1742112853.32359,2.3700781451425273e-31,8.551354751784622e-72,1.815381400384182e-08,4.868344836946668e-16,5.281578608742265,0.2617550545500906,0.5387259802229628
1742112853.41952,3.912196579020082e-31,3.955289795786982e-72,1.781466817503791e-08,6.254755454068593e-16,5.299548588386365,0.2724893845396057,0.5383411726362927
1742112853.520849,6.297749553928817e-31,1.877377052634443e-72,2.2345574511502574e-08,7.93583615879815e-16,5.316744239064597,0.2826936315866426,0.5331645092375502
1742112853.6198204,1.015394927317073e-30,8.742735723473335e-73,2.4757527405233754e-08,1.007668064055358e-15,5.33417063989787,0.29290520010331367,0.5277514538176282
1742112853.7196763,1.5027698185149266e-30,4.6115408383858056e-73,2.6905161451571227e-08,1.2258751235402922e-15,5.34860261518714,0.3012676868139019,0.5213662466414198
1742112853.8318648,2.4453773884176953e-30,2.0482609172466353e-73,2.9847995951405166e-08,1.5637702479640976e-15,5.366708046217347,0.3116197760655579,0.5166344723112808
1742112853.9199843,3.9813637418490924e-30,8.95556023849813e-74,2.938192288421178e-08,1.9953354960630285e-15,5.384981481459981,0.32198375775847143,0.5154613336928114
1742112854.0199904,6.280066914488005e-30,4.087565762341925e-74,3.6534679977851657e-08,2.506006168086584e-15,5.402167747614648,0.3316993124473937,0.5138897976286635
1742112854.1199427,9.909382447168094e-30,1.8411686143078464e-74,4.024615249304183e-08,3.147917160150199e-15,5.419490998854691,0.34142953945680077,0.5098098596937881
1742112854.2199278,1.4414861323412075e-29,9.447899226173614e-75,4.3625755915130546e-08,3.796690838534536e-15,5.433847849349824,0.3494116986956124,0.505386122167848
1742112854.3205109,2.3132405931869511e-29,4.0263802422817764e-75,4.826564412551801e-08,4.809615985904645e-15,5.452069014306296,0.35950659586374645,0.5067417702086195
1742112854.4202847,3.713817792349417e-29,1.7011811912380513e-75,5.3369296794151266e-08,6.094110101031501e-15,5.470366504494848,0.3696726078815624,0.5083133062727674
1742112854.5204775,7.379502396985151e-29,6.897466696421977e-76,5.512214735421402e-08,8.590403015566354e-15,5.492506158792537,0.38749716433816683,0.4947565251033666
1742112854.6197786,1.1619368714223033e-28,2.89583683815153e-76,6.812961516021814e-08,1.0779317563845604e-14,5.510486196064349,0.39718883301231056,0.49399179751089817
1742112854.7197337,1.6722990594691727e-28,1.4333521573042062e-76,7.369398817374053e-08,1.2931740252066513e-14,5.524969836267566,0.4049920821011339,0.49366754824331993
1742112854.8218002,2.644730139561361e-28,5.85501325968626e-77,7.260521521432577e-08,1.6262626293318558e-14,5.543293056900836,0.4148472124313649,0.4940126591365697
1742112854.921636,4.1220023074987635e-28,2.4417863695905513e-77,8.931585850873423e-08,2.030271486156165e-14,5.5610927269560335,0.42444674838610563,0.4950695686977269
1742112855.0210197,6.296359782582729e-28,1.0507970275429427e-77,9.783392325316665e-08,2.5092548261551136e-14,5.578153781271368,0.43365622265985504,0.4952635222118262
1742112855.119608,9.792620671853095e-28,4.325024719438205e-78,1.075704504899017e-07,3.12931632658846e-14,5.596012512655264,0.4433061966715499,0.49404997164419906
1742112855.2196858,1.3865061941641583e-27,2.0847690380764284e-78,1.0390687561329141e-07,3.723581869872285e-14,5.610429970847797,0.45074456153626574,0.4508681350391271
1742112855.3338535,2.0911131339079676e-27,8.134312459204993e-79,1.2648863235917273e-07,4.5728690489756727e-14,5.628412724343342,0.45901057631690634,0.4028198772113684
1742112855.4208992,3.176553184487418e-27,2.883504278048373e-79,1.383822579471248e-07,5.6360918946442117e-14,5.647657485542908,0.46691547973172653,0.37822634512594955
1742112855.5195792,4.8364915809144446e-27,9.924138138607288e-80,1.2223083197718747e-07,6.954488896327641e-14,5.6672634154924495,0.47480650222079923,0.38899720246008657
1742112855.6198518,7.198986218736431e-27,3.644541213329264e-80,1.6480409056148978e-07,8.484683976870577e-14,5.685684771293815,0.4824516443065807,0.39643455082587026
1742112855.720084,1.0571154445133834e-26,1.3832510693434005e-80,1.790478027340747e-07,1.028161195782735e-13,5.703459076995593,0.4899384494569352,0.39988494450262796
1742112855.8195088,1.4657562544991018e-26,6.059895216234096e-81,1.730120234332152e-07,1.2106842092383555e-13,5.718567861985605,0.4963849983533537,0.4074920468967321
1742112855.9197223,2.196934417680365e-26,2.1817469379373397e-81,2.0935653907925288e-07,1.4822059295794108e-13,5.737237819859345,0.5044810544176377,0.4123364144008518
1742112856.0257869,3.239822782954387e-26,8.191306535131737e-82,2.0546673930073177e-07,1.79995077236973e-13,5.755112149039604,0.512374840336915,0.4222196393649936
1742112856.126135,2.332039567380219e-26,1.8367678457648307e-81,1.7231218095747816e-07,1.527101688618089e-13,5.740251958319639,0.5055220618207494,0.4290204739023668
1742112856.2196653,3.377739943161927e-26,7.502362290337203e-82,2.2965522661727272e-07,1.8378628738733279e-13,5.756816096000861,0.5133593730564447,0.45030272955193346
1742112856.3196135,4.5222696990919676e-26,3.738799430033408e-82,2.4453999242221365e-07,2.1265628838790465e-13,5.769733874648843,0.5196691589022402,0.4564211463381273
1742112856.423771,6.854231349969683e-26,1.3819376629636666e-82,2.4161342303236813e-07,2.618058698725008e-13,5.788144683901727,0.5287464718351638,0.46222467178597293
1742112856.5226536,1.0522452522343493e-25,5.0012651408931144e-83,2.930000339504263e-07,3.2438329985286683e-13,5.806965599934507,0.5383048199891398,0.4769198989321214
1742112856.6223118,1.5854079473118245e-25,1.934520202816251e-83,2.898554913575884e-07,3.9817181559118727e-13,5.824655706576024,0.5477331615206174,0.49854875559105694
1742112856.7255616,2.3834635340213563e-25,7.592666035560267e-84,3.4938831467423114e-07,4.882072852817086e-13,5.842099067254743,0.5572991477356872,0.501798162405632
1742112856.8197215,3.275823707777887e-25,3.658016290699843e-84,3.739141339185492e-07,5.723481202710363e-13,5.8556892710779564,0.5648369372568851,0.5167071914125902
1742112856.9200523,5.0065465020475185e-25,1.4216936165039802e-84,4.095955321234396e-07,7.075695373634678e-13,5.873428845597822,0.5752140569345876,0.5440752601076585
1742112857.0195749,7.519731635820829e-25,5.805340660122005e-85,4.47195015799881e-07,8.671638620134506e-13,5.890275081313284,0.5853614951973221,0.5367363786150438
1742112857.1197212,1.1520836133240898e-24,2.2199816519437584e-85,4.901336450114227e-07,1.0733515795507499e-12,5.908172320633014,0.595970585576401,0.5379388427187424
1742112857.2196443,1.7820795862790712e-24,8.42872240891514e-86,4.896192901881856e-07,1.334945536821286e-12,5.926255325004178,0.6070554321414603,0.5574063157488326
1742112857.3192668,2.473269618451716e-24,4.096494800526222e-86,5.777851319178448e-07,1.5726632247406677e-12,5.939740829419613,0.6155171543877422,0.5614193772722703
1742112857.4265733,3.794172734098687e-24,1.5875500947856011e-86,6.332279109393926e-07,1.9478636333426135e-12,5.9573847091204755,0.6266376710678552,0.5661450719286424
1742112857.5196617,5.7565536450647845e-24,6.3076166044897715e-87,6.317701966560255e-07,2.399281901958331e-12,5.974529331236397,0.6376001242446367,0.5709883069445115
1742112857.619933,1.1154957123012598e-23,6.464440517496644e-88,7.988875457303574e-07,3.339903759543469e-12,6.011499455756429,0.6495976078470935,0.5728895003709196
1742112857.719612,1.6566308792873957e-23,2.6673240743731696e-88,8.694615565211982e-07,4.0701730666980195e-12,6.027778617268567,0.6602666525938394,0.5868771607789396
1742112857.8195746,2.2833931972832338e-23,1.3107518319338975e-88,9.320473536908503e-07,4.778486368384066e-12,6.040867399561357,0.6690604157299784,0.5945596034440396
1742112857.9198005,3.414862470275993e-23,5.348400735046942e-89,1.0166882022079078e-06,5.843682460808418e-12,6.057315532619448,0.6801611594370707,0.5946521098527309
1742112858.0218208,5.2398693404207216e-23,2.0495465701327335e-89,1.0207070133500605e-06,7.238694178110249e-12,6.074840828258296,0.6920636717318835,0.598113828411996
1742112858.1205614,7.891366841042043e-23,8.124149514957526e-90,1.2184016756199958e-06,8.883336558434586e-12,6.0916593636671905,0.7035201497878996,0.5976632172974945
1742112858.2194693,1.1471179601822075e-22,3.4578017017621923e-90,1.3196820970821086e-06,1.0710359285207044e-11,6.1070967578276125,0.7140369270805103,0.5980032021912929
1742112858.3197467,1.7093491079413083e-22,1.3757309499389907e-90,1.3205088551306046e-06,1.3074207845759942e-11,6.1236517666529835,0.7252957994571814,0.5970277125748988
1742112858.4194565,2.3726208622825145e-22,6.406235272100814e-91,1.5450582220845943e-06,1.540331413132419e-11,6.137312897462479,0.7345987119850008,0.599207692852914
1742112858.5195637,3.4603891065313705e-22,2.6457673035132953e-91,1.6748005946287368e-06,1.860212113317019e-11,6.153060552539706,0.7453792538125317,0.6019431884202358
1742112858.6194685,5.179983938167028e-22,1.021966519625098e-91,1.681469580360775e-06,2.2759578067633476e-11,6.169927982162179,0.7569883194858269,0.6041875417146082
1742112858.7194712,7.666186478936009e-22,4.033191551772699e-92,1.9897186621395448e-06,2.7687879079004967e-11,6.186345933625816,0.768357440199634,0.6063918406876918
1742112858.8195622,1.1226427864282642e-21,1.6201931958548955e-92,1.9895595775073175e-06,3.3505861971127744e-11,6.202373097971034,0.7794905986489731,0.6074566180619594
1742112858.919242,1.5202363367133002e-21,7.811179968869968e-93,1.9587724027137513e-06,3.8990208215823884e-11,6.2151423501403755,0.7883927687102554,0.6107901866349575
1742112859.019612,2.184069643077137e-21,3.2559289579786044e-93,2.4947840201353058e-06,4.673403088839157e-11,6.230410763995209,0.7991094030848878,0.613001638165414
1742112859.119543,2.21005374362915e-21,1.838293985580999e-93,2.3085498190772786e-06,4.70112087020654e-11,6.237391304507604,0.7959766469608551,0.6111663088932808
1742112859.2195902,3.2624655292000226e-21,7.089671075777381e-94,2.316188784219951e-06,5.711799654399673e-11,6.253904578631349,0.8075631143452178,0.6122512326374826
1742112859.31945,4.606318635165773e-21,3.0143822945750253e-94,2.305936905499629e-06,6.786986544237268e-11,6.268633714778211,0.8178584665951947,0.6084696755543526
1742112859.419488,6.0034473616594705e-21,1.550965503491423e-94,2.2541312231080907e-06,7.748191635252364e-11,6.280016400764545,0.8257842765896299,0.6082295880451973
1742112859.5195203,8.2331399069278e-21,6.975693884207633e-95,2.4166858744249627e-06,9.0736651398031e-11,6.2936441041940085,0.8352696445642325,0.6075074181690987
1742112859.6196055,1.108243799826906e-20,3.265907880687988e-95,2.379762543911012e-06,1.0527315896404487e-10,6.3065271799467695,0.8442298260297543,0.6080107197895822
1742112859.7194445,1.4746223115679136e-20,1.5671082955488505e-95,2.3409337950098724e-06,1.2143402783272543e-10,6.31894561929046,0.8528828298285553,0.6097610697880564
1742112859.81958,1.9299371768556265e-20,7.820887377044817e-96,2.4871393861804064e-06,1.3892217882165636e-10,6.330663474590963,0.8610802219247882,0.6107139096394354
1742112859.9201782,2.3647862975057796e-20,4.612160079560863e-96,2.3956054980827083e-06,1.5377861676792973e-10,6.339538002589997,0.8672927956630643,0.6103641495838937
1742112860.0194755,3.014510514971712e-20,2.4434216916437046e-96,2.3294338519344156e-06,1.7362345794770108e-10,6.350177458189137,0.8747356555386343,0.6104368672505195
1742112860.119558,3.78551011339492e-20,1.3403082690253393e-96,2.460915503482407e-06,1.945638741749074e-10,6.3601976392882875,0.8817390902946567,0.6100450263157665
1742112860.219395,4.681337836301101e-20,7.624710352088239e-97,2.376896930747043e-06,2.16363995070832e-10,6.3695778809659345,0.8882884794000807,0.6087920174732977
1742112860.3265212,5.76252612236367e-20,4.367777093846947e-97,2.4929679351986397e-06,2.4005262178038524e-10,6.378805069664828,0.8947033352995097,0.6074070439472974
1742112860.419392,6.722148414403769e-20,2.883623877557123e-97,2.3726840081891765e-06,2.592710630672804e-10,6.385663355179155,0.8994707893966742,0.6072127328053294
1742112860.519459,8.071486462509877e-20,1.755951371082567e-97,2.4785005697614258e-06,2.8410361600144896e-10,6.393834350253236,0.9051434986308902,0.6078910336628734
1742112860.6192777,9.616154165856405e-20,1.0902729472812747e-97,2.3745395605282722e-06,3.100992448532631e-10,6.4016678326331515,0.9105922382396567,0.6064096198216257
1742112860.7194266,1.1363504240848624e-19,6.888025128521464e-98,2.475826365451817e-06,3.3709797152828764e-10,6.409185693022572,0.915785444617268,0.6037821278706369
1742112860.8194084,1.3238915950419795e-19,4.517282411517833e-98,2.565964771481918e-06,3.6385321147984656e-10,6.416077148580406,0.920549472776945,0.6065470681324777
1742112860.9191728,1.4891585525745183e-19,3.2654744039723156e-98,2.419734039395935e-06,3.8589617160248147e-10,6.421375195807798,0.9242356223305634,0.609155844225007
1742112861.0226088,1.7282476487503306e-19,2.1655810110860992e-98,2.5064168503534293e-06,4.157219802644949e-10,6.428075151549194,0.9289203794825855,0.6113153205052193
1742112861.1194293,1.956163396338795e-19,1.5383533184158666e-98,2.3672228494590073e-06,4.422853599587934e-10,6.433647632658769,0.9328324288740779,0.6134284243717965
1742112861.2226431,2.231411049148236e-19,1.069965867841201e-98,2.4463494607907955e-06,4.723781376342724e-10,6.439560773341306,0.9370080481749996,0.6153184876576243
1742112861.3193977,2.473526623614369e-19,8.051418149411469e-99,2.5117860437034343e-06,4.973456166102571e-10,6.444187171251393,0.9402853535994975,0.6168843016758738
1742112861.4196637,2.781016477789596e-19,5.825300476620737e-99,2.5901259031038255e-06,5.273534372495922e-10,6.4494479530468425,0.9440244963208695,0.6185997233525093
1742112861.5293753,2.30186639034128e-19,1.0790476883150628e-98,2.2576828344179042e-06,4.797776975163893e-10,6.439846103615132,0.938554220607136,0.6183415213219433
1742112861.6292024,2.546015528963021e-19,8.177196696492303e-99,2.3177686948345276e-06,5.045805712632049e-10,6.444361609007785,0.9417691086942224,0.6192622938744333
1742112861.7194908,2.7950503475680545e-19,6.321786173887621e-99,2.376116655134848e-06,5.286823571453897e-10,6.448546505357982,0.9447501148574924,0.618373707830122
1742112861.8192723,3.0617812050760214e-19,4.904271872128327e-99,2.2244112296491506e-06,5.533336430288711e-10,6.4526614101569635,0.947654784027379,0.6112260380379467
1742112861.9231677,3.3602652163376017e-19,3.7725963870180445e-99,2.274242085235699e-06,5.796779464786979e-10,6.456896438591961,0.9506085995837532,0.6104231634728221
1742112862.0260553,3.5460572334927457e-19,3.2422570666273835e-99,2.3033780410120195e-06,5.954878028551672e-10,6.459342062338088,0.9523229703558158,0.6119073191277296
1742112862.124371,3.798577926376555e-19,2.67022413543779e-99,2.341397528199003e-06,6.163260441013795e-10,6.46247234364278,0.9545157662933583,0.6087504187218455
1742112862.219493,4.118283131804786e-19,2.1211662955854143e-99,2.3874366317269823e-06,6.417385084132622e-10,6.466173342760719,0.9570848776286978,0.6046998062721995
1742112862.3336284,4.415210194770462e-19,1.7355468687500583e-99,2.4284583047103782e-06,6.644704805159115e-10,6.469387611709422,0.959289786385936,0.5971556463829786
1742112862.426772,4.762831672182986e-19,1.3879903820862325e-99,2.4746742950792855e-06,6.901327171046875e-10,6.472944342087935,0.9616660404244906,0.5855805435768873
1742112862.5194058,5.045351681610891e-19,1.1690516050021207e-99,2.5109856987288953e-06,7.103063903422869e-10,6.475668131272812,0.9634665127849988,0.5817689457527906
1742112862.6195388,5.398343404419878e-19,9.536925909403323e-100,2.554940117382435e-06,7.347341971366161e-10,6.478888594391101,0.9655712003586316,0.5748692312828806
1742112862.7200801,5.849214109588899e-19,7.472791741924393e-100,2.387397229484409e-06,7.648015500500048e-10,6.482734867575751,0.9680599525724851,0.5735818901650216
1742112862.8237522,6.244593141678597e-19,6.116903566671921e-100,2.429785081246248e-06,7.902273813073423e-10,6.485885318092961,0.9700865333459952,0.5701880016915112
1742112862.919351,6.59853699556728e-19,5.162896055311737e-100,2.466624949482301e-06,8.123137937747506e-10,6.488549158013534,0.9717935229865269,0.5696352282158643
1742112863.0225441,6.901822179206812e-19,4.495000839567914e-100,2.496660977108459e-06,8.307720613505737e-10,6.4907235478749215,0.9731853390163341,0.5689918556801586
1742112863.1194396,7.256787856869362e-19,3.849141981592392e-100,2.5280839309765345e-06,8.518678217229104e-10,6.493155464600285,0.9747382132995259,0.5676024714104442
1742112863.2196894,7.669784372336985e-19,3.241725461166142e-100,2.562241490213482e-06,8.757730512145818e-10,6.495845003064119,0.9764519919741774,0.5664718905083448
1742112863.3194818,8.112040287885446e-19,2.720641958916347e-100,2.597040241424654e-06,9.006686564927996e-10,6.4985831875765925,0.9781835888913424,0.5618487158409861
1742112863.4274707,8.566395327008031e-19,2.289992089525733e-100,2.4065897856311192e-06,9.255482335895861e-10,6.501267152846317,0.9798587488360688,0.5552235403649121
1742112863.5193307,8.931142432686159e-19,2.0046567017522913e-100,2.4311935673130864e-06,9.450472174810187e-10,6.503334500321984,0.9811355127400567,0.5527687826744825
1742112863.6191022,9.20683158057397e-19,1.819332625227748e-100,2.449457989996925e-06,9.59522359331661e-10,6.5048411809125355,0.9820677154725646,0.5565465250603465
1742112863.7204921,9.574590764225886e-19,1.606766593803982e-100,2.2589796119253853e-06,9.784983783443836e-10,6.50677331173722,0.9832743533942612,0.5606311121575146
1742112863.8227549,9.90162645019142e-19,1.445394464334562e-100,2.2781510909621205e-06,9.950691659473435e-10,6.50842151297023,0.9843144132024877,0.5668746986977367
1742112863.9195838,1.0112239364769975e-18,1.3539466472270628e-100,2.2903144884617943e-06,1.0055963089018363e-09,6.509442829576642,0.9849723785167823,0.5758989611260205
1742112864.0194535,1.0219635053081184e-18,1.3107183498379697e-100,2.2964693819460386e-06,1.010922106449413e-09,6.509951216299314,0.9853048612418576,0.5841096201531201
1742112864.1194139,1.0379131565970532e-18,1.2507120532550078e-100,2.305552151739492e-06,1.0187802297831722e-09,6.510688137294913,0.9857965071713677,0.5937344589821606
1742112864.234233,1.0607603803367616e-18,1.1719381601296638e-100,2.3184332546679526e-06,1.0299322212343693e-09,6.511714331441674,0.9864929823204553,0.5990216293923167
1742112864.319985,1.0817724899939547e-18,1.1058684022090698e-100,2.3301483936536617e-06,1.0400829245757065e-09,6.512631891947095,0.9871241254069734,0.6047799149147778
1742112864.4195201,1.1007932938768832e-18,1.0507207196809192e-100,2.135285534088024e-06,1.049186968026616e-09,6.513442340546128,0.9876876600292865,0.6094595947853834
1742112864.5193486,1.1171767558595961e-18,1.0063744807719763e-100,2.1435854677811397e-06,1.0569658253035412e-09,6.514126425514725,0.9881669038586214,0.610957936345747
1742112864.6193943,1.1201764483659539e-18,9.984883500517545e-101,2.1450984074626298e-06,1.0583838851598006e-09,6.51425105406566,0.9882536811679898,0.5980579414955883
1742112864.7193093,1.1231508843609378e-18,9.904933598622883e-101,2.1465969859632686e-06,1.0597881318267995e-09,6.514377343836074,0.9883380181072754,0.5717768231026442
1742112864.8204226,1.1202251340179608e-18,9.987266187812263e-101,2.1451225175625924e-06,1.0584068849067266e-09,6.514248779018956,0.9882571886020246,0.5543463984123975
1742112864.9200094,1.1197283053912541e-18,1.0000609478708965e-100,2.14487203581171e-06,1.058172153003118e-09,6.5142277664605714,0.9882430253223387,0.5367053309075147
1742112865.0192528,1.1273728513811268e-18,9.774765635044978e-101,2.1487230092096667e-06,1.0617781554454427e-09,6.514577776561083,0.9884467189445614,0.5186703959099563
1742112865.119191,1.1226556801435966e-18,9.91809427708031e-101,2.146347636004075e-06,1.0595544724758593e-09,6.514356448924595,0.9883239396451406,0.49365456491630355
1742112865.2266293,1.1175330639358896e-18,1.0079986876857132e-100,2.143762303767203e-06,1.057134364182666e-09,6.514111352499391,0.9881918464416559,0.47698398023765365
1742112865.3195038,1.1280945759038733e-18,9.737873022722193e-101,2.1490878673122066e-06,1.0621179670375007e-09,6.514629853525797,0.9884565124768434,0.46649189382713135
1742112865.4194074,1.1240191814886734e-18,9.872838014423816e-101,2.1470351536542837e-06,1.0601977086792224e-09,6.514424737917658,0.9883574168174487,0.4475512066475658
1742112865.520011,1.1164332076951118e-18,1.0135464396815477e-100,2.143204144732912e-06,1.0566140296698279e-09,6.514035087279758,0.9881749025098383,0.4300926485649853
1742112865.6193852,1.1239293735387052e-18,9.869828426321934e-101,2.146990595946733e-06,1.0601553534924516e-09,6.5144273511129285,0.9883517361747538,0.4192003169647961
1742112865.7193658,1.1265741010719773e-18,9.777327888776685e-101,2.148323727036918e-06,1.0614019507575712e-09,6.514566155938489,0.9884133498949561,0.40231271177451905
1742112865.8197932,9.335870013420571e-19,1.7745167665215696e-100,2.046751201899628e-06,9.66223059827314e-10,6.505302339551584,0.9826069783309244,0.39467188336299164
1742112865.925833,9.300114659810306e-19,1.8031199016342048e-100,2.0447717692887326e-06,9.643710209152028e-10,6.505068218231017,0.9825108018125022,0.3850721976940461
1742112866.0213845,9.324801267171818e-19,1.782837830868083e-100,2.046138999821178e-06,9.656501057407812e-10,6.505233073804902,0.9825757136844713,0.3726660869304964
1742112866.130108,9.352870584346866e-19,1.7597994085410157e-100,2.047691618073537e-06,9.67102403282448e-10,6.505422107752928,0.9826482823978209,0.36145004250453217
1742112866.2315884,9.34591759484466e-19,1.7655746311877218e-100,2.0473071879455147e-06,9.667428610982684e-10,6.505374652747598,0.9826306609228128,0.34788658835337827
1742112866.3240936,9.321942263977322e-19,1.786127591872013e-100,2.0459803769962792e-06,9.655020592405447e-10,6.505207723925963,0.9825712869739922,0.33320828892634596
1742112866.4197533,9.2714495331708e-19,1.831379747921701e-100,2.043180416491517e-06,9.628836655157674e-10,6.504848321472998,0.9824489308023727,0.32385870434687836
1742112866.5227184,9.291376972526573e-19,1.813008719849952e-100,2.0442864361804574e-06,9.639178892689237e-10,6.504992644710313,0.9824961908654508,0.3143007419292759
1742112866.6192758,9.334266999257999e-19,1.77360250408395e-100,2.0466633884036946e-06,9.661401036732715e-10,6.5053063118349215,0.9825955819009717,0.30199786641047693
1742112866.720887,9.331009503302422e-19,1.7766285466833116e-100,2.0464830124744596e-06,9.659715059618695e-10,6.5052820790576575,0.9825882741413778,0.2888807914440462
1742112866.8273575,9.324566254692217e-19,1.7827307735594743e-100,2.0461261078945715e-06,9.65637937049504e-10,6.5052334738436315,0.9825741308422726,0.27673253037379486
1742112866.919308,9.292809196434294e-19,1.8137556825352478e-100,2.044365108694715e-06,9.639921782065606e-10,6.504989673864671,0.9825061282999696,0.26776769377635207
1742112867.0192747,9.267651228071632e-19,1.8390489636980408e-100,2.042967946809039e-06,9.62686409381146e-10,6.504794308115869,0.9824529065552392,0.2629769704525301
1742112867.1194665,9.277007239891668e-19,1.8294885575140339e-100,2.043487784346433e-06,9.631722192781344e-10,6.504867699575769,0.982472383449303,0.254725601453049
1742112867.2198565,9.304785791512538e-19,1.8009418810234014e-100,2.045029963505694e-06,9.646131759162601e-10,6.505088480517067,0.9825284790670716,0.2463844082538912
1742112867.3198934,9.326286068494562e-19,1.7789735444440978e-100,2.04622220914386e-06,9.65726983598085e-10,6.505260470600618,0.9825710254112252,0.2381243965809177
1742112867.4193997,9.332391614778367e-19,1.772725619958404e-100,2.0465605700388766e-06,9.660430432842197e-10,6.505309686324587,0.9825828717562359,0.22863211848185752
1742112867.521973,9.329373334438773e-19,1.7758620196209915e-100,2.046393294141588e-06,9.658868119214991e-10,6.505285023489414,0.9825771818172724,0.2212207577411959
1742112867.6194448,9.323434441352871e-19,1.782191490234693e-100,2.046064027771219e-06,9.655793308347518e-10,6.505235556990904,0.9825664305893351,0.21224793412135337
1742112867.7193556,7.622049117327826e-19,9.882691385630933e-101,1.9447887130150463e-06,8.730434764275961e-10,6.509710388475575,0.9693124441326848,0.204432238941123
1742112867.8206735,7.61727687130005e-19,9.918138839688004e-101,1.944478289269761e-06,8.727701227299231e-10,6.509660791957778,0.9693023099257276,0.19798927486412723
1742112867.9193125,7.624373253589004e-19,9.864845537648715e-101,1.9449397816115006e-06,8.73176571696069e-10,6.509735287709788,0.9693170085279723,0.1919656294631262
1742112868.019471,7.643181676237618e-19,9.723742050422996e-101,1.946161772022203e-06,8.742529197113166e-10,6.509934168487355,0.9693550439036223,0.18488203466408448
1742112868.1193452,7.650176564843347e-19,9.671172136322499e-101,1.9466157848425867e-06,8.746528777088284e-10,6.510008852022686,0.9693687564851761,0.17869674146645267
1742112868.2195044,7.654810454693179e-19,9.636201971991602e-101,1.946916405580598e-06,8.749177364011532e-10,6.510058687691014,0.969377640545094,0.17435597360604008
1742112868.3198624,7.654818378662269e-19,9.636221140606016e-101,1.9469169294053267e-06,8.749181892418438e-10,6.510058676946308,0.9693777025292452,0.16938506544106197
1742112868.4192374,7.652544933011316e-19,9.653796245771794e-101,1.94676950618912e-06,8.747882562661273e-10,6.51003370024997,0.9693736032431515,0.16418479860298818
1742112868.5220568,7.645733009868528e-19,9.706723800886155e-101,1.9463276647524447e-06,8.743988226129155e-10,6.509958765034533,0.9693613402090806,0.15886079252236088
1742112868.6194122,7.645724474356019e-19,9.706703911097112e-101,1.9463271002767586e-06,8.743983345338679e-10,6.509958775493978,0.9693612739122193,0.153557350044181
1742112868.7193475,7.634571979663364e-19,9.796002257567402e-101,1.9456035541051435e-06,8.737603778876314e-10,6.509833653214407,0.969342295588131,0.14971171796791752
1742112868.819372,7.63236231723226e-19,9.814003636537619e-101,1.945460162201026e-06,8.736339231756205e-10,6.509808606825025,0.9693386467647604,0.14588593423836427
1742112868.9218352,7.625745918704601e-19,9.86822605624626e-101,1.9450306987941135e-06,8.732551699649193e-10,6.5097334579921835,0.9693277689627902,0.1423768895911474
1742112869.0193012,7.627943099472268e-19,9.850101370946358e-101,1.9451733249011226e-06,8.733809649558586e-10,6.509758516122162,0.9693313356091613,0.1377241510199804
1742112869.1194115,7.634486027326028e-19,9.795809842007017e-101,1.945597866859884e-06,8.737554593435184e-10,6.509833746711855,0.9693416328472955,0.13473700464241692
1742112869.2194076,7.640992451527564e-19,9.741725464904572e-101,1.946019818145846e-06,8.741277052883957e-10,6.509909020605448,0.9693516083895357,0.13002984703057008
1742112869.3191388,7.653944287072307e-19,9.634285031905071e-101,1.946859167070995e-06,8.74868235054417e-10,6.510059645288507,0.9693709705217888,0.12602816999428465
1742112869.4193792,7.660371010650061e-19,9.58089016677618e-101,1.947275334669406e-06,8.752354546434954e-10,6.510135012341415,0.9693802163280845,0.12117015302651125
1742112869.526857,7.664639171149316e-19,9.545418534830375e-101,1.9475471096733125e-06,8.754792499625172e-10,6.510185274695623,0.9693862342872368,0.11663543165199958
1742112869.6193113,7.6646479086429325e-19,9.545435999835594e-101,1.947547674133806e-06,8.754797489744085e-10,6.510185267095665,0.9693863004827143,0.11137043416969974
1742112869.720034,7.664640978087839e-19,9.545422378023053e-101,1.9475472264274382e-06,8.754793531596185e-10,6.510185272839699,0.9693862481152875,0.10720764577858646
1742112869.8194366,7.660469834011843e-19,9.581087197880756e-101,1.947281859995973e-06,8.752411001553711e-10,6.510134927986165,0.9693809646245555,0.1023203629302283
1742112869.919415,7.660469834011843e-19,9.581087197880756e-101,1.947281859995973e-06,8.752411001553711e-10,6.510134927986165,0.9693809646245555,0.09733818948738782
1742112870.0193784,7.658412487635711e-19,9.59902207726205e-101,1.9471487633321965e-06,8.751235619977165e-10,6.5101097347391885,0.9693785292292274,0.09256272495262818
1742112870.119349,7.652299526614396e-19,9.653133398573152e-101,1.9467532722379807e-06,8.7477422953665e-10,6.510034115648345,0.9693716427294374,0.087948550586631
1742112870.2194326,7.648251422499316e-19,9.689422499286472e-101,1.9464913243435055e-06,8.745428189916898e-10,6.509983686433884,0.9693672361768941,0.08462982357018195
1742112870.3194194,7.646239369610973e-19,9.707638794432556e-101,1.946361118228731e-06,8.744277768695922e-10,6.509958464624454,0.9693651169380129,0.08293627679817879
1742112870.419428,7.648246767577616e-19,9.689413991452275e-101,1.946491016840313e-06,8.745425528570703e-10,6.509983689332984,0.9693672014005532,0.08250175893776604
1742112870.5192394,7.646239757166406e-19,9.707639501290147e-101,1.946361143833608e-06,8.74427799030109e-10,6.509958464386642,0.9693651198323847,0.0817127722548742
1742112870.6193087,7.646239757166406e-19,9.707639501290147e-101,1.946361143833608e-06,8.74427799030109e-10,6.509958464386642,0.9693651198323847,0.08103894174568838
1742112870.7194993,7.646238433880275e-19,9.707637098359991e-101,1.9463610564085052e-06,8.744277233642741e-10,6.509958465185839,0.9693651099559562,0.08025597513191891
1742112870.81906,7.646238433880275e-19,9.707637098359991e-101,1.9463610564085052e-06,8.744277233642741e-10,6.509958465185839,0.9693651099559562,0.0791287320899268
1742112870.919662,7.650227997559325e-19,9.671175135315296e-101,1.946619170739482e-06,8.746558178826301e-10,6.510008930093875,0.969369086931037,0.07832669198982915
1742112871.0206683,7.648233353983285e-19,9.689389706259119e-101,1.946490130769162e-06,8.745417859647008e-10,6.50998369740757,0.9693671013254592,0.07745443761818606
1742112871.1198108,7.644255491291507e-19,9.725939462737713e-101,1.9462327573083698e-06,8.743143308496954e-10,6.509933226271976,0.9693632041816223,0.07659696519844734
1742112871.2194374,7.648226413415123e-19,9.689377318369553e-101,1.9464896723130246e-06,8.745413891529161e-10,6.509983701370253,0.9693670496487856,0.07544355571739866
1742112871.3194857,7.652192091246966e-19,9.652939522698792e-101,1.94674617716829e-06,8.747680887667866e-10,6.510034180526162,0.9693708414871791,0.07445495307915397
1742112871.4192004,7.652194015586136e-19,9.65294290908837e-101,1.9467463042420077e-06,8.747681987581702e-10,6.510034179468832,0.9693708557877141,0.07332186878197393
1742112871.5193336,7.656146949922247e-19,9.616616026237108e-101,1.947001904175183e-06,8.749941114043137e-10,6.510084666710341,0.9693745384072043,0.07240061939232549
1742112871.6213348,7.660095709662699e-19,9.580414903627644e-101,1.9472571654984623e-06,8.752197272492604e-10,6.510135157242225,0.9693781756295268,0.07134114683144298
1742112871.7190297,7.662068288908154e-19,9.562360989773989e-101,1.947383116062575e-06,8.753324105108958e-10,6.510160403852119,0.9693799754999013,0.07031260908119877
1742112871.8193512,7.662069694835144e-19,9.562363403508116e-101,1.947383206865388e-06,8.753324908190684e-10,6.510160403122313,0.9693799859141077,0.06948768079750735
1742112871.9541466,7.666001635091299e-19,9.526332234687975e-101,1.947633043099926e-06,8.755570589682491e-10,6.510210903966822,0.9693834770364811,0.0685355562018653
1742112872.022549,7.666001635091299e-19,9.526332234687975e-101,1.947633043099926e-06,8.755570589682491e-10,6.510210903966822,0.9693834770364811,0.06751434982292844
1742112872.119472,7.669924238341048e-19,9.49041746785883e-101,1.9478822164714173e-06,8.757810364663674e-10,6.510261410497577,0.9693868849284124,0.06721501529686641
1742112872.2245867,7.667963231139006e-19,9.508358835384969e-101,1.947757656269222e-06,8.756690716896998e-10,6.510236156966613,0.9693851849231105,0.06721841276161857
1742112872.3294713,7.669924240173438e-19,9.49041747095052e-101,1.9478822165897004e-06,8.75781036570982e-10,6.5102614104966605,0.9693868849419554,0.06721728027336787
1742112872.4195423,7.669924240173438e-19,9.49041747095052e-101,1.9478822165897004e-06,8.75781036570982e-10,6.5102614104966605,0.9693868849419554,0.06721650541298577
1742112872.5193515,7.6699242397663365e-19,9.490417470261889e-101,1.9478822165634216e-06,8.757810365477398e-10,6.510261410496867,0.9693868849389453,0.0672162669944068
1742112872.6191747,7.6699242397663365e-19,9.490417470261889e-101,1.9478822165634216e-06,8.757810365477398e-10,6.510261410496867,0.9693868849389453,0.06722008169167233
1742112872.7193184,7.667963233888167e-19,9.50835884002992e-101,1.9477576564467044e-06,8.756690718466746e-10,6.510236156965242,0.9693851849434321,0.06721716106407842
1742112872.8217247,7.6699242486274535e-19,9.490417485196784e-101,1.947882217135409e-06,8.757810370536378e-10,6.510261410492454,0.9693868850044263,0.06722204864494984
1742112872.9193811,7.667963233888167e-19,9.50835884002992e-101,1.9477576564467044e-06,8.756690718466746e-10,6.510236156965242,0.9693851849434321,0.06721781671517087
1742112873.0210178,7.669924251071584e-19,9.490417489314812e-101,1.9478822172931774e-06,8.757810371931779e-10,6.510261410491239,0.9693868850224865,0.06722151220314701
1742112873.119373,7.669924251071584e-19,9.490417489314812e-101,1.9478822172931774e-06,8.757810371931779e-10,6.510261410491239,0.9693868850224865,0.06721292913429928
1742112873.2193935,7.669924251071584e-19,9.490417489314812e-101,1.9478822172931774e-06,8.757810371931779e-10,6.510261410491239,0.9693868850224865,0.0672097700881262
1742112873.3194416,7.669924260748319e-19,9.490417505618337e-101,1.9478822179178167e-06,8.75781037745641e-10,6.510261410486429,0.9693868850939911,0.06721543252937982
1742112873.4213288,7.669924267165251e-19,9.490417516435475e-101,1.947882218332038e-06,8.757810381119959e-10,6.510261410483231,0.9693868851414118,0.06721918762200069
1742112873.5192306,7.667963246515415e-19,9.508358861358102e-101,1.947757657261905e-06,8.756690725676804e-10,6.510236156958953,0.9693851850367672,0.06722860515587532
1742112873.6291137,7.669924298534788e-19,9.490417569294686e-101,1.9478822203569523e-06,8.757810399029422e-10,6.510261410467628,0.9693868853732148,0.06722723424904543
1742112873.720358,7.669924298534788e-19,9.490417569294686e-101,1.9478822203569523e-06,8.757810399029422e-10,6.510261410467628,0.9693868853732148,0.06722049892418576
1742112873.8194447,7.669924298534788e-19,9.490417569294686e-101,1.9478822203569523e-06,8.757810399029422e-10,6.510261410467628,0.9693868853732148,0.06722800910942753
1742112873.9193256,7.669924298534788e-19,9.490417569294686e-101,1.9478822203569523e-06,8.757810399029422e-10,6.510261410467628,0.9693868853732148,0.06723128736489027
1742112874.025319,7.667963238776757e-19,9.508358848283437e-101,1.947757656762305e-06,8.756690721258093e-10,6.5102361569628115,0.969385184979564,0.06723021448128425
1742112874.1196337,7.669924318496511e-19,9.490417602934818e-101,1.9478822216454965e-06,8.757810410425948e-10,6.510261410457694,0.9693868855207235,0.06723343313210205
1742112874.2226827,7.669924320125514e-19,9.49041760567936e-101,1.9478822217506497e-06,8.757810411355976e-10,6.510261410456884,0.969386885532761,0.0672343868064185
1742112874.3274207,7.669924320125514e-19,9.49041760567936e-101,1.9478822217506497e-06,8.757810411355976e-10,6.510261410456884,0.969386885532761,0.06723361194603628
1742112874.4191203,7.667963258428267e-19,9.508358881473701e-101,1.9477576580309855e-06,8.756690732478946e-10,6.510236156953027,0.9693851851248185,0.06723271787636477
1742112874.5193584,7.669924332857521e-19,9.490417627137501e-101,1.947882222572506e-06,8.757810418624921e-10,6.510261410450546,0.9693868856268457,0.06723349273674675
1742112874.619336,7.669924332857521e-19,9.490417627137501e-101,1.947882222572506e-06,8.757810418624921e-10,6.510261410450546,0.9693868856268457,0.0672393935965796
1742112874.7195282,7.669924332857521e-19,9.490417627137501e-101,1.947882222572506e-06,8.757810418624921e-10,6.510261410450546,0.9693868856268457,0.06723689020149899
1742112874.8195605,7.669924332857521e-19,9.490417627137501e-101,1.947882222572506e-06,8.757810418624921e-10,6.510261410450546,0.9693868856268457,0.0672246116446753
1742112874.9196196,7.669924332857521e-19,9.490417627137501e-101,1.947882222572506e-06,8.757810418624921e-10,6.510261410450546,0.9693868856268457,0.0672371286200781
1742112875.028343,7.669924332857521e-19,9.490417627137501e-101,1.947882222572506e-06,8.757810418624921e-10,6.510261410450546,0.9693868856268457,0.06722604215614983
1742112875.1193907,7.669924336626228e-19,9.490417633489194e-101,1.9478822228157818e-06,8.757810420776547e-10,6.5102614104486705,0.9693868856546954,0.06722824752800648
1742112875.2193975,7.669924336626228e-19,9.490417633489194e-101,1.9478822228157818e-06,8.757810420776547e-10,6.5102614104486705,0.9693868856546954,0.0672382015036841
1742112875.3193927,7.667963244378274e-19,9.50835885774116e-101,1.947757657123937e-06,8.756690724456513e-10,6.510236156960026,0.9693851850209665,0.06724231422417362
1742112875.4194288,7.667963240814084e-19,9.508358851725802e-101,1.947757656893834e-06,8.756690722421389e-10,6.5102361569617955,0.969385184994624,0.06724440038674075
1742112875.5193052,7.669924334691982e-19,9.490417630226223e-101,1.9478822226909245e-06,8.757810419672248e-10,6.510261410449637,0.9693868856404002,0.06724285066597656
1742112875.619328,7.667963234196057e-19,9.508358840546356e-101,1.94775765646658e-06,8.756690718642549e-10,6.510236156965092,0.9693851849457058,0.06724338710777937
1742112875.7195187,7.667963245192812e-19,9.50835885911643e-101,1.947757657176519e-06,8.756690724921608e-10,6.510236156959621,0.9693851850269866,0.06723694980614393
1742112875.8218725,7.669924337136221e-19,9.49041763434398e-101,1.9478822228487e-06,8.757810421067711e-10,6.510261410448422,0.9693868856584613,0.06724499643318849
1742112875.919919,7.667963250588977e-19,9.508358868229322e-101,1.9477576575248896e-06,8.756690728002775e-10,6.510236156956935,0.969385185066872,0.06723832071297356
1742112876.025668,7.669924336117597e-19,9.490417632623888e-101,1.9478822227829508e-06,8.75781042048616e-10,6.510261410448933,0.9693868856509322,0.06724034727089602
1742112876.1267219,7.667963251811765e-19,9.508358870285337e-101,1.947757657603833e-06,8.756690728700978e-10,6.5102361569563385,0.9693851850759048,0.06723534048073493
1742112876.2194378,7.669924316563083e-19,9.490417599667532e-101,1.947882221520693e-06,8.757810409322117e-10,6.510261410458668,0.9693868855064309,0.06724165857308095
1742112876.3193548,7.6699242991465835e-19,9.490417570321023e-101,1.947882220396445e-06,8.757810399378707e-10,6.510261410467329,0.969386885377733,0.06723146617882444
1742112876.4223735,7.667963242442725e-19,9.508358854476073e-101,1.947757656998975e-06,8.756690723351331e-10,6.5102361569609855,0.9693851850066615,0.06722991645806033
1742112876.5190477,7.669924302201746e-19,9.490417575475369e-101,1.9478822205936607e-06,8.757810401122958e-10,6.510261410465802,0.9693868854003131,0.06723289669029917
1742112876.6194112,7.669924302201746e-19,9.490417575475369e-101,1.9478822205936607e-06,8.757810401122958e-10,6.510261410465802,0.9693868854003131,0.06722920120232304
1742112876.7218444,7.667963255782189e-19,9.508358877001166e-101,1.947757657860159e-06,8.756690730968057e-10,6.510236156954349,0.9693851851052582,0.06723295629494384
1742112876.824277,7.6679632698343615e-19,9.508358900731005e-101,1.9477576587673506e-06,8.756690738991735e-10,6.510236156947357,0.9693851852091226,0.06722473085396477
1742112876.9193616,7.669924305258653e-19,9.490417580621081e-101,1.9478822207909855e-06,8.757810402868204e-10,6.510261410464288,0.9693868854228986,0.06722306192391106
1742112877.0194244,7.669924304239647e-19,9.490417578911509e-101,1.9478822207252062e-06,8.757810402286434e-10,6.510261410464786,0.9693868854153731,0.06722246587746333
1742112877.1196482,7.669924304239647e-19,9.490417578911509e-101,1.9478822207252062e-06,8.757810402286434e-10,6.510261410464786,0.9693868854153731,0.06722306192391106
1742112877.2192483,7.6699243017958985e-19,9.490417574788356e-101,1.947882220567461e-06,8.757810400891251e-10,6.510261410466008,0.969386885397312,0.06722163141243657
1742112877.3194838,7.667963285006509e-19,9.508358926354983e-101,1.9477576597468514e-06,8.756690747654909e-10,6.510236156939804,0.9693851853212676,0.06721805513374988
1742112877.4237852,7.669924304240084e-19,9.490417578912318e-101,1.947882220725239e-06,8.757810402286683e-10,6.510261410464786,0.9693868854153767,0.06722139299385736
1742112877.5192626,7.669924308518075e-19,9.490417586117989e-101,1.9478822210013843e-06,8.757810404729069e-10,6.510261410462661,0.9693868854469869,0.06722389638893791
1742112877.619327,7.669924306684868e-19,9.490417583030884e-101,1.947882220883047e-06,8.757810403682456e-10,6.5102614104635705,0.9693868854334413,0.0672228235053321
1742112877.7193573,7.669924306684868e-19,9.490417583030884e-101,1.947882220883047e-06,8.757810403682456e-10,6.5102614104635705,0.9693868854334413,0.06721501529686641
1742112877.8211942,7.667963290097018e-19,9.508358934960087e-101,1.9477576600754905e-06,8.75669075056155e-10,6.51023615693726,0.9693851853588988,0.06722365797035877
1742112877.9193683,7.669924315238779e-19,9.490417597451397e-101,1.9478822214352125e-06,8.757810408566047e-10,6.510261410459307,0.9693868854966547,0.0672188299941321
1742112878.0234988,7.669924319619663e-19,9.490417604829429e-101,1.9478822217179974e-06,8.757810411067176e-10,6.510261410457133,0.9693868855290244,0.06722139299385736
1742112878.119357,7.669924319619663e-19,9.490417604829429e-101,1.9478822217179974e-06,8.757810411067176e-10,6.510261410457133,0.9693868855290244,0.06722008169167233
1742112878.226772,7.669924319619663e-19,9.490417604829429e-101,1.9478822217179974e-06,8.757810411067176e-10,6.510261410457133,0.9693868855290244,0.06722711503975591
1742112878.322155,7.669924319619663e-19,9.490417604829429e-101,1.9478822217179974e-06,8.757810411067176e-10,6.510261410457133,0.9693868855290244,0.0672221082495947
1742112878.4302669,7.669924319619663e-19,9.490417604829429e-101,1.9478822217179974e-06,8.757810411067176e-10,6.510261410457133,0.9693868855290244,0.06722675741188718
1742112878.5193717,7.669924319619663e-19,9.490417604829429e-101,1.9478822217179974e-06,8.757810411067176e-10,6.510261410457133,0.9693868855290244,0.06722270429604245
1742112878.619189,7.669924319619663e-19,9.490417604829429e-101,1.9478822217179974e-06,8.757810411067176e-10,6.510261410457133,0.9693868855290244,0.06723283708565429
1742112878.7193294,7.66796327034417e-19,9.508358901599298e-101,1.9477576588002663e-06,8.756690739282831e-10,6.510236156947094,0.9693851852128956,0.06721155822746937
1742112878.8193555,7.669924287945046e-19,9.490417551452328e-101,1.9478822196733793e-06,8.757810392983537e-10,6.510261410472893,0.9693868852949636,0.06722443283074092
1742112878.9233377,7.667963250895886e-19,9.508358868756837e-101,1.9477576575447047e-06,8.756690728178017e-10,6.510236156956772,0.9693851850691457,0.06721793592446043
1742112879.0259962,7.669924299351278e-19,9.490417570681118e-101,1.947882220409663e-06,8.757810399495571e-10,6.5102614104672085,0.9693868853792553,0.06723367155068108
1742112879.1193228,7.667963231345337e-19,9.508358835742233e-101,1.9477576562825426e-06,8.756690717014811e-10,6.510236156966499,0.9693851849246409,0.06723462522499753
1742112879.219152,7.669924305258707e-19,9.490417580632411e-101,1.947882220790989e-06,8.757810402868235e-10,6.510261410464274,0.9693868854229057,0.06723534048073493
1742112879.3197703,7.667963213934271e-19,9.508358806335922e-101,1.947757655158501e-06,8.756690707073233e-10,6.510236156975168,0.9693851847959465,0.06724243343346317
1742112879.4199142,7.667963215562366e-19,9.508358809091058e-101,1.947757655263611e-06,8.756690708002862e-10,6.510236156974351,0.969385184807984,0.06724147975914668
1742112879.5190792,7.669924311063353e-19,9.490417590417008e-101,1.947882221165682e-06,8.757810406182217e-10,6.510261410461382,0.9693868854658012,0.06724422157280628
1742112879.619304,7.667963203954789e-19,9.508358789482707e-101,1.947757654514237e-06,8.756690701375029e-10,6.510236156980135,0.9693851847221842,0.06724320829384522
1742112879.7193959,7.667963196216132e-19,9.508358776413717e-101,1.9477576540146377e-06,8.756690696956318e-10,6.510236156983986,0.9693851846649846,0.06724773824684814
1742112879.8197362,7.667963202325714e-19,9.508358786726221e-101,1.947757654409063e-06,8.756690700444839e-10,6.510236156980952,0.9693851847101396,0.06724416196816162
1742112879.93741,7.669924310248062e-19,9.490417589032464e-101,1.947882221113057e-06,8.757810405716752e-10,6.510261410461801,0.9693868854597705,0.06724690378182133
1742112880.0232303,7.669924307803386e-19,9.49041758491956e-101,1.9478822209552506e-06,8.757810404321041e-10,6.510261410463009,0.9693868854417094,0.06724618852608397
1742112880.1208227,7.669924307803386e-19,9.49041758491956e-101,1.9478822209552506e-06,8.757810404321041e-10,6.510261410463009,0.9693868854417094,0.06725226819985111
1742112880.2208488,7.669924307803386e-19,9.49041758491956e-101,1.9478822209552506e-06,8.757810404321041e-10,6.510261410463009,0.9693868854417094,0.06724988401406005
1742112880.319293,7.667963189496057e-19,9.508358765063206e-101,1.9477576535807934e-06,8.756690693119209e-10,6.510236156987332,0.9693851846153123,0.06725262582771975
1742112880.4193616,7.669924316664503e-19,9.490417599854726e-101,1.9478822215272397e-06,8.757810409380021e-10,6.510261410458597,0.9693868855071903,0.06725405633919439
1742112880.5194514,7.667963200900408e-19,9.508358784318349e-101,1.9477576543170475e-06,8.756690699631001e-10,6.510236156981662,0.969385184699604,0.06724964559548088
1742112880.6232865,7.667963200900408e-19,9.508358784318349e-101,1.9477576543170475e-06,8.756690699631001e-10,6.510236156981662,0.969385184699604,0.06725048006050777
1742112880.7194476,7.667963200900408e-19,9.508358784318349e-101,1.9477576543170475e-06,8.756690699631001e-10,6.510236156981662,0.969385184699604,0.06724690378182133
1742112880.8192906,7.667963171167043e-19,9.508358734108669e-101,1.947757652397498e-06,8.756690682653488e-10,6.510236156996456,0.9693851844798349,0.06726430833809564
1742112880.9193726,7.669924336422077e-19,9.490417633152566e-101,1.9478822228026007e-06,8.757810420659994e-10,6.510261410448763,0.9693868856531909,0.0672595399665137
1742112881.0190196,7.669924336422077e-19,9.490417633152566e-101,1.9478822228026007e-06,8.757810420659994e-10,6.510261410448763,0.9693868856531909,0.06726329505913463
1742112881.119378,7.669924342329507e-19,9.490417643114918e-101,1.9478822231839345e-06,8.757810424032658e-10,6.510261410445814,0.9693868856968493,0.06726675212853137
1742112881.2193184,7.669924324302575e-19,9.490417612732902e-101,1.9478822220202794e-06,8.75781041374074e-10,6.510261410454788,0.9693868855636358,0.0672562021064063
1742112881.3193462,7.667963160782035e-19,9.508358716566873e-101,1.9477576517270474e-06,8.756690676723733e-10,6.5102361570016285,0.9693851844030723,0.06726466596596438
1742112881.4193351,7.667963174731341e-19,9.508358740129701e-101,1.947757652627601e-06,8.756690684688675e-10,6.510236156994679,0.9693851845061809,0.06725650012963004
1742112881.5193338,7.66796317788848e-19,9.508358745460802e-101,1.9477576528314225e-06,8.756690686491376e-10,6.510236156993109,0.969385184529516,0.06725465238564206
1742112881.6191952,7.66796317788848e-19,9.508358745460802e-101,1.9477576528314225e-06,8.756690686491376e-10,6.510236156993109,0.969385184529516,0.06725405633919439
1742112881.7194285,7.669924324507161e-19,9.490417613075733e-101,1.947882222033487e-06,8.757810413857542e-10,6.510261410454689,0.9693868855651466,0.06725655973427479
1742112881.8263633,7.669924324507161e-19,9.490417613075733e-101,1.947882222033487e-06,8.757810413857542e-10,6.510261410454689,0.9693868855651466,0.06724952638619137
1742112881.9236755,7.667963186950611e-19,9.50835876076633e-101,1.9477576534164635e-06,8.75669069166578e-10,6.510236156988597,0.9693851845964989,0.06725596368782717
1742112882.0192602,7.669924314627474e-19,9.490417596425599e-101,1.9478822213957505e-06,8.757810408217041e-10,6.510261410459606,0.9693868854921401,0.0672562021064063
1742112882.119404,7.669924313099075e-19,9.490417593856385e-101,1.947882221297093e-06,8.757810407344449e-10,6.510261410460359,0.9693868854808496,0.06725530803673462
1742112882.2193906,7.669924313099075e-19,9.490417593856385e-101,1.947882221297093e-06,8.757810407344449e-10,6.510261410460359,0.9693868854808496,0.06724434078209585
1742112882.3193886,7.669924313099075e-19,9.490417593856385e-101,1.947882221297093e-06,8.757810407344449e-10,6.510261410460359,0.9693868854808496,0.06724958599083623
1742112882.419321,7.6699243137101075e-19,9.490417594881103e-101,1.9478822213365302e-06,8.757810407693299e-10,6.5102614104600605,0.9693868854853616,0.06724994361870476
1742112882.5194056,7.667963185320773e-19,9.508358758020652e-101,1.947757653311243e-06,8.756690690735156e-10,6.5102361569894,0.9693851845844561,0.067251195316245
1742112882.6193326,7.669924314015297e-19,9.490417595399532e-101,1.9478822213562343e-06,8.757810407867537e-10,6.510261410459904,0.9693868854876193,0.06724952638619137
1742112882.7318416,7.667963186134875e-19,9.508358759389438e-101,1.9477576533638e-06,8.756690691200001e-10,6.510236156989002,0.96938518459047,0.06724744022362421
1742112882.8191373,7.667963186134875e-19,9.508358759389438e-101,1.9477576533638e-06,8.756690691200001e-10,6.510236156989002,0.96938518459047,0.06725411594383915
1742112882.919279,7.669924317172698e-19,9.49041760071356e-101,1.9478822215600474e-06,8.757810409670158e-10,6.510261410458341,0.9693868855109473,0.06724130094521241
1742112883.0227287,7.667963201712657e-19,9.508358785701726e-101,1.9477576543694886e-06,8.75669070009479e-10,6.510236156981243,0.9693851847056152,0.06725083768837649
1742112883.1194592,7.667963201712657e-19,9.508358785701726e-101,1.9477576543694886e-06,8.75669070009479e-10,6.510236156981243,0.9693851847056152,0.06725036085121829
1742112883.2197845,7.669924329190508e-19,9.490417620968148e-101,1.9478822223358e-06,8.757810416531354e-10,6.510261410452358,0.9693868855997545,0.06725489080422116
1742112883.3195047,7.669924324912136e-19,9.4904176137676e-101,1.9478822220596317e-06,8.757810414088749e-10,6.510261410454476,0.9693868855681451,0.0672523874091406
1742112883.4193976,7.669924323894057e-19,9.490417612047777e-101,1.947882221993915e-06,8.757810413507509e-10,6.510261410454987,0.9693868855606196,0.06725179136269288
1742112883.5196178,7.667963194076867e-19,9.508358772805691e-101,1.947757653876526e-06,8.756690695734814e-10,6.510236156985044,0.969385184649175,0.06725262582771975
1742112883.6195512,7.667963188373683e-19,9.508358763176905e-101,1.947757653508336e-06,8.756690692478343e-10,6.5102361569878795,0.969385184607022,0.06725596368782717
1742112883.719146,7.669924330614816e-19,9.490417623381726e-101,1.9478822224277424e-06,8.757810417344518e-10,6.510261410451633,0.9693868856102874,0.06725912273400024
1742112883.819323,7.669924330614816e-19,9.490417623381726e-101,1.9478822224277424e-06,8.757810417344518e-10,6.510261410451633,0.9693868856102874,0.06725447357170775
1742112883.919371,7.669924330614816e-19,9.490417623381726e-101,1.9478822224277424e-06,8.757810417344518e-10,6.510261410451633,0.9693868856102874,0.0672503012465734
1742112884.019184,7.669924339170307e-19,9.490417637798463e-101,1.9478822229800016e-06,8.75781042222901e-10,6.510261410447377,0.969386885673508,0.06725530803673462
1742112884.1234758,7.667963188271961e-19,9.508358763011785e-101,1.947757653501771e-06,8.75669069242026e-10,6.510236156987922,0.9693851846062742,0.06726192415230471
1742112884.2195146,7.667963185623651e-19,9.508358758542223e-101,1.947757653330802e-06,8.756690690908095e-10,6.510236156989237,0.9693851845867014,0.06726347387306879
1742112884.3190432,7.669924352104231e-19,9.490417659595659e-101,1.9478822238148982e-06,8.757810429613232e-10,6.51026141044094,0.9693868857690848,0.0672600168036718
1742112884.419331,7.669924352104231e-19,9.490417659595659e-101,1.9478822238148982e-06,8.757810429613232e-10,6.51026141044094,0.9693868857690848,0.06726210296623895
1742112884.5196435,7.669924352104231e-19,9.490417659595659e-101,1.9478822238148982e-06,8.757810429613232e-10,6.51026141044094,0.9693868857690848,0.06725685775749878
1742112884.6243937,7.669924352104231e-19,9.490417659595659e-101,1.9478822238148982e-06,8.757810429613232e-10,6.51026141044094,0.9693868857690848,0.06725310266487786
1742112884.7235954,7.669924352104231e-19,9.490417659595659e-101,1.9478822238148982e-06,8.757810429613232e-10,6.51026141044094,0.9693868857690848,0.06725459278099724
1742112884.8194258,7.669924352104231e-19,9.490417659595659e-101,1.9478822238148982e-06,8.757810429613232e-10,6.51026141044094,0.9693868857690848,0.06725226819985111
1742112884.9194937,7.667963211995561e-19,9.508358803083268e-101,1.947757655033343e-06,8.756690705966245e-10,6.510236156976106,0.9693851847816299,0.06725429475777356
1742112885.0193973,7.669924356484078e-19,9.490417666984209e-101,1.9478822240976217e-06,8.75781043211377e-10,6.510261410438751,0.9693868858014545,0.06724982440941517
1742112885.1194854,7.669924356484078e-19,9.490417666984209e-101,1.9478822240976217e-06,8.75781043211377e-10,6.510261410438751,0.9693868858014545,0.06725155294411367
1742112885.2234917,7.667963232156551e-19,9.50835883713588e-101,1.9477576563349155e-06,8.756690717478008e-10,6.510236156966066,0.9693851849306512,0.06725089729302117
1742112885.3196025,7.669924353632793e-19,9.490417662177012e-101,1.947882223913566e-06,8.757810430485918e-10,6.510261410440172,0.9693868857803833,0.0672554272460242
1742112885.419607,7.667963221160123e-19,9.508358818566886e-101,1.9477576556250002e-06,8.756690711199137e-10,6.510236156971537,0.9693851848493731,0.06725328147881228
1742112885.519291,7.669924350068508e-19,9.490417656173814e-101,1.94788222368349e-06,8.757810428451e-10,6.510261410441942,0.9693868857540471,0.06724952638619137
1742112885.6195283,7.669924359234052e-19,9.4904176716266e-101,1.9478822242751344e-06,8.757810433683782e-10,6.510261410437373,0.9693868858217805,0.06725489080422116
1742112885.7193956,7.667963229509656e-19,9.508358832674424e-101,1.9477576561640346e-06,8.756690715966653e-10,6.510236156967373,0.9693851849110917,0.06725137413017952
1742112885.8190367,7.667963229509656e-19,9.508358832674424e-101,1.9477576561640346e-06,8.756690715966653e-10,6.510236156967373,0.9693851849110917,0.06724702299111084
1742112885.9195855,7.667963235618801e-19,9.508358842991793e-101,1.9477576565584377e-06,8.756690719454925e-10,6.510236156964332,0.9693851849562476,0.06724344671242427
1742112886.0223618,7.667963219734872e-19,9.508358816164419e-101,1.9477576555329854e-06,8.756690710385329e-10,6.5102361569722405,0.9693851848388411,0.06725274503700927
1742112886.1191585,7.669924339679755e-19,9.490417638676177e-101,1.9478822230128927e-06,8.757810422519864e-10,6.5102614104471,0.9693868856772845,0.06724791706078248
1742112886.2203147,7.66796322879744e-19,9.508358831464813e-101,1.9477576561180573e-06,8.756690715559982e-10,6.510236156967736,0.9693851849058239,0.06723909557335563
1742112886.3242455,7.66992431401497e-19,9.490417595416256e-101,1.947882221356214e-06,8.757810407867351e-10,6.510261410459883,0.9693868854876273,0.06725071847908688
1742112886.4243844,7.667963186541e-19,9.5083587601018e-101,1.947757653390026e-06,8.756690691431895e-10,6.510236156988768,0.969385184593488,0.06724708259575565
1742112886.5193365,7.667963186438679e-19,9.508358759929925e-101,1.947757653383418e-06,8.75669069137347e-10,6.510236156988817,0.9693851845927322,0.0672471422004004
1742112886.636414,7.667963186438679e-19,9.508358759929925e-101,1.947757653383418e-06,8.75669069137347e-10,6.510236156988817,0.9693851845927322,0.06725298345558832
1742112886.7292445,7.669924312283075e-19,9.490417592499083e-101,1.9478822212444188e-06,8.75781040687858e-10,6.510261410460743,0.9693868854748304,0.06724708259575565
1742112886.8196008,7.667963198658058e-19,9.508358780566013e-101,1.947757654172288e-06,8.756690698350638e-10,6.510236156982735,0.969385184683051,0.06724463880531989
1742112886.919335,7.667963198658058e-19,9.508358780566013e-101,1.947757654172288e-06,8.756690698350638e-10,6.510236156982735,0.969385184683051,0.06724767864220334
1742112887.0193284,7.667963198658058e-19,9.508358780566013e-101,1.947757654172288e-06,8.756690698350638e-10,6.510236156982735,0.969385184683051,0.06724875152580927
1742112887.120957,7.667963198658058e-19,9.508358780566013e-101,1.947757654172288e-06,8.756690698350638e-10,6.510236156982735,0.969385184683051,0.06725292385094352
1742112887.225874,7.669924327458286e-19,9.490417618073903e-101,1.947882222223986e-06,8.757810415542395e-10,6.5102614104531895,0.9693868855869692,0.0672530430602332
1742112887.3192236,7.669924327458286e-19,9.490417618073903e-101,1.947882222223986e-06,8.757810415542395e-10,6.5102614104531895,0.9693868855869692,0.06724821508400632
1742112887.419287,7.669924327050695e-19,9.490417617389858e-101,1.947882222197677e-06,8.757810415309694e-10,6.5102614104533885,0.9693868855839591,0.06724797666542719
