Timestamp,CI,II,PI,ADI,Robot_X,Robot_Y,Robot_Theta
1742113024.8210385,2.989751805404876e-09,5.755391170830841e-68,0.0006808338035825679,5.467862292893701e-05,0.06770292458276828,0.39376643317597537,0.09179448678464089
1742113024.919595,2.990798815194527e-09,5.765604138570065e-68,0.0006809028170530965,5.468819630591712e-05,0.06772812873746403,0.39376875296692404,0.09177201583356065
1742113025.0187118,4.17355390592394e-09,5.75539117161487e-68,0.0013767992904294905,6.460304873551975e-05,0.06770292458249116,0.3937664331789783,0.0917844732043186
1742113025.1187277,4.605151314052417e-09,5.75539117161487e-68,0.0013986778969545446,6.786126519637264e-05,0.06770292458249116,0.3937664331789783,0.09179782464474823
1742113025.2209055,6.005092372244456e-09,5.75539117161487e-68,0.0014513027332003125,7.74925310739329e-05,0.06770292458249116,0.3937664331789783,0.09177618815869476
1742113025.319223,6.005092372244456e-09,5.75539117161487e-68,0.0014513027332003125,7.74925310739329e-05,0.06770292458249116,0.3937664331789783,0.09180265262097509
1742113025.4186711,6.4313874517738145e-09,5.7553912098613824e-68,0.0014658511292767436,8.019593164103659e-05,0.06770292456900506,0.3937664333254549,0.09179102971524376
1742113025.5188057,5.327292907346858e-09,5.765604248016574e-68,0.0014270400166952978,7.298830664802998e-05,0.06772812869895972,0.3937687533853147,0.09179055287808578
1742113025.619047,6.154590471852899e-09,5.755391224771359e-68,0.0014563818485196227,7.845119802688101e-05,0.06770292456376126,0.3937664333825399,0.09179943397015723
1742113025.7189555,6.154590472955882e-09,5.755391195154407e-68,0.001456381848589261,7.845119803391075e-05,0.06770292457419913,0.39376643326911953,0.0918084342715184
1742113025.8188431,4.362348186341933e-09,5.755391195154407e-68,0.0013847499047774149,6.60480748117758e-05,0.06770292457419913,0.39376643326911953,0.09180265262097509
1742113025.918266,5.319890441758245e-09,5.755391195154407e-68,0.000764584469756368,7.293757907799138e-05,0.06770292457419913,0.39376643326911953,0.09178435399502914
1742113026.0180104,4.210092183242821e-09,5.765604256267508e-68,0.0007206725076965954,6.488522315013505e-05,0.0677281286960536,0.39376875341686013,0.0918014605280796
1742113026.118892,4.622051032017224e-09,5.7553912002567335e-68,0.0007414010917647292,6.798566784269478e-05,0.06770292457240856,0.3937664332886497,0.09180563285321376
1742113026.2178037,4.623651571262313e-09,5.765604321501852e-68,0.0007414678268190841,6.799743797572312e-05,0.06772812867310307,0.3937687536662384,0.09179627492398405
1742113026.3264956,6.143900909843894e-09,5.7553913032281394e-68,0.0007980437233316146,7.838303968234388e-05,0.06770292453610693,0.393766433683,0.09178953959912454
1742113026.4175587,4.123624465272125e-08,3.008468954094184e-09,0.0013460573795659808,0.00020306709396827752,0.06770292453610693,0.393766433683,0.09178226783246195
1742113026.5182226,6.459710735037322e-09,1.4526392323299438e-59,0.0008086637948674065,8.03723256789134e-05,0.06770292455186677,0.39376643351174145,0.09179585769147067
1742113026.6183705,4.82931085591209e-09,1.4526392327469786e-59,0.0007500784889038055,6.949324323926817e-05,0.0677029245512415,0.3937664335185014,0.09179532124966776
1742113026.7178063,1.3961440470722566e-14,1.454892817788793e-59,2.5046111654256164e-05,1.1815853955902876e-07,0.0677281286652871,0.39376875375111897,0.09179877831906462
1742113026.819837,1.3955169518683235e-14,1.4526392503664838e-59,2.5043173488667053e-05,1.1813200040075184e-07,0.06770292452496562,0.3937664338039353,0.09179383113354836
1742113026.9175384,5.3519854825760575e-09,1.452639252174213e-59,0.0007657142414524028,7.315726541209736e-05,0.06770292452226556,0.3937664338332256,0.09179150655240209
1742113027.0178359,5.111030403186026e-09,1.452639252174213e-59,0.0007570031916147211,7.149147084223422e-05,0.06770292452226556,0.3937664338332256,0.09180217578381684
1742113027.1194701,4.937854114076907e-09,1.4548927934532141e-59,0.0007505009482164311,7.026986633029059e-05,0.06772812870150346,0.39376875335751826,0.091777976298038
1742113027.2187874,5.08878029912784e-09,0.0,0.0007602511840647969,7.13356874161022e-05,0.06770292452738147,0.39376643377764164,0.09178042008847383
1742113027.3181658,6.746135994943004e-09,0.0,0.0008179249411381466,8.213486467355385e-05,0.06770292452738147,0.39376643377764164,0.09177571132153664
1742113027.417848,6.746135994943004e-09,0.0,0.0008179249411381466,8.213486467355385e-05,0.06770292452738147,0.39376643377764164,0.09178220822781707
1742113027.525951,6.811075707101071e-09,0.0,0.0008203181128098485,8.252924152747965e-05,0.06772812868891975,0.3937687534942276,0.09176951243847999
1742113027.6212912,6.118244300951488e-09,0.0,0.0007968301912952424,7.821920672668248e-05,0.06770292451044213,0.393766433961674,0.09177159860104711
1742113027.717455,6.118244300951488e-09,0.0,0.0007968301912952424,7.821920672668248e-05,0.06770292451044213,0.393766433961674,0.09177594974011564
1742113027.8269305,4.792507576891249e-09,1.5492802636332609e-65,0.0007486408745637807,6.92279392795369e-05,0.06770292451044213,0.393766433961674,0.09176241948575156
1742113027.9183848,1.833098590071018e-14,1.5518819656734832e-65,2.6995417574757485e-05,1.3539197133031995e-07,0.06772812869437672,0.3937687534348875,0.0917681415316502
1742113028.0178497,5.589519380767695e-09,1.5518819779660104e-65,0.0007740104009902538,7.47630883576093e-05,0.0677281286779916,0.39376875361290953,0.09178226783246195
1742113028.1177962,4.8914097138065184e-09,1.5492802621311566e-65,0.0007485853261237518,6.993861389680609e-05,0.06770292451244586,0.3937664339398852,0.09178149297207971
1742113028.2192843,4.8914097138065184e-09,1.5492802621311566e-65,0.0007485853261237518,6.993861389680609e-05,0.06770292451244586,0.3937664339398852,0.0917782743212621
1742113028.317701,5.540966057601071e-09,1.5492802621311566e-65,0.0007769305612375819,7.443766558403796e-05,0.06770292451244586,0.3937664339398852,0.09177499606579942
1742113028.4173224,5.885522563060168e-09,1.5518819809227324e-65,0.0007892170506668689,7.671715950854911e-05,0.0677281286740552,0.3937687536557233,0.091784890436832
1742113028.5233867,7.532228447496009e-09,1.5492802542093209e-65,0.0008430802628746455,8.67884119424708e-05,0.06770292452302584,0.3937664338249638,0.09180140092343483
1742113028.6176896,7.534801784917615e-09,1.5518819730918187e-65,0.0008431588977277873,8.680323602791324e-05,0.06772812868450018,0.39376875354230645,0.09178012206525
1742113028.718441,6.00510344684474e-09,1.5292582483382317e-63,0.0007934066406535649,7.749260252982048e-05,0.06770292452799254,0.39376643377088527,0.09178232743710668
1742113028.8191388,5.540596221346565e-09,8.087789218787125e-64,0.0007769341780503704,7.443518134153073e-05,0.0677029245283336,0.39376643376712916,0.09178262546033052
1742113028.9229562,2.577174380341594e-14,8.087789218787125e-64,2.9453231405165985e-05,1.6053580224802173e-07,0.0677029245283336,0.39376643376712916,0.09177970483273655
1742113029.0244627,2.5771743803926936e-14,8.087789167189627e-64,2.94532314053179e-05,1.6053580224961328e-07,0.06770292454154969,0.39376643362365815,0.0917910893198888
1742113029.1181104,2.2662536927996502e-14,8.101393258162019e-64,2.8551898349820634e-05,1.5054081482440733e-07,0.06772812870807599,0.39376875328615846,0.09177338674039029
1742113029.2185254,2.0822156071323177e-14,8.087789156384643e-64,2.784053745705874e-05,1.4429884293133877e-07,0.06770292454432081,0.3937664335936102,0.09179019525021695
1742113029.3178709,5.3003888128929004e-09,5.128912243769293e-73,0.0007681105134088604,7.28037692217436e-05,0.06770292454432081,0.3937664335936102,0.09177404239148289
1742113029.4198322,5.3003888128929004e-09,5.128912243769293e-73,0.0007681105134088604,7.28037692217436e-05,0.06770292454432081,0.3937664335936102,0.09179400994748267
1742113029.5177624,5.900349975780987e-09,5.128912243769293e-73,0.0007897968195812655,7.681373559319314e-05,0.06770292454432081,0.3937664335936102,0.0917763073679844
1742113029.6181452,4.167347680710674e-12,5.968580240268245e-51,0.00011594681762295818,2.041408259195273e-06,0.06772812871256662,0.3937687532373344,0.0917724330660739
1742113029.7241032,3.604306421565267e-12,5.960423532305214e-51,0.00011150383026593876,1.898501098647369e-06,0.06770292455074411,0.39376643352375584,0.09176420762509503
1742113029.817629,5.396110966148606e-09,3.494259927642268e-56,0.0007716735670166,7.345822599374835e-05,0.06770292455074411,0.39376643352375584,0.0917860229250828
1742113029.9175377,5.396110966148606e-09,3.494259927642268e-56,0.0007716735670166,7.345822599374835e-05,0.06770292455074411,0.39376643352375584,0.09177255227536342
1742113030.0305595,4.3821043212850666e-12,3.494259927642268e-56,0.00011749348699548611,2.0933476350776204e-06,0.06770292455074411,0.39376643352375584,0.09175407483548316
1742113030.1180887,6.567443247632727e-12,3.494259927642268e-56,0.00013088979984827968,2.5627023330134788e-06,0.06770292455074411,0.39376643352375584,0.09178155257672461
1742113030.2177312,6.567443247632727e-12,3.494259927642268e-56,0.00013088979984827968,2.5627023330134788e-06,0.06770292455074411,0.39376643352375584,0.09176790311307102
1742113030.318488,8.226601304200418e-12,3.4991154969831563e-56,0.000138993812335878,2.8682052409477984e-06,0.06772812873351342,0.39376875300973513,0.09177207543820533
1742113030.4179153,5.544866899318665e-09,1.1153783727993443e-178,0.0007770706086759784,7.446386304321489e-05,0.06770292457093063,0.39376643330442107,0.09178161218136933
1742113030.5184736,6.1961851803024945e-09,1.1153783727993443e-178,0.0007994638220118833,7.871585088343068e-05,0.06770292457093063,0.39376643330442107,0.09177547290295748
1742113030.6175442,6.1961851803024945e-09,5.785431128789973e-60,0.0007994638220118833,7.871585088343068e-05,0.06770292457093063,0.39376643330442107,0.09176975085705899
1742113030.7180982,3.047503037550665e-11,5.785431128789973e-60,0.00019736271640446299,5.5204194021384505e-06,0.06770292457093063,0.39376643330442107,0.0917739827868381
1742113030.8183963,6.353987518025799e-09,8.673575858512989e-72,0.0008047126020839763,7.971190323926407e-05,0.06772812874249468,0.39376875291209235,0.09177219464749485
1742113030.918865,6.3539875182584225e-09,8.673575848599027e-72,0.0008047126020905663,7.971190324072323e-05,0.06772812874471157,0.3937687528880538,0.09177028729886212
1742113031.0176368,4.803427177879865e-09,8.652252886187806e-72,0.0007455227952045675,6.930676141531839e-05,0.06770292459326299,0.3937664330618027,0.09178191020459316
1742113031.117801,2.3692377797189758e-14,8.652252886187806e-72,2.8890775786368732e-05,1.5392328542878025e-07,0.06770292459326299,0.3937664330618027,0.09177982404202613
1742113031.217899,5.532913551885401e-09,8.652252886187806e-72,0.0007718798916389868,7.438355699941622e-05,0.06770292459326299,0.3937664330618027,0.09178500964612152
1742113031.3176136,4.626380969116124e-09,8.652252886187806e-72,0.0007388130100245987,6.801750487276143e-05,0.06770292459326299,0.3937664330618027,0.09177022769421726
1742113031.4196897,4.626380970180616e-09,8.652252819104784e-72,0.0007388130100708602,6.801750488058655e-05,0.06770292460826255,0.393766432898806,0.09178316190213347
1742113031.517537,5.317491094948595e-09,2.015910904688187e-86,0.0007687888590182732,7.292112927642163e-05,0.06770292460591776,0.39376643292434554,0.09178113534421128
1742113031.6177614,5.830369805334558e-09,2.015910904688187e-86,0.0007871691500001575,7.635685827307563e-05,0.06770292460591776,0.39376643292434554,0.09179049327344083
1742113031.717984,4.928062771579099e-12,2.286850136674596e-73,0.00012123207870744508,2.2199240463536357e-06,0.06770292460591776,0.39376643292434554,0.09177207543820533
1742113031.8179946,4.928062770558856e-12,2.2868501336270546e-73,0.0001212320787007634,2.2199240461238433e-06,0.06770292460868887,0.3937664328942976,0.09177445962399626
1742113031.917527,7.595866834072368e-09,2.2868501336270546e-73,0.0008442447651392932,8.715427031461149e-05,0.06770292460868887,0.3937664328942976,0.09178095653027686
1742113032.0175717,6.910616954126962e-09,2.2868501336270546e-73,0.0008231953772988301,8.31301206189848e-05,0.06770292460868887,0.3937664328942976,0.0917769630190768
1742113032.1178625,4.413449524031141e-12,6.103233796589845e-36,0.00011771510841359865,2.1008211546990717e-06,0.06770292460868887,0.3937664328942976,0.09180181815594812
1742113032.2184393,2.0122030267403322e-14,6.103233796589845e-36,2.7668282803430508e-05,1.418521422728727e-07,0.06770292460868887,0.3937664328942976,0.0917970497843661
1742113032.3238168,2.0122030267403322e-14,6.103233796589845e-36,2.7668282803430508e-05,1.418521422728727e-07,0.06770292460868887,0.3937664328942976,0.0918000300166049
1742113032.4177144,1.7090184991937338e-14,2.177576045284267e-68,2.6498145168595172e-05,1.3072943429823804e-07,0.06770292460868887,0.3937664328942976,0.09180700376004368
1742113032.517651,1.2467229990697055e-14,2.177576045284267e-68,2.430600978717715e-05,1.1165675076186417e-07,0.06770292460868887,0.3937664328942976,0.09180163934201385
1742113032.6178646,6.036053604478788e-09,2.177576044222413e-68,0.0007943030841549073,7.769204337947861e-05,0.06770292460979022,0.3937664328822761,0.09180259301633023
1742113032.719229,6.036053604478788e-09,2.177576044222413e-68,0.0007943030841549073,7.769204337947861e-05,0.06770292460979022,0.3937664328822761,0.0918071229693332
1742113032.8178957,6.6446341696132235e-12,2.177576044222413e-68,0.0001313071141628459,2.5777187918027877e-06,0.06770292460979022,0.3937664328822761,0.09181570603818077
1742113032.917994,1.7364952808665614e-10,2.177576044222413e-68,0.0003151262814659599,1.317761465845227e-05,0.06770292460979022,0.3937664328822761,0.09181218936413911
1742113033.017668,5.638202460598703e-09,1.1627597085439183e-44,0.0007804537488768334,7.508796481859594e-05,0.06770292460979022,0.3937664328822761,0.09180771901578097
1742113033.117762,5.6382024604527975e-09,1.162759709235803e-44,0.000780453748871725,7.508796481762439e-05,0.06770292460826965,0.3937664328988024,0.091806407713596
1742113033.2188942,5.242700966522016e-09,1.162759709235803e-44,0.0007659953472160038,7.240649809597214e-05,0.06770292460826965,0.3937664328988024,0.091806407713596
1742113033.3246694,1.302101085398278e-14,0.0,2.4587117442428483e-05,1.1410964400077138e-07,0.06770292460826965,0.3937664328988024,0.09180491759747651
1742113033.4240377,2.467219776553848e-14,0.0,2.9118101038175722e-05,1.5707386086022868e-07,0.0677281287183078,0.3937687531749914,0.09179436757535119
1742113033.5175889,2.1165193622090788e-14,0.0,2.7961375461883673e-05,1.4548262309324365e-07,0.06770292461345662,0.39376643284246793,0.09180217578381684
1742113033.6177063,2.116519362175655e-14,0.0,2.79613754617397e-05,1.4548262309209492e-07,0.06770292460510063,0.393766432933357,0.09179496362179895
1742113033.7180157,4.859162083954289e-09,0.0,0.0007513697935879107,6.970769027843549e-05,0.06770292460510063,0.393766432933357,0.09179001643628273
1742113033.8185337,5.48958385002e-09,0.0,0.0007750832187546191,7.409172592145495e-05,0.06770292460510063,0.393766432933357,0.09179836108655128
1742113033.9178293,2.8056739925782394e-15,0.0,1.6449480754122463e-05,5.296861327784822e-08,0.06770292461152394,0.3937664328634991,0.0918039043185154
1742113034.0200422,2.8056739925782394e-15,0.0,1.6449480754122463e-05,5.296861327784822e-08,0.06770292461152394,0.3937664328634991,0.09179913594693341
1742113034.1176682,4.462295991591658e-09,0.0,0.0007341527491942227,6.680041909742526e-05,0.06770292461152394,0.3937664328634991,0.09179168536633647
1742113034.217363,5.3688203275718205e-09,1.2519067495294848e-161,0.0007706636311845779,7.32722343563496e-05,0.06770292461152394,0.3937664328634991,0.09179472520322002
1742113034.3181984,5.8671965429215304e-09,0.0,0.0007885131157085785,7.659762752802158e-05,0.06772812874686451,0.393768752864772,0.0917912085291782
1742113034.4175649,4.177087188660655e-09,0.0,0.0007187952247931139,6.463038904927508e-05,0.06770292461823146,0.3937664327906374,0.09177642657727389
1742113034.5175846,4.177087188660655e-09,0.0,0.0007187952247931139,6.463038904927508e-05,0.06770292461823146,0.3937664327906374,0.09178042008847383
1742113034.6177716,3.898576643229568e-09,0.0,0.0007057041628686629,6.243858296942339e-05,0.06770292461969518,0.3937664327748607,0.0917816717860142
1742113034.7175736,4.6303254977316055e-09,0.0,0.0007417475575581665,6.804649511717415e-05,0.06770292461969518,0.3937664327748607,0.09178995683163789
1742113034.8179145,6.0761053449534064e-09,0.0,0.0007958034904580049,7.794937680926902e-05,0.06770292461969518,0.3937664327748607,0.09177428081006196
1742113034.9194489,5.730330185234026e-09,0.0,0.0007838122728207294,7.569894441294427e-05,0.06770292461969518,0.3937664327748607,0.09178125455350074
1742113035.0184414,5.7100544930834205e-09,0.0,0.0007831094701097828,7.55649025214975e-05,0.06772812873241918,0.3937687530217504,0.09179544045895717
1742113035.1219125,5.708089871469699e-09,0.0,0.0007830388761545217,7.555190183886637e-05,0.06770292462528715,0.393766432714016,0.0918000300166049
1742113035.2180018,5.752951127932693e-09,0.0,0.0007845959140471941,7.58482111056859e-05,0.06772812876567968,0.3937687526604501,0.09178787066907078
1742113035.3181345,5.56860263021978e-09,0.0,0.0007779719519588487,7.462307036178409e-05,0.06772812878151058,0.3937687524884401,0.09177422120541723
1742113035.4177408,4.551984788015937e-09,0.0,0.0007386575826290028,6.746839843968387e-05,0.06770292461857963,0.39376643278687684,0.09178971841305886
1742113035.520048,4.551984788015937e-09,0.0,0.0007386575826290028,6.746839843968387e-05,0.06770292461857963,0.39376643278687684,0.0917712409731784
1742113035.617603,4.1473923635780176e-09,0.0,0.0007210192370909472,6.440025126952547e-05,0.06770292461857963,0.39376643278687684,0.09175920083493384
1742113035.717605,4.686414278759051e-09,0.0,0.0007437450116819146,6.845739024209915e-05,0.06770292461857963,0.39376643278687684,0.09179722859830053
1742113035.8195982,4.731169320818747e-09,0.0,0.0007456329868610821,6.878349599154399e-05,0.06772812875972534,0.3937687527250464,0.09178584411114839
1742113035.9182556,4.729533041551931e-09,3.0521837884125294e-65,0.000745565402552128,6.877160054522456e-05,0.06770292461305161,0.39376643284696833,0.09178518846005568
1742113036.0176435,5.506248954603242e-09,6.965019447420342e-73,0.0007756751498659204,7.420410335421648e-05,0.06770292461305161,0.39376643284696833,0.09178036048382911
1742113036.1213405,5.359312751546322e-09,3.2134820119558726e-88,0.0007702560494183831,7.320732717116725e-05,0.06770292461305161,0.39376643284696833,0.09177487685650984
1742113036.2193592,4.54977453074542e-09,0.0,0.0007379431740530519,6.745201650614621e-05,0.06770292461305161,0.39376643284696833,0.09178047969311864
1742113036.3182535,4.4649314970457975e-09,0.0,0.0007342964965353676,6.682014289902259e-05,0.06770292461305161,0.39376643284696833,0.0917860229250828
1742113036.4175246,4.4649314970457975e-09,0.0,0.0007342964965353676,6.682014289902259e-05,0.06770292461305161,0.39376643284696833,0.09178816869229466
1742113036.5188153,4.026473776833866e-09,3.6559144177415174e-84,0.0007148831392497228,6.345450162781098e-05,0.06770292461305161,0.39376643284696833,0.0917726714846531
1742113036.617956,4.418539635867194e-09,8.2396672967168635e-53,0.0007329862605501178,6.647209667121381e-05,0.06770292461305161,0.39376643284696833,0.0917926986452975
1742113036.7176042,4.418539635867194e-09,8.2396672967168635e-53,0.0007329862605501178,6.647209667121381e-05,0.06770292461305161,0.39376643284696833,0.09177815511197235
1742113036.8199627,3.895023342726685e-09,1.7191892153623416e-90,0.0007053293814251219,6.241012211754343e-05,0.06770292461305161,0.39376643284696833,0.09178196980923801
1742113036.9180384,2.389395959948495e-14,1.7236259951969304e-90,2.8872035809589856e-05,1.545767110514548e-07,0.0677281287624254,0.39376875269575606,0.09178548648327971
1742113037.0177968,5.513441136157092e-09,1.7191892256842085e-90,0.0007713018878268704,7.425254969465421e-05,0.06770292460289085,0.3937664329573911,0.09177612855404998
1742113037.1174157,5.513441136157092e-09,1.7191892256842085e-90,0.0007713018878268704,7.425254969465421e-05,0.06770292460289085,0.3937664329573911,0.09179901673764379
1742113037.217456,4.936762347873143e-09,1.2123305455627936e-42,0.0007505691506909024,7.026209751973778e-05,0.06770292457419913,0.3937664332691142,0.09177428081006196
1742113037.3174841,5.003357892361976e-09,1.2123305365595323e-42,0.0007530282701968178,7.073441801811885e-05,0.06770292459542304,0.3937664330385173,0.091792579436008
1742113037.4183521,5.1721189229968335e-09,1.2133342077903302e-42,0.000759132964502082,7.191744519236507e-05,0.06772812875738055,0.3937687527505913,0.0917824466463962
1742113037.5176609,5.889943789797747e-09,1.21233053691123e-42,0.0007839505907892702,7.674596920879785e-05,0.0677029245945917,0.393766433047527,0.09178959920376915
1742113037.6185157,6.0865433420207596e-09,1.21233053691123e-42,0.0007906288873990379,7.801630177098092e-05,0.0677029245945917,0.393766433047527,0.09178757264584679
1742113037.7204275,6.197660982785959e-09,0.0,0.0007943022851593228,7.872522456484934e-05,0.0677029245945917,0.393766433047527,0.09177440001935157
1742113037.8175995,5.371083071206002e-09,0.0,0.0007661621577610784,7.328767339195592e-05,0.0677029245945917,0.393766433047527,0.09178524806470058
1742113037.9196439,5.581296612719822e-09,0.0,0.0007734255783921707,7.470807595380717e-05,0.0677029245945917,0.393766433047527,0.09178071811169779
1742113038.0176759,6.0594755601085295e-15,0.0,2.0153702889954982e-05,7.784263330661759e-08,0.06772812874009304,0.39376875293837443,0.091774817251865
1742113038.1178741,6.056718393378003e-15,0.0,2.0151258697464008e-05,7.782492141581643e-08,0.06770292459859917,0.39376643300395564,0.09178900315732157
1742113038.2178192,5.852799510981415e-09,0.0,0.0007829743395479695,7.650359149073601e-05,0.06770292459859917,0.39376643300395564,0.09178959920376915
1742113038.3183477,6.758448206305026e-09,0.0,0.0008127973678867925,8.220978169478998e-05,0.0677281287217042,0.39376875313817905,0.09178912236661112
1742113038.4327362,6.753176177712101e-09,0.0,0.0008126606939605187,8.217771095444374e-05,0.06770292458582361,0.39376643314291737,0.09178930118054544
1742113038.517664,6.753176177712101e-09,0.0,0.0008126606939605187,8.217771095444374e-05,0.06770292458582361,0.39376643314291737,0.09179067208737515
1742113038.617732,1.6985700153421841e-15,0.0,1.4412559063674309e-05,4.121371149680873e-08,0.06772812873816747,0.3937687529594056,0.09178649976224094
1742113038.7176983,6.523011268884729e-09,0.0,0.0008052416999496685,8.07651612323329e-05,0.0677029246066283,0.3937664329168289,0.09179001643628273
1742113038.8175762,6.523011268884729e-09,0.0,0.0008052416999496685,8.07651612323329e-05,0.0677029246066283,0.3937664329168289,0.09176110818356659
1742113038.9247098,3.75115687002173e-09,0.0,0.0007003038948803081,6.124668864536049e-05,0.0677029246066283,0.3937664329168289,0.09178816869229466
1742113039.0175145,4.079969749385897e-09,0.0,0.0007164628929344837,6.387464089437918e-05,0.0677029246066283,0.3937664329168289,0.09178357913464685
1742113039.1196492,5.8395168970526185e-09,0.0,0.0007826190064177699,7.641673178730309e-05,0.0677029246066283,0.3937664329168289,0.09178930118054544
1742113039.2176464,5.379064195777343e-09,0.0,0.0007667022288996165,7.334210384068174e-05,0.06770292459763994,0.3937664330144761,0.09178155257672461
1742113039.318035,5.861749498341548e-09,0.0,0.0007834561955047665,7.656206304914692e-05,0.06770292459763994,0.3937664330144761,0.09178113534421128
1742113039.4174814,5.863768186787128e-09,0.0,0.0007835247304055341,7.65752452610315e-05,0.0677281287378193,0.3937687529631626,0.09178036048382911
1742113039.5215774,6.018288876028056e-09,0.0,0.000788716784586724,7.757763128652522e-05,0.06770292458118377,0.393766433193246,0.0917873938319126
1742113039.6184897,5.665449392753528e-09,0.0,0.0007767697155463167,7.526917956742672e-05,0.06770292458118377,0.393766433193246,0.09178864552945283
1742113039.7234318,2.8153927105376844e-09,2.5744148884414215e-40,0.0006426072156546714,5.306027431645717e-05,0.0677029245784837,0.39376643322253635,0.09178632094830665
1742113039.8179765,5.496104481524953e-09,2.5744148884414215e-40,0.0007708746260329873,7.413571663864154e-05,0.0677029245784837,0.39376643322253635,0.09179073169201997
1742113039.9175186,5.496104479665933e-09,2.5744149069008944e-40,0.0007708746259708437,7.41357166261036e-05,0.06770292455746585,0.39376643345088347,0.09177261188000826
1742113040.0175028,4.16003018963636e-09,7.5572479052773205e-84,0.0007211119077102903,6.449829602118462e-05,0.06772812870885048,0.3937687532778922,0.09178834750622908
1742113040.1179528,6.459490234329091e-09,7.539752900986877e-84,0.0008081038932449849,8.037095392198037e-05,0.06770292455982485,0.3937664334253501,0.09179520204037811
1742113040.2182689,1.6619771284526966e-15,7.539752900986877e-84,1.4329831709461057e-05,4.076735370922053e-08,0.06770292455982485,0.3937664334253501,0.09178316190213347
1742113040.318291,1.5618773009659574e-14,7.557248123939031e-84,2.5801106932428524e-05,1.2497508955651753e-07,0.06772812865803246,0.393768753829983,0.09180384471387058
1742113040.4179149,1.5618773010271342e-14,7.5572480308181545e-84,2.5801106932708906e-05,1.2497508955896509e-07,0.06772812867966849,0.3937687535948733,0.09178518846005568
1742113040.518282,6.535237508150531e-09,2.1474327764007028e-38,0.0008059230611804929,8.084081585530004e-05,0.06770292454702798,0.39376643356431273,0.09178578450650365
1742113040.6176205,8.038490558373178e-09,2.1474327764007028e-38,0.0008574214955295848,8.965762967184209e-05,0.06770292454702798,0.39376643356431273,0.09181332185238987
1742113040.7179716,2.956481949003235e-10,2.1474327764007028e-38,0.0003637030065603035,1.71944233663221e-05,0.06770292454702798,0.39376643356431273,0.09179138734311257
1742113040.8177245,7.060876857851909e-09,3.191004541971428e-82,0.0008276661127198943,8.402902390157766e-05,0.06770292454702798,0.39376643356431273,0.09179448678464089
1742113040.9175117,7.0608768577372696e-09,3.191004543672844e-82,0.0008276661127168438,8.402902390089551e-05,0.06770292454606164,0.393766433574827,0.09179365231961394
1742113041.0208447,6.720781637730799e-09,3.198385245264606e-82,0.0008167755809712387,8.198037349104234e-05,0.06772812865906275,0.3937687538187129,0.09181922271222259
1742113041.117963,6.2441653969637535e-09,3.191004501262063e-82,0.0007964315132698672,7.90200316183419e-05,0.06770292457019167,0.3937664333126776,0.09180634810895115
1742113041.2223678,6.51769090674804e-09,3.191004501262063e-82,0.000810010623664825,8.073221727877936e-05,0.06770292457019167,0.3937664333126776,0.09179210259884982
1742113041.3176944,6.39415416595814e-09,3.191004501262063e-82,0.0008060192626782659,7.996345519021886e-05,0.06770292457019167,0.3937664333126776,0.091806407713596
1742113041.4290843,6.39415416595814e-09,3.6041209987077902e-53,0.0008060192626782659,7.996345519021886e-05,0.06770292457019167,0.3937664333126776,0.09178810908764992
1742113041.5179265,5.805635263538466e-09,3.608682980390365e-53,0.0007861328257116314,7.619471939405294e-05,0.06772812868341305,0.3937687535543146,0.0918000300166049
1742113041.6196485,6.719363564074461e-09,3.6086829598846082e-53,0.0008118330503794494,8.197172417409836e-05,0.06772812869689204,0.39376875340784334,0.0917884071108737
1742113041.7253604,6.7170593434740534e-09,3.6041209909376645e-53,0.0008117595943151171,8.195766799680219e-05,0.06770292457531468,0.39376643325709626,0.09180074527234226
1742113041.8175702,5.949447826870804e-09,3.6041209909376645e-53,0.0007910535093239272,7.713266381288023e-05,0.06770292457531468,0.39376643325709626,0.09178596332043801
1742113041.9175599,6.4079623545416176e-09,3.6041209909376645e-53,0.0008064586944013128,8.004974924721262e-05,0.06770292457531468,0.39376643325709626,0.09178256585568574
1742113042.0181992,5.3406626202396526e-09,2.5579534407848798e-85,0.0007696442974069473,7.307983730304586e-05,0.06770292457531468,0.39376643325709626,0.09178256585568574
1742113042.1179454,5.3406626202396526e-09,2.5579534407848798e-85,0.0007696442974069473,7.307983730304586e-05,0.06770292457531468,0.39376643325709626,0.09181850745648534
1742113042.219577,5.4568155044390395e-09,2.5579534407848798e-85,0.0007738673740883076,7.387026129938244e-05,0.06770292457531468,0.39376643325709626,0.09177517487973358
1742113042.317729,6.38007863625305e-09,2.5579534407848798e-85,0.0008056218665689716,7.987539443566492e-05,0.06770292457531468,0.39376643325709626,0.09178280427426504
1742113042.4176676,6.278308340656934e-09,2.5641795593335314e-85,0.0008024497057837219,7.92357768981723e-05,0.0677281287303586,0.3937687530442906,0.09178810908764992
1742113042.5183187,6.666914692638737e-09,2.5641795593335314e-85,0.0008154081580082216,8.165117692133248e-05,0.0677281287303586,0.3937687530442906,0.09180044724911841
1742113042.617975,6.664629367145005e-09,2.557953390614292e-85,0.0008153341482757282,8.163718127878378e-05,0.0677029246100247,0.3937664328800201,0.09179806306332736
1742113042.7175531,5.9694451140800426e-09,2.557953390614292e-85,0.0007921306158065794,7.726218424352267e-05,0.0677029246100247,0.3937664328800201,0.0917705257174411
1742113042.8186638,5.6590373361456734e-09,2.557953390614292e-85,0.0007812127832735094,7.522657333778851e-05,0.0677029246100247,0.3937664328800201,0.09179842069119609
1742113042.9188879,5.89723202008022e-09,2.557953390614292e-85,0.0007895995763312148,7.679343735033755e-05,0.0677029246100247,0.3937664328800201,0.09178077771634258
1742113043.0199103,5.899260904862266e-09,2.5641795443065953e-85,0.0007896702768371561,7.680664622844995e-05,0.06772812874073253,0.39376875293161895,0.09180008962124973
1742113043.1252916,6.3424681856183585e-09,2.557953394413813e-85,0.0008047941204375393,7.963961442409399e-05,0.06770292460740279,0.39376643290856617,0.09180461957425258
1742113043.226531,1.794709873932004e-11,2.557953394413813e-85,0.00017127686893002504,4.236401626300325e-06,0.06770292460740279,0.39376643290856617,0.09179156615704688
1742113043.3182654,6.17085394629547e-09,2.557953394413813e-85,0.0007992477905998824,7.855478308986328e-05,0.06770292460740279,0.39376643290856617,0.09180336787671242
1742113043.417585,7.593249378931897e-09,1.0472507081960961e-39,0.0008451643757663526,8.713925280223545e-05,0.06772812869336775,0.3937687534461469,0.09182047440976301
1742113043.5176983,7.590657065696438e-09,1.0462855771867656e-39,0.0008450857239290845,8.712437698885679e-05,0.06770292461811778,0.39376643279213397,0.09181826903790631
1742113043.6182437,5.053837719385545e-09,3.3173019764907134e-52,0.0007584284926601735,7.109034898905438e-05,0.06770292460905836,0.39376643289052904,0.09181046082944075
1742113043.7172673,3.764351263301497e-09,2.6143696974633363e-49,0.000701006093092464,6.135430924801857e-05,0.06770292459259508,0.3937664330692989,0.09179627492398405
1742113043.8180897,1.89300776786686e-12,2.6143696974633363e-49,9.392486335971889e-05,1.3758661882126692e-06,0.06770292459259508,0.3937664330692989,0.091806407713596
1742113043.9206092,2.370429596922106e-11,1.0587937829814382e-65,0.0001845337488326657,4.868705779693517e-06,0.06770292459259508,0.3937664330692989,0.0917799432513156
1742113044.0245109,4.7187590332536195e-11,5.92077578560674e-74,0.0002219614154245564,6.869322407089086e-06,0.06770292459259508,0.3937664330692989,0.09181505038708837
1742113044.1187942,4.7187590332536195e-11,5.92077578560674e-74,0.0002219614154245564,6.869322407089086e-06,0.06770292459259508,0.3937664330692989,0.0918090899226108
1742113044.2184567,3.9287815293034994e-11,5.92077578560674e-74,0.00021131382657935919,6.267999305443085e-06,0.06770292459259508,0.3937664330692989,0.09181177213162577
1742113044.3179145,4.7775808916320754e-11,5.92077578560674e-74,0.00022271524165656546,6.912004695912812e-06,0.06770292459259508,0.3937664330692989,0.0918090899226108
1742113044.4190502,4.604844890501878e-11,5.920775789313917e-74,0.00022049525377370867,6.785900743823091e-06,0.06770292459134453,0.39376643308281967,0.09181016280621665
1742113044.5183413,4.604844890501878e-11,2.401005519954133e-33,0.00022049525377370867,6.785900743823091e-06,0.06770292459134453,0.39376643308281967,0.09180503680676608
1742113044.6179218,1.5956053995956984e-13,2.401005519954133e-33,4.866578610865285e-05,3.994502972330473e-07,0.06770292459134453,0.39376643308281967,0.09181731536358975
1742113044.7203672,2.854173955659892e-11,5.630108415445053e-52,0.0001939541082183235,5.342446963386621e-06,0.06770292459134453,0.39376643308281967,0.09179931476086772
1742113044.8177154,5.073225419729379e-09,1.9066263933473987e-61,0.000758971072392124,7.122657804309695e-05,0.06770292459134453,0.39376643308281967,0.09181612327069429
1742113044.9223118,4.685117557844702e-09,1.9066263933473987e-61,0.0007430857803873044,6.844791857934543e-05,0.06770292459134453,0.39376643308281967,0.09182077243298677
1742113045.0177894,4.685117557844702e-09,1.9066263933473987e-61,0.0007430857803873044,6.844791857934543e-05,0.06770292459134453,0.39376643308281967,0.09181755378216891
1742113045.1193378,4.400980772491498e-09,1.2199869113328214e-69,0.0007306155252173096,6.633988824599796e-05,0.06770292460013394,0.3937664329874284,0.09182512357205537
1742113045.2181015,2.6077405270929375e-14,1.2199869113328214e-69,3.0125248685585573e-05,1.6148500014220941e-07,0.06770292460013394,0.3937664329874284,0.09181981875867042
1742113045.319456,1.0736471657634203e-14,1.2199869113328214e-69,2.3829175235881912e-05,1.036169467685388e-07,0.06770292460013394,0.3937664329874284,0.09181695773572122
1742113045.4180074,1.0736471657634203e-14,1.2199869113328214e-69,2.3829175235881912e-05,1.036169467685388e-07,0.06770292460013394,0.3937664329874284,0.09181034162015118
1742113045.518241,4.623654045652695e-09,1.219986905659755e-69,0.0007400469795030408,6.799745617045313e-05,0.06770292460919336,0.39376643288902713,0.09181814982861673
1742113045.6234226,5.686046298806439e-12,1.219986905659755e-69,0.00012596213036368472,2.3845432054811754e-06,0.06770292460919336,0.39376643288902713,0.09183710410565518
1742113045.7265158,5.686046298806439e-12,1.219986905659755e-69,0.00012596213036368472,2.3845432054811754e-06,0.06770292460919336,0.39376643288902713,0.09182560040921371
1742113045.8178153,9.655583554853172e-13,3.296601137990871e-35,7.851497172687624e-05,9.826282895812217e-07,0.06770292460919336,0.39376643288902713,0.09183519675702247
1742113045.920129,8.340246547841262e-13,6.715161140951532e-59,7.550861601720254e-05,9.132495030297724e-07,0.06772812866500999,0.39376875375411124,0.09183001115292702
1742113046.0214205,8.337089546177101e-13,6.704038683951103e-59,7.550109471831058e-05,9.130766422473581e-07,0.06770292461686722,0.39376643280565116,0.09183185889691493
1742113046.11844,7.608541148007738e-12,6.704038683951103e-59,0.00013614344975569701,2.758358415436206e-06,0.06770292461686722,0.39376643280565116,0.09182828261822835
1742113046.2223043,9.53359361527236e-12,1.4307813725646546e-48,0.00014464557102030964,3.087651796312589e-06,0.06770292461686722,0.39376643280565116,0.09183722331494475
1742113046.3181312,9.590873072164832e-12,1.4307813725646546e-48,0.0001448700432110513,3.0969134750852876e-06,0.06770292461686722,0.39376643280565116,0.09182804419964936
1742113046.4194264,6.201963001822024e-15,1.4307813725646546e-48,2.0616945398370778e-05,7.875254282765748e-08,0.06770292461686722,0.39376643280565116,0.09182577922314789
1742113046.5223112,3.845261769638287e-09,5.757789593947589e-67,0.0008301526169228012,6.201017472671954e-05,0.06770292461686722,0.39376643280565116,0.09182911708325539
1742113046.6194367,3.845261769638287e-09,5.757789593947589e-67,0.0008301526169228012,6.201017472671954e-05,0.06770292461686722,0.39376643280565116,0.09181528880566744
1742113046.7245653,3.8452617696383015e-09,9.408278006734182e-41,0.0008500432131485003,6.201017472671966e-05,0.06770292461686722,0.39376643280565116,0.09182434871167325
1742113046.8190331,3.846595866840738e-09,9.417877266988463e-41,0.000763361771138277,6.202093087692846e-05,0.06772812867939138,0.39376875359787356,0.09181713654965541
1742113046.9193099,3.843928122379391e-09,9.408278027242374e-41,0.0008769674912808208,6.199942033905955e-05,0.06770292461071392,0.393766432872507,0.09181123568982283
1742113047.0240405,3.845261769638656e-09,9.408278027242374e-41,0.0007214307098104284,6.201017472672252e-05,0.06770292461071392,0.393766432872507,0.0918325741526523
1742113047.1224484,3.845261769638656e-09,9.408278027242374e-41,0.0007214307098104284,6.201017472672252e-05,0.06770292461071392,0.393766432872507,0.0917976458308139
1742113047.2199657,3.84526176963867e-09,1.5488513631224095e-63,0.0007209903406208298,6.201017472672263e-05,0.06770292461071392,0.393766432872507,0.09180676534146454
1742113047.3189852,3.84526176963867e-09,1.3794854494691013e-55,0.0009087314637642242,6.201017472672263e-05,0.06770292461071392,0.393766432872507,0.09180253341168558
1742113047.428044,3.845261769638656e-09,9.20595063055319e-34,0.0008960442096844496,6.201017472672252e-05,0.06770292461071392,0.393766432872507,0.09180295064419902
1742113047.5190787,3.845261769637905e-09,9.213664493299647e-34,0.0008257413798129099,6.201017472671646e-05,0.06772812870629252,0.39376875330568595,0.09181975915402553
1742113047.619158,3.8452617696383015e-09,9.205950552530025e-34,0.0007428318212176887,6.201017472671966e-05,0.0677029246358174,0.39376643259984245,0.09180855348080788
1742113047.7238824,3.8452617696383015e-09,9.205950552530025e-34,0.0007428318212176887,6.201017472671966e-05,0.0677029246358174,0.39376643259984245,0.0918115337130466
1742113047.8213506,3.845261769638287e-09,9.205950552530025e-34,0.0008610931327275251,6.201017472671954e-05,0.0677029246358174,0.39376643259984245,0.09180676534146454
1742113047.925939,3.843928122510493e-09,9.20595054458087e-34,0.0008832291555454067,6.199942034011683e-05,0.06770292463838956,0.39376643257205046,0.09180897071332132
1742113048.0203137,3.8452617696383015e-09,9.20595054458087e-34,0.0008781556970993711,6.201017472671966e-05,0.06770292463838956,0.39376643257205046,0.09181505038708837
1742113048.1197128,3.8452617696383015e-09,9.20595054458087e-34,0.0008781556970993711,6.201017472671966e-05,0.06770292463838956,0.39376643257205046,0.09180080487698711
1742113048.2313764,3.846595865780992e-09,2.536243112674967e-62,0.0008763376234984767,6.202093086838501e-05,0.06772812874405787,0.393768752895558,0.09179496362179895
1742113048.3217103,3.8452617696383015e-09,2.5313614710717006e-62,0.0008395840732278154,6.201017472671966e-05,0.06770292463222916,0.3937664326389019,0.09178101613492166
1742113048.4192622,3.8452617696383015e-09,2.5313614710717006e-62,0.0008700372604655102,6.201017472671966e-05,0.06770292463222916,0.3937664326389019,0.09180217578381684
1742113048.5258243,3.8452617696383015e-09,3.42246936983123e-67,0.0008700372604655102,6.201017472671966e-05,0.06770292463222916,0.3937664326389019,0.09180956675976902
1742113048.6189854,3.8452617696383015e-09,3.42246936983123e-67,0.0008963261741680101,6.201017472671966e-05,0.06770292463222916,0.3937664326389019,0.09178769185513647
1742113048.7274523,3.846595866409334e-09,3.429696861408723e-67,0.0008964110798047589,6.202093087345057e-05,0.06772812876037904,0.39376875271828915,0.09179174497098132
1742113048.8189466,3.845261768366356e-09,3.4296968888216387e-67,0.0008790561325313761,6.201017471646372e-05,0.06772812874426393,0.39376875289330293,0.09180563285321376
1742113048.9186928,5.531346432973412e-09,1.4461083359996182e-55,0.0014872515620668223,7.437302221217995e-05,0.06770292463112781,0.39376643265091804,0.09179186418027076
1742113049.0209355,4.75105277810214e-09,7.1412882812022e-45,0.00145581592926459,6.89278809923977e-05,0.06770292463112781,0.39376643265091804,0.09181099727124363
1742113049.1191413,3.845261769638684e-09,7.1412882812022e-45,0.0014111896045086014,6.201017472672274e-05,0.06770292463112781,0.39376643265091804,0.0918030102488436
1742113049.219744,3.846595866316653e-09,7.14868848394981e-45,0.0014113233610208616,6.202093087270339e-05,0.0677281287632141,0.39376875268749156,0.09179466559857512
1742113049.3240197,3.84392812463212e-09,7.141288226848588e-45,0.0007252252234946773,6.199942035722689e-05,0.06770292465089511,0.393766432436089,0.09180026843518406
1742113049.4189234,4.950900058967556e-09,2.732837542721601e-44,0.0014607782506462503,7.036263254716637e-05,0.06770292465089511,0.393766432436089,0.09180694415539911
1742113049.5191321,7.082576164091357e-09,2.732837542721601e-44,0.0015415731309796205,8.415804277721385e-05,0.06770292465089511,0.393766432436089,0.09179395034283776
1742113049.625033,7.082576164091357e-09,2.732837542721601e-44,0.0015415731309796205,8.415804277721385e-05,0.06770292465089511,0.393766432436089,0.09180932834118995
1742113049.7179155,1.5046953850194297e-11,2.732837542721601e-44,0.0001633880359562655,3.879040325930409e-06,0.06770292465089511,0.393766432436089,0.0917918045756259
1742113049.8221297,2.395402509685669e-13,2.732837542721601e-44,5.4210544915692e-05,4.894284942344151e-07,0.06770292465089511,0.393766432436089,0.09181654050320774
1742113049.9189372,8.663916046700781e-12,2.732837542721601e-44,0.00014095163912819554,2.9434530821300315e-06,0.06770292465089511,0.393766432436089,0.09179818227261692
1742113050.0182636,5.715549211082298e-09,2.732837542721601e-44,0.0007833949571677926,7.560125138569003e-05,0.06770292465089511,0.393766432436089,0.09178918197125589
1742113050.1184654,5.460822400574947e-09,2.732837542721601e-44,0.0007738470288985332,7.389737749456977e-05,0.06770292465089511,0.393766432436089,0.09177732064694563
1742113050.2203486,4.939649468020829e-09,2.7356904293021684e-44,0.0007535480524549873,7.028263987657855e-05,0.06772812878437406,0.39376875245763987,0.09179073169201997
1742113050.3190525,5.384716137080018e-09,2.732837548696552e-44,0.0007710706009641077,7.338062507964904e-05,0.06770292464523209,0.3937664324976815,0.0917844732043186
1742113050.42038,6.300711864626325e-09,2.732837535874006e-44,0.0008040578108302256,7.937702353090801e-05,0.06770292465740368,0.39376643236548237,0.09179496362179895
1742113050.5191386,6.300711864626325e-09,2.732837535874006e-44,0.0008040578108302256,7.937702353090801e-05,0.06770292465740368,0.39376643236548237,0.09179198338956032
1742113050.6174846,6.813292213024556e-09,2.732837535874006e-44,0.0008210966278015054,8.254266904471017e-05,0.06770292465740368,0.39376643236548237,0.0917912085291782
1742113050.7176912,7.3319615069505225e-09,2.732837535874006e-44,0.0008374971547082296,8.562687374271305e-05,0.06770292465740368,0.39376643236548237,0.09179436757535119
1742113050.8178427,7.324215367219083e-09,2.732837535874006e-44,0.0008371601423889301,8.558162984670883e-05,0.06770292465740368,0.39376643236548237,0.09178423478573951
1742113050.921312,8.60850290621879e-09,2.732837535874006e-44,0.0008751759745641328,9.278201822669514e-05,0.06770292465740368,0.39376643236548237,0.09178846671551862
1742113051.017615,8.60850290621879e-09,2.732837535874006e-44,0.0008751759745641328,9.278201822669514e-05,0.06770292465740368,0.39376643236548237,0.09180813624829438
1742113051.1174483,7.859018424798723e-09,2.732837535874006e-44,0.0008530648758451768,8.865110503991884e-05,0.06770292465740368,0.39376643236548237,0.09180235459775121
1742113051.2224815,7.865378827769814e-09,2.732837535874006e-44,0.0008531962870986543,8.868697101474272e-05,0.06770292465740368,0.39376643236548237,0.09180545403927942
1742113051.317774,8.170673685160437e-09,2.735690449796615e-44,0.0008623870503571754,9.039177885825921e-05,0.06772812876494783,0.39376875266870837,0.09179883792370942
1742113051.418087,7.299301286087028e-09,1.0150028306284981e-81,0.0008364036585726758,8.543594844143201e-05,0.06770292464674554,0.39376643248115784,0.09179579808682595
1742113051.518127,9.47118012365941e-09,6.583543244832903e-65,0.0008986822942581485,9.73199883048668e-05,0.06770292464674554,0.39376643248115784,0.09179144694775725
1742113051.6175807,9.47118012365941e-09,6.583543244832903e-65,0.0008986822942581485,9.73199883048668e-05,0.06770292464674554,0.39376643248115784,0.09179979159802579
1742113051.7177854,7.469725344051679e-09,1.806130101867358e-137,0.0008417432647763926,8.642757282286528e-05,0.06770292464641159,0.39376643248491394,0.09179949357480192
1742113051.8178108,6.8314514715182625e-09,1.806130101867358e-137,0.0008213774617380357,8.265259506826305e-05,0.06770292464641159,0.39376643248491394,0.09180056645840788
1742113051.9177408,6.831451473073496e-09,1.806130072662301e-137,0.0008213774617820151,8.265259507767131e-05,0.06770292465913741,0.3937664323467054,0.0918115337130466
1742113052.0176246,7.033308055111823e-09,3.280527434738435e-81,0.0008275957875159756,8.386482012805979e-05,0.06770292465913741,0.3937664323467054,0.09179991080731532
1742113052.1201477,6.693247057580111e-09,3.280527445845715e-81,0.0008163876881807937,8.181226715829425e-05,0.06770292465291305,0.39376643241430465,0.09179454638928555
1742113052.217595,6.625480574316634e-09,3.2879259332665087e-81,0.0008140602537625673,8.139705507152353e-05,0.06772812877360224,0.3937687525748146,0.09179871871441994
1742113052.3175063,6.623209065402586e-09,3.280527389934685e-81,0.0008139864771311517,8.138310061310386e-05,0.06770292468424088,0.3937664320740355,0.09180837466687354
1742113052.418158,6.3230730946715605e-09,3.280527389934685e-81,0.0008042374475498008,7.9517753330131e-05,0.06770292468424088,0.3937664320740355,0.09180557324856913
1742113052.517779,7.457837119812493e-09,1.1364583756227394e-62,0.0008400123248825728,8.635876979098587e-05,0.06770292468424088,0.3937664320740355,0.09181421592206153
1742113052.6193492,6.662441563535007e-09,1.1364583756227394e-62,0.000814652082593283,8.16237806251034e-05,0.06770292468424088,0.3937664320740355,0.09182411029309427
1742113052.7175972,7.634186726605765e-09,1.1364583881636045e-62,0.000844925706113727,8.737383319166995e-05,0.06770292466107719,0.39376643232567066,0.09180414273709446
1742113052.8180065,7.634186726605765e-09,1.1364583881636045e-62,0.000844925706113727,8.737383319166995e-05,0.06770292466107719,0.39376643232567066,0.09181963994473619
1742113052.9224617,6.82035723430164e-09,5.872848771621778e-79,0.0008196380581534273,8.258545413268393e-05,0.06772812877823498,0.3937687525244895,0.0917980034586826
1742113053.017442,6.031295499090299e-09,1.6600168775557028e-60,0.000793998059480018,7.76614157680009e-05,0.06770292465077432,0.39376643243759446,0.09180664613217498
1742113053.1189432,6.211088884171348e-09,2.0690616663957654e-85,0.0007950784778374302,7.881046176854534e-05,0.06770292465077432,0.39376643243759446,0.09181397750348237
1742113053.2208948,5.93314267683826e-09,2.0690616663957654e-85,0.0007856359806010749,7.702689580165008e-05,0.06770292465077432,0.39376643243759446,0.09181272580594217
1742113053.3175242,5.5012653233551684e-09,2.0690616663957654e-85,0.0007707229757311908,7.417051518868646e-05,0.06770292465077432,0.39376643243759446,0.09178912236661112
1742113053.4175434,5.5012653233551684e-09,5.688842299868209e-55,0.0007707229757311908,7.417051518868646e-05,0.06770292465077432,0.39376643243759446,0.09180837466687354
1742113053.520846,4.066702694299073e-12,1.4141931723966053e-44,0.00011518926684124861,2.016606727723349e-06,0.06770292465077432,0.39376643243759446,0.09181046082944075
1742113053.6246204,1.073088020859648e-13,1.4141931723966053e-44,4.296605240076744e-05,3.275802223669262e-07,0.06770292465077432,0.39376643243759446,0.09180271222561984
1742113053.7181542,1.0735545402475316e-13,1.415437624016641e-44,4.297103104700954e-05,3.2765142152103227e-07,0.06772812875527734,0.3937687527738749,0.09180587127179296
1742113053.8177958,4.4691374140035573e-14,1.414193177083e-44,3.4073091846407416e-05,2.114033446756119e-07,0.06770292464143779,0.39376643253900223,0.09180050685376315
1742113053.919218,3.924499023964875e-14,1.4154376242945443e-44,3.291945015501608e-05,1.9810348366358617e-07,0.06772812875472312,0.3937687527798843,0.09181356027096896
1742113054.0175376,3.4016651440677026e-09,0.0,0.0006803169387514919,5.832379569324773e-05,0.06770292467214745,0.39376643220549656,0.09181254699200767
1742113054.117803,4.54051782695385e-14,8.252001911092433e-223,3.421036987114199e-05,2.1308490859171256e-07,0.06770292467628991,0.3937664321604206,0.09181612327069429
1742113054.2187822,1.1414660369478987e-13,2.3251999699728947e-118,4.367446337428083e-05,3.3785589190480293e-07,0.06770292467628991,0.3937664321604206,0.09180360629529143
1742113054.3177717,8.300718846873854e-14,2.3251999697885144e-118,4.013369788862294e-05,2.8810968131726944e-07,0.06770292467636096,0.39376643215966656,0.09180366589993631
1742113054.4176073,8.300718846873854e-14,2.3251999697885144e-118,4.013369788862294e-05,2.8810968131726944e-07,0.06770292467636096,0.39376643215966656,0.09180032803982892
1742113054.5264015,1.678219536745537e-13,2.3251999697885144e-118,4.837507557726661e-05,4.096607787847815e-07,0.06770292467636096,0.39376643215966656,0.09179347350567969
1742113054.6177018,9.668652264556096e-13,0.0,7.703205609408573e-05,9.83293052174991e-07,0.06770292467636096,0.39376643215966656,0.0918077786204258
1742113054.717783,1.0921856230805204e-12,0.0,7.95693663570849e-05,1.0450768503227505e-06,0.06770292465382255,0.39376643240453824,0.09178834750622908
1742113054.8182561,1.592857474091622e-12,0.0,8.797682237972954e-05,1.2620845748568603e-06,0.06772812874871192,0.3937687528452223,0.09181499078244348
1742113054.9225883,1.5928574741556872e-12,0.0,8.797682238062555e-05,1.262084574882241e-06,0.06772812876731393,0.3937687526431679,0.09179895713299897
1742113055.027516,1.760806853611988e-12,0.0,9.035599309112074e-05,1.3269539756947065e-06,0.06770292465839134,0.3937664323549628,0.09180533482998987
1742113055.1186085,4.803625958896433e-12,0.0,0.00011769579458042449,2.1917175819198132e-06,0.06770292465839134,0.3937664323549628,0.09181570603818077
1742113055.217926,8.199428157432677e-13,0.0,7.373027714473391e-05,9.055069385395496e-07,0.06770292465839134,0.3937664323549628,0.09179949357480192
1742113055.3191533,6.154805469804783e-13,0.0,6.831034391420847e-05,7.845256828048896e-07,0.06770292467526673,0.39376643217168095,0.09181403710812719
1742113055.4177513,6.154805469747887e-13,0.0,6.831034391404248e-05,7.845256828012635e-07,0.06770292466939054,0.3937664322355241,0.09180897071332132
1742113055.5177596,3.126551353077307e-09,0.0,0.0006629955881524812,5.5915573439582164e-05,0.06770292466939054,0.3937664322355241,0.09180378510922584
1742113055.6178622,1.1865863295595663e-13,0.0,4.41307254003292e-05,3.444686240515334e-07,0.06770292466939054,0.3937664322355241,0.0918000300166049
1742113055.7177503,1.0565960402672318e-13,0.0,4.278993971953116e-05,3.2505323260463535e-07,0.06770292466939054,0.3937664322355241,0.09180098369092149
1742113055.8181689,1.0565960402672318e-13,0.0,4.278993971953116e-05,3.2505323260463535e-07,0.06770292466939054,0.3937664322355241,0.09180807664364965
1742113055.919218,4.563996338517473e-09,0.0,0.0007360435287208008,6.755735591715734e-05,0.0677281287776168,0.393768752531237,0.09180223538846158
1742113056.0178015,4.292001545228086e-09,0.0,0.0007251246890985628,6.551336920986499e-05,0.06770292467747652,0.3937664321476344,0.0918096859690587
1742113056.117463,4.292001545228086e-09,0.0,0.0007251246890985628,6.551336920986499e-05,0.06770292467747652,0.3937664321476344,0.09179031445950671
1742113056.2176669,6.3008418649169935e-09,0.0,0.0007979832001477576,7.937784240527701e-05,0.06770292471378525,0.3937664317532894,0.09182160689801365
1742113056.3193877,6.645834422018536e-09,0.0,0.0008089926770769203,8.152198735321983e-05,0.06770292471378525,0.3937664317532894,0.09179377152890351
1742113056.417654,4.685028512397007e-09,0.0,0.0007411480027659893,6.844726811492923e-05,0.06770292471378525,0.3937664317532894,0.09181022241086158
1742113056.5175548,4.68502851238752e-09,3.9413593366684e-43,0.0007411480027656332,6.844726811485992e-05,0.06770292471365025,0.39376643175478687,0.09181010320157197
1742113056.6174655,4.394063805732524e-09,3.9413593366684e-43,0.0007299577707928782,6.628773495702296e-05,0.06770292471365025,0.39376643175478687,0.09180152013272438
1742113056.7175415,4.641567423518712e-09,3.945181254901172e-43,0.0007394840349987073,6.812904977701298e-05,0.06772812882783086,0.39376875198590344,0.09178411557644996
1742113056.817582,5.0810786150581526e-09,3.941359367960395e-43,0.0007558278198567377,7.128168499031257e-05,0.06770292469255423,0.3937664319838854,0.09178787066907078
1742113056.9238195,5.0810786150581526e-09,3.941359367960395e-43,0.0007558278198567377,7.128168499031257e-05,0.06770292469255423,0.3937664319838854,0.0918011625048558
1742113057.0200064,5.8059216466815655e-09,0.0,0.0007813600626731057,7.619659865559332e-05,0.06772812879940915,0.39376875229462716,0.0918123085734286
1742113057.123316,5.440195647822927e-09,3.233692086427796e-56,0.0007687279432747323,7.375768195803694e-05,0.06770292470666561,0.3937664318306551,0.09179842069119609
1742113057.2176433,5.685720704858102e-09,3.233692086427796e-56,0.0007772125282211744,7.540371811030344e-05,0.06770292470666561,0.3937664318306551,0.0918114741084018
1742113057.3185606,5.685720704858102e-09,1.2851437881266505e-50,0.0007772125282211744,7.540371811030344e-05,0.06770292470666561,0.3937664318306551,0.09180819585293919
1742113057.4179773,5.203525691704153e-09,2.848667893363604e-47,0.0007602238286936278,7.213546764043435e-05,0.06770292470666561,0.3937664318306551,0.09180408313244971
1742113057.518747,4.765956487435375e-09,2.848667893363604e-47,0.0007441886633098709,6.90359072326523e-05,0.06770292470666561,0.3937664318306551,0.09180545403927942
1742113057.6176076,4.585582921680906e-09,2.848667893363604e-47,0.0007373653176900178,6.771693231150468e-05,0.06770292470666561,0.3937664318306551,0.09180551364392428
1742113057.7177465,4.585582921680906e-09,2.848667893363604e-47,0.0007373653176900178,6.771693231150468e-05,0.06770292470666561,0.3937664318306551,0.09179907634228857
1742113057.8175719,5.528526335491148e-09,2.53930651826661e-56,0.0007717479610288435,7.435406065233525e-05,0.06770292470666561,0.3937664318306551,0.09179693057507654
1742113057.9262044,4.8493209440729364e-09,3.776713857025134e-83,0.0007472844534424153,6.963706587782785e-05,0.06770292470666561,0.3937664318306551,0.09180974557370328
1742113058.018532,4.42011659595496e-09,3.451236283980372e-76,0.0007303516246087941,6.648395743301507e-05,0.06770292470666561,0.3937664318306551,0.09180873229474217
1742113058.1216557,4.0588502871063904e-09,6.251631412715702e-84,0.0007148671860570911,6.37091067831467e-05,0.06770292470666561,0.3937664318306551,0.09179186418027076
1742113058.2213488,4.594594442839373e-09,1.5804580930460974e-82,0.0007374179911021014,6.778343782104426e-05,0.06770292470666561,0.3937664318306551,0.09180545403927942
1742113058.3176382,4.594594442839373e-09,1.5804580930460974e-82,0.0007374179911021014,6.778343782104426e-05,0.06770292470666561,0.3937664318306551,0.09179615571469456
1742113058.4174888,5.070897858872365e-09,0.0,0.0007554963816455822,7.121023703704661e-05,0.06770292470666561,0.3937664318306551,0.09180181815594812
1742113058.518085,4.6935221362022126e-09,0.0,0.0007413832871266259,6.850928503642563e-05,0.06770292470666561,0.3937664318306551,0.09180253341168558
1742113058.6241388,4.544780346549517e-09,0.0,0.0007355722267603381,6.741498606800655e-05,0.06770292470666561,0.3937664318306551,0.09179812266797213
1742113058.7247574,4.883776467171773e-09,0.0,0.0007484765030829794,6.98840215440681e-05,0.06770292470666561,0.3937664318306551,0.09178828790158419
1742113058.8183858,4.883776467171773e-09,0.0,0.0007484765030829794,6.98840215440681e-05,0.06770292470666561,0.3937664318306551,0.09180992438763769
1742113058.9197614,4.74566601572563e-09,0.0,0.0007432452403619284,6.88887945585175e-05,0.06770292470666561,0.3937664318306551,0.09179561927289155
1742113059.017622,4.76713700372716e-09,0.0,0.0007441053475181501,6.904445671976251e-05,0.06770292470666561,0.3937664318306551,0.09180599048108251
1742113059.11786,4.433858930848691e-09,0.0,0.0007307207466322641,6.658722798591852e-05,0.06770292470666561,0.3937664318306551,0.09179496362179895
1742113059.21765,4.433858930848691e-09,0.0,0.0007307207466322641,6.658722798591852e-05,0.06770292470666561,0.3937664318306551,0.09179406955212747
1742113059.3178704,7.684600035667773e-16,0.0,1.1697779890734583e-05,2.7721111153176693e-08,0.06772812881801116,0.39376875209256923,0.09180277183026456
1742113059.4176333,8.481364221269401e-16,1.392371136001244e-56,1.2005682629401923e-05,2.912278184045851e-08,0.06772812882969248,0.3937687519656299,0.0917926986452975
1742113059.517924,4.894897252296164e-09,0.0,0.0007490166497959024,6.996354230809189e-05,0.0677029247137142,0.39376643175403725,0.09178047969311864
1742113059.6275814,4.684317089471367e-09,0.0,0.0007409563787110394,6.84420710489635e-05,0.0677029247137142,0.39376643175403725,0.09180521562070044
1742113059.7177582,4.446690584669023e-09,0.0,0.0007314586948896837,6.668351059046773e-05,0.0677029247137142,0.39376643175403725,0.09178793027371555
1742113059.819025,4.446690584669023e-09,0.0,0.0007314586948896837,6.668351059046773e-05,0.0677029247137142,0.39376643175403725,0.09179889752835432
1742113059.9211824,5.373050245898917e-09,0.0,0.0007663301212674033,7.330109307437999e-05,0.06770292471440342,0.3937664317465295,0.09179949357480192
1742113060.0313659,4.798798989650626e-09,7.1978922195086815e-84,0.0007453978802728953,6.927336421490316e-05,0.06770292471440342,0.3937664317465295,0.09179836108655128
1742113060.117766,4.800460981823324e-09,7.216979426092493e-84,0.0007454609392198353,6.928535907263038e-05,0.06772812880237922,0.39376875226232766,0.09181320264310032
1742113060.2345104,4.770772145363307e-09,0.0,0.0007443452683764024,6.907077634834653e-05,0.06770292472035067,0.3937664316819296,0.09181546761960188
1742113060.3178608,4.770772145363307e-09,0.0,0.0007443452683764024,6.907077634834653e-05,0.06770292472035067,0.3937664316819296,0.09182726933926735
1742113060.4205596,4.725720570315316e-09,0.0,0.000742684092304921,6.874387660232231e-05,0.06770292472035067,0.3937664316819296,0.09181701734036597
1742113060.5238342,2.437742503800005e-15,0.0,1.585181287995252e-05,4.937350001569673e-08,0.06770292471723849,0.39376643171572834,0.09181433513135115
1742113060.61763,4.0329020012266086e-09,0.0,0.0007140279906756764,6.350513366041055e-05,0.06772812881128942,0.3937687521654283,0.09180926873654512
1742113060.7176433,4.031499038059339e-09,0.0,0.0007139625834492069,6.349408663851571e-05,0.06770292473972006,0.39376643147160983,0.09181224896878398
1742113060.8174984,4.24817264723423e-09,0.0,0.0007242616609144578,6.517800738925845e-05,0.06770292473972006,0.39376643147160983,0.09180134131879007
1742113060.9226594,9.542514826904876e-09,0.0,0.0008935061335410664,9.768579644403211e-05,0.06770292473972006,0.39376643147160983,0.09180259301633023
1742113061.0198212,1.0293944780308832e-08,0.0,0.0009132881250999301,0.0001014590793389573,0.06770292473972006,0.39376643147160983,0.09180736138791243
1742113061.117671,1.199897821428464e-15,0.0,1.3152251529647695e-05,3.463954129933686e-08,0.06770292473972006,0.39376643147160983,0.09181308343381082
1742113061.2220993,1.807229769790032e-15,5.336384758336109e-73,1.4648624945592555e-05,4.251152514071957e-08,0.06770292473972006,0.39376643147160983,0.09181570603818077
1742113061.3179226,1.7062366841309085e-15,5.336384758336109e-73,1.4428375795379191e-05,4.130661792171938e-08,0.06770292473972006,0.39376643147160983,0.09179591729611537
1742113061.4178116,1.6640297194516387e-15,5.336384758336109e-73,1.4333860354447907e-05,4.0792520386115376e-08,0.06770292473972006,0.39376643147160983,0.0918030102488436
1742113061.519147,1.6640297194516387e-15,5.336384758336109e-73,1.4333860354447907e-05,4.0792520386115376e-08,0.06770292473972006,0.39376643147160983,0.09182101085156602
1742113061.617467,6.917242114009086e-09,5.3363847610365786e-73,0.0008175977223311814,8.316995920408453e-05,0.06770292474207196,0.39376643144607115,0.09182303740948818
1742113061.7214687,1.2956585327271903e-15,5.3363847610365786e-73,1.3420180065835672e-05,3.599525708655503e-08,0.06770292474207196,0.39376643144607115,0.09181844785184058
1742113061.8177178,7.709058615618825e-09,5.3363847610365786e-73,0.0008418454579101196,8.780124495483435e-05,0.06770292474207196,0.39376643144607115,0.0918189842936435
1742113061.9220703,2.4927997120332547e-12,5.343803037052018e-73,0.00010107748279786077,1.578860257284746e-06,0.06772812881025914,0.3937687521766966,0.09181671931714207
1742113062.0228686,8.512379606548053e-09,5.3438030494600076e-73,0.0008652390718184588,9.22625579883197e-05,0.06772812882105228,0.39376875205951656,0.09180742099255712
1742113062.1175256,8.509477196247742e-09,5.336384766275384e-73,0.0008651564903030264,9.224682756738978e-05,0.06770292474662654,0.3937664313964939,0.09181457354993008
1742113062.2176676,7.915339267205221e-09,5.336384761432284e-73,0.0008480737962823594,8.896819244654362e-05,0.06770292474241302,0.39376643144231416,0.09181093766659897
1742113062.3179014,7.731355710448763e-09,5.336384761432284e-73,0.0008426887175905593,8.792812809589866e-05,0.06770292474241302,0.39376643144231416,0.09180998399228246
1742113062.417794,1.0532017095648937e-08,5.336384761432284e-73,0.0009197108820069227,0.00010262561617670775,0.06770292474241302,0.39376643144231416,0.0918030102488436
1742113062.5178466,1.0532017095648937e-08,5.336384761432284e-73,0.0009197108820069227,0.00010262561617670775,0.06770292474241302,0.39376643144231416,0.09181963994473619
1742113062.6174757,8.051981178379428e-09,5.336384761432284e-73,0.0008517857158306789,8.973283222087347e-05,0.06770292474241302,0.39376643144231416,0.09182327582806747
1742113062.721923,1.5772081924920138e-13,5.336384755473808e-73,4.772298611910319e-05,3.971408053187199e-07,0.06770292473721895,0.39376643149864865,0.09181880547970915
1742113062.8258305,4.4328224871519705e-09,5.343803053114089e-73,0.0007312796529752723,6.657944492973767e-05,0.0677281288242213,0.39376875202497086,0.09181457354993008
1742113062.922879,4.612531460605995e-09,5.336384791529515e-73,0.0007375194698474504,6.791562015181776e-05,0.06770292476861783,0.3937664311576379,0.0918233354327122
1742113063.0308485,4.612531460605995e-09,5.336384791529515e-73,0.0007375194698474504,6.791562015181776e-05,0.06770292476861783,0.3937664311576379,0.09182738854855686
1742113063.1176212,3.3661942530200605e-09,3.363508230073825e-47,0.0006800862605162822,5.801891289071229e-05,0.06770292476861783,0.3937664311576379,0.0918077786204258
1742113063.2184591,2.479843925170497e-12,3.363508230073825e-47,0.00010093677458767937,1.5747520202147692e-06,0.06770292476861783,0.3937664311576379,0.0918313820597568
1742113063.319101,3.9407414757857035e-09,3.363508230073825e-47,0.0007096328857426403,6.2775325373794e-05,0.06770292476861783,0.3937664311576379,0.09183942868680142
1742113063.4196978,3.9407414757857035e-09,0.0,0.0007096328857426403,6.2775325373794e-05,0.06770292476861783,0.3937664311576379,0.09182929589718972
1742113063.5175583,1.1179003513144367e-15,0.0,1.2908644472256378e-05,3.343501684334011e-08,0.06770292476861783,0.3937664311576379,0.09183740212887913
1742113063.619723,3.746557156958791e-09,0.0,0.000699654697952607,6.120912641885024e-05,0.06770292476861783,0.3937664311576379,0.0918405611750523
1742113063.7177227,3.97618848183319e-09,0.0,0.0007109491314755611,6.30570256342082e-05,0.06770292476585382,0.39376643118768584,0.0918381769892611
1742113063.8176565,3.101231097766143e-09,0.0,0.0006643897727734928,5.5688698115202365e-05,0.06770292476585382,0.39376643118768584,0.0918446738955418
1742113063.9177098,3.1023154743386917e-09,0.0,0.0006644552124075278,5.569843332032502e-05,0.06772812877649415,0.39376875254326116,0.09184670045346416
1742113064.0312054,3.54644299022815e-09,0.0,0.0006890837473780796,5.955201919522251e-05,0.06770292475145823,0.3937664313439262,0.09184538915127902
1742113064.1191413,3.7015441950103528e-09,0.0,0.000697154913872841,6.0840317183676426e-05,0.06770292475145823,0.3937664313439262,0.09182905747861062
1742113064.2182953,3.730809693205936e-09,6.844780504464179e-75,0.0006986029621327235,6.108035439653191e-05,0.06770292475145823,0.3937664313439262,0.09184711768597763
1742113064.318788,4.078151761478296e-09,6.844780504464179e-75,0.0007157315869029195,6.386040840362906e-05,0.06770292475145823,0.3937664313439262,0.0918369252917209
1742113064.41791,3.8972320727050064e-09,0.0,0.0007070482876204491,6.242781489612628e-05,0.06770292475145823,0.3937664313439262,0.09183901145428808
1742113064.5177314,3.8985860060504815e-09,0.0,0.0007071145756386738,6.243865794562278e-05,0.06772812875034617,0.39376875282719315,0.09184759452313576
1742113064.617716,3.764938644786906e-09,0.0,0.0007004839075226325,6.13590958602464e-05,0.0677281287558742,0.39376875276710166,0.0918428261515536
1742113064.7178087,3.111679956416108e-09,0.0,0.0006650087200491703,5.578243412057337e-05,0.06770292472489103,0.39376643163236036,0.09183895184964332
1742113064.8181221,3.111679956416108e-09,0.0,0.0006650087200491703,5.578243412057337e-05,0.06770292472489103,0.39376643163236036,0.09181403710812719
1742113064.9190896,3.899672024885628e-09,4.4688805671510394e-61,0.0007073365854799679,6.244735402629665e-05,0.06770292475913209,0.3937664312605449,0.09184354140729109
1742113065.0178485,3.271957612083228e-09,4.259629980415676e-85,0.0006741065760029954,5.720102806841175e-05,0.06770292475913209,0.3937664312605449,0.09183168008298076
1742113065.1175818,3.2730996611027446e-09,4.271201526145731e-85,0.0006741721300375622,5.7211009964016054e-05,0.06772812875932743,0.3937687527295406,0.09184515073269993
1742113065.2175395,3.550606965744911e-09,0.0,0.0006895291822533202,5.9586969764747314e-05,0.06770292474315198,0.393766431434063,0.09183561398953588
1742113065.3242445,3.942954338807735e-09,4.966582775395123e-81,0.0007095851189155222,6.279294816145945e-05,0.06770292474315198,0.393766431434063,0.09184848859280728
1742113065.4176714,4.3423580224144035e-09,2.116060021694349e-83,0.0007283575171618733,6.589657064229066e-05,0.06770292474315198,0.393766431434063,0.09183179929227023
1742113065.5200484,4.3423580224144035e-09,2.116060021694349e-83,0.0007283575171618733,6.589657064229066e-05,0.06770292474315198,0.393766431434063,0.09183227612942842
1742113065.617467,3.836255675760265e-09,6.268040566621229e-87,0.0007043430234491721,6.193751428464226e-05,0.06770292474315198,0.393766431434063,0.0918425281283298
1742113065.718444,4.083449191867824e-09,6.6719221112794114e-77,0.0007165036308746839,6.39018715834507e-05,0.06770292474315198,0.393766431434063,0.09184979989499238
1742113065.8183963,4.084866701005706e-09,3.648026053123123e-83,0.0007165702972491819,6.391296191701419e-05,0.06772812876106116,0.3937687527107645,0.09184932305783418
1742113065.9365659,3.859873693527766e-09,5.97968805882255e-76,0.0007062099913341993,6.212788177241974e-05,0.06770292476196715,0.39376643122975263,0.09184217050046115
1742113066.0186512,3.859873694408293e-09,5.97968801713139e-76,0.0007062099913861806,6.212788177950615e-05,0.06770292477497719,0.39376643108854026,0.09185337617367903
1742113066.1175718,3.94105651397878e-09,2.9365860625103795e-85,0.0007097190754143973,6.277783457541985e-05,0.06770292477497719,0.39376643108854026,0.09185516431302222
1742113066.2242208,3.770428785259271e-09,2.9365860625103795e-85,0.0007011802388820196,6.140381735087217e-05,0.06770292477497719,0.39376643108854026,0.09185212447613873
1742113066.3188224,3.238605371723366e-09,2.936586052034046e-85,0.0006726950351418161,5.690874600378544e-05,0.06770292478119444,0.393766431020941,0.09185748889416848
1742113066.4177399,3.953693872075511e-09,2.936586052034046e-85,0.000710532077597281,6.287840545112058e-05,0.06770292478119444,0.393766431020941,0.09184538915127902
1742113066.5178704,3.8350962525156806e-09,2.936586052034046e-85,0.0007046046471740873,6.192815395694983e-05,0.06770292478119444,0.393766431020941,0.09185307815045497
1742113066.618386,3.8350962525156806e-09,2.936586052034046e-85,0.0007046046471740873,6.192815395694983e-05,0.06770292478119444,0.393766431020941,0.09184544875592383
1742113066.7175386,3.660216677707165e-09,1.733134728257577e-65,0.000695559974562146,6.049972460852334e-05,0.06770292478119444,0.393766431020941,0.09184997870892671
1742113066.8202736,3.5704149728671593e-09,2.0074933630102522e-66,0.0006908159167620157,5.975294949094278e-05,0.06770292478348239,0.3937664309961457,0.09185194566220431
1742113066.9179184,2.5531342263129676e-09,2.61278477500295e-61,0.0006289857684673086,5.052854862662263e-05,0.06770292478348239,0.3937664309961457,0.09185421063870583
1742113067.0177557,2.5531342263129676e-09,2.61278477500295e-61,0.0006289857684673086,5.052854862662263e-05,0.06770292478348239,0.3937664309961457,0.09185945584744609
1742113067.1176138,3.7981504222946536e-09,1.5199657398181068e-33,0.0007024162745678823,6.162913614756135e-05,0.06770292478348239,0.3937664309961457,0.09186946942776834
1742113067.2176428,2.8446910951655532e-09,1.5199657398181068e-33,0.0006483369063783376,5.33356456337181e-05,0.06770292478348239,0.3937664309961457,0.09186225726575048
1742113067.3212328,2.9426796528262056e-09,1.5199657398181068e-33,0.000654490429706017,5.4246471339859567e-05,0.06770292478348239,0.3937664309961457,0.0918679197070041
1742113067.417591,3.0361876161656152e-09,5.398737389274133e-59,0.0006602572374134781,5.5101611738365835e-05,0.0677029247765546,0.39376643107126075,0.09186195924252662
1742113067.5182488,3.0361876161656152e-09,5.398737389274133e-59,0.0006602572374134781,5.5101611738365835e-05,0.0677029247765546,0.39376643107126075,0.09187078072995346
1742113067.6190698,3.032929295744849e-09,5.398737389274133e-59,0.000660070232663507,5.5072037330616785e-05,0.0677029247765546,0.39376643107126075,0.09186815812558324
1742113067.717661,3.1950157885758093e-09,2.233763208282002e-90,0.000669735439095604,5.6524470705843934e-05,0.06772812873897038,0.3937687529503773,0.09185444905728486
1742113067.8181636,3.42456054940624e-09,2.227585228129236e-90,0.0006827846977237221,5.851974495335946e-05,0.06770292477946072,0.3937664310397144,0.09187364175290257
1742113067.9175029,3.42456054940624e-09,2.227585228129236e-90,0.0006827846977237221,5.851974495335946e-05,0.06770292477946072,0.3937664310397144,0.09186648919552942
1742113068.0182612,3.6944483433103626e-09,2.227585228129236e-90,0.0006972301620331853,6.078197383526108e-05,0.06770292477946072,0.3937664310397144,0.09185123040646698
1742113068.1183074,3.688048407364279e-09,2.2337632389382113e-90,0.0006970162641070998,6.072930435435828e-05,0.06772812871578537,0.3937687532020071,0.09187537028760104
1742113068.2177298,3.780974925952331e-09,2.2337632301531465e-90,0.0007018904824887791,6.14896326704944e-05,0.06772812872242895,0.39376875312989945,0.09186964824170259
1742113068.3178177,4.013225917356678e-09,2.227585246927643e-90,0.000713394194197323,6.335002697202803e-05,0.06770292476520012,0.39376643119444843,0.09186452224225197
1742113068.417475,4.013225917356678e-09,2.227585246927643e-90,0.000713394194197323,6.335002697202803e-05,0.06770292476520012,0.39376643119444843,0.09187626435727271
1742113068.5176702,3.4929742760726315e-09,2.227585246927643e-90,0.0006870428022157412,5.910138979814799e-05,0.06770292476520012,0.39376643119444843,0.09185701205701025
1742113068.6203814,3.533144837796426e-09,2.3041391064671867e-75,0.0006892551367861601,5.9440262766885765e-05,0.06770292476520012,0.39376643119444843,0.09187095954388771
1742113068.721407,3.5331448368588103e-09,2.304139124999253e-75,0.000689255136727287,5.944026275899872e-05,0.0677029247501153,0.39376643135819833,0.09185796573132668
1742113068.8182144,3.800113954218984e-09,2.85131183964251e-41,0.0007032362222649983,6.164506431352785e-05,0.06772812869190403,0.39376875346114915,0.09187107875317717
1742113068.9175916,3.8477648675984415e-09,2.848818921254353e-41,0.0007056454813967393,6.203035440490762e-05,0.06770292475502515,0.3937664313048632,0.09186529710263398
1742113069.0218585,4.2083121022013135e-09,2.848818921254353e-41,0.0007226739125719272,6.487150454707608e-05,0.06770292475502515,0.3937664313048632,0.09185039594144014
1742113069.1281788,4.208312103777888e-09,7.314092877514548e-49,0.000722673912656022,6.48715045592276e-05,0.06770292477619932,0.3937664310750124,0.09186863496274142
1742113069.245516,4.717870257927586e-09,8.883610450040697e-63,0.0007449115383932454,6.868675460325365e-05,0.06770292477619932,0.3937664310750124,0.09187185361355932
1742113069.3177042,4.358951307253836e-09,8.883610450040697e-63,0.0007295221210907812,6.602235460246654e-05,0.06770292477619932,0.3937664310750124,0.09187340333432344
1742113069.4190445,4.308870732467665e-09,8.883610450040697e-63,0.0007272567919607775,6.564198909591074e-05,0.06770292477619932,0.3937664310750124,0.09186952903241304
1742113069.5181432,4.422824863101678e-09,8.883610450040697e-63,0.0007322865676790426,6.650432213850223e-05,0.06770292477619932,0.3937664310750124,0.09187215163678315
1742113069.6191049,4.422824863101678e-09,8.883610450040697e-63,0.0007322865676790426,6.650432213850223e-05,0.06770292477619932,0.3937664310750124,0.09184574677914766
1742113069.7175934,4.708760282511099e-09,3.484603198588492e-268,0.0007446765669247349,6.862040718701034e-05,0.06770292477619932,0.3937664310750124,0.09186732366055629
1742113069.8211079,4.891218330016694e-09,2.5132105900393586e-62,0.0007521559725228975,6.993724565649332e-05,0.06770292477619932,0.3937664310750124,0.09185522391766698
1742113069.917641,4.615644252830775e-09,6.38987395869932e-80,0.0007409958206973778,6.793853290166615e-05,0.06770292477619932,0.3937664310750124,0.09186499907941018
1742113070.0181508,5.238916397562268e-09,6.38987395869932e-80,0.0007657850546008248,7.238035919752172e-05,0.06770292477619932,0.3937664310750124,0.09185790612668195
1742113070.1178114,5.660156616077738e-09,2.6157212434457815e-89,0.0007812500097613538,7.523401236194795e-05,0.06770292477619932,0.3937664310750124,0.0918657739397922
1742113070.2176292,5.660156616077738e-09,2.6157212434457815e-89,0.0007812500097613538,7.523401236194795e-05,0.06770292477619932,0.3937664310750124,0.09186672761410863
1742113070.3221507,6.297952296526569e-09,1.562243886664484e-82,0.0008033454090547673,7.93596389641899e-05,0.06772812873792589,0.39376875296164293,0.0918583829638401
1742113070.4178874,6.047994108960749e-09,2.516821079868461e-89,0.0007948602140060253,7.776885050558964e-05,0.06770292476208795,0.39376643122824717,0.0918507535693088
1742113070.5176644,6.930287329047645e-09,2.516821079868461e-89,0.0008241965032719803,8.324834730520268e-05,0.06770292476208795,0.39376643122824717,0.09185450866192975
1742113070.6177998,7.089373084462504e-09,0.0,0.0008287906435257118,8.419841497595132e-05,0.06770292476208795,0.39376643122824717,0.0918657739397922
1742113070.7176816,7.063857337539922e-09,3.461798412609312e-230,0.0008283615295369686,8.404675685319405e-05,0.06770292476208795,0.39376643122824717,0.09185403182477159
1742113070.81863,7.063857337539922e-09,3.461798412609312e-230,0.0008283615295369686,8.404675685319405e-05,0.06770292476208795,0.39376643122824717,0.0918679197070041
1742113070.9175963,7.059536358737651e-09,3.461798412609312e-230,0.0008280159332025476,8.402104711759817e-05,0.06770292476208795,0.39376643122824717,0.09184985949963723
1742113071.0193186,7.474669202108549e-09,0.0,0.0008407995686380047,8.645616925418654e-05,0.06770292478222473,0.39376643100966735,0.09186720445126696
1742113071.1175227,7.006982580021849e-09,0.0,0.000826342867998361,8.370772114937695e-05,0.06770292478222473,0.39376643100966735,0.09187364175290257
1742113071.2179334,7.1855267142363204e-09,0.0,0.0008314669142651425,8.476748618566154e-05,0.06770292478222473,0.39376643100966735,0.09186559512585779
1742113071.3201435,7.0276721768463385e-09,0.0,0.0008263788966540002,8.383121242619803e-05,0.06770292478222473,0.39376643100966735,0.09186821773022799
1742113071.4176674,7.030079594235387e-09,0.0,0.0008264544805078516,8.384556991419038e-05,0.06772812876810264,0.39376875263415023,0.09186440303296234
1742113071.520048,6.4751324016202046e-09,0.0,0.0008039643677353839,8.04682073965874e-05,0.0677281287866549,0.39376875243284815,0.09184842898816258
1742113071.621695,6.930316771129925e-09,0.0,0.000818448219583291,8.324852413784838e-05,0.06770292481163409,0.3937664306904374,0.09184711768597763
1742113071.7212894,6.930316771129925e-09,0.0,0.000818448219583291,8.324852413784838e-05,0.06770292481163409,0.3937664306904374,0.09186899259061013
1742113071.817853,5.882417726137862e-09,0.0,0.0007840794755628649,7.66969212298503e-05,0.06770292481163409,0.3937664306904374,0.0918630321261324
1742113071.917866,8.136081578653205e-09,0.0,0.0008545025543826177,9.020023048004481e-05,0.06770292481163409,0.3937664306904374,0.0918703634974398
1742113072.0179944,7.23615651648503e-09,0.0,0.000827498866753333,8.506560125270984e-05,0.06770292481163409,0.3937664306904374,0.09187507226437718
1742113072.1176412,7.76325699728744e-09,0.0,0.0008433705801187027,8.81093468213642e-05,0.06770292481163409,0.3937664306904374,0.09187173440426971
1742113072.21749,6.95153376462915e-09,0.0,0.0008186529371771061,8.337585840415168e-05,0.06770292481163409,0.3937664306904374,0.09186273410290859
1742113072.323371,6.953918059456156e-09,0.0,0.0008187275422303216,8.339015565074906e-05,0.06772812873163048,0.3937687530299998,0.09188127114743389
1742113072.418459,6.951533762431999e-09,0.0,0.0008186529371127427,8.33758583909755e-05,0.06770292479087914,0.3937664309157771,0.09188693358868741
1742113072.527269,6.675589403421864e-09,0.0,0.0008099592179288791,8.170428020258096e-05,0.06770292479087914,0.3937664309157771,0.09187799289197124
1742113072.6175807,6.990877224615523e-09,6.953223078138471e-71,0.0008201111798088313,8.361146586811837e-05,0.06770292479087914,0.3937664309157771,0.09187447621792938
1742113072.7230353,7.722578343768027e-09,6.953223078138471e-71,0.0008426204528453722,8.787820175542981e-05,0.06770292479087914,0.3937664309157771,0.09187107875317717
1742113072.8194995,7.722578343768027e-09,6.953223078138471e-71,0.0008426204528453722,8.787820175542981e-05,0.06770292479087914,0.3937664309157771,0.0918822844263949
1742113072.9177144,5.969827352246598e-09,6.953223078138471e-71,0.0007917688945015056,7.726465784721108e-05,0.06770292479087914,0.3937664309157771,0.09186452224225197
1742113073.017875,7.252827424838855e-09,6.953223078138471e-71,0.0008337240356679711,8.516353342152293e-05,0.06770292479087914,0.3937664309157771,0.09186976745099208
1742113073.1173325,6.835944477327658e-09,6.953223078138471e-71,0.0008207475857058889,8.267977066566923e-05,0.06770292479087914,0.3937664309157771,0.09187566831082498
1742113073.2176678,6.137777562209e-09,6.953223078138471e-71,0.0007978814556115461,7.834396953313637e-05,0.06770292479087914,0.3937664309157771,0.09186756207913557
1742113073.3176932,6.137777562209e-09,6.953223078138471e-71,0.0007978814556115461,7.834396953313637e-05,0.06770292479087914,0.3937664309157771,0.09187274768323093
1742113073.4206343,5.675570272871714e-09,6.953223078138471e-71,0.0007818072309583338,7.533638080550269e-05,0.06770292479087914,0.3937664309157771,0.09187471463650858
1742113073.5178857,6.1438802726974995e-09,6.968068160578714e-71,0.0007981704607523479,7.838290803930089e-05,0.06772812870893574,0.39376875327636807,0.09187984063595915
1742113073.6221268,6.141769920245027e-09,6.953223055027312e-71,0.0007980986291245408,7.836944506786447e-05,0.06770292476630857,0.39376643118242605,0.09186487987012058
1742113073.7173426,5.706595998988108e-09,6.953223055027312e-71,0.0007829599274175053,7.554201479301507e-05,0.06770292476630857,0.39376643118242605,0.09187221124142793
1742113073.817606,4.90314661088964e-09,6.953223055027312e-71,0.0007526361563854791,7.002247218493246e-05,0.06770292476630857,0.39376643118242605,0.09186017110318336
1742113073.924684,4.815965086512044e-09,6.953223055027312e-71,0.0007490715828429626,6.939715474363516e-05,0.06770292476630857,0.39376643118242605,0.09187984063595915
1742113074.0198824,4.815965086512044e-09,6.953223055027312e-71,0.0007490715828429626,6.939715474363516e-05,0.06770292476630857,0.39376643118242605,0.0918561775919833
1742113074.1213582,4.812534199080416e-09,6.953223055027312e-71,0.0007489662836287685,6.937243111698202e-05,0.06770292476630857,0.39376643118242605,0.09186678721875337
1742113074.2200208,6.052659256786801e-09,0.0,0.0007951097446426431,7.779883840255458e-05,0.06770292476630857,0.39376643118242605,0.09187733724087853
1742113074.317619,5.397245248233703e-09,0.0,0.0007716662316422929,7.346594618075576e-05,0.06770292476630857,0.39376643118242605,0.09186517789334442
1742113074.417618,5.3972452484823435e-09,0.0,0.0007716662316516869,7.346594618244799e-05,0.06770292476894468,0.39376643115388976,0.09186744286984584
1742113074.5175858,5.728661097858228e-09,2.3669412649727733e-76,0.0007837667287937157,7.568791910112359e-05,0.06770292476610251,0.393766431184682,0.09186499907941018
1742113074.6190867,4.447000642526422e-09,2.3669412649727733e-76,0.0007334361228324739,6.668583539647997e-05,0.06770292476610251,0.393766431184682,0.09185552194089092
1742113074.7198567,4.929334036463017e-09,4.0544863215604903e-76,0.0007535059370563688,7.020921617895343e-05,0.0677029247728882,0.3937664311110689,0.0918613631960788
1742113074.822625,5.548961009637761e-09,4.062984452484671e-76,0.0007772560572093224,7.44913485556394e-05,0.0677281287321918,0.3937687530239895,0.09187775447339207
1742113074.9177253,5.075374929758376e-09,4.0544862738930087e-76,0.0007593328499926154,7.12416656862989e-05,0.06770292479531292,0.3937664308677036,0.0918509323832431
1742113075.0201604,5.075374929758376e-09,4.0544862738930087e-76,0.0007593328499926154,7.12416656862989e-05,0.06770292479531292,0.3937664308677036,0.09185474708050871
1742113075.118603,4.43051273957568e-09,4.0544862738930087e-76,0.0007326531999511016,6.656209686883129e-05,0.06770292479531292,0.3937664308677036,0.09185671403378637
1742113075.2227561,4.3966841440053475e-09,4.0544862738930087e-76,0.0007313656014822109,6.630749689141755e-05,0.06770292479531292,0.3937664308677036,0.09186517789334442
1742113075.320513,4.3966841440053475e-09,4.0544862738930087e-76,0.0007313656014822109,6.630749689141755e-05,0.06770292479531292,0.3937664308677036,0.09187191321820415
1742113075.4199998,4.8007292363939054e-09,4.0544862738930087e-76,0.000748537908890581,6.92872949132372e-05,0.06770292479531292,0.3937664308677036,0.09185891940564314
1742113075.5254035,3.793871123103169e-09,4.0544862738930087e-76,0.0007032972196285898,6.159440821294712e-05,0.06770292479531292,0.3937664308677036,0.09187084033459814
1742113075.6181235,5.0295154448043285e-09,4.054486279042419e-76,0.0007577581691379498,7.09190767340095e-05,0.06770292479288997,0.39376643089399455,0.09186875417203097
1742113075.7279596,4.828720002853081e-09,4.054486279042419e-76,0.0007499216283930294,6.948899195450371e-05,0.06770292479288997,0.39376643089399455,0.09186863496274142
1742113075.8186524,4.828720002853081e-09,4.054486279042419e-76,0.0007499216283930294,6.948899195450371e-05,0.06770292479288997,0.39376643089399455,0.0918689329859653
1742113075.9174905,5.067430196528646e-09,4.054486279042419e-76,0.0007593826745167134,7.118588481243066e-05,0.06770292479288997,0.39376643089399455,0.09186940982312351
1742113076.0312274,4.807111650553736e-09,4.062984415774544e-76,0.0007492215842731571,6.933333722354447e-05,0.06772812874942247,0.3937687528369631,0.09187525107831165
1742113076.1191988,5.620423848300545e-09,1.3627184376422533e-75,0.0007798002549874047,7.4969486114689e-05,0.0677029247766967,0.3937664310697624,0.09183978631467023
1742113076.2178655,5.015538802724809e-09,1.3627184376422533e-75,0.0007572384341619424,7.082046881181182e-05,0.0677029247766967,0.3937664310697624,0.09185820414990573
1742113076.3198192,5.015538801923463e-09,1.3627184444446577e-75,0.0007572384341278032,7.082046880615422e-05,0.06770292476734596,0.39376643117116394,0.09185015752286109
1742113076.4175963,6.202084195668942e-09,1.3627184444446577e-75,0.0007999676619222737,7.875331228379504e-05,0.06770292476734596,0.39376643117116394,0.0918624360796848
1742113076.5198562,5.746142941632952e-09,0.0,0.0007843098136399494,7.580331748434862e-05,0.06770292476734596,0.39376643117116394,0.0918576677081028
1742113076.6176128,5.411061561353241e-09,9.834823086098311e-189,0.0007722185347652359,7.355991817119728e-05,0.06770292476734596,0.39376643117116394,0.09187352254361304
1742113076.7176008,5.3863404435924385e-09,9.834823746478027e-189,0.0007713088321971316,7.339169192485235e-05,0.06770292472847217,0.39376643159329916,0.09184002473324923
1742113076.8360639,5.3863404435924385e-09,8.559257117414003e-60,0.0007713088321971316,7.339169192485235e-05,0.06770292472847217,0.39376643159329916,0.09187197282284895
1742113076.917625,6.070072536940829e-09,0.0,0.0007954860113693537,7.79106702380414e-05,0.06770292472847217,0.39376643159329916,0.09184544875592383
1742113077.0185719,6.437238679761014e-09,0.0,0.0008077280750460016,8.023240417537676e-05,0.06770292472847217,0.39376643159329916,0.09185456826657455
1742113077.1243725,6.736117323495259e-09,0.0,0.0008177318737428123,8.207385286128134e-05,0.06770292472847217,0.39376643159329916,0.09184956147641336
1742113077.2185116,6.73842629361035e-09,0.0,0.0008178063029813512,8.208791807330937e-05,0.06772812868555889,0.393768753530253,0.09187239005536228
1742113077.3176167,5.512228599097577e-09,0.0,0.0007759125548035442,7.424438429334286e-05,0.06770292473607498,0.3937664315106719,0.09185891940564314
1742113077.4198565,6.668675934166808e-09,0.0,0.000815212056135535,8.166196136615143e-05,0.06770292473607498,0.3937664315106719,0.0918514688250462
1742113077.5276246,7.182641434659044e-09,0.0,0.0008311822187382357,8.475046568992435e-05,0.06770292473607498,0.3937664315106719,0.09186392619580411
1742113077.6178536,6.337913824944355e-09,0.0,0.0007995084661445665,7.961101572611893e-05,0.0677029247061185,0.39376643183591664,0.09183811738461639
1742113077.7176013,6.1144925439444705e-09,0.0,0.0007966854750272026,7.819522072316486e-05,0.06772812872015521,0.3937687531546823,0.09183799817532674
1742113077.8175085,6.112390648421324e-09,0.0,0.00079661490427797,7.818177951684986e-05,0.06770292471179573,0.39376643177432413,0.09183096482724336
1742113077.9174578,6.315653143342872e-09,0.0,0.000798777184444327,7.947108369301927e-05,0.06770292471179573,0.39376643177432413,0.09184169366330291
1742113078.0176108,6.22224204485105e-09,0.0,0.0007956859453406519,7.888118942340467e-05,0.06772812873246181,0.39376875302098124,0.09183406426877178
1742113078.1186974,6.361383473899267e-09,0.0,0.0008051204160330021,7.975828153802756e-05,0.06772812871053446,0.3937687532590921,0.09185295894116542
1742113078.2260165,6.780630421039185e-09,0.0,0.0008186293458385472,8.234458343472985e-05,0.06770292470702088,0.39376643182615023,0.0918561775919833
1742113078.3194194,6.7806304183818575e-09,0.0,0.000818629345765952,8.234458341859444e-05,0.06770292468343797,0.393766432082284,0.09183585240811513
1742113078.4224293,5.5821288919395655e-09,0.0,0.0007783725220357354,7.47136459553378e-05,0.06770292468343797,0.393766432082284,0.0918505151507298
1742113078.5174575,6.1693662122250534e-09,0.0,0.0007987125641732685,7.854531311431035e-05,0.06770292468343797,0.393766432082284,0.09183334901303453
1742113078.6180253,7.755901182124576e-09,0.0,0.0008494714439001255,8.80675943927423e-05,0.06770292468343797,0.393766432082284,0.09184997870892671
1742113078.717623,8.122701168378741e-09,0.0,0.0008604373177841404,9.012602936099394e-05,0.06770292468537065,0.39376643206125905,0.09185164763898035
1742113078.8180737,7.569717013709908e-09,4.255979050618963e-77,0.0008434768773262133,8.700412067086196e-05,0.06770292468537065,0.39376643206125905,0.0918580253359714
1742113078.9176915,7.57230416051916e-09,4.266193112891634e-77,0.0008435554093539958,8.701898735631873e-05,0.06772812870728728,0.39376875329439454,0.09183674647778653
1742113079.0174792,6.992915769905446e-09,5.1924348712354964e-79,0.0008257466727999553,8.362365556411323e-05,0.06770292468343797,0.39376643208229023,0.09184157445401331
1742113079.1181257,7.700466196012904e-09,1.488761800184562e-82,0.0008476983811853648,8.775230023203325e-05,0.06770292468343797,0.39376643208229023,0.09183090522259858
1742113079.2184656,7.151296347114203e-09,1.488761794045177e-82,0.0008308660425318861,8.456533774020065e-05,0.06770292469077077,0.39376643200266503,0.09183722331494475
1742113079.317653,7.256905252652212e-09,1.488761794045177e-82,0.0008344946960629197,8.518747121879022e-05,0.06770292469077077,0.39376643200266503,0.09184342219800146
1742113079.4176354,7.595945038489642e-09,1.488761789585878e-82,0.0008447721150858224,8.715471896856556e-05,0.06770292469609984,0.3937664319448251,0.09184801175564919
1742113079.5179894,7.790810015604953e-09,1.488761789585878e-82,0.0008507224469448036,8.826556528797033e-05,0.06770292469609984,0.3937664319448251,0.09183871343106423
1742113079.6180122,7.790810015604953e-09,1.488761789585878e-82,0.0008507224469448036,8.826556528797033e-05,0.06770292469609984,0.3937664319448251,0.0918612439867892
1742113079.720334,7.507761686797911e-09,1.2735752447949919e-61,0.0008419859373980956,8.664734091013936e-05,0.06770292469609984,0.3937664319448251,0.09183936908215677
1742113079.8210254,7.063093717346687e-09,1.2735752447949919e-61,0.0008282531066025813,8.404221390079326e-05,0.06770292469609984,0.3937664319448251,0.09183442189664032
1742113079.9176493,7.0533558259626e-09,4.900171083762062e-44,0.0008277093994716145,8.398425939402335e-05,0.06770292469609984,0.3937664319448251,0.09184479310483122
1742113080.017462,7.39852131521771e-09,4.900171096637269e-44,0.000838249390226151,8.601465756031183e-05,0.06770292468925021,0.39376643201918604,0.0918388922449985
1742113080.117472,7.401051519653425e-09,4.905215057186156e-44,0.0008383270248803573,8.602936428716316e-05,0.06772812868300804,0.39376875355803076,0.09185212447613873
1742113080.2175312,6.8722163264189855e-09,4.90017109767686e-44,0.0008218648993747936,8.289883187608247e-05,0.06770292468869599,0.3937664320251919,0.09182768657178067
1742113080.3175726,7.282242650127495e-09,7.022693665453896e-133,0.0008349208697837977,8.533605715128567e-05,0.06772812872203104,0.39376875313439363,0.0918343622919956
1742113080.4175441,7.089715277747465e-09,5.0426749854022846e-51,0.0008291078157331874,8.420044701631616e-05,0.06770292471277628,0.39376643176379833,0.09185009791821627
1742113080.519847,7.4261253336020485e-09,5.0426749854022846e-51,0.0008394079241490581,8.617496929852686e-05,0.06770292471277628,0.39376643176379833,0.09185134961575654
1742113080.6191196,7.927165433563186e-09,3.4991184770597468e-68,0.0008540034061614789,8.903463052971685e-05,0.06770292471277628,0.39376643176379833,0.0918515880343357
1742113080.724769,7.927165433590505e-09,3.4991184766955575e-68,0.0008540034061621655,8.903463052987026e-05,0.06770292471298234,0.39376643176154946,0.09185176684826989
1742113080.822171,7.127772934755104e-09,3.4991184766955575e-68,0.0008297526259950353,8.442613893075477e-05,0.06770292471298234,0.39376643176154946,0.0918385346171298
1742113080.918516,7.571734773932534e-09,3.4991184766955575e-68,0.0008431701601666729,8.70157156721275e-05,0.06770292471298234,0.39376643176154946,0.09184175326794769
1742113081.0175085,7.571734773932534e-09,0.0,0.0008431701601666729,8.70157156721275e-05,0.06770292471298234,0.39376643176154946,0.09184163405865818
1742113081.1179297,7.2525802795681325e-09,0.0,0.0008332483808719562,8.516208240507117e-05,0.06770292471298234,0.39376643176154946,0.09185409142941635
1742113081.2174892,7.088520968485487e-09,0.0,0.0008281179728351977,8.419335465751134e-05,0.06770292471298234,0.39376643176154946,0.09184360101193582
1742113081.3189723,7.37781144618717e-09,0.0,0.0008322854965983426,8.589418749942961e-05,0.06772812872293343,0.39376875312463255,0.09184139564007916
1742113081.4175627,7.375287583661935e-09,0.0,0.0008322085242512766,8.587949454707996e-05,0.06770292470509531,0.39376643184717786,0.0918412168261448
1742113081.517683,6.924635943699206e-09,0.0,0.0008182876011968256,8.321439745440212e-05,0.06770292470509531,0.39376643184717786,0.09183173968762548
1742113081.6191082,7.837555191179164e-09,0.0,0.0008460863634232891,8.852996775769866e-05,0.06770292470509531,0.39376643184717786,0.09184312417477751
1742113081.7176478,7.595108298619281e-09,0.0,0.0008387344084020873,8.714991852330833e-05,0.06770292470509531,0.39376643184717786,0.09184616401166112
1742113081.8176017,6.70874249069286e-09,0.0,0.000811180805988684,8.190691357078998e-05,0.06770292470509531,0.39376643184717786,0.09184336259335674
1742113081.9174707,6.708742489548364e-09,0.0,0.0008111808059551006,8.190691356380342e-05,0.06770292469423111,0.39376643196510663,0.09183400466412699
1742113082.0175967,6.6300174914076e-09,2.559903418818888e-122,0.0008086569026466501,8.142491935155723e-05,0.06772812870971734,0.39376875326810357,0.09183722331494475
1742113082.119546,6.929804365575093e-09,9e-323,0.0008181730314333646,8.324544651556079e-05,0.06770292468772965,0.3937664320357177,0.0918448527094761
1742113082.2185931,6.511245919396661e-09,0.0,0.0008048384584381825,8.069229157358626e-05,0.06770292468772965,0.3937664320357177,0.09185456826657455
1742113082.3175814,6.511245919396661e-09,0.0,0.0008048384584381825,8.069229157358626e-05,0.06770292468772965,0.3937664320357177,0.09185587956875947
1742113082.4175982,6.648850014903145e-09,0.0,0.0008093351711553734,8.154048083561406e-05,0.06770292470059758,0.39376643189600724,0.09186696603268765
1742113082.5179367,7.454204863028091e-09,0.0,0.0008343616470984648,8.633773718964431e-05,0.06770292470059758,0.39376643189600724,0.09184521033734462
1742113082.6179361,7.454204863028091e-09,0.0,0.0008343616470984648,8.633773718964431e-05,0.06770292470059758,0.39376643189600724,0.09184342219800146
1742113082.7175074,7.310515888218879e-09,0.0,0.0008301519046437132,8.550155488772634e-05,0.06770292470059758,0.39376643189600724,0.09185540273160125
1742113082.8175871,7.248450000148685e-09,0.0,0.0008282588807993573,8.513782943056914e-05,0.06770292470059758,0.39376643189600724,0.09183615043133875
1742113082.917656,7.892255532802907e-09,0.0,0.0008474004748188739,8.883836745912718e-05,0.06772812869097322,0.3937687534716634,0.09184544875592383
1742113083.0179904,6.939161486103386e-09,0.0,0.0008184157176417867,8.330162955250867e-05,0.06772812868951661,0.3937687534874392,0.09184670045346416
1742113083.117494,6.936782733808277e-09,0.0,0.0008183411557394946,8.328735038292595e-05,0.06770292468448247,0.39376643207102724,0.09183603122204928
1742113083.2208014,6.9135836746739965e-09,2.370652922868355e-309,0.0008175704424794749,8.314796254072613e-05,0.06770292468448247,0.39376643207102724,0.09184830977887304
1742113083.3189864,6.103728885201808e-09,0.0,0.0007913527097719251,7.81263648533695e-05,0.06770292468448247,0.39376643207102724,0.09186470105618637
1742113083.4177268,6.793143040132703e-09,0.0,0.0008137735701789249,8.242052559971153e-05,0.06770292468448247,0.39376643207102724,0.09185564115018038
1742113083.5202537,6.793143040132703e-09,0.0,0.0008137735701789249,8.242052559971153e-05,0.06770292468448247,0.39376643207102724,0.0918549854990878
1742113083.6175497,6.9386610211183524e-09,0.0,0.0008182539830007921,8.329862556560194e-05,0.06770292467140848,0.39376643221298746,0.09184372022122532
1742113083.7179155,6.074077497615603e-09,0.0,0.0007903122316581011,7.79363682603674e-05,0.06770292467140848,0.39376643221298746,0.09183477952450908
1742113083.8183277,7.445382568479815e-09,0.0,0.0008338249127813065,8.62866302997157e-05,0.06772812864385713,0.3937687539831911,0.09185796573132668
1742113083.9175284,7.108391051505471e-09,0.0,0.0008235468816027771,8.431127475910604e-05,0.06770292464268834,0.3937664325247061,0.09186482026547586
1742113084.0176392,6.786710899898767e-09,0.0,0.0008135235700518688,8.238149610136227e-05,0.06770292464268834,0.3937664325247061,0.09186070754498629
1742113084.1178916,6.786710899898767e-09,0.0,0.0008135235700518688,8.238149610136227e-05,0.06770292464268834,0.3937664325247061,0.09185123040646698
1742113084.2184005,6.353900774475968e-09,0.0,0.0007997110673580149,7.971135913077865e-05,0.06770292464268834,0.3937664325247061,0.0918371637103001
1742113084.3177767,6.353900774475968e-09,0.0,0.0007997110673580149,7.971135913077865e-05,0.06770292464268834,0.3937664325247061,0.09183615043133875
1742113084.4178846,6.019464570736369e-09,0.0,0.0007886542722538175,7.758520845326363e-05,0.06770292464268834,0.3937664325247061,0.09183960750073575
1742113084.517497,6.786492893263878e-09,0.0,0.0008137869990201227,8.23801729378124e-05,0.0677029246635854,0.3937664322978689,0.09185760810345789
1742113084.6176894,6.786492891289376e-09,0.0,0.0008137869989630613,8.238017292582831e-05,0.0677029246453813,0.3937664324954193,0.09184193208188202
1742113084.7174478,6.5709917248457416e-09,0.0,0.000807066916643001,8.106165384968247e-05,0.0677029246453813,0.3937664324954193,0.0918612439867892
1742113084.8175137,7.342098592563201e-09,0.0,0.0008312227604862952,8.568604666200443e-05,0.0677029246453813,0.3937664324954193,0.0918425281283298
1742113084.917492,6.7724659815983745e-09,0.0,0.0008134620467761654,8.22949936606011e-05,0.0677029246453813,0.3937664324954193,0.09185170724362524
1742113085.0176737,7.640861815427467e-09,0.0,0.0008451166552345459,8.741202328871851e-05,0.0677029246453813,0.3937664324954193,0.09183722331494475
1742113085.1185155,6.722612921259308e-09,0.0,0.0008166219377727603,8.19915417665707e-05,0.0677029246453813,0.3937664324954193,0.09184681966275368
1742113085.2177153,6.806247876850455e-09,0.0,0.0008145621844624217,8.2499987132426e-05,0.06770292464012329,0.39376643255250254,0.09185134961575654
1742113085.3177018,6.386149404571509e-09,0.0,0.000805680649193402,7.991338689213159e-05,0.06772812864453215,0.39376875397568156,0.09183990552395971
1742113085.4177847,6.383956631175528e-09,0.0,0.0008056086536480958,7.98996660266833e-05,0.06770292464821637,0.39376643246462173,0.09185170724362524
1742113085.5175397,6.383956631175528e-09,0.0,0.0008056086536480958,7.98996660266833e-05,0.06770292464821637,0.39376643246462173,0.09184968068570297
1742113085.61769,6.383956631175528e-09,0.0,0.0008056086536480958,7.98996660266833e-05,0.06770292464821637,0.39376643246462173,0.0918487270113864
1742113085.7179594,6.383956631175528e-09,0.0,0.0008056086536480958,7.98996660266833e-05,0.06770292464821637,0.39376643246462173,0.0918525417086521
1742113085.8193738,6.383956631175528e-09,0.0,0.0008056086536480958,7.98996660266833e-05,0.06770292464821637,0.39376643246462173,0.09184407784909397
1742113085.9178154,6.383956631175528e-09,0.0,0.0008056086536480958,7.98996660266833e-05,0.06770292464821637,0.39376643246462173,0.09185856177777452
1742113086.0176077,6.383956631175528e-09,0.0,0.0008056086536480958,7.98996660266833e-05,0.06770292464821637,0.39376643246462173,0.09186732366055629
1742113086.117642,6.3839566323499176e-09,0.0,0.0008056086536813982,7.989966603403244e-05,0.06770292465942873,0.3937664323429395,0.0918576677081028
1742113086.2182577,6.383956633784247e-09,0.0,0.0008056086537220678,7.989966604300826e-05,0.06770292467312089,0.39376643219421936,0.09186946942776834
1742113086.3191242,6.383956633784247e-09,0.0,0.0008056086537220678,7.989966604300826e-05,0.06770292467312089,0.39376643219421936,0.09185468747586388
1742113086.4175787,6.383956633784247e-09,0.0,0.0008056086537220678,7.989966604300826e-05,0.06770292467312089,0.39376643219421936,0.09185343577832356
1742113086.5175083,6.383956633784247e-09,0.0,0.0008056086537220678,7.989966604300826e-05,0.06770292467312089,0.39376643219421936,0.09185343577832356
1742113086.6174817,6.383956633784247e-09,0.0,0.0008056086537220678,7.989966604300826e-05,0.06770292467312089,0.39376643219421936,0.09185343577832356
1742113086.717553,6.383956633784247e-09,0.0,0.0008056086537220678,7.989966604300826e-05,0.06770292467312089,0.39376643219421936,0.09185343577832356
1742113086.8174565,6.383956633784247e-09,0.0,0.0008056086537220678,7.989966604300826e-05,0.06770292467312089,0.39376643219421936,0.09185343577832356
1742113086.9175458,6.383956633784247e-09,0.0,0.0008056086537220678,7.989966604300826e-05,0.06770292467312089,0.39376643219421936,0.09185343577832356
1742113087.017611,6.383956633784247e-09,0.0,0.0008056086537220678,7.989966604300826e-05,0.06770292467312089,0.39376643219421936,0.09185343577832356
1742113087.1177726,6.383956633784247e-09,0.0,0.0008056086537220678,7.989966604300826e-05,0.06770292467312089,0.39376643219421936,0.09185343577832356
1742113087.2176337,6.383956633784247e-09,0.0,0.0008056086537220678,7.989966604300826e-05,0.06770292467312089,0.39376643219421936,0.09185343577832356
1742113087.3175514,6.383956633784247e-09,0.0,0.0008056086537220678,7.989966604300826e-05,0.06770292467312089,0.39376643219421936,0.09185343577832356
1742113087.4175708,6.383956633784247e-09,0.0,0.0008056086537220678,7.989966604300826e-05,0.06770292467312089,0.39376643219421936,0.09185343577832356
1742113087.5175233,6.383956633784247e-09,0.0,0.0008056086537220678,7.989966604300826e-05,0.06770292467312089,0.39376643219421936,0.09185343577832356
1742113087.6175022,6.383956633784247e-09,0.0,0.0008056086537220678,7.989966604300826e-05,0.06770292467312089,0.39376643219421936,0.09185343577832356
1742113087.7175422,6.383956633784247e-09,0.0,0.0008056086537220678,7.989966604300826e-05,0.06770292467312089,0.39376643219421936,0.09185343577832356
1742113087.8175561,6.383956633784247e-09,0.0,0.0008056086537220678,7.989966604300826e-05,0.06770292467312089,0.39376643219421936,0.09185343577832356
1742113087.917577,6.383956633784247e-09,0.0,0.0008056086537220678,7.989966604300826e-05,0.06770292467312089,0.39376643219421936,0.09185343577832356
1742113088.0175946,6.383956633784247e-09,0.0,0.0008056086537220678,7.989966604300826e-05,0.06770292467312089,0.39376643219421936,0.09185343577832356
1742113088.1176167,6.383956633784247e-09,0.0,0.0008056086537220678,7.989966604300826e-05,0.06770292467312089,0.39376643219421936,0.09185343577832356
1742113088.2176292,6.383956633784247e-09,0.0,0.0008056086537220678,7.989966604300826e-05,0.06770292467312089,0.39376643219421936,0.09185343577832356
1742113088.31759,6.383956633784247e-09,0.0,0.0008056086537220678,7.989966604300826e-05,0.06770292467312089,0.39376643219421936,0.09185343577832356
1742113088.4176068,6.383956633784247e-09,0.0,0.0008056086537220678,7.989966604300826e-05,0.06770292467312089,0.39376643219421936,0.09185343577832356
1742113088.5176322,6.383956633784247e-09,0.0,0.0008056086537220678,7.989966604300826e-05,0.06770292467312089,0.39376643219421936,0.09185343577832356
1742113088.6175842,6.383956633784247e-09,0.0,0.0008056086537220678,7.989966604300826e-05,0.06770292467312089,0.39376643219421936,0.09185343577832356
1742113088.7175655,6.383956633784247e-09,0.0,0.0008056086537220678,7.989966604300826e-05,0.06770292467312089,0.39376643219421936,0.09185343577832356
1742113088.817618,6.383956633784247e-09,0.0,0.0008056086537220678,7.989966604300826e-05,0.06770292467312089,0.39376643219421936,0.09185343577832356
1742113088.9175613,6.383956633784247e-09,0.0,0.0008056086537220678,7.989966604300826e-05,0.06770292467312089,0.39376643219421936,0.09185343577832356
1742113089.0175648,6.383956633784247e-09,0.0,0.0008056086537220678,7.989966604300826e-05,0.06770292467312089,0.39376643219421936,0.09185343577832356
1742113089.1175535,6.383956633784247e-09,0.0,0.0008056086537220678,7.989966604300826e-05,0.06770292467312089,0.39376643219421936,0.09185343577832356
1742113131.13415,4.956910032665179e-13,0.0,6.57588639466537e-05,7.040532673502182e-07,0.0,0.0,0.0
1742113131.230166,6.701584108002983e-09,0.0,0.0008316874775067583,8.186320362655607e-05,-0.05014719338247886,0.4073354543069546,0.02039515252768066
1742113131.3305423,7.034839461107396e-09,0.0,0.0008427017391348466,8.387394983609271e-05,-0.05014719338247886,0.4073354543069546,0.020397834736695545
1742113131.436426,7.034839461107396e-09,0.0,0.0008427017391348466,8.387394983609271e-05,-0.05014719338247886,0.4073354543069546,0.020388596016755314
1742113131.5301669,7.309676612647287e-16,0.0,1.1372330915704261e-05,2.7036413616911705e-08,-0.05014719338247886,0.4073354543069546,0.020388596016755314
1742113131.6303403,7.617862256429453e-16,0.0,1.1496846421505125e-05,2.7600475098138172e-08,-0.05014719338247886,0.4073354543069546,0.020400814968934266
1742113131.7300613,7.071158650028616e-16,0.0,1.1274562178558746e-05,2.659165028731503e-08,-0.05014719338247886,0.4073354543069546,0.020389728505006054
1742113131.8369398,5.768101830406359e-16,0.0,1.0738208825781111e-05,2.4016872882218366e-08,-0.05014719338247886,0.4073354543069546,0.020398728806367124
1742113131.9301164,6.688740154288403e-16,0.0,1.116161006405415e-05,2.5862598775622692e-08,-0.05014719338247886,0.4073354543069546,0.02040510650335799
1742113132.0302033,2.311588371155488e-12,0.0,9.895829347417772e-05,1.5203908613101725e-06,-0.05014719338247886,0.4073354543069546,0.020385913807740443
1742113132.13167,3.1478730841370404e-12,0.0,0.00010753945121745922,1.7742246430869573e-06,-0.05014719338247886,0.4073354543069546,0.020391635853638724
1742113132.2301962,3.1478730841370404e-12,0.0,0.00010753945121745922,1.7742246430869573e-06,-0.05014719338247886,0.4073354543069546,0.020379059273591266
1742113132.33018,4.766860296380952e-12,0.0,0.00012003447145783405,2.1833140626993984e-06,-0.05014719338247886,0.4073354543069546,0.02039980168997309
1742113132.430308,4.6222249828712465e-12,0.0,0.00011908409315832125,2.149936041576876e-06,-0.05014719338247886,0.4073354543069546,0.02038954969107171
1742113132.531192,4.6222249828712465e-12,0.0,0.00011908409315832125,2.149936041576876e-06,-0.05014719338247886,0.4073354543069546,0.02038907285391358
1742113132.6353784,4.541907696001732e-12,0.0,0.00011854913798857543,2.131175191297452e-06,-0.05014719338247886,0.4073354543069546,0.02038519855200323
1742113132.7301857,5.31633156922619e-12,0.0,0.00012353138449451885,2.3057171485735605e-06,-0.05014719338247886,0.4073354543069546,0.02037417169271961
1742113132.8301086,4.644944385320717e-09,1.3862333300017967e-68,0.0007500929488959281,6.815382883830311e-05,-0.05014719338247886,0.4073354543069546,0.02039682145773451
1742113132.938651,4.93361242297795e-09,1.3889061541333185e-68,0.0007624971868543506,7.023967840884488e-05,-0.05012188795163297,0.40733597007244093,0.020378224808564313
1742113133.0299733,4.9319065423443466e-09,0.0,0.0007624253399945066,7.022753407563409e-05,-0.05014719337865614,0.4073354541199238,0.020383470017304582
1742113133.1317985,8.36201538963695e-14,0.0,4.1066778375562934e-05,2.89171495649847e-07,-0.05014719337865614,0.4073354541199238,0.020388774830689696
1742113133.2331374,7.03787671966e-12,0.0,0.0001334889069280022,2.6528996814165438e-06,-0.05014719337865614,0.4073354541199238,0.020372979599824183
1742113133.3383198,2.885275653140068e-12,0.0,0.00010499759457695948,1.6986099178858188e-06,-0.05014719337865614,0.4073354541199238,0.020376317459931643
1742113133.4311266,2.885275653140068e-12,0.0,0.00010499759457695948,1.6986099178858188e-06,-0.05014719337865614,0.4073354541199238,0.02039413924871934
1742113133.5299067,6.2956248335946875e-09,0.0,0.0008176141218610945,7.934497358745976e-05,-0.05014719337865614,0.4073354541199238,0.020391218621125515
1742113133.6300561,5.4250487645757235e-09,0.0,0.0007851059972257936,7.365493034804747e-05,-0.05014719337865614,0.4073354541199238,0.02038448329626578
1742113133.7299526,4.682590762315805e-09,0.0,0.0007517434289855622,6.842945829330965e-05,-0.05014719337865614,0.4073354541199238,0.02038901324926876
1742113133.8298821,5.102131676301088e-09,0.0,0.0007695296175547659,7.14292074455617e-05,-0.05014719337865614,0.4073354541199238,0.02039402003942985
1742113133.9299302,5.102131676301088e-09,0.0,0.0007695296175547659,7.14292074455617e-05,-0.05014719337865614,0.4073354541199238,0.02040743108450447
1742113134.0300949,5.696234248851184e-09,2.2759959154097517e-81,0.0007956025538501376,7.547340093603298e-05,-0.05014719337865614,0.4073354541199238,0.020384900528779233
1742113134.131698,6.081069176004924e-09,2.2759959154097517e-81,0.000809896753867031,7.798121040356404e-05,-0.05014719337865614,0.4073354541199238,0.02039932485281493
1742113134.2349102,5.680712936020634e-09,2.2759959154097517e-81,0.0007923736248734677,7.53705044166525e-05,-0.05014719337865614,0.4073354541199238,0.020388059574952388
1742113134.3303294,5.680712936020634e-09,2.2759959154097517e-81,0.0007923736248734677,7.53705044166525e-05,-0.05014719337865614,0.4073354541199238,0.020389192063203075
1742113134.430187,6.142076433464964e-09,2.2759959154097517e-81,0.0008094682971500136,7.837140060931005e-05,-0.05014719337865614,0.4073354541199238,0.020386867482056724
1742113134.5302174,5.890988428100702e-09,2.2759959154097517e-81,0.0008003229058511056,7.675277472574331e-05,-0.05014719337865614,0.4073354541199238,0.02039825196920897
1742113134.6299455,5.890988428100702e-09,2.2759959154097517e-81,0.0008003229058511056,7.675277472574331e-05,-0.05014719337865614,0.4073354541199238,0.02039127822577024
1742113134.7300742,5.423498817817801e-09,0.0,0.0007824611358013432,7.364440791952775e-05,-0.05014719337865614,0.4073354541199238,0.020390503365388193
1742113134.83143,6.498770311066837e-09,0.0,0.0008219981605366697,8.061495091524176e-05,-0.05014719337865614,0.4073354541199238,0.02039908643423576
1742113134.9299893,6.501001798634207e-09,0.0,0.0008220753689973403,8.062879013500206e-05,-0.05012188795882366,0.4073359704253897,0.02039467569052251
1742113135.0302927,8.390872253386481e-09,0.0,0.0008813235330579662,9.160170442402522e-05,-0.05014719338617368,0.4073354544887068,0.020396165806641848
1742113135.1312287,5.590801405026805e-09,0.0,0.000788975437298322,7.477166177788751e-05,-0.05014719338617368,0.4073354544887068,0.020400934178223834
1742113135.230157,5.661389322187493e-09,0.0,0.0007916714959992744,7.524220439479091e-05,-0.05014719338617368,0.4073354544887068,0.02038817878424201
1742113135.3300865,6.2570343126188995e-09,0.0,0.0008135598447592101,7.910141789259469e-05,-0.050121887963854306,0.4073359706719982,0.020397238690247645
1742113135.4332716,6.2548833722283494e-09,7.43293009537686e-63,0.0008134833487770401,7.908782063142434e-05,-0.05014719338555551,0.4073354544585409,0.020385138947358383
1742113135.5307133,6.327978532328629e-09,7.672355903830687e-55,0.0008160669518446475,7.954859227119378e-05,-0.05014719338555551,0.4073354544585409,0.020380430180421058
1742113135.6301403,6.517316722356496e-09,7.672355903830687e-55,0.0008226972866516259,8.072989980395428e-05,-0.05014719338555551,0.4073354544585409,0.020400099713196958
1742113135.7299325,6.517316722356496e-09,7.672355903830687e-55,0.0008226972866516259,8.072989980395428e-05,-0.05014719338555551,0.4073354544585409,0.020387701947083756
1742113135.8298898,6.693592850002799e-09,7.672355903830687e-55,0.0008287151551116314,8.181438045968935e-05,-0.05014719338555551,0.4073354544585409,0.020400099713196958
1742113135.9301307,5.327251360573696e-15,7.672355903830687e-55,1.915595753109189e-05,7.298802203494554e-08,-0.05014719338555551,0.4073354544585409,0.020380430180421058
1742113136.0301123,2.7050998121231885e-15,7.672355903830687e-55,1.6023179542989616e-05,5.201057404146957e-08,-0.05014719338555551,0.4073354544585409,0.020405762154450682
1742113136.1305413,2.7050998121231885e-15,7.672355903830687e-55,1.6023179542989616e-05,5.201057404146957e-08,-0.05014719338555551,0.4073354544585409,0.02039908643423576
1742113136.2305772,2.700900413950807e-15,7.672355903830687e-55,1.6076330316151696e-05,5.1970187742116215e-08,-0.05014719338555551,0.4073354544585409,0.020400814968934266
1742113136.3309703,1.0491046289097222e-14,7.672355903830687e-55,2.3035190598313915e-05,1.0242580870609332e-07,-0.05014719338555551,0.4073354544585409,0.020395748574128365
1742113136.4335,1.48525905194631e-15,7.672355903830687e-55,1.3742780076597349e-05,3.85390587838664e-08,-0.05014719338555551,0.4073354544585409,0.020405046898713305
1742113136.5302386,1.5540555296390934e-15,2.249648698657971e-123,1.3916211896635065e-05,3.9421511001470926e-08,-0.05014719338555551,0.4073354544585409,0.02039771552740588
1742113136.6306193,1.5094477081587479e-15,7.239855606997047e-217,1.373865012623327e-05,3.885161139719623e-08,-0.05014719338555551,0.4073354544585409,0.020397238690247645
1742113136.73026,1.5094477081587479e-15,7.239855606997047e-217,1.373865012623327e-05,3.885161139719623e-08,-0.05014719338555551,0.4073354544585409,0.02039682145773451
1742113136.8385088,1.4438986447538163e-15,7.239855606997047e-217,1.357360541431719e-05,3.7998666354936935e-08,-0.05014719338555551,0.4073354544585409,0.02039831157385369
1742113136.93001,2.310884638202512e-15,7.239855606997047e-217,1.540181867884536e-05,4.807166148785074e-08,-0.05014719338555551,0.4073354544585409,0.02039080138861192
1742113137.0300362,2.311951973425311e-15,7.274852306069764e-217,1.5403655168926582e-05,4.8082761707552853e-08,-0.05012188796779071,0.4073359708650651,0.020403437573304394
1742113137.1300697,3.4822651576911297e-15,5.95983841437187e-38,1.7157262873997433e-05,5.901072070133638e-08,-0.050147193381818056,0.4073354542752775,0.020407252270569977
1742113137.229935,3.4822651576911297e-15,1.050924347919538e-210,1.7157262873997433e-05,5.901072070133638e-08,-0.050147193381818056,0.4073354542752775,0.02039276834188947
1742113137.3300273,2.4270920506384797e-15,1.050924347919538e-210,1.565412383052419e-05,4.926552598560661e-08,-0.050147193381818056,0.4073354542752775,0.020406596619477475
1742113137.4300778,2.533751708917252e-15,1.050924347919538e-210,1.583145401467105e-05,5.033638553687831e-08,-0.050147193381818056,0.4073354542752775,0.020399682480683662
1742113137.5300527,2.533751708917252e-15,1.050924347919538e-210,1.583145401467105e-05,5.033638553687831e-08,-0.050147193381818056,0.4073354542752775,0.020398669201722276
1742113137.6300209,6.794842460183421e-16,1.050924347919538e-210,1.1144989902130564e-05,2.606691861379749e-08,-0.050147193381818056,0.4073354542752775,0.020400338131776073
1742113137.7326367,2.8400330200165944e-15,1.050924347919538e-210,1.6290896507489466e-05,5.3291960181781594e-08,-0.050147193381818056,0.4073354542752775,0.02040558334051636
1742113137.8324454,9.278826217034793e-15,1.050924347919538e-210,2.2272319758139684e-05,9.63266641020792e-08,-0.050147193381818056,0.4073354542752775,0.02040188785254025
1742113137.9369617,9.278826217034793e-15,1.050924347919538e-210,2.2272319758139684e-05,9.63266641020792e-08,-0.050147193381818056,0.4073354542752775,0.02040778871237298
1742113138.0304217,1.3767375928163163e-14,1.050924347919538e-210,2.464826801416681e-05,1.1733446180966257e-07,-0.050147193381818056,0.4073354542752775,0.020416550595155
1742113138.130347,1.3370878998556505e-14,1.050924347919538e-210,2.4462498928197124e-05,1.1563251704670493e-07,-0.050147193381818056,0.4073354542752775,0.02041690822302371
1742113138.2302115,8.200470496288928e-16,1.050924347919538e-210,3.740455117272929e-05,2.863646363692439e-08,-0.050147193381818056,0.4073354542752775,0.020404033619752043
1742113138.3298874,8.023532197882923e-09,1.050924347919538e-210,0.0014187735142341955,8.957417148867704e-05,-0.050147193381818056,0.4073354542752775,0.02092754121481432
1742113138.4299057,8.301689903633309e-09,1.6601247146145906e-210,0.0014299975148455047,9.1113609870498e-05,-0.04761730466148606,0.40741232428035035,0.0360085892265942
1742113138.5301545,8.372692179019586e-09,3.700956998506817e-210,0.001397372486001724,9.150241624689255e-05,-0.04324354435271971,0.40762045058842633,0.05351924176870858
1742113138.6308646,6.409091561062193e-16,2.1899809349890873e-15,3.767708976711899e-05,2.5316183679737735e-08,-0.03075049876480307,0.40812627624663744,0.029288225132813574
1742113138.7302082,8.208314878396398e-16,2.9370713166648633e-15,3.983846673414595e-05,2.8650156855410753e-08,-0.017413390593610245,0.4083065638827176,-0.0019049120360705224
1742113138.8345852,1.975298854643061e-11,5.652373404457862e-110,0.0003680221187619369,4.4444334336820265e-06,7.41687480285691e-05,0.40806717049449903,-0.03237933639825311
1742113138.9299433,1.625635313588762e-11,1.7230558408606243e-58,0.0003522809305395312,4.031916806667472e-06,0.01701565868164323,0.40732250873702214,-0.05708635572732417
1742113139.0301847,2.276859010120609e-14,4.791959820002753e-58,8.29301812675043e-05,1.5089264429125128e-07,0.033472383577844766,0.4060993335938078,-0.08710480455697515
1742113139.1300182,4.7631661007191135e-12,1.2644181615800848e-57,0.0002695302140267728,2.1824678922538844e-06,0.049525608100786656,0.40435571529468584,-0.12169898275674329
1742113139.2345324,3.204901794563183e-12,2.8526852389747614e-57,0.00024781869007032523,1.7902239509522777e-06,0.06329679312062808,0.40250279740303496,-0.14734435800851323
1742113139.3300514,4.227714430555987e-12,7.674575512884151e-57,0.00025215988260881433,2.0561406640976652e-06,0.0804410215307314,0.3997574674711374,-0.17798335079492072
1742113139.4313114,1.8968186577978343e-08,5.519371960469498e-56,0.001775362013993185,0.00013772503976393815,0.11296829812743425,0.3974036544973558,-0.1882644518250252
1742113139.530606,7.223517324626518e-12,1.353084373619654e-55,0.00029613878948829715,2.6876601951560987e-06,0.129387762517581,0.39394179098512194,-0.22106470903098838
1742113139.6365614,1.2859855053151297e-12,3.296547616744813e-55,0.00019357273939079998,1.1340130093235835e-06,0.1462466223821437,0.38979000621123894,-0.2542968018883492
1742113139.7301614,1.6983920695560701e-12,4.1057602700735067e-137,0.00021439866342372088,1.3032237219894633e-06,0.1632098018664223,0.38503987935484596,-0.285987250410917
1742113139.8299518,6.587941231372396e-08,4.03017099315754e-136,0.0023653503945003716,0.00025666985080784996,0.17646505928819067,0.38095657165017127,-0.31297605475127954
1742113139.9301262,3.5210846898358984e-14,7.511438505249625e-135,9.108447294060504e-05,1.8764553524760183e-07,0.1933353562777853,0.375300814952918,-0.3371596260899331
1742113140.0302095,4.6428167880777665e-14,1.2082163377924402e-133,9.647779309432107e-05,2.154719654172618e-07,0.20919702435359255,0.36937554212486723,-0.3711741491192605
1742113140.1299973,2.060314770371842e-07,1.2853897094265486e-130,0.0030750828577698944,0.00045390690349143647,0.2539173635609089,0.3647498786517489,-0.38422789248686956
1742113140.2301486,1.6014007048299843e-07,1.3748928973070217e-129,0.002904997869995872,0.00040017504980070713,0.26744454133753237,0.35911308355279203,-0.408221354811012
1742113140.3300428,3.0470550525253196e-13,2.356117567679143e-128,0.00014039636232683657,5.520013634516966e-07,0.28355483173560714,0.35192523039586066,-0.4389810172007672
1742113140.4299486,3.93075190868565e-13,3.50840199277722e-127,0.000154909370526243,6.269570885384142e-07,0.29872242389654957,0.34457091718409494,-0.4675574806616895
1742113140.530826,2.486306660550754e-07,4.73569848141164e-126,0.0032103310432730374,0.0004986287858267665,0.3131502909226427,0.33687925937608787,-0.5034111944125288
1742113140.630065,3.0755776776159134e-07,7.44573435801201e-125,0.0033157626642005187,0.0005545789103108695,0.3282654136322094,0.3281823975874265,-0.5353097525523299
1742113140.7302911,5.167152982980265e-07,1.1569160196910946e-123,0.003819210165495665,0.0007188291162008023,0.3431642348057551,0.3189746333000216,-0.566017916528999
1742113140.8324552,8.381454625356939e-07,2.1765911497961143e-121,0.0042786551801879,0.0009155028468200926,0.38665838709800227,0.33434261193859083,-0.5813963006232619
1742113140.930617,1.3269876950472002e-06,3.274627887022324e-120,0.004780350436794187,0.0011519495193137589,0.4012828760130347,0.3244768870565302,-0.6106376836989759
1742113141.0301235,1.6019858361126632e-06,5.15706885928707e-119,0.004996246239326914,0.0012656957912992612,0.4160212647808521,0.3139320555068128,-0.6327700058911678
1742113141.1426458,1.933671736620128e-06,8.366823941882878e-118,0.005222280534863045,0.001390565257950927,0.4307774715189936,0.30272923622743386,-0.6610367785189984
1742113141.2303276,2.310311798592928e-06,1.2062842591971444e-116,0.005445757200274712,0.0015199709861023428,0.4447554542009442,0.29143587380164737,-0.6915300370176075
1742113141.3299906,2.649706023708718e-06,9.646772426870158e-116,0.005617401031005622,0.0016277917630055504,0.4555367325575119,0.28223523605164,-0.7250853314046501
1742113141.4334443,8.260756599110332e-07,1.3301803491494153e-114,0.004320309519190689,0.0009088870446381295,0.46897106351745066,0.270035163389549,-0.7553865986858246
1742113141.5353801,1.1433681987784537e-06,7.687638117294803e-113,0.004663606841905625,0.0010692839654546653,0.4978944941019492,0.2689519503569118,-0.7757435198620916
1742113141.6335754,1.3991599214918962e-06,1.1917386321824272e-111,0.00483420225565667,0.001182860905386553,0.5116552396032148,0.2550443202713999,-0.8014719169334531
1742113141.7329047,1.683495475904996e-06,1.49442899036109e-110,0.0051061843747924815,0.0012974958481263036,0.5241931548609955,0.24161145569052556,-0.8328073825434804
1742113141.8442328,2.0199982110790266e-06,1.8366489710085643e-109,0.005329849138892729,0.0014212664110148478,0.5364636971940655,0.2276628695321481,-0.8594635035590292
1742113141.9388034,7.518989517786647e-07,1.4348391616531083e-108,0.0043103382492806815,0.0008671210710037351,0.5464264650954007,0.21583518225971865,-0.8853507097558138
1742113142.0381224,6.907550475340381e-07,1.913663462090697e-107,0.0041877908655144755,0.0008311167472347301,0.5588412719326072,0.20035520916947824,-0.9064398910597921
1742113142.146911,7.183109613135731e-07,2.6582032300831647e-106,0.004304480842748898,0.000847532277446454,0.5712993830464725,0.18397783531763512,-0.9300779159859773
1742113142.2352731,6.255366865082698e-07,3.231575039737138e-105,0.004177341727006183,0.0007909087725574106,0.5829934861261705,0.1678213686104688,-0.952976902921593
1742113142.335458,7.433905381927822e-07,2.3761138412277702e-104,0.0042929589028897885,0.0008622009848015613,0.5922668053327271,0.1545397031469511,-0.9709674026564716
1742113142.4359357,5.368735816105088e-07,6.997522421231876e-105,0.004037744845308228,0.0007327165765905046,0.5974336883172953,0.18773851526757035,-0.9674681232764446
1742113142.5359545,4.836004286127189e-07,7.123794096137318e-104,0.003962186893538005,0.0006954138541995831,0.608090163147061,0.17209016357933127,-0.9813083813979347
1742113142.6359608,4.2636452458333657e-07,8.465888689011083e-103,0.0037892466590389562,0.0006529659444284492,0.6193998592083432,0.1549600056906506,-0.995085339386674
1742113142.7372646,5.318822098956547e-07,9.350646898401331e-102,0.004053942474992129,0.0007293025503147886,0.6302771846073227,0.1377914338969486,-1.0134908960654458
1742113142.8431146,4.3809959155337667e-07,9.184907406147428e-101,0.003877158004935396,0.0006618909211897204,0.6405380707535784,0.12095489168329543,-1.0297635005309305
1742113142.9351938,4.1887721370894705e-07,6.062283125804428e-100,0.0038112235628852058,0.0006472072417000192,0.6489704937224943,0.10671063920370827,-1.0442144678427894
1742113143.0358567,5.229617456716495e-07,5.925039099287936e-99,0.004080456255350202,0.0007231609403664232,0.6590965017929662,0.08905921028061581,-1.0585484312369544
1742113143.1397057,4.7139174605519047e-07,5.20454719838329e-98,0.003956160273253372,0.0006865797448623069,0.6687064007154504,0.07181367686700835,-1.0657517717673501
1742113143.2509599,4.7402460552038727e-07,4.752244662876559e-97,0.004018913164938472,0.0006884944484310583,0.6784953084916054,0.053944121612132356,-1.0723335550620279
1742113143.350488,5.069470456066257e-07,4.237894599766994e-96,0.00412791683086084,0.0007120021387654854,0.6882158915996683,0.036008487570549086,-1.0748307214572153
1742113143.4360046,6.524995234597518e-07,3.801184219515679e-95,0.004391348677873424,0.0008077744260991133,0.6980156272221905,0.01779918814065251,-1.079812537272187
1742113143.5370698,6.194991146291109e-07,1.9296937848330213e-94,0.004369239936902557,0.0007870826606075825,0.7052789064704896,0.004088861502255625,-1.0876771615340435
1742113143.6474006,7.654620964653651e-07,1.5150735031612355e-93,0.004597811240153253,0.0008749069073137811,0.7145095565226285,-0.013562819771080648,-1.090034704048844
1742113143.7387538,2.38888140513918e-11,1.241519693700564e-92,0.0006976291607896998,4.887618443719988e-06,0.7239900708730005,-0.03179783534654401,-1.0925400958850109
1742113143.8398576,1.3210604695472969e-11,8.065245362034622e-94,0.0006332659108205696,3.634639555096622e-06,0.7074180353529016,-0.01917991021421095,-1.0910678796306974
1742113143.9352207,2.0083768541015238e-11,4.175449375396552e-93,0.0006253100639940797,4.481491776296732e-06,0.7148215073636734,-0.03344549629239424,-1.0923887781635648
1742113144.0362184,2.7077855364688663e-11,3.0893390554494646e-92,0.0006931253181995021,5.2036386658461076e-06,0.7239010160098829,-0.05094759794759174,-1.0933780364529022
1742113144.1377583,3.606270936436278e-11,2.0645915444598892e-91,0.0006841908197371876,6.005223506611788e-06,0.7325733463642266,-0.06774844503011312,-1.0934860996738798
1742113144.2414074,4.877753926167249e-11,1.554718217262844e-90,0.0007082960971549282,6.98409187093587e-06,0.7419064205628629,-0.08566070033333872,-1.0867100648418793
1742113144.3404236,5.786556386177505e-11,1.0258216170653658e-89,0.0007679088955416617,7.6069418205856585e-06,0.750745628296734,-0.10243159490286136,-1.0852516285911924
1742113144.4330335,1.3854381874812915e-10,7.227549814538106e-89,0.0008377723295696461,1.1770463828929137e-05,0.7600054395862159,-0.11983895863919791,-1.0799716405407318
1742113144.5314686,1.7384709141554463e-10,3.384724951356506e-88,0.000911558402118948,1.3185108699420897e-05,0.7674098145076655,-0.1336462003192036,-1.077926307155264
1742113144.6314378,1.3742798487505313e-10,2.090564432728733e-87,0.0008433161200226262,1.1722968262136221e-05,0.7762160475384832,-0.15003323540114,-1.0753517739311582
1742113144.731595,1.8316314849700953e-10,1.4557613889815385e-86,0.0009002655265090041,1.353377805703232e-05,0.7857358693649132,-0.1675017942774737,-1.0670774571434385
1742113144.831756,5.159367613834469e-10,9.304870733760703e-86,0.001110831654862952,2.2714241378118857e-05,0.7949756425251593,-0.18417121808077663,-1.0630379907623657
1742113144.9316149,4.616579305007778e-10,6.288436492968813e-85,0.0010548319703551558,2.148622653005357e-05,0.8046423794804056,-0.20129778012926813,-1.0526058964268097
1742113145.0316331,5.800970173516326e-10,3.0709843957686826e-84,0.0010799019691247309,2.4085203286491743e-05,0.8127808287689149,-0.21547913177697975,-1.047652243806494
1742113145.1314912,6.201597188835457e-10,1.8925142073952387e-83,0.001146226936544873,2.4903006221810765e-05,0.8222197474577655,-0.2317738621023917,-1.0414559535519012
1742113145.2417436,1.2545233181949294e-09,1.2204660705061445e-82,0.0012419912905112776,3.5419250672408775e-05,0.8320516685063097,-0.24839572364462814,-1.0310263924137482
1742113145.3316665,1.3007498638109794e-09,8.319190156597947e-82,0.0012539553269454485,3.60659099956036e-05,0.8480978203206391,-0.24730121572585073,-1.010439161277552
1742113145.431413,1.1452980102744287e-09,5.498887755795601e-81,0.0012520545798221394,3.3842251849934996e-05,0.8584347834015702,-0.26355382191357357,-0.9992799200780587
1742113145.5320747,1.658462066681365e-09,3.807654327302144e-80,0.001299553036982851,4.0724219657120074e-05,0.8692095262517512,-0.28006637208940344,-0.9908322431810095
1742113145.631621,1.8970320664205988e-09,1.7648954253719144e-79,0.001355342604907304,4.3554931597014344e-05,0.8778216492849609,-0.29324518602647753,-0.9920664467580514
1742113145.7317784,3.295534946793011e-09,1.0270787206284004e-78,0.001456191116307517,5.740675001071747e-05,0.8878084648276712,-0.30842815925751754,-0.9836166538961125
1742113145.8316205,2.880101543454479e-09,7.385984410394069e-78,0.0014535315916966924,5.366657752693457e-05,0.8991554997538458,-0.3253816575647175,-0.9789138176210117
1742113145.9323864,3.6973521400488023e-09,4.70673336913149e-77,0.0015390796068274497,6.080585613284959e-05,0.9099211050873492,-0.3413841631161505,-0.9781301059491829
1742113146.0315251,6.0862699921707784e-09,3.224143853682825e-76,0.001645122045755335,7.801454987482001e-05,0.9212521595328411,-0.3580124358524204,-0.96806675574853
1742113146.1336472,6.134195995799873e-09,1.5276607956164193e-75,0.0016055610118256743,7.832110823909397e-05,0.9305352912962164,-0.3714107785004632,-0.9622966983087259
1742113146.2314334,9.306597627519618e-09,9.009795725653657e-75,0.0018236701177173893,9.647070865044798e-05,0.9412387841088261,-0.3867192873527996,-0.9571749009854984
1742113146.3332798,1.1804126868961254e-08,5.601432112595348e-74,0.0018754069923492174,0.00010864679870553597,0.9524076608300618,-0.4024429270056933,-0.9482290186650947
1742113146.4331565,1.5084101733711136e-08,3.705440367927256e-73,0.0020349000700276626,0.0001228173511101389,0.9641267159965494,-0.41861292222824087,-0.9413158931501107
1742113146.548512,1.84078507998129e-08,2.2659661484024313e-72,0.0021047802509261285,0.00013567553500839013,0.9754942063153251,-0.4341309075075923,-0.935787413335581
1742113146.6300735,2.8164146980789e-08,1.4740980718556782e-71,0.0019201704641207105,0.00016782177147435013,0.9874120416263423,-0.4501233878069604,-0.9274568297631931
1742113146.730549,3.3610795296459884e-08,2.692391817308253e-71,0.0020432587628375653,0.0001833324720186249,0.9873201864033732,-0.47069990407812057,-0.9296867371434585
1742113146.8301625,4.0649409945492166e-08,1.1948159469727378e-70,0.0020918605657412027,0.00020161698823633928,0.996981910929172,-0.4835439070654832,-0.9216645182008165
1742113146.9305465,3.481710416327142e-08,7.772599943223988e-70,0.002017238723800211,0.00018659341939969751,1.0093146254441479,-0.4994753549131854,-0.9047002763385195
1742113147.030251,5.2050510186563305e-08,4.544022866980441e-69,0.0022632845458687156,0.0002281458090488697,1.021154272194714,-0.514216244544853,-0.887028482639255
1742113147.1304765,4.666248838859563e-08,1.901187750363547e-68,0.00216702741085567,0.00021601501889589907,1.0308998120715174,-0.5259618035620566,-0.8677030474776641
1742113147.2302275,5.869508294289878e-08,1.2484581885666468e-67,0.002327265747189885,0.0002422706811459009,1.0439227534456066,-0.5411011993475334,-0.849538293563785
1742113147.3302531,7.303291600733122e-08,7.791584728285274e-67,0.002442749432574731,0.00027024602866153503,1.0568051270536998,-0.5555563961612249,-0.8348082573050875
1742113147.4330287,9.171232858861681e-08,5.387171262239199e-66,0.002533495957249697,0.0003028404342035865,1.070595896056993,-0.5706922518877855,-0.8276915372247118
1742113147.5324893,1.1369897325621546e-07,3.4233651171814282e-65,0.002707992824324628,0.00033719278351740487,1.0839658938533034,-0.5850456071154202,-0.8158905328149219
1742113147.630113,1.3895837422274042e-07,1.975451499617158e-64,0.0027869886475333913,0.00037277120895093336,1.0968108240876404,-0.5985025729990374,-0.804587197386684
1742113147.73878,1.7191102077657135e-07,1.2960616345963898e-63,0.002884619283410613,0.00041462153920964037,1.1107682572573339,-0.6128559245256922,-0.7957132429713626
1742113147.8307154,2.0147090392147193e-07,5.330937941127436e-63,0.003087746682993948,0.0004488551034815934,1.1213719588338549,-0.6236210362935388,-0.7899126977557559
1742113147.9316263,2.458445371873824e-07,3.188121800098018e-62,0.003188303266522474,0.0004958271242957392,1.1349193956325863,-0.637205919244324,-0.782189805888595
1742113148.0302305,3.026219963043886e-07,2.124276675207149e-61,0.0032923813880286323,0.0005501108945516245,1.1494779287954628,-0.6514604108057833,-0.7705610141987224
1742113148.1360395,2.3386520121198857e-07,2.2225430820039287e-61,0.0031897328055142016,0.0004835961137271355,1.1544512902289696,-0.6288638804400808,-0.7609467320233211
1742113148.2313747,2.717717146118896e-07,9.101218728328668e-61,0.0032578151205354382,0.0005213172878505849,1.16537589485921,-0.6391189949831242,-0.7447225935846196
1742113148.3489978,3.30441421672594e-07,5.881903214942079e-60,0.0033543244969463197,0.0005748403445067108,1.1800126663973955,-0.6525179431387222,-0.7392552755862103
1742113148.4311624,3.9572983949517965e-07,3.3042075803275073e-59,0.00345305840591829,0.0006290706156666195,1.1936786991359227,-0.6649906207597223,-0.7394365780144556
1742113148.5300362,4.648743187852729e-07,1.5532361502980803e-58,0.003737219301008116,0.0006818169246837987,1.2060457062397134,-0.6762207483841607,-0.7363111488610135
1742113148.631018,5.497270993227621e-07,7.880724762631687e-58,0.003888042357646264,0.0007414358362817123,1.2191494790381086,-0.6879945157971479,-0.7275811284869537
1742113148.730195,6.389694730315438e-07,3.458051262003581e-57,0.003979174825183044,0.0007993556611618785,1.2312130100526417,-0.6986146699382081,-0.716682363310419
1742113148.8301847,7.740712141378014e-07,2.3147667515188007e-56,0.004101175577460214,0.000879813170018386,1.2468818037827774,-0.7122638588405188,-0.7167657874613627
1742113148.9301186,9.186022029324592e-07,1.2675496266395446e-55,0.004374938720307156,0.0009584373755924063,1.2610323947838324,-0.724573161018518,-0.7148256115704402
1742113149.0314708,1.091613835791857e-06,7.1142453114551e-55,0.004507120226959091,0.0010448032521924197,1.2755355216498145,-0.7370940113008437,-0.7100958936005457
1742113149.1301076,1.2992510586814178e-06,4.094740842883649e-54,0.004751136531971407,0.0011398469452875758,1.290401946897319,-0.7498523794411946,-0.7095731981187685
1742113149.2300816,1.5355235923631908e-06,2.211000988881516e-53,0.004925594710780078,0.0012391624560013068,1.3048703967018014,-0.7622193776207542,-0.7041928060441836
1742113149.331531,1.77012849491343e-06,9.429930532156382e-53,0.005044468491266227,0.0013304617600342484,1.3174451620940886,-0.7728279124654911,-0.697335602724515
1742113149.432713,2.0977376077818796e-06,5.394679165070794e-52,0.005304735096670013,0.001448356864789158,1.3327173501027687,-0.7856164682051672,-0.6971472371458635
1742113149.5301614,2.004254540146803e-06,5.9339349746711505e-52,0.005197086664448658,0.0014157169703534684,1.3343287369980743,-0.7813322615172233,-0.702913810205425
1742113149.6352894,2.376020177688904e-06,3.400921487591546e-51,0.005391512933966618,0.0015414344545548813,1.34975452343933,-0.794292121090014,-0.6961786771982562
1742113149.72996,2.7795947710574574e-06,1.7278167346809605e-50,0.005652738738001982,0.001667211675540169,1.3642762332829363,-0.8063602927085198,-0.6913978352069511
1742113149.8299916,3.1683230662209895e-06,6.7930571300112e-50,0.005782368296577882,0.0017799783892567319,1.3766312978156705,-0.8165207400330408,-0.6833901001929891
1742113149.9300153,3.742562401685294e-06,3.983225402734272e-49,0.006073175232488889,0.0019345703403301968,1.392775147638936,-0.8295643053945594,-0.6752873232446266
1742113150.0301583,4.376651383903759e-06,2.1410455729084494e-48,0.006272441852450452,0.002092044785348478,1.4083067929657176,-0.8419554451896811,-0.6712254192072554
1742113150.1300187,5.1281467128227774e-06,1.1999421934710053e-47,0.006466275751294844,0.002264541170485266,1.4244121197143969,-0.854641462964429,-0.664041459266807
1742113150.2300756,5.988712746354025e-06,6.698340750847687e-47,0.006769074415177908,0.002447184657183439,1.4406849488593352,-0.8671948621243981,-0.6526180810153137
1742113150.330035,6.930573794093103e-06,3.488201170165173e-46,0.006930368417039524,0.002632598297137849,1.4564950384891446,-0.8791448797611783,-0.643694367897476
1742113150.4315434,7.790507390418153e-06,1.3346188551845565e-45,0.007083168500917506,0.002791148041652064,1.4694915545073641,-0.8888139841321263,-0.6344983118444334
1742113150.5300617,8.877788922090153e-06,6.104064236150094e-45,0.007409669897925664,0.0029795618674714835,1.4843694029752896,-0.8997275905056807,-0.6305412377088917
1742113150.6300392,1.0131520481689657e-05,2.8897252248677867e-44,0.007647028163069884,0.003183004945281998,1.499749499602764,-0.9108975654428839,-0.624810001519288
1742113150.7310805,1.1637442728773437e-05,1.5303516696767107e-43,0.007818812525615337,0.0034113696265244313,1.516440973942757,-0.9227580963754485,-0.6134936536520375
1742113150.8300478,1.325452440950185e-05,7.52213277551512e-43,0.008168867465067595,0.0036406763670370165,1.532577215405425,-0.9340445684372685,-0.6074472467273129
1742113150.9399118,1.2337280122902498e-05,1.0183526063778102e-42,0.007937481394980885,0.003512446458368084,1.536580698664686,-0.9269898486985562,-0.6051804955264458
1742113151.036596,1.4076344754801334e-05,5.2982836951358775e-42,0.008296153417624364,0.003751845513184323,1.5534925727462152,-0.9385787878624448,-0.594444074775828
1742113151.1300898,1.5884166405851473e-05,2.475401807611638e-41,0.008550262457841731,0.003985494499538479,1.5694918698809985,-0.9493491427823613,-0.5902052383085618
1742113151.23001,1.8011027029691013e-05,1.2743396526858849e-40,0.008731360525212582,0.004243940036062128,1.586705098076692,-0.960716831170779,-0.5785486634036431
1742113151.3302028,2.030419621583834e-05,6.382824281472495e-40,0.009069033161144662,0.004506017778020671,1.6038494051726673,-0.9717265480660466,-0.5664450462123285
1742113151.430103,2.2134124720595957e-05,2.0908252347820824e-39,0.009255570230452533,0.0047046917774277155,1.616612586302665,-0.9797678268620471,-0.5566351275106798
1742113151.5319648,2.4750984293266608e-05,1.0098026998341671e-38,0.009507032651502016,0.004975036109744995,1.633736429146019,-0.9903350771304988,-0.5477232645412812
1742113151.6325386,2.762222947769931e-05,4.941439123968042e-38,0.00976381775328876,0.005255685443184296,1.6512169622856732,-1.0009010169119987,-0.5386116962095628
1742113151.7299778,3.065750026302239e-05,2.3628299841601976e-37,0.010016572793649115,0.005536921551098804,1.668663864820239,-1.0111274314015528,-0.5237815390488038
1742113151.8375332,3.39116483091456e-05,1.1498356429488891e-36,0.010268791993085311,0.005823370871681247,1.686535946297866,-1.0212239222084927,-0.508422062840117
1742113151.930877,1.9028617863588224e-35,4.1570296638219836e-36,2.435798693756274e-09,4.362180402457952e-18,1.7012203608844771,-1.029293487350281,-0.4959935705324541
1742113152.0306292,3.375383322770243e-35,2.0265912185180992e-35,2.7538632558191453e-09,5.809804921656357e-18,1.719529696857279,-1.0391208860642256,-0.48741129144634104
1742113152.13051,5.960308855311891e-35,9.676120070840372e-35,3.105051277550354e-09,7.720303656794783e-18,1.7378284158920607,-1.0486979940563579,-0.47525048359836436
1742113152.230713,1.0475533837983012e-34,4.536337658688948e-34,3.5031329094362115e-09,1.0235005538827525e-17,1.7561491322065592,-1.0578992259453357,-0.4591111849209199
1742113152.3307161,2.067499473531006e-34,2.899685244994755e-33,4.047409093002302e-09,1.437880201383622e-17,1.778459087648038,-1.0686235558004613,-0.4439488659759888
1742113152.437949,5.091571980942734e-34,4.93201956479559e-32,4.268680091431425e-09,2.2564511917927085e-17,1.8138960799918706,-1.064997571385685,-0.43058621850651124
1742113152.5399175,7.976876926027953e-34,1.6489415193784788e-31,5.39182193163098e-09,2.8243365461693746e-17,1.8288736900751346,-1.0718046483939299,-0.42139044371288625
1742113152.6306374,1.3825657952433573e-33,7.182775881800156e-31,5.290997629576082e-09,3.718286964777406e-17,1.8473448684471876,-1.0799758191217723,-0.4089359935824237
1742113152.7336922,2.676227130292897e-33,4.1621230832028706e-30,6.974520819377457e-09,5.173226392004217e-17,1.8697078696289466,-1.0895429709688917,-0.4019160565440021
1742113152.8305743,4.141174227800459e-33,1.3206868005658494e-29,7.66364563658425e-09,6.435195589724107e-17,1.8845931141241934,-1.0957377996443047,-0.38988825646084163
1742113152.9330897,7.220440337262329e-33,5.714822526428878e-29,8.61738514834262e-09,8.497317422141137e-17,1.903698960701604,-1.1033796450315987,-0.37457799878757825
1742113153.0317657,1.1241029423267825e-32,1.8255638693640223e-28,9.479213044250624e-09,1.06023721040472e-16,1.9190254862894776,-1.1092896610803575,-0.3598138984743914
1742113153.1319892,1.9344637360466195e-32,7.542813093734153e-28,9.332729066075916e-09,1.3908500048699068e-16,1.9379672670503894,-1.1163011413938726,-0.3464374538962208
1742113153.230715,3.320919436383369e-32,3.0733954579762047e-27,1.1935208432425056e-08,1.8223390014987247e-16,1.9569655955371985,-1.1230832331125975,-0.3393251594607196
1742113153.3307223,5.56885412855519e-32,1.1680114460276849e-26,1.3319882950024874e-08,2.359841971097893e-16,1.9752508723493492,-1.129451956930703,-0.331999659210857
1742113153.4305978,9.537744026745988e-32,4.6504958849540545e-26,1.493956206122507e-08,3.088323821548833e-16,1.9944163397417398,-1.1359064565955332,-0.3198052939478717
1742113153.5308928,1.4804007841676583e-31,1.4295450419505582e-25,1.6408656339558218e-08,3.84759767149277e-16,2.010179763060968,-1.1410405663860526,-0.30888146129291855
1742113153.6330597,2.507872859763985e-31,5.457537574840509e-25,1.8356787019101412e-08,5.007866671312231e-16,2.029209288705296,-1.1470129676616754,-0.29677915540378924
1742113153.7320683,1.2278893362391627e-10,1.1762944565218785e-24,0.0005746259707927593,1.1081016813628444e-05,2.040299775656912,-1.1575377257187096,-0.29190126009434886
1742113153.8316033,1.6637570531645497e-10,4.6448201737628896e-24,0.0006151339934188185,1.2898670680207903e-05,2.0602473767895617,-1.1633601015139345,-0.27857485361546697
1742113153.9334252,2.2417548222139932e-10,1.78887440479426e-23,0.0006582931784369758,1.4972490848933564e-05,2.080100344784981,-1.1688677851656704,-0.26525270886868657
1742113154.032155,3.020933098984861e-10,6.900568586299956e-23,0.0007038187673413744,1.7380831680287515e-05,2.1002504110848434,-1.174148598478677,-0.2504552001521033
1742113154.1390615,3.823705325092135e-10,2.0024450054530709e-22,0.0007423051223269731,1.9554297034391532e-05,2.1163517575620787,-1.1782022659484426,-0.24308207579106514
1742113154.2420812,5.095590905202791e-10,7.309419775938529e-22,0.0007923886694311869,2.2573415570539585e-05,2.1361678874621646,-1.1830495072149536,-0.2338798040911597
1742113154.332696,6.76614378810135e-10,2.6211972744104605e-21,0.0008445815135574206,2.6011812293843254e-05,2.1559849305780574,-1.1876751268691805,-0.2239007944628639
1742113154.4321089,8.989886789887859e-10,9.406680133874711e-21,0.0008772012699543988,2.99831399121037e-05,2.176094217367279,-1.1921578446087344,-0.21685764141530217
1742113154.531544,1.1841344491141505e-09,3.2367166458761815e-20,0.0009589868487953543,3.441125468671769e-05,2.195819645887582,-1.1963814805676796,-0.20610818214863952
1742113154.6315446,1.5354929077738071e-09,1.0379095886176838e-19,0.000991618673791431,3.9185365990045404e-05,2.2146763871061523,-1.2001826120130032,-0.19428500481099317
1742113154.741267,1.9077465656130277e-09,2.7443170629890618e-19,0.0010690156073732851,4.367775824848418e-05,2.2306093183324833,-1.2032425162263878,-0.18402838654965584
1742113154.8317745,2.4789796038080706e-09,8.855707455060036e-19,0.0011343949794482993,4.9789352313602866e-05,2.2500544681689263,-1.2067984733602177,-0.17705392785519766
1742113154.9322636,3.2343698997214104e-09,2.90500323111501e-18,0.0011768449592214102,5.6871520990047475e-05,2.27005857693414,-1.2102464618507547,-0.165438413099949
1742113155.0319674,4.201059930719648e-09,9.311408698648313e-18,0.0012202466006038812,6.481558401125186e-05,2.289965923664326,-1.2135069731847397,-0.15871250577420412
1742113155.1317194,5.100828755050365e-09,2.2049935761095804e-17,0.0013379275625620803,7.142008649567967e-05,2.3048937487512973,-1.2158491856067846,-0.15182053990811542
1742113155.2314973,5.794615923113887e-09,6.180762581519876e-17,0.0013768170602896515,7.612237465498489e-05,2.32218894364199,-1.2046732170890273,-0.1490508227129965
1742113155.3354628,7.4382315258217625e-09,1.8595653775432055e-16,0.0014583774551416107,8.624518262385304e-05,2.341746389442129,-1.2075481128053003,-0.1421303062220601
1742113155.456013,9.601067880113646e-09,5.709053022895733e-16,0.0015454755977546784,9.798503906267347e-05,2.3619753856142296,-1.2103760541858741,-0.1369983463068991
1742113155.532156,1.2427010384449513e-08,1.7627972856002358e-15,0.0016402512578299125,0.00011147650148999794,2.3826433072304667,-1.2131706010760994,-0.13265161798200892
1742113155.631667,1.5257546628563272e-08,4.296980387415734e-15,0.0017187253731234765,0.00012352144197896685,2.399227995625857,-1.215373591421507,-0.1317755489131003
1742113155.736945,1.9664278686597256e-08,1.2828866082964351e-14,0.0017853721824675312,0.00014022937882839407,2.419905807702648,-1.218094027886195,-0.1284903793116597
1742113155.8387053,2.509865348996594e-08,3.6515508824343376e-14,0.0019272145263078675,0.0001584255455725684,2.440020153075885,-1.2206318924760855,-0.12003772542677207
1742113155.9330928,3.182782933684781e-08,1.0068411636333561e-13,0.0020359028182926103,0.0001784035575229592,2.4598519825040484,-1.2229779911089351,-0.11542164371214197
1742113156.031683,4.0636423563517176e-08,2.8430855586296596e-13,0.002153704307467325,0.000201584780088967,2.480503520277857,-1.2252853911028483,-0.1082004813929586
1742113156.1317937,5.182215276531388e-08,7.946133681991029e-13,0.002278061185105361,0.0002276447951641194,2.5013213521712743,-1.227467808392694,-0.10221891687116905
1742113156.231852,6.46798031360797e-08,2.0188093535178032e-12,0.0023975783481783313,0.00025432224270810385,2.520541999936512,-1.229344098086568,-0.09366332576475431
1742113156.3316405,7.746767237751916e-08,4.2998165856915645e-12,0.002500000670414243,0.0002783301499613708,2.5363720298476125,-1.230780792597323,-0.08741300389967248
1742113156.4387565,9.76224182517517e-08,1.1263097350489834e-11,0.0025930187465650623,0.0003124458645137613,2.5568723522343078,-1.2325623124488998,-0.08545874641142183
1742113156.5374641,1.2214248832114686e-07,2.8497225400001192e-11,0.002778426231845234,0.00034948889584813256,2.57700652938,-1.2341648403426921,-0.07427512691221509
1742113156.6339889,1.5141596059548634e-07,6.928353694778824e-11,0.0029198758705900347,0.00038912203817759584,2.596628062196075,-1.2354915425947595,-0.0633873252650289
1742113156.731555,1.896008210396422e-07,1.7465225237158173e-10,0.0030773306674281276,0.0004354317639305178,2.617445597632212,-1.2367575893698906,-0.059932342030623385
1742113156.8391364,2.4962517070607787e-07,7.754022985272033e-10,0.0032804625928570933,0.0004996250301036547,2.6507975634952032,-1.2269064106869867,-0.058788264059077854
1742113156.9320922,3.0968283920983593e-07,1.8413189310483954e-09,0.0034502200078016625,0.0005564915445986901,2.6713451332065574,-1.2280159774037842,-0.047259474061977
1742113157.0321503,3.8426257187855754e-07,4.365407036697483e-09,0.0036281794583163467,0.0006198891609623107,2.692284212174357,-1.228887501277558,-0.03929063107873118
1742113157.1314526,4.745346994903132e-07,1.0075074054036895e-08,0.0038118107505296004,0.0006888647904272022,2.7130243791545254,-1.2296655166223878,-0.03563877370263259
1742113157.2317076,5.584625449747449e-07,1.912850623216141e-08,0.003960055349330744,0.0007473035159657319,2.7292403550205577,-1.2301790988032286,-0.026407385133754322
1742113157.3315165,6.845232033467715e-07,4.246109044440221e-08,0.004153466595899652,0.0008273591743292459,2.7498123903675804,-1.2306553161578455,-0.018229687475215594
1742113157.4509497,8.32754436394862e-07,9.112094118270173e-08,0.00434904512468288,0.0009125537991783618,2.7699576675919744,-1.2309351296127204,-0.0062284710636250655
1742113157.5315423,1.0085627734901372e-06,1.9177090503283616e-07,0.004549429308852593,0.0010042722606395825,2.790028962336727,-1.230955405018219,0.004478668905247097
1742113157.631543,1.2280545550432715e-06,4.1077152123186434e-07,0.004709236377322511,0.0011081762292357979,2.8110608826622325,-1.2307313161202396,0.01471910450552771
1742113157.7357137,1.4733630957656973e-06,8.277419822785599e-07,0.004974695175643405,0.0012138216902682606,2.8308747420784854,-1.2303166946726143,0.02554265234564621
1742113157.831466,1.765333444241081e-06,1.6564206335481573e-06,0.005134239495217575,0.0013286585130277385,2.8509594605769664,-1.2296272435857545,0.04066226456259574
1742113157.9315271,2.041087953688371e-06,2.8886143487692856e-06,0.0053722122077194765,0.001428666494913481,2.867417763512414,-1.2288395633070013,0.05565986607169001
1742113158.031605,2.430334697245325e-06,5.626857796282908e-06,0.005599402133312255,0.0015589530773071154,2.887604853756045,-1.2276316398744729,0.06390777800177433
1742113158.1313481,2.894256621021693e-06,1.0907867832418851e-05,0.005836625718907078,0.0017012514867066812,2.908185293725026,-1.2262291250732127,0.07147989246939498
1742113158.23171,3.4290985775982943e-06,2.06307991316733e-05,0.006017006573326613,0.0018517825405803712,2.9285506559016525,-1.224660572268564,0.08008662436102713
1742113158.3314905,3.908558387542315e-06,3.3608114931216e-05,0.00626972020317719,0.0019770074323437214,2.9445405572696473,-1.223308898825878,0.0895616767177471
1742113158.4331746,4.559144972161054e-06,5.948720913298307e-05,0.006503444042798991,0.0021352154392850044,2.963716543830813,-1.2214975951658762,0.10205886337851378
1742113158.531615,5.351091819192458e-06,0.00010747332069943292,0.006693995076500457,0.0023132427065036773,2.98415018641132,-1.219293320726088,0.11385688755606492
1742113158.6313915,5.799672680950621e-06,0.00014095453654639156,0.0068869541680080075,0.002408250958880868,2.9938365811114167,-1.2190205029147414,0.1253137105698732
1742113158.7313142,6.668383447241107e-06,0.00023558972062598992,0.007119303406289704,0.0025823213291999714,3.0123582309148063,-1.2165992119749434,0.13401378333522368
1742113158.8313892,7.501891598216911e-06,0.00036276113455114997,0.007322010519419981,0.003333703270305665,3.0283445841376846,-1.2143196460367833,0.15158398091746825
1742113158.9331694,8.693244828264351e-06,0.0006219271744243171,0.007584658587394454,0.00491464852019528,3.0488962600269716,-1.211080789402824,0.16124637067271752
1742113159.0321627,1.0040961886633275e-05,0.0010466689017224289,0.00785385448379025,0.007149286658633159,3.0694473985311106,-1.2076798182363708,0.1699024552102236
1742113159.1330097,1.1512527338481595e-05,0.001707263663619435,0.008056740453146737,0.010168489159198713,3.0894621358312975,-1.2041454171764365,0.18059660136653455
1742113159.2352097,1.3121714961109466e-05,0.0027135512054639976,0.00837745823245655,0.014195391522993895,3.109115495656077,-1.2004627720683736,0.18787569940043972
1742113159.3337657,1.486007289504619e-05,0.004190262689667617,0.008629080516033668,0.01940947104476676,3.128243962972057,-1.196730441649375,0.19597328841640024
1742113159.4316287,1.6922448964730995e-05,0.0065471838132263455,0.008901179033175319,0.026764508007035167,3.148688495786452,-1.1926081274423717,0.20065237224055796
1742113159.5323613,1.8721721076663636e-05,0.009202814517818543,0.00912188294007837,0.03419974608277466,3.164901351366673,-1.18926885895839,0.2068703287835269
1742113159.6329646,2.118449689833325e-05,0.013849054566330976,0.009405495494341673,0.04590103634045814,3.1851582276339485,-1.1849886330202843,0.20886654794169943
1742113159.7319202,2.392088589340213e-05,0.02048758186006551,0.009684707009651718,0.06085178264179853,3.205499974772735,-1.1806209732653525,0.21469647824718038
1742113159.8318067,2.6912602010593447e-05,0.029750247111689207,0.00990308782702609,0.07960002712704743,3.2258458814333153,-1.176036853917649,0.2252463811631349
1742113159.9319189,2.9468732860022166e-05,0.03935602882636915,0.010179369143604287,0.09736617616160392,3.241834986823285,-1.1723828268738123,0.22353531062556778
1742113160.042142,3.27225566503468e-05,0.05380716825291073,0.010446772301932248,0.12195648491643346,3.2605667809309864,-1.1681195949083758,0.22348810374690586
1742113160.1374962,3.633826774374591e-05,0.07274295872057578,0.01066198149682317,0.15152681412468355,3.279623242211912,-1.1638002193835355,0.2227773779626041
1742113160.2313795,4.034713812420662e-05,0.09718970070116492,0.01098999886034481,0.18667517889155413,3.2990221382928198,-1.159388649743042,0.22432203233195816
1742113160.331317,3.9526115404502666e-05,0.11239795704326255,0.010886369431752039,0.20727458802250084,3.3087997171881725,-1.1470849326924268,0.21679131283831338
1742113160.4321055,4.2993858406442085e-05,0.13944383269966135,0.011164551882970485,0.24208479005119185,3.324692899632069,-1.1435813725481567,0.216811578417537
1742113160.5316699,4.860545142818934e-05,0.18795978805582167,0.011504436967240057,0.3001419927026377,3.3482811284912657,-1.1384196245070772,0.21448097720217446
1742113160.6541405,5.2789397466468076e-05,0.22716247462766917,0.011733930757467053,0.34400309154752035,3.364411878143514,-1.1349363286199892,0.2102841545588945
1742113160.7384691,5.849519119390951e-05,0.28341684533988837,0.012034965785855532,0.4034098285005508,3.3846942652013894,-1.13065447410483,0.20513902201723783
1742113160.8316586,6.463744206532629e-05,0.3460220498924477,0.012335894571982585,0.46575198846897004,3.404676730737087,-1.1265462361151823,0.2016224671847795
1742113160.9318874,7.135331902034955e-05,0.41522801804152254,0.012632977062747611,0.5310878773452369,3.424771948865434,-1.1224842415352545,0.19814334406923995
1742113161.0316324,7.723932947829955e-05,0.47508334236322125,0.012881239568937997,0.5851594975265418,3.4411076502164946,-1.1192416529544145,0.19239173426699369
1742113161.1323724,8.513334358320509e-05,0.551998587330944,0.013197357571024169,0.651921547534991,3.461342328588252,-1.1153640605562192,0.18465058102678986
1742113161.2326987,9.362926241795857e-05,0.6286871920188241,0.013505531756447708,0.7159338902793392,3.4813296314140914,-1.1116773752404738,0.17967925562929848
1742113161.331623,0.00010309478593279463,0.7051353688191587,0.013834331797984493,0.7775999056999345,3.5018346120053465,-1.1080081581711452,0.17543886199068762
1742113161.4318337,0.00011335304060844537,0.7760958723102721,0.014157467516420587,0.8331804462381919,3.522354109498913,-1.1044210071960854,0.17142621769976354
1742113161.5422196,0.00012220674950983603,0.8268653938238262,0.014422746716499502,0.8720734557536034,3.5388462220104557,-1.1016077077576587,0.1653764654643509
1742113161.6314485,0.00013412771269704016,0.8798841915542848,0.0147602824178766,0.9119822187458537,3.559453021123531,-1.0982331456874483,0.15772656693529818
1742113161.7631128,0.0001464406786862529,0.9173426265566317,0.015081778933152394,0.9397725027812046,3.5790847985084255,-1.0951728857460454,0.15166405930590368
1742113161.8404696,0.00016040447199208596,0.9409417766231981,0.0154255159669936,0.9571173320895073,3.5996407348957007,-1.092129329930145,0.1435571719653581
1742113161.9317904,0.0001755102420932197,0.9473110795921721,0.015748825579807158,0.9617776576407978,3.620191887363454,-1.0892294343795512,0.1375828792102311
1742113162.0320077,0.00014847553098740212,0.8786980765126243,0.015102796223393373,0.9110968948890628,3.6273921340469784,-1.0620479877361553,0.14195064819442918
1742113162.1372402,0.00016082839573142366,0.8616891661288603,0.015430205868708422,0.8983642385766158,3.6462670217525925,-1.059405832424197,0.13490978992569147
1742113162.231892,0.00017510098164573787,0.8294660692861497,0.015762387691596505,0.8740474500285706,3.6665176609840344,-1.056737557219639,0.12569991863357718
1742113162.3343544,0.00019091184471562735,0.7839035731235462,0.01607567575416963,0.8392070114984581,3.6871034585486555,-1.0543021840638152,0.11313251770126517
1742113162.4412978,0.0002073382473655143,0.7300463700259533,0.016434673755675786,0.7972826641411536,3.706857593314986,-1.052170386776302,0.10324708736526658
1742113162.5319304,0.00022538292921392143,0.667778537453989,0.016764194475252764,0.747713752821424,3.7269103396403622,-1.0502213392063822,0.09301648653137375
1742113162.632613,0.000241552446358616,0.6119495786378577,0.01706616745920969,0.7021586669832997,3.743627378390279,-1.048758644636412,0.08086208618271044
1742113162.7316935,0.00026290071441806994,0.5411098861027994,0.017421465659840485,0.6426367200703155,3.7641189067890224,-1.047180437143136,0.07068977869140801
1742113162.8340688,0.0002855660110935599,0.4713196832324491,0.017799207355475598,0.5818180836259331,3.784246235667368,-1.0458300120158524,0.06290898836242852
1742113162.9311078,0.00030913686565716824,0.40596189376549635,0.01814113796769653,0.5225277917089294,3.8036530202780483,-1.044719085232249,0.053500454789277826
1742113163.0379202,0.0003351438708969086,0.3428494730901927,0.018518950252140707,0.46267337698639716,3.8235000593441058,-1.0437892639546313,0.04189733780014219
1742113163.1316063,0.00035770950138721934,0.2953705245716335,0.018828659255666506,0.4155892939330485,3.839586106588662,-1.0431807596567526,0.03252909696685968
1742113163.2311244,0.00038907623849670906,0.23959222802127264,0.019219036280725462,0.3574541658738726,3.8604335993613645,-1.0425871022996054,0.022590439683076672
1742113163.3315077,0.00042298069255154583,0.19076402219301727,0.01963331937018594,0.3033594016009738,3.8813110958306822,-1.042190055992497,0.014132659798738225
1742113163.431725,0.000458357802251942,0.15049229283305326,0.02001650175074607,0.2557468342076824,3.901457712985902,-1.0420314734090774,0.003776412373658898
1742113163.5333216,0.0004969420048849968,0.11637987307760704,0.02043270530872186,0.21253578970776105,3.921832685238158,-1.0420813469077017,-0.006871480578306415
1742113163.6314578,0.0005306955540672506,0.09307995945760547,0.020779514960341843,0.18095744410513998,3.938511412339288,-1.042261697721024,-0.015648502940061836
1742113163.7313514,0.0005756801354668697,0.06935883922731455,0.021194848121455223,0.14641760804857518,3.9592618211530635,-1.0426829523968655,-0.02687628948104681
1742113163.8429468,0.0005539970638299162,0.0661804038540949,0.020989953461600517,0.14155498803204952,3.960771492896079,-1.0370088661369483,-0.050428094429508484
1742113163.9313323,0.0006028863020636441,0.0485258018727627,0.021448494392557242,0.11321405840261672,3.9814689138900974,-1.0381600384201388,-0.05866617159320491
1742113164.0477946,0.0006550521602692896,0.03503044699852933,0.021878722256110834,0.08953665982253173,4.002005793819748,-1.0394531893564267,-0.06621498064471847
1742113164.1315513,0.0006997808538522274,0.026606739527379904,0.02229656544160007,0.07345037100083296,4.0185190777533535,-1.0406015671227724,-0.07280796961261395
1742113164.251515,0.0007584770925482061,0.018650041014112197,0.022729003595057036,0.056870814689391765,4.038886816118698,-1.0421392952073114,-0.07855916218234674
1742113164.3320162,0.0008196618281899658,0.012939304528028685,0.02314855472267635,0.043709503425872265,4.058844213899086,-1.043730737461315,-0.08089828686191199
1742113164.4311664,0.0008872466532795468,0.00867587931206488,0.023634099305885704,0.03277824684358932,4.07965482031674,-1.0454476145732454,-0.08461529211475022
1742113164.5312836,0.000958466206096016,0.005731127378568458,0.024124348793445168,0.030959105382682102,4.1002799758460355,-1.0472542488387846,-0.08904016212894092
1742113164.6323376,0.0010308684800770893,0.0037843332204667863,0.02452923944468269,0.032107140640005444,4.1200643917276025,-1.049084263708704,-0.09435504869891771
1742113164.7402954,0.0010913179931577419,0.0026884772786188106,0.02490345359265985,0.033035102439038115,4.135784900264909,-1.0506046479061089,-0.0988785047955668
1742113164.8465312,0.0011754149933458939,0.0016800454690629794,0.025333878618686634,0.03428432576770169,4.156637883293847,-1.0526925331406682,-0.10073119596912022
1742113164.931402,0.001262833293625093,0.0010343971766960682,0.02582121864149751,0.035536365790906264,4.177310886724747,-1.0547992588738824,-0.10260313944293625
1742113165.0311153,0.0013527742318399842,0.000630156670763908,0.026314255637118703,0.03678007927995784,4.197652647185151,-1.056910553656838,-0.10371411041690469
1742113165.1311977,0.0014424411272223904,0.00038370744100679326,0.026680718350972122,0.03797948297729171,4.217293326857877,-1.0589113290154506,-0.0995742102093852
1742113165.2330835,0.0015166359016085846,0.0002534105105974462,0.027058920338265194,0.038944009829607745,4.233213144589669,-1.0604741481534194,-0.09500295118762626
1742113165.3357248,0.0016140302362561588,0.0001452510328223431,0.027417316432706923,0.04017499516186852,4.253906909767245,-1.0623655527866358,-0.08592814402057306
1742113165.4313245,0.0013967086528674103,0.00010326001944744528,0.026418656553525,0.03737256551091202,4.263202056041699,-1.0408727411485432,-0.0704279873760699
1742113165.5372334,0.0014762431761992263,5.7851963201094736e-05,0.0268174476216441,0.03842191010607393,4.28373039418053,-1.0422955213960234,-0.06793848017773613
1742113165.6300595,4.0679431576223744e-11,3.269613599603703e-05,0.0004481709918733567,0.0005894370496715573,4.303327627770749,-1.0436073383056028,-0.06595179776272764
1742113165.7305572,5.098551830458663e-11,1.9987672939522035e-05,0.0004714903758616529,0.000413569791345832,4.31977190060347,-1.044648947295479,-0.05853233079037653
1742113165.8307612,6.745426647772118e-11,1.059443113341291e-05,0.0005021251733415358,0.000261852004279743,4.340394691231651,-1.0457744318909956,-0.050438973704194985
1742113165.933836,8.93901047811931e-11,5.450523506840763e-06,0.0005349279657416019,0.0001622689837288871,4.361350912736462,-1.0468254078201955,-0.049769851961946436
1742113166.0301921,1.180641595332448e-10,2.7569899335473292e-06,0.0005695607683647578,9.933752375559991e-05,4.382232421093249,-1.0478498811698813,-0.04769429902157769
1742113166.1304343,1.546430836869285e-10,1.3860732901258427e-06,0.0006052387758033578,6.0546084150422666e-05,4.402714858967023,-1.0487364310980132,-0.03956088761410704
1742113166.2303708,2.022392021365362e-10,6.790072812322447e-07,0.00062443132796545,3.622009546165683e-05,4.423383445220217,-1.0493833652548155,-0.025496933260774512
1742113166.3305178,2.484304268810685e-10,3.845688745679127e-07,0.0006541294200471673,2.4053671445006466e-05,4.43945256128729,-1.0496984741704352,-0.012834999361848749
1742113166.4311087,3.179307925996336e-10,1.8976429613563337e-07,0.0007122177983051821,1.7830613915388154e-05,4.458966066714694,-1.049896882509577,-0.00629935006222714
1742113166.5304036,4.068778332250365e-10,9.125468945016487e-08,0.0007530795730831942,2.017121298348308e-05,4.478708244218403,-1.0499719159950658,-0.001242015162324846
1742113166.630309,5.243748241273611e-10,4.179448948558494e-08,0.0007975568824584213,2.2899231954966548e-05,4.499260404663126,-1.049912274468439,0.0057724978534222275
1742113166.730274,6.731909999028825e-10,1.879585850088493e-08,0.0008441322989757597,2.5945924533592604e-05,4.519785780703934,-1.0496633940364481,0.01729705592074405
1742113166.8313022,8.201830128017129e-10,9.75869821801444e-09,0.0008824859689026678,2.863883749040301e-05,4.536258247649641,-1.049270442212081,0.03148170967974673
1742113166.9309294,1.0466045043093147e-09,4.211981742654368e-09,0.000932959822209665,3.235126742972081e-05,4.556922864654034,-1.0485070253501223,0.04522254725375185
1742113167.0302815,1.3301164249399902e-09,1.7811644128472221e-09,0.0009849410962192268,3.6470761233349516e-05,4.5776009376344575,-1.0474698789531214,0.05618253012576124
1742113167.130341,1.6667306268701066e-09,5.70753001184903e-10,0.0010107866254112543,4.082561238818233e-05,4.6033806507238495,-1.037102500218794,0.0713759620080448
1742113167.2305446,2.095766901649731e-09,2.3154750549324497e-10,0.0010387500589456146,4.577954676107804e-05,4.623967747177595,-1.0354489359898809,0.08544092964033839
1742113167.3303185,2.4698458679592752e-09,1.1851188721989394e-10,0.0011340537097243857,4.9697543882563e-05,4.6389649472291055,-1.034077460838882,0.09840583394865758
1742113167.4302745,3.1345145931756706e-09,4.306198976317248e-11,0.0011686468645346463,5.59867358682007e-05,4.661183788190051,-1.0316679041511425,0.11629354547362092
1742113167.5301695,3.6769010103628673e-09,2.125273367452113e-11,0.001241570637795142,6.063745550699557e-05,4.676378408278154,-1.0297688515969292,0.13286602090697047
1742113167.647246,4.46011504100003e-09,8.764471724914595e-12,0.0012976362927911342,6.678409272424108e-05,4.695106131300079,-1.0271713191750922,0.14462703060011625
1742113167.7481513,5.43458009051139e-09,3.399731069105316e-12,0.0013264832546431974,7.371960451949935e-05,4.714733166869891,-1.024081982797827,0.1632335741410709
1742113167.8313205,6.372891022603271e-09,1.5384183024059288e-12,0.0014076704830627439,7.983038909214505e-05,4.730873695284835,-1.0213154228849155,0.1773207743058659
1742113167.9301593,7.693067062222641e-09,5.806297147042986e-13,0.0014696200312947292,8.771013089844662e-05,4.750357708741497,-1.0176918067413743,0.19371109794478183
1742113168.031644,9.295660530706629e-09,2.086455033330974e-13,0.0015015736448881418,9.641400588455305e-05,4.770425605004334,-1.013623174520104,0.20974170755247834
1742113168.1302137,1.1103697857642714e-08,7.644759433209249e-14,0.001598598910001255,0.00010537408532292327,4.789737349077605,-1.009402644298412,0.2220254499803043
1742113168.2301888,1.3129237607463205e-08,2.843155523193377e-14,0.0016610425729388762,0.00011458288531653933,4.808412801704179,-1.0050088364493246,0.23760628293852573
1742113168.3313503,1.5587003175859303e-08,9.8451326437484e-15,0.001692077951766282,0.00012484792019036323,4.828066802493645,-1.0000346035162782,0.25402211736540564
1742113168.4307878,1.8298838180121806e-08,3.4902197208538845e-15,0.0017924492029450017,0.0001352731983066927,4.846934826412458,-0.9949554157317233,0.26909470151762727
1742113168.5301557,2.3519427833728456e-08,3.9099340245479516e-16,0.001861737237272328,0.000153360450683116,4.884816545747434,-0.9766364892108212,0.2959277967684556
1742113168.6304238,2.724618376907235e-08,1.3168269326664797e-16,0.0018876073134152173,0.00016506418075728105,4.903566708404668,-0.970788546565871,0.3113699893229294
1742113168.7302322,3.1140739801010564e-08,4.6768725839777176e-17,0.0020263822063835302,0.00017646739019153246,4.921101618763927,-0.965045593130796,0.32336518566539757
1742113168.8301432,3.56760770231795e-08,1.5411283359747857e-17,0.0020505755070042756,0.00018888111875775066,4.9395820519791585,-0.9586221121239853,0.34211275379589084
1742113168.9325738,3.9563836929970036e-08,6.351194071495075e-18,0.002060805705106287,0.00019890660353535282,4.954107851419558,-0.9533157289939305,0.3592639903300095
1742113169.0318148,4.457426207725802e-08,2.1735970086055554e-18,0.002200612409757439,0.00021112617572735507,4.971412577311362,-0.946697078355097,0.37536165516307834
1742113169.130191,5.0084696639014e-08,7.166452923255792e-19,0.0022190306048996875,0.00022379610505773777,4.98901801741092,-0.9395979640703938,0.3918028811686324
1742113169.2423909,5.6211197530291726e-08,2.231073148189652e-19,0.002237826122366597,0.00023708900761168099,5.007214244476323,-0.9318745424655206,0.40758905212810514
1742113169.3301148,6.229364071512123e-08,7.414756938038944e-20,0.002376802093077182,0.00024958694019343487,5.024105448588145,-0.9243862783107835,0.4236144761317064
1742113169.4301977,6.89871510591404e-08,2.3159463707218473e-20,0.0023917874357488864,0.00026265405205163007,5.0416530166694,-0.9162616030205029,0.4403185586207198
1742113169.5299184,7.456747543898804e-08,9.046919332179253e-21,0.0024799792871612056,0.0002730704587446032,5.055612970111106,-0.9095489873579878,0.45845100681713113
1742113169.6303928,8.141018160931092e-08,2.9118462994012168e-21,0.002484381357877812,0.0002853246950568964,5.072190105964367,-0.9012186111831455,0.47730514805248264
1742113169.7303338,8.880792202637932e-08,8.673337883534487e-22,0.0025357829372126884,0.0002980065805085172,5.089598929228508,-0.8920700905134749,0.49176153938701617
1742113169.8478625,7.743890551643331e-08,1.6543163223684253e-22,0.0025003082377828894,0.0002782784675759756,5.10858504904737,-0.8553886869110445,0.5164185515610689
1742113169.9303339,8.274014065647822e-08,5.2558927275015974e-23,0.002494608356314069,0.000287645859793737,5.124312901517179,-0.8462339465324482,0.5345062962738987
1742113170.0335047,8.738537835535631e-08,1.88392412568562e-23,0.0024828010403608494,0.0002956101797221407,5.13817172965728,-0.8378965203586022,0.5485753766266813
1742113170.1304777,9.292474923839942e-08,5.44017925723603e-24,0.0026065981098405116,0.0003048356101875229,5.1547049159704414,-0.8277216282028577,0.5564849129883758
1742113170.2301023,9.831157483357974e-08,1.5975926973832118e-24,0.0026000947515523874,0.00031354676658128645,5.170769609764669,-0.8176559015782043,0.5642227879731173
1742113170.3352463,1.0372397189091871e-07,4.467666397088847e-25,0.002583159502904345,0.00032206206217267924,5.187212883777093,-0.8071002485134438,0.5749559155671112
1742113170.4301617,1.0862304005606894e-07,1.3509439348688352e-25,0.002704419219734479,0.0003295800965714843,5.202417706034716,-0.797146716259864,0.5825571767060276
1742113170.5303237,1.1245140565920575e-07,5.1020416283818475e-26,0.0026799187467036636,0.00033533774863442643,5.21463532128719,-0.7890081583621393,0.5946546546189301
1742113170.6301522,1.1818028523428705e-07,1.0411623092606568e-26,0.0026645214866065662,0.0003437735958945757,5.2342466525334075,-0.7755377673278456,0.607313965913486
1742113170.7301145,1.2158083198685647e-07,3.796638843032469e-27,0.002777747538950827,0.0003486844303763167,5.24651055463756,-0.766972922372092,0.6120820990769379
1742113170.8302968,1.2559503093462982e-07,1.034835309941519e-27,0.0027494841535075673,0.00035439389234950114,5.262096448576941,-0.7558724622954314,0.6243885508744234
1742113170.9302702,1.2908511686792855e-07,2.72320691803079e-28,0.002813795944304996,0.0003592841728603259,5.277828309675854,-0.7442833382439944,0.6411658278672212
1742113171.03007,1.3199419263576757e-07,7.173598047636276e-29,0.0028309956597243257,0.00036331005028180486,5.2932916013886455,-0.73258812876424,0.652111863252353
1742113171.130154,1.3429806898824232e-07,1.7976515209771509e-29,0.0027936048530133478,0.0003664670094131835,5.309056748766579,-0.7202889244722752,0.6696620932785983
1742113171.230112,1.3556859800780862e-07,6.077544793237365e-30,0.0028462009251418808,0.0003681964122690614,5.321215018913101,-0.7105285674937702,0.683988665696811
1742113171.3304899,9.794826684361735e-08,9.91284466421856e-31,0.0025950977995570813,0.0003129668781893978,5.333563730821268,-0.6655866129428558,0.7084072713207139
1742113171.4357767,9.75704910547725e-08,2.516147543730456e-31,0.002593365857945069,0.0003123627555499735,5.3481788569892,-0.6528089389211287,0.7235485200237168
1742113171.5325933,9.677254676086793e-08,6.501481241367104e-32,0.0026326742099011145,0.00031108286156724855,5.362370951351934,-0.6401258235444649,0.7339104298900498
1742113171.6313226,7.23586788871016e-43,2.1016559827492251e-32,5.4430976234017106e-11,8.506390473467674e-22,5.3740377211324954,-0.6294801589228651,0.7467850331615344
1742113171.731874,1.3042831083834998e-42,4.944974251386915e-33,7.374718830685301e-11,1.142052147838924e-21,5.388755058604943,-0.615758180648557,0.7559076432536972
1742113171.8316412,2.2817902922072245e-42,1.2383402225045577e-33,8.314920167119291e-11,1.5105595957151854e-21,5.402618831928407,-0.6026063616450097,0.762782085354222
1742113171.9313715,4.1381783988797986e-42,2.8167868344393403e-34,7.898860064506663e-11,2.034251311632808e-21,5.417187433229742,-0.5884347310444866,0.7774052504848376
1742113172.031392,2.425554622437883e-38,6.372813529700754e-35,5.913493757242118e-10,1.5574192185914114e-19,5.431537257488117,-0.574077357768898,0.7911474589656726
1742113172.1315544,4.107033597043703e-38,1.5996069646151372e-35,6.629962367609158e-10,2.0265817518777038e-19,5.444637121747334,-0.5605848292064346,0.8062367324184313
1742113172.2375646,6.411351472264409e-38,4.952158729646038e-36,6.218875627130173e-10,2.5320646658931147e-19,5.455566808920992,-0.5490438754882687,0.8197437409709827
1742113172.3312967,1.112442745774606e-37,1.1537771825809045e-36,8.172634992788858e-10,3.335330187214762e-19,5.468924345966293,-0.5346098394965182,0.8296034221004381
1742113172.4329185,2.974036732795334e-38,2.8635698921698797e-37,6.173218138875964e-10,1.7245395712465789e-19,5.4814597346949085,-0.5206593253398912,0.845624673778905
1742113172.5364187,5.23301131675083e-38,6.462692772341405e-38,5.970350767140237e-10,2.287577608902227e-19,5.4945788868062095,-0.5055695972907266,0.8610606078456772
1742113172.631624,8.335537773689312e-38,1.886689186165229e-38,7.687464459404858e-10,2.887133140970349e-19,5.505241022705718,-0.49300712542503167,0.8746878985713854
1742113172.731153,1.3516060537469899e-37,1.0022662245729723e-38,7.308673981551677e-10,3.676419526858965e-19,5.50665174977636,-0.47506355593637783,0.8710761053709943
1742113172.83709,2.390489620789045e-37,2.163914986114481e-39,8.244590254099301e-10,4.889263360455279e-19,5.519592700962107,-0.4594902217251229,0.8877558691649396
1742113172.936994,4.071456726898039e-37,5.158262056067425e-40,1.0761098666012509e-09,6.38079675816276e-19,5.531443060591577,-0.444757825093514,0.9000715000777205
1742113173.0312862,7.0784211709597474e-37,1.1598626174739127e-40,1.0410832655860695e-09,8.413335349883391e-19,5.543520381490971,-0.429268904849486,0.9135568125395734
1742113173.131342,1.2174338792431806e-36,2.6596104112630364e-41,1.3573444240291176e-09,1.1033738619539529e-18,5.555227806701488,-0.4139420254688604,0.9214756472258528
1742113173.235397,1.8419828007971098e-36,8.559361882600502e-42,1.487338038028689e-09,1.3571966699034853e-18,5.564118292138005,-0.40216484359076343,0.9282977564482651
1742113173.33741,3.2555463718537e-36,1.783595581008481e-42,1.6726562123717394e-09,1.8043132687683978e-18,5.576219008355203,-0.3858353158792891,0.9405348284392315
1742113173.43082,5.8011179383038596e-36,3.5950304035416045e-43,1.897568359556835e-09,2.408551003882596e-18,5.5883414700359495,-0.36911368934681477,0.9468435032515486
1742113173.5307333,1.038782986424132e-35,7.036094463004035e-44,1.8490254282179226e-09,3.223015647532807e-18,5.600479917406908,-0.352122911842752,0.9528520090727767
1742113173.630888,1.7729137740139803e-35,1.551623515524124e-44,2.405897075994086e-09,4.210598263921625e-18,5.61155478781567,-0.33642572068633836,0.9584150297789534
1742113173.7311184,2.650032314438477e-35,4.929837487382198e-45,2.614381867958881e-09,5.14784645695506e-18,5.619846374418543,-0.32455755700446876,0.9642403109221418
1742113173.8328369,4.6376260772479044e-35,9.880262335760104e-46,2.555525671019378e-09,6.8100118041365426e-18,5.631292683712829,-0.3079161856942374,0.9753521664290389
1742113173.9307141,8.140084620568055e-35,1.9421891822016175e-46,3.3190165554581803e-09,9.022241750567347e-18,5.642653933858959,-0.29103320267888266,0.9814345820097882
1742113174.0329733,1.390274794362703e-34,4.074384726109212e-47,3.7185636063242536e-09,1.1790991452641728e-17,5.653380522788794,-0.2748524930664278,0.9881312830595932
1742113174.13081,1.21188614074767e-34,1.176070154389016e-46,3.1345168954890134e-09,1.1008570028608031e-17,5.641242895434189,-0.27436492137832236,0.9867234556754916
1742113174.2307718,1.870668586692324e-34,3.29266813985369e-47,3.969874368544262e-09,1.3677238707766725e-17,5.649904647054662,-0.26118838920049514,0.9922093479713292
1742113174.3306186,3.210259128047543e-34,6.665221057049914e-48,4.4390616866294475e-09,1.7917196008437096e-17,5.660618470473636,-0.24469655929055056,0.9985877602180331
1742113174.4308255,6.366575351186256e-34,8.646445919586519e-49,5.148224956211542e-09,2.523207353981487e-17,5.674033778331825,-0.2235926931351373,1.0090805618842926
1742113174.5307398,9.839280958474262e-34,2.332146797886576e-49,5.633822145906759e-09,3.136762815144662e-17,5.682490906504725,-0.21007444864067848,1.0142890541633458
1742113174.6308231,1.7146921336363846e-33,4.3214694922873505e-50,5.550622824536851e-09,4.1408841249621855e-17,5.693204115297021,-0.19271348411018385,1.0203864901145785
1742113174.7308557,2.878485871996776e-33,8.838553043953507e-51,7.080309169634533e-09,5.3651522550592877e-17,5.703126627826222,-0.17641158651229105,1.0262796013435216
1742113174.830793,4.262824507695942e-33,2.6302155674709664e-51,7.709431511590246e-09,6.529030944708366e-17,5.710595445898882,-0.16397963107264335,1.0346678822120514
1742113174.930651,7.309968717703735e-33,4.923304024898781e-52,7.561834434372007e-09,8.549835505846726e-17,5.720752609197859,-0.14678551980157684,1.040132555254349
1742113175.0375426,1.2701295340019632e-32,8.67882058356569e-53,9.726998714352314e-09,1.1270002369130023e-16,5.7311181982622585,-0.12906799298628568,1.0427139132102816
1742113175.1334994,2.150960111652362e-32,1.6265842994720082e-53,9.538458919128214e-09,1.4666151886750532e-16,5.740981029651003,-0.11208279721035952,1.0456688730796662
1742113175.2311075,3.6066923437674166e-32,3.085907137583439e-54,1.214393093046706e-08,1.899129364674091e-16,5.7506488474493125,-0.09533565544480416,1.0486618607124176
1742113175.331179,5.932542636627809e-32,6.1259011888305036e-55,1.3509796319161895e-08,2.4356811442854766e-16,5.759922886669571,-0.07912123024861151,1.0528073637565463
1742113175.4314053,9.146844714335081e-32,1.4803660837595507e-55,1.30196557377852e-08,3.024375094847708e-16,5.767967495511755,-0.06494460800964363,1.0572272865852204
1742113175.5307133,1.6709117968519873e-31,3.0431289233485807e-56,1.6852533912561377e-08,4.0876787995780533e-16,5.773259031032289,-0.042218967689304776,1.047019083291095
1742113175.6378274,2.7483555979518178e-31,5.646552012766542e-57,1.870797505132418e-08,5.242476130562559e-16,5.782668978824518,-0.02584906148445043,1.0511623213587216
1742113175.7306874,4.634599865322538e-31,9.456999710383e-58,2.09558875621873e-08,6.807789557060749e-16,5.792511519668402,-0.008560241430200843,1.054507572442096
1742113175.8307104,7.8112551513522975e-31,1.5553763394469539e-58,2.3377417298112285e-08,8.838130544041708e-16,5.80232196016857,0.008804975279503413,1.0585029909906798
1742113175.9307323,1.1966742837702453e-30,3.5075118272566603e-59,2.5673193399776697e-08,1.0939260869776557e-15,5.810313994801902,0.02306936088942324,1.061848718911212
1742113176.0306818,2.0312973305853985e-30,5.423320804001094e-60,2.8664346889236594e-08,1.4252358859449893e-15,5.8202119670133925,0.04084979954568668,1.0645024369059022
1742113176.1303818,3.452542202558344e-30,8.168385671529221e-61,3.2189608910809333e-08,1.8581017740044122e-15,5.830116419954713,0.05877135955026214,1.0674292633829532
1742113176.230866,5.803269008284425e-30,1.2529959606862079e-61,3.1819038641712684e-08,2.4089975110581634e-15,5.839798394820598,0.07641091586991555,1.0696936438379696
1742113176.3306289,9.510700499726045e-30,2.065215301510785e-62,3.997018945353802e-08,3.0839423632302286e-15,5.8489898947624965,0.09328015534859002,1.0736348221598082
1742113176.4329634,1.1600891272478246e-29,9.948917746739798e-63,3.7002414346584735e-08,3.4060081139771592e-15,5.852679671507502,0.10008982915103681,1.0748390744028504
1742113176.5306466,2.4256205772599833e-29,6.42695342522544e-64,4.87941052597551e-08,4.925058961332324e-15,5.8663590890632875,0.12549527303332964,1.0795660803614073
1742113176.6306841,3.98037425596309e-29,9.957963607093908e-65,5.415285462122244e-08,6.3090207290538276e-15,5.875529431917364,0.142663524629687,1.0809936116037782
1742113176.7309127,6.629069627118137e-29,1.4256095543685819e-65,5.392908218666854e-08,8.141909866314007e-15,5.88498834651466,0.16042369449496086,1.0816465208826476
1742113176.8313498,1.0927383823379124e-28,2.0721973305713776e-66,6.721110000695139e-08,1.045341275535369e-14,5.894281518433871,0.1778993372206581,1.0820221493540223
1742113176.9333084,1.4047332525391836e-28,1.609611691794232e-66,7.088081045778107e-08,1.1852144331466706e-14,5.888747306211535,0.191725629567427,1.0807126069380601
1742113177.0304236,2.3235939332768375e-28,2.222713990429072e-67,6.306826444913277e-08,1.5243339310258882e-14,5.898168288532595,0.20941996977968724,1.0825495028807481
1742113177.13066,3.797337515864875e-28,3.142565011919683e-68,8.768894314762124e-08,1.9486758365271725e-14,5.907388768477993,0.226762266550796,1.0818379426314197
1742113177.230723,6.112636877522324e-28,4.6068793818343576e-69,8.715354367208575e-08,2.4723747445568044e-14,5.916366704218426,0.24363153642579327,1.0816648507429916
1742113177.3309798,1.0008321857404763e-27,6.150316749626563e-70,8.653619726593593e-08,3.163593187722588e-14,5.925705129721173,0.2611691118273871,1.0815988087965804
1742113177.4416695,1.4389041863888933e-27,1.3742466156947411e-70,1.1684258213822831e-07,3.793289056200296e-14,5.932600183732369,0.2741292985110051,1.0823343301131092
1742113177.5306401,2.263315865112129e-27,2.0795075213961895e-71,1.1544282419729148e-07,4.757431938674614e-14,5.941219034013436,0.2903581788771765,1.0828120017363387
1742113177.63106,3.732660270912866e-27,2.518734482523792e-72,1.4323775508303645e-07,6.109550123301114e-14,5.9507725060220125,0.30835473341822217,1.0828394198729356
1742113177.7308567,6.037985349200893e-27,3.228089552379952e-73,1.5870513376503505e-07,7.770447444774911e-14,5.959988172222523,0.3257282452233059,1.0831970477415884
1742113177.8309717,9.92402614745588e-27,3.765743733087805e-74,1.5903679711967647e-07,9.961940648014262e-14,5.969539769533604,0.3437544439819624,1.0836958194090682
1742113177.9305863,1.5932299153655834e-26,4.741410631233581e-75,1.954188159263804e-07,1.2622321162787704e-13,5.978674526083324,0.3609989637609834,1.083689978153881
1742113178.0318174,2.3381594040829128e-26,8.692617370687078e-76,1.9127810184341717e-07,1.5291041181302576e-13,5.986087764167486,0.37503087106062294,1.0853193307234608
1742113178.1346436,3.8285342943710774e-26,9.587030726524563e-77,1.9207191114069685e-07,1.9566640729494364e-13,5.995644529704137,0.3931402317346402,1.0849208140684923
1742113178.2339768,6.021613494929365e-26,1.2341450115262133e-77,2.59764360659008e-07,2.4538976129678607e-13,6.0044679904808405,0.4098335780613387,1.0834916138960684
1742113178.338188,1.8124679826190591e-25,8.171444925231902e-80,2.982372138409463e-07,4.2573089888086104e-13,6.025093141879523,0.4512105504403645,1.0759993081723096
1742113178.4305243,2.879017558716362e-25,9.11474057139076e-81,3.637544630666953e-07,5.365647732302562e-13,6.034425094076703,0.4684067664925031,1.072229314390266
1742113178.5535803,4.095705794442334e-25,1.680843090503156e-81,3.920569156482592e-07,6.39977014778057e-13,6.041594445646879,0.48153537870093777,1.0692826991711497
1742113178.6305046,6.572406848334539e-25,1.6912404234258213e-82,3.9472891081262716e-07,8.107038206604517e-13,6.051308261526671,0.4991863174236726,1.0673007255230784
1742113178.7305555,1.059425998651114e-24,1.6189669156800835e-83,4.809266903567363e-07,1.0292842166530653e-12,6.061154917105014,0.5170819472778287,1.06762938553437
1742113178.8400261,1.6355014268677609e-24,1.8696944085291323e-84,4.812057685435608e-07,1.278867243644844e-12,6.070145179292744,0.533426548469488,1.068405080381477
1742113178.9307692,2.6060521537697044e-24,1.796721426544719e-85,5.313324801028574e-07,1.6143271520264114e-12,6.079827005464935,0.551037311620032,1.0677590852414014
1742113179.0306082,3.716004101613125e-24,2.9611374454330623e-86,6.311929387700124e-07,1.9276939854689397e-12,6.087232887096441,0.56449809567322,1.0672493463192825
1742113179.1363568,3.955744738807423e-23,2.987242277927663e-87,9.608499674584243e-07,6.2894711532905714e-12,6.0966022009979355,0.5815008023779034,1.067115355077827
1742113179.232073,6.276884059379102e-23,2.603883633872069e-88,9.716096415906378e-07,7.92267887736156e-12,6.106490153253134,0.5994603758159123,1.0679855828915479
1742113179.3305085,4.1806799102525415e-23,2.8258868953091847e-89,8.886978397846681e-07,6.465817744301599e-12,6.115424611150431,0.6156912360680842,1.067029882017219
1742113179.4310763,6.152550497986817e-23,3.561392773722863e-90,8.839545252433165e-07,7.843819540241104e-12,6.123712907629169,0.6307176090618722,1.0664909368191602
1742113179.5305662,8.974978266898846e-23,4.6083968433269656e-91,8.780064407339145e-07,9.47363619044918e-12,6.131853508309263,0.6454496688845754,1.065766859594429
1742113179.6389158,1.1843258170234827e-22,1.0128530860287925e-91,1.3285394912758476e-06,1.0882673463002933e-11,6.137857983201457,0.6563014772092286,1.065204549375618
1742113179.7308247,1.7736390322767416e-22,1.0928613087113795e-92,1.3323030342331165e-06,1.3317803994190414e-11,6.146639276164109,0.6721543040180404,1.0641586070690991
1742113179.8306568,2.7051719498453377e-22,3.417606997448694e-93,1.3394661796596943e-06,1.644740693801104e-11,6.137609610993529,0.6991241404435509,1.063886180571141
1742113179.9542265,4.1151203206651518e-22,3.2103535447894933e-94,1.3480924951928711e-06,2.0285759341629664e-11,6.146828715510637,0.7157182038839864,1.0629149824891708
1742113180.0304437,5.960483145390927e-22,3.8746346296186386e-95,1.3413312909421683e-06,2.4414100731730685e-11,6.155067040188747,0.7303958128589874,1.0561652333055165
1742113180.1304233,7.964482448431812e-22,7.264577181419729e-96,1.3111191191099424e-06,2.8221414649928185e-11,6.161618782849175,0.7418690621179351,1.0472122580323837
1742113180.231286,1.11813192777475e-21,1.0003051296458472e-96,1.4159559959967454e-06,3.3438479746764056e-11,6.169423271949832,0.755278677412861,1.037396922758641
1742113180.3304818,1.5336534480040601e-21,1.5403190939689042e-97,1.3930717415988457e-06,3.916188769714836e-11,6.176846044318907,0.7677381819916271,1.0290432125840805
1742113180.430505,2.0828786575760703e-21,2.4586469316087445e-98,1.3675598808703177e-06,4.563856546360841e-11,6.184182361822444,0.7797769783030666,1.0203513056550642
1742113180.5318935,2.772265910274936e-21,4.350636837919794e-99,1.460994816958427e-06,5.2652311537813186e-11,6.191128295873163,0.791015985704917,1.0144614130769394
1742113180.6398861,3.09076501601943e-21,2.241160006469431e-99,1.3701733262370668e-06,5.5594649167158436e-11,6.193794132108948,0.7952895017308084,1.0116536766801503
1742113180.7304883,4.4455659123739835e-21,2.392117613479595e-100,1.491156266944112e-06,6.667507714561703e-11,6.202829633214343,0.8095501964315499,1.000801101378026
1742113180.8370821,5.6821886351883974e-21,5.1927928625199095e-101,1.4445222300801957e-06,7.538029341405085e-11,6.20902388314942,0.8191686440895682,0.9960445315156602
1742113180.9302747,7.144451922895163e-21,1.2322453403946753e-101,1.5244508556274946e-06,8.452485979222422e-11,6.2148854853226325,0.8281279220318809,0.9885181338105823
1742113181.0304697,8.904569191587592e-21,3.0508552471867648e-102,1.4676551876932885e-06,9.436402488018192e-11,6.220606257363052,0.8367252603913768,0.9796030670915269
1742113181.1503267,1.0538740513495263e-20,1.0391454215523296e-102,1.527997885677586e-06,1.0265836796625623e-10,6.2250468849462735,0.8432859385007956,0.9709630162034655
1742113181.230678,1.280650921535072e-20,2.9600720976652203e-103,1.4619807928876528e-06,1.1316584827301354e-10,6.230256083814702,0.8508542441319964,0.9635067135606431
1742113181.3304029,1.5429397352040475e-20,8.823810197035462e-104,1.5292155041306415e-06,1.242151252949514e-10,6.235305488622906,0.8580713220869005,0.9561177641664169
1742113181.4303904,1.829486860942107e-20,2.894012171110123e-104,1.4541675374425424e-06,1.3525852508962631e-10,6.239978226641789,0.8646558948999141,0.9497879893098498
1742113181.5310535,2.1670651686366303e-20,9.470373755136011e-105,1.515255704846786e-06,1.4720955025529527e-10,6.244692134216351,0.8711798512988316,0.9423014075074814
1742113181.6304202,2.526581474717907e-20,3.4156672358748254e-105,1.5727247709208115e-06,1.5895224045976537e-10,6.249018199391841,0.8770782513389568,0.9351086766038561
1742113181.7306314,2.841957637874203e-20,1.5554806528027387e-105,1.4766801370868353e-06,1.685810676758871e-10,6.252373838363809,0.8815851762035636,0.9259368330751082
1742113181.8317153,3.3180279657609276e-20,5.486059224514181e-106,1.5338808583110077e-06,1.8215454882491755e-10,6.2568411115970335,0.8875047129498217,0.9211676270280503
1742113181.9392653,3.767604107710407e-20,2.3200756453614466e-106,1.582506300268709e-06,1.9410317121856633e-10,6.2605488529451705,0.8923483678781183,0.913295045546117
1742113182.0308545,4.2857260595906676e-20,9.639619728996132e-107,1.633094743532894e-06,2.0701995216864165e-10,6.264355026575885,0.8972439612651906,0.9076278359208725
1742113182.1325119,5.1387784054778443e-20,3.934236815818269e-107,1.5579633762545009e-06,2.2668873826191377e-10,6.264419973492835,0.9071572553325606,0.8969171058070066
1742113182.2303867,5.601861002377813e-20,2.1670072609289426e-107,1.591839149211528e-06,2.366825089096745e-10,6.267038245010248,0.910410829763411,0.8882179271113276
1742113182.3304014,6.256951241396256e-20,1.0046237145601825e-107,1.6358310663187822e-06,2.501389861936011e-10,6.2704339854511275,0.9145655116771798,0.881471158159912
1742113182.4304452,6.954018206009895e-20,4.800232458779213e-108,1.5308056165413162e-06,2.637047251379826e-10,6.273715355881663,0.9185192789399275,0.8740022193323974
1742113182.542116,7.722428908525651e-20,2.2961459469824628e-108,1.5718433525250497e-06,2.778925855168801e-10,6.277014597113961,0.9224250700618941,0.8659229289423825
1742113182.630469,8.388892848012897e-20,1.2778875158846209e-108,1.6045742278669057e-06,2.896358549629672e-10,6.279655930883294,0.9254948289593208,0.8566063653361203
1742113182.7338338,9.162830254130829e-20,6.819223517168704e-109,1.6402410425920974e-06,3.0270167251158074e-10,6.28250352480498,0.9287542526389574,0.8497720967661742
1742113182.8324807,9.776822505261763e-20,4.287785269353623e-109,1.667411765652268e-06,3.126791087562737e-10,6.284620157395629,0.9311397198137312,0.8394151936900021
1742113182.9303749,1.0712559310196099e-19,2.2226841905655153e-109,1.5545216322852578e-06,3.2730046303352673e-10,6.287633755133648,0.9344887445920196,0.8366327296625977
1742113183.0303583,1.1509675672760115e-19,1.3244965341974022e-109,1.5827965369381975e-06,3.3925912917355835e-10,6.290011824394895,0.9371157462987303,0.8323388110529785
1742113183.1304162,1.2275984765244116e-19,8.304285470498643e-110,1.6087423196165445e-06,3.5037101428691435e-10,6.292165568087199,0.93946777384188,0.8282738934885862
1742113183.234455,1.3098590949982063e-19,5.1834386555284754e-110,1.6354110596037173e-06,3.6191975560864407e-10,6.294345425664218,0.9418301747750006,0.8229969750773316
1742113183.3305993,1.3692458218929861e-19,3.751071993990364e-110,1.654029697265237e-06,3.700332176836272e-10,6.2958480786163165,0.943439819816108,0.8167516003977662
1742113183.4335577,1.4643597243080735e-19,2.2946536700619954e-110,1.682176715248555e-06,3.8266953423392273e-10,6.298138593731942,0.9458720791961168,0.8136299859415891
1742113183.5305994,1.563540144010876e-19,1.4185275082005555e-110,1.557433410252608e-06,3.954162545989828e-10,6.300383461423245,0.9482430079143898,0.8111251603495485
1742113183.6306596,1.6423562019555402e-19,9.874599895473143e-111,1.5771508809727672e-06,4.0525994151353527e-10,6.302080585007097,0.9500171148822814,0.8055639277827146
1742113183.730619,1.7102746074171544e-19,7.322459459693042e-111,1.593470689708532e-06,4.135546647563239e-10,6.30348251274993,0.9514781542327171,0.8058753024470212
1742113183.8379078,1.78366118401092e-19,5.368229425777307e-111,1.610662160926636e-06,4.2233413122916317e-10,6.304937860062161,0.9529931690751106,0.8052257310282595
1742113183.9301765,1.841428382233744e-19,4.2406567730536584e-111,1.623942959754113e-06,4.2911867615308285e-10,6.306042834386481,0.9541428192664325,0.8051619540583494
1742113184.030695,1.926196390023259e-19,3.0387304708144313e-111,1.6427474465995862e-06,4.38884539488834e-10,6.30760389806634,0.9557668627089897,0.8052090417277219
1742113184.1305444,2.0127753546087806e-19,2.1933361324560193e-111,1.6613073622108857e-06,4.486396498983099e-10,6.309130280462618,0.957354027360974,0.8050527583491212
1742113184.2305057,2.0905100433210434e-19,1.6557356235813707e-111,1.3862236264656455e-06,4.572209578880919e-10,6.310444738603401,0.9587236068737535,0.8061403046976926
1742113184.3304882,2.1128009829978159e-19,1.5303323056343621e-111,1.3901006976847443e-06,4.5965214923872766e-10,6.310812861033227,0.959107017979766,0.8055800210368039
1742113184.4315903,2.113868196828278e-19,1.5246027901146947e-111,1.3902858168490157e-06,4.5976822387245057e-10,6.310830396943459,0.959125269632275,0.8061990748774412
1742113184.5304515,2.1128008047676298e-19,1.5303317715130698e-111,1.3901006667916786e-06,4.596521298512202e-10,6.310812872844764,0.9591070066409086,0.8065732728373414
1742113184.630494,2.1160050824704336e-19,1.5132104602912487e-111,1.3906563444199995e-06,4.600005524421067e-10,6.310865411722368,0.9591618276580132,0.8068259965311889
1742113184.7306814,2.1149363887477434e-19,1.518896011690798e-111,1.3904710599560453e-06,4.5988437554974006e-10,6.310847903302708,0.9591435496360909,0.8074749719035035
1742113184.8304124,2.1149365088425422e-19,1.5188963773350721e-111,1.390471080761691e-06,4.5988438860680434e-10,6.310847895264438,0.9591435573179026,0.8083535443674925
1742113184.930321,2.1149365088425422e-19,1.5188963773350721e-111,1.390471080761691e-06,4.5988438860680434e-10,6.310847895264438,0.9591435573179026,0.8087697039973143
1742113185.0318584,2.1138676573563564e-19,1.52460113516069e-111,1.3902857233654749e-06,4.5976816520463404e-10,6.310830433124117,0.959125235077328,0.80971825231427
1742113185.130661,2.113867576327439e-19,1.5246008822174375e-111,1.3902857093242861e-06,4.5976815639270177e-10,6.310830438601762,0.9591252298628121,0.810315848482788
1742113185.2346635,2.1149367215726412e-19,1.518897038271426e-111,1.3904711176155566e-06,4.598844117354535e-10,6.310847880894016,0.9591435709992222,0.8112424622904661
1742113185.3305511,2.116006785522827e-19,1.5132156971802385e-111,1.3906566393868095e-06,4.6000073755623773e-10,6.310865297053837,0.9591619369519973,0.8120813380610349
1742113185.4302726,2.116006865820209e-19,1.5132159520018155e-111,1.3906566532940787e-06,4.6000074628419994e-10,6.310865291568376,0.9591619421495046,0.812678457392395
1742113185.5339315,2.114936564197283e-19,1.5188965364615366e-111,1.3904710903517097e-06,4.598843946251365e-10,6.310847891652983,0.9591435608060119,0.8136477481257325
1742113185.6480324,2.114936564197283e-19,1.5188965364615366e-111,1.3904710903517097e-06,4.598843946251365e-10,6.310847891652983,0.9591435608060119,0.8143116246592407
1742113185.7315545,2.1127965535448827e-19,1.530318331150065e-111,1.3900999299292082e-06,4.596516674118438e-10,6.31081316149325,0.9591067322928502,0.815467954767883
1742113185.8306296,2.1149370694382269e-19,1.5188981959648979e-111,1.3904711778792096e-06,4.5988444955643224e-10,6.310847856629913,0.959143593801711,0.8159253608118893
1742113185.9315298,2.1149370694382269e-19,1.5188981959648979e-111,1.3904711778792096e-06,4.5988444955643224e-10,6.310847856629913,0.959143593801711,0.8168437491785886
1742113186.0363295,2.1149370694382269e-19,1.5188981959648979e-111,1.3904711778792096e-06,4.5988444955643224e-10,6.310847856629913,0.959143593801711,0.8177356730830077
1742113186.1311228,2.1149370694382269e-19,1.5188981959648979e-111,1.3904711778792096e-06,4.5988444955643224e-10,6.310847856629913,0.959143593801711,0.8183518659006954
1742113186.2310905,2.1138657292737797e-19,1.5245948475154129e-111,1.3902853892602448e-06,4.597679555247168e-10,6.310830566129276,0.9591251094994,0.8189618598353271
1742113186.3305013,2.1138657292737797e-19,1.5245948475154129e-111,1.3902853892602448e-06,4.597679555247168e-10,6.310830566129276,0.9591251094994,0.8206824075114134
1742113186.43053,2.1127943821070704e-19,1.5303109336309957e-111,1.3900995535642146e-06,4.5965143120706917e-10,6.310813314186646,0.9591065892045951,0.820845485819519
1742113186.5303836,2.1149381880696198e-19,1.518902082361523e-111,1.3904713716660458e-06,4.5988457117733574e-10,6.3108477769764875,0.9591436680428505,0.8220980178248292
1742113186.6313438,2.1149379452952823e-19,1.5189012160870332e-111,1.3904713296092953e-06,4.598845447821966e-10,6.310847794490478,0.9591436518028047,0.8239853392969971
1742113186.7348056,2.1160111870446134e-19,1.513230559215585e-111,1.3906574017007894e-06,4.6000121598150294e-10,6.3108649874420735,0.9591622268737181,0.8240565072428586
1742113186.8361146,2.1160111870446134e-19,1.513230559215585e-111,1.3906574017007894e-06,4.6000121598150294e-10,6.3108649874420735,0.9591622268737181,0.8248226653468015
1742113186.930153,2.1192355845227136e-19,1.4963502083737265e-111,1.3912161508718079e-06,4.603515596283685e-10,6.3109164613639805,0.959218049021366,0.8263963471781615
1742113187.0357146,2.118160067827154e-19,1.5019553577397436e-111,1.3910298229825655e-06,4.6023473009184714e-10,6.310899316461793,0.9591994295913655,0.8275222789179687
1742113187.1305711,2.1203122284457705e-19,1.4907680762594459e-111,1.3914026277377272e-06,4.604684819231139e-10,6.310933563076169,0.9592367081747648,0.8284188519846801
1742113187.2310498,2.1235456627016438e-19,1.474147058271157e-111,1.3919623836529408e-06,4.6081945083748837e-10,6.310984848552415,0.9592927035038734,0.829835773600281
1742113187.330777,2.1213886647036188e-19,1.4852039397202336e-111,1.391589022576485e-06,4.60585351992833e-10,6.310950720463822,0.9592553163896942,0.8318325292002564
1742113187.4303522,2.1224672757858418e-19,1.4796666387221297e-111,1.391775747434946e-06,4.607024284487593e-10,6.310967755758746,0.9592740361538645,0.8326531659495237
1742113187.53038,2.1213883722232847e-19,1.4852028130004891e-111,1.3915889719881747e-06,4.6058532024189444e-10,6.310950742611787,0.9592552962586085,0.8342157613169553
1742113187.6383734,2.1235471887225864e-19,1.474152864074298e-111,1.391962647631571e-06,4.608196164143391e-10,6.310984733350196,0.9592928082977195,0.8355216990839843
1742113187.7382472,2.1267903084411596e-19,1.4577347699367024e-111,1.3925234254048235e-06,4.611713681963744e-10,6.311035656404606,0.9593491334256372,0.8360612403284913
1742113187.8304374,2.1267903084407968e-19,1.4577347699386496e-111,1.3925234254047625e-06,4.6117136819633513e-10,6.311035656404599,0.9593491334256319,0.8379868279826049
1742113187.930699,2.1246262684491243e-19,1.4686541430105111e-111,1.3921492809776732e-06,4.6093668420392885e-10,6.31100181721763,0.9593114846203594,0.839269043101013
1742113188.0303938,2.1257082373469798e-19,1.4631851800256722e-111,1.3923363675960813e-06,4.6105403559094673e-10,6.3110187195762535,0.959330324501376,0.8406317244898682
1742113188.1304202,2.1224627055259792e-19,1.4796481489492682e-111,1.3917749571681444e-06,4.607019324385322e-10,6.310968111450656,0.9592737162442924,0.841818452967346
1742113188.2305508,2.1257087455755228e-19,1.463187278897794e-111,1.392336455467351e-06,4.610540907068847e-10,6.311018679372708,0.9593303604212635,0.8422929059397581
1742113188.3304045,2.1246260321071335e-19,1.4686531783774396e-111,1.3921492401044191e-06,4.6093665856678543e-10,6.311001835763044,0.9593114679979711,0.8436933766734008
1742113188.4313674,2.1246257818436248e-19,1.468652105412931e-111,1.3921491968235182e-06,4.60936631419507e-10,6.311001855930762,0.9593114500984576,0.8458241235148315
1742113188.5341582,2.1246257818436248e-19,1.468652105412931e-111,1.3921491968235182e-06,4.60936631419507e-10,6.311001855930762,0.9593114500984576,0.8471915732752686
1742113188.630424,2.1257096192130165e-19,1.463191015795324e-111,1.392336606516847e-06,4.6105418545036723e-10,6.311018608931839,0.9593304229158361,0.8486423503291014
1742113188.7304685,2.1267943875882829e-19,1.4577518841772039e-111,1.3925241304981438e-06,4.6117181045552673e-10,6.311035330368739,0.9593494235577253,0.8498284827601318
1742113188.830705,2.127880070993317e-19,1.4523345694820548e-111,1.3927117659203293e-06,4.6128950464901293e-10,6.311052021345276,0.959368450962856,0.8509477387797242
1742113188.9305663,2.1300534416671405e-19,1.44156175301584e-111,1.3930872427257922e-06,4.6152502008744235e-10,6.311085373243998,0.9594065321138578,0.8519691239725949
1742113189.0306401,2.1278795133735849e-19,1.4523320308193137e-111,1.3927116695585446e-06,4.6128944420760215e-10,6.311052068065962,0.9593684100992901,0.8537318717371823
1742113189.1305532,2.1289665029588965e-19,1.4469382649215127e-111,1.3928994839392356e-06,4.6140724993858697e-10,6.311068695405844,0.9593874931392121,0.8552010070216063
1742113189.2322686,2.1278788881977177e-19,1.452329094938702e-111,1.3927115615223999e-06,4.612893764436504e-10,6.3110521213796105,0.9593683637605483,0.8566026698481444
1742113189.3308344,2.127878761979397e-19,1.4523284905951458e-111,1.3927115397107064e-06,4.612893627626153e-10,6.311052132264031,0.9593683543371738,0.8577402840983276
1742113189.4303832,2.1278786306598594e-19,1.4523278545625423e-111,1.3927115170174726e-06,4.6128934852864956e-10,6.311052143663922,0.9593683444904499,0.8589305888544921
1742113189.5303888,2.1278784913347585e-19,1.4523271721097344e-111,1.3927114929408001e-06,4.6128933342694567e-10,6.311052155838318,0.9593683339987154,0.8602005254160766
1742113189.6370358,2.1267906267165447e-19,1.4577341357539307e-111,1.3925234804187746e-06,4.6117140270365255e-10,6.311035651377701,0.9593491445843356,0.8615378152262572
1742113189.7305157,2.126790720396999e-19,1.457734608267415e-111,1.3925234966117747e-06,4.61171412860446e-10,6.311035643066376,0.9593491517106272,0.8624029170405273
1742113189.830425,2.1257027347280924e-19,1.463158265923065e-111,1.3923354162061616e-06,4.610534388471788e-10,6.311019198123553,0.9593299112662415,0.8638869534861449
1742113189.9301245,2.1235281077443899e-19,1.4740644819919848e-111,1.3919593468936027e-06,4.6081754607918195e-10,6.310986335641502,0.9592914069723246,0.865101219309509
1742113190.0303764,2.1224412980037282e-19,1.479546279953705e-111,1.3917712557789228e-06,4.6069960907338834e-10,6.310969933415713,0.9592721300993063,0.8660506020914918
1742113190.1307497,2.1224412980037282e-19,1.479546279953705e-111,1.3917712557789228e-06,4.6069960907338834e-10,6.310969933415713,0.9592721300993063,0.8671563874613645
1742113190.230299,2.1224411901455346e-19,1.4795456945596794e-111,1.391771237131493e-06,4.6069959736747485e-10,6.31096994333226,0.9592721216933753,0.8681836139094237
1742113190.3305054,2.1213542299302456e-19,1.4850440264854899e-111,1.3915830671486088e-06,4.6058161382433035e-10,6.310953605424849,0.9592527902778571,0.8693251620661618
1742113190.4337723,2.121354229929899e-19,1.4850440264874316e-111,1.391583067148547e-06,4.605816138242927e-10,6.310953605424842,0.9592527902778518,0.8704417954813843
1742113190.530732,2.1213542299302456e-19,1.4850440264854899e-111,1.3915830671486088e-06,4.6058161382433035e-10,6.310953605424849,0.9592527902778571,0.8714959632288816
1742113190.6308193,2.1224417226109478e-19,1.4795486651620317e-111,1.3917713291869934e-06,4.606996551562577e-10,6.310969893553256,0.9592721636543611,0.8727121364008789
1742113190.7304075,2.1213539739099197e-19,1.4850425644189736e-111,1.3915830228756211e-06,4.6058158603117426e-10,6.310953629653689,0.9592527699333351,0.8734802018534544
1742113190.8304327,2.1224419525541327e-19,1.4795499884592426e-111,1.39177136894002e-06,4.6069968011212386e-10,6.310969871643309,0.9592721820073509,0.8742332469355468
1742113190.9306111,2.1224419525541327e-19,1.4795499884592426e-111,1.39177136894002e-06,4.6069968011212386e-10,6.310969871643309,0.9592721820073509,0.875236035479248
1742113191.0306206,2.1235308576079648e-19,1.4740798680554112e-111,1.3919598225834354e-06,4.608178444470184e-10,6.310986077574441,0.9592916241944862,0.8762347709071043
1742113191.1308818,2.1213532120217664e-19,1.4850380611462164e-111,1.391582891127073e-06,4.60581503321808e-10,6.3109537033058345,0.9592527085187323,0.8775796901118165
1742113191.230752,2.1224419185108473e-19,1.479549793828708e-111,1.391771363054524e-06,4.606996764173866e-10,6.310969874873976,0.9592721792975527,0.8781231652628783
1742113191.330901,2.1224419185108473e-19,1.479549793828708e-111,1.391771363054524e-06,4.606996764173866e-10,6.310969874873976,0.9592721792975527,0.8789347421061398
1742113191.43498,2.1224420304792301e-19,1.4795504786443915e-111,1.3917713824110406e-06,4.606996885693792e-10,6.31096986379211,0.9592721884666298,0.880071283472717
1742113191.5303555,2.1235318582908025e-19,1.4740859022061542e-111,1.3919599956885785e-06,4.608179530238381e-10,6.310985979203899,0.9592917057499113,0.8808355342280273
1742113191.6304874,2.1213524734307438e-19,1.4850335152274202e-111,1.3915827634106515e-06,4.6058142314152706e-10,6.310953776540785,0.9592526479501573,0.8817828904520874
1742113191.738127,2.119174873783553e-19,1.4960595721205786e-111,1.3912056458215455e-06,4.6034496562725145e-10,6.310921616601263,0.9592135549673473,0.8832840930354002
1742113191.8310695,2.119174873783553e-19,1.4960595721205786e-111,1.3912056458215455e-06,4.6034496562725145e-10,6.310921616601263,0.9592135549673473,0.8846641789805295
1742113191.9303737,2.119174873783553e-19,1.4960595721205786e-111,1.3912056458215455e-06,4.6034496562725145e-10,6.310921616601263,0.9592135549673473,0.8856445561777955
1742113192.0303097,2.1180861524154495e-19,1.5015983049562848e-111,1.3910170298334444e-06,4.602266998355755e-10,6.310905613314965,0.9591939456411978,0.8866565238367918
1742113192.1308353,2.1169977279633739e-19,1.5071557792474993e-111,1.3908284180165259e-06,4.601084359108594e-10,6.310889636650124,0.9591743146192098,0.8880972873103026
1742113192.2319064,2.1159097185498647e-19,1.512732839259722e-111,1.390639830810656e-06,4.5999018669422335e-10,6.31087367441458,0.959154671862763,0.889518262041748
1742113192.3304634,2.1169980194197218e-19,1.507157785960041e-111,1.390828468463244e-06,4.6010846758342993e-10,6.31088960586311,0.9591743395975554,0.8910545121561888
1742113192.4304016,2.1180871410102432e-19,1.5016051004372117e-111,1.3910172009000185e-06,4.602268072385879e-10,6.3109055087660835,0.9591940304208286,0.8921972524058225
1742113192.5383666,2.1191770018261229e-19,1.4960741333254139e-111,1.3912060139637096e-06,4.6034519676283393e-10,6.3109213917191695,0.9592137373395504,0.892668486727417
1742113192.6303108,2.1180870328669645e-19,1.5016043316322633e-111,1.391017182187373e-06,4.602267954896764e-10,6.310905520458746,0.959194021002761,0.894758225573242
1742113192.731972,2.1191773816284524e-19,1.496076859452973e-111,1.3912060796654344e-06,4.603452380147374e-10,6.310921350297747,0.9592137706113992,0.8961688290964966
1742113192.830397,2.1180867569659171e-19,1.5016023053191404e-111,1.3910171344478807e-06,4.602267655152096e-10,6.310905550942685,0.9591939966076568,0.8976897012125853
1742113192.9306066,2.1202691724342835e-19,1.4905762326764779e-111,1.391395179210471e-06,4.6046380665957704e-10,6.310937081400837,0.9592335990484258,0.8989887248408199
1742113193.030467,2.1213613590519149e-19,1.4850946212955369e-111,1.3915842997782099e-06,4.6058238774967445e-10,6.310952830220536,0.9592534133241508,0.8995244513880616
1742113193.1312366,2.1213613599393783e-19,1.4850946279785609e-111,1.3915842999316465e-06,4.605823878460159e-10,6.310952830120122,0.959253413403911,0.8995345841776733
1742113193.2307162,2.121361359949824e-19,1.485094628056985e-111,1.3915842999334515e-06,4.605823878471499e-10,6.310952830118943,0.9592534134048485,0.8995347033869631
1742113193.3431098,2.120269118076672e-19,1.4905758222836435e-111,1.391395169810031e-06,4.604638007570923e-10,6.310937087547643,0.9592335941643686,0.899532557619751
1742113193.4304109,2.120269118076672e-19,1.4905758222836435e-111,1.391395169810031e-06,4.604638007570923e-10,6.310937087547643,0.9592335941643686,0.8995270739924313
1742113193.5309143,2.1213613590413333e-19,1.4850946212176615e-111,1.3915842997763799e-06,4.6058238774852576e-10,6.310952830221716,0.9592534133232098,0.8995373259913328
1742113193.6305034,2.1213613590413333e-19,1.4850946212176615e-111,1.3915842997763799e-06,4.6058238774852576e-10,6.310952830221716,0.9592534133232098,0.899527789248169
1742113193.7364802,2.1213613590413333e-19,1.4850946212176615e-111,1.3915842997763799e-06,4.6058238774852576e-10,6.310952830221716,0.9592534133232098,0.8995358954798582
1742113193.8302953,2.1213613590413333e-19,1.4850946212176615e-111,1.3915842997763799e-06,4.6058238774852576e-10,6.310952830221716,0.9592534133232098,0.8995344649683835
1742113193.9304082,2.1202691176485732e-19,1.490575819049479e-111,1.3913951697359963e-06,4.6046380071060667e-10,6.3109370875960735,0.9592335941258918,0.8995431672465207
1742113194.035129,2.1213613599494923e-19,1.4850946280581669e-111,1.3915842999333933e-06,4.605823878471139e-10,6.310952830118943,0.9592534134048396,0.8995386372935179
1742113194.1369588,2.1213613590514175e-19,1.4850946212979851e-111,1.391584299778125e-06,4.605823877496205e-10,6.310952830220529,0.9592534133241419,0.8995283852946168
1742113194.2320616,2.1202691164276114e-19,1.4905758098162593e-111,1.391395169524847e-06,4.6046380057802714e-10,6.310937087734295,0.959233594016101,0.8995347033869631
1742113194.3304315,2.1213613575478678e-19,1.485094609976791e-111,1.3915842995181703e-06,4.605823875863978e-10,6.31095283039064,0.9592534131890176,0.8995403062235716
1742113194.4310884,2.1213613575478678e-19,1.485094609976791e-111,1.3915842995181703e-06,4.605823875863978e-10,6.31095283039064,0.9592534131890176,0.8995370875727539
1742113194.5324585,2.1213613575478678e-19,1.485094609976791e-111,1.3915842995181703e-06,4.605823875863978e-10,6.31095283039064,0.9592534131890176,0.8995242129694824
1742113194.6325083,2.1213613575478678e-19,1.485094609976791e-111,1.3915842995181703e-06,4.605823875863978e-10,6.31095283039064,0.9592534131890176,0.8995295773875118
1742113194.732888,2.1202691165944008e-19,1.4905758110800834e-111,1.3913951695536907e-06,4.6046380059613816e-10,6.310937087715388,0.9592335940311134,0.8995296965968018
1742113194.8425248,2.1213613570781272e-19,1.4850946064380788e-111,1.391584299436959e-06,4.605823875354036e-10,6.310952830443803,0.9592534131467931,0.8995304118525393
1742113194.9311,2.1213613570781272e-19,1.4850946064380788e-111,1.391584299436959e-06,4.605823875354036e-10,6.310952830443803,0.9592534131467931,0.8995355378519896
1742113195.0304546,2.1213613570781272e-19,1.4850946064380788e-111,1.391584299436959e-06,4.605823875354036e-10,6.310952830443803,0.9592534131467931,0.8995144378077394
1742113195.1304648,2.1213613570781272e-19,1.4850946064380788e-111,1.391584299436959e-06,4.605823875354036e-10,6.310952830443803,0.9592534131467931,0.8995143185984495
1742113195.2308688,2.1213613583203983e-19,1.4850946157949539e-111,1.391584299651739e-06,4.6058238767026237e-10,6.310952830303222,0.9592534132584536,0.8995285045039062
1742113195.3304608,2.1213613583203983e-19,1.4850946157949539e-111,1.391584299651739e-06,4.6058238767026237e-10,6.310952830303222,0.9592534132584536,0.8995329152476191
1742113195.4305248,2.1213613569841007e-19,1.4850946057309527e-111,1.3915842994207012e-06,4.6058238752519624e-10,6.310952830454433,0.9592534131383474,0.8995176564585571
1742113195.5395184,2.12136135726618e-19,1.4850946078531754e-111,1.3915842994694693e-06,4.605823875558183e-10,6.310952830422536,0.9592534131636876,0.8995208751093745
1742113195.6304512,2.1213613555223942e-19,1.4850945947244262e-111,1.3915842991679855e-06,4.60582387366516e-10,6.3109528306198115,0.9592534130069832,0.89950096715802
1742113195.730549,2.1213613555223942e-19,1.4850945947244262e-111,1.3915842991679855e-06,4.60582387366516e-10,6.3109528306198115,0.9592534130069832,0.8995229016672972
1742113195.830637,2.1213613555223942e-19,1.4850945947244262e-111,1.3915842991679855e-06,4.60582387366516e-10,6.3109528306198115,0.9592534130069832,0.8995080005061031
1742113195.9304612,2.1213613555223942e-19,1.4850945947244262e-111,1.3915842991679855e-06,4.60582387366516e-10,6.3109528306198115,0.9592534130069832,0.8995194445979005
1742113196.0334058,2.1213613556373272e-19,1.4850945955892027e-111,1.3915842991878533e-06,4.6058238737899295e-10,6.310952830606816,0.9592534130173074,0.8995207559000856
1742113196.1308053,2.1213613556373272e-19,1.4850945955892027e-111,1.3915842991878533e-06,4.6058238737899295e-10,6.310952830606816,0.9592534130173074,0.899521590365112
1742113196.2303352,2.1213613556373272e-19,1.4850945955892027e-111,1.3915842991878533e-06,4.6058238737899295e-10,6.310952830606816,0.9592534130173074,0.8995169412028198
1742113196.3316545,2.1213613556373272e-19,1.4850945955892027e-111,1.3915842991878533e-06,4.6058238737899295e-10,6.310952830606816,0.9592534130173074,0.8995176564585571
1742113196.4311123,2.1213613556373272e-19,1.4850945955892027e-111,1.3915842991878533e-06,4.6058238737899295e-10,6.310952830606816,0.9592534130173074,0.899521590365112
1742113196.5304868,2.1202691165634412e-19,1.4905758108418242e-111,1.391395169548338e-06,4.604638005927764e-10,6.3109370877189335,0.9592335940283068,0.8995182525050048
1742113196.6306157,2.1213613564832643e-19,1.4850946019554485e-111,1.391584299334109e-06,4.6058238747082633e-10,6.310952830511141,0.9592534130933124,0.8995283852946168
1742113196.7333403,2.1213613564832643e-19,1.4850946019554485e-111,1.391584299334109e-06,4.6058238747082633e-10,6.310952830511141,0.9592534130933124,0.8995392333399657
1742113196.8321333,2.1213613564832643e-19,1.4850946019554485e-111,1.391584299334109e-06,4.6058238747082633e-10,6.310952830511141,0.9592534130933124,0.8995293389689331
1742113196.9305105,2.1213613564832643e-19,1.4850946019554485e-111,1.391584299334109e-06,4.6058238747082633e-10,6.310952830511141,0.9592534130933124,0.8995234977137452
1742113197.030451,2.12136135469759e-19,1.4850945885127917e-111,1.3915842990253803e-06,4.6058238727697676e-10,6.310952830713141,0.9592534129328509,0.8995031129252319
1742113197.1355703,2.1202691144864774e-19,1.4905757951395554e-111,1.391395169189154e-06,4.6046380036724684e-10,6.3109370879540165,0.9592335938415677,0.8995356570612789
1742113197.2307217,2.121361352797284e-19,1.4850945742043454e-111,1.3915842986968338e-06,4.6058238707068293e-10,6.310952830928137,0.9592534127620729,0.8995269547831418
1742113197.3307137,2.121361352797284e-19,1.4850945742043454e-111,1.3915842986968338e-06,4.6058238707068293e-10,6.310952830928137,0.9592534127620729,0.8995242129694824
1742113197.4303293,2.121361352797284e-19,1.4850945742043454e-111,1.3915842986968338e-06,4.6058238707068293e-10,6.310952830928137,0.9592534127620729,0.8995357762705688
1742113197.5303986,2.1202691115539034e-19,1.4905757729668396e-111,1.3913951686820038e-06,4.6046380004880986e-10,6.310937088285961,0.9592335935778911,0.8995367299448852
1742113197.6305995,2.121361352630243e-19,1.4850945729464773e-111,1.3915842986679536e-06,4.605823870525493e-10,6.310952830947038,0.95925341274706,0.8995348225962523
1742113197.7303796,2.1202691119401205e-19,1.490575775885853e-111,1.3913951687487962e-06,4.604638000907477e-10,6.310937088242255,0.9592335936126108,0.8995400678049925
