Timestamp,CI,II,PI,ADI,Robot_X,Robot_Y,Robot_Theta
1742112112.0917034,0.0,0.0,0.0,0.0,0.0,0.0,0.0
1742112112.1916516,0.0,0.0,0.0,0.0,0.0,0.0,0.0
1742112112.2916281,0.0,0.0,0.0,0.0,0.0,0.0,0.0
1742112112.3937159,0.0,0.0,0.0,0.0,0.0,0.0,0.0
1742112112.491681,0.0,0.0,0.0,0.0,0.0,0.0,0.0
1742112112.5916057,0.0,0.0,0.0,0.0,0.0,0.0,0.0
1742112112.6916375,0.0,0.0,0.0,0.0,-0.358706430913724,0.48568514845297894,0.15154625489830187
1742112112.7915819,0.0,0.0,0.0,0.0,-0.358706430913724,0.48568514845297894,0.15156580522178825
1742112112.8990784,0.0,0.0,0.0,0.0,-0.358706430913724,0.48568514845297894,0.15154872849106008
1742112112.9916692,0.0,0.0,0.0,0.0,-0.358706430913724,0.48568514845297894,0.15154872849106008
1742112113.0916495,0.0,0.0,0.0,0.0,-0.358706430913724,0.48568514845297894,0.15154872849106008
1742112113.1947045,0.0,0.0,0.0,0.0,-0.358706430913724,0.48568514845297894,0.15155471875786003
1742112113.2915924,0.0,0.0,0.0,0.0,-0.358706430913724,0.48568514845297894,0.15155388429283312
1742112113.3916733,0.0,0.0,0.0,0.0,-0.3586814103950253,0.4856889700348823,0.1515601427805345
1742112113.4931307,0.0,0.0,0.0,0.0,-0.35870643093741705,0.4856851486080789,0.15156076862930465
1742112113.591675,0.0,0.0,0.0,0.0,-0.35870643093741705,0.4856851486080789,0.15156500055908376
1742112113.6915698,0.0,0.0,0.0,0.0,-0.35870643093741705,0.4856851486080789,0.15158303096412823
1742112113.791566,0.0,0.0,0.0,0.0,-0.35870643093741705,0.4856851486080789,0.15158303096412823
1742112113.8915744,0.0,0.0,0.0,0.0,-0.35870643093741705,0.4856851486080789,0.15158303096412823
1742112113.9916563,0.0,0.0,0.0,0.0,-0.35870643093741705,0.4856851486080789,0.15158303096412823
1742112114.092012,0.0,0.0,0.0,0.0,-0.35870643095865873,0.48568514874714674,0.15157742812751931
1742112114.1916623,0.0,0.0,0.0,0.0,-0.35870643100165367,0.4856851490286367,0.15155492737411663
1742112114.2915452,0.0,0.0,0.0,0.0,-0.35870643100165367,0.4856851490286367,0.15157701089500605
1742112114.393739,0.0,0.0,0.0,0.0,-0.35870643100165367,0.4856851490286367,0.15157659366249263
1742112114.491549,0.0,0.0,0.0,0.0,-0.35870643100165367,0.4856851490286367,0.15157710030197316
1742112114.5987206,0.0,0.0,0.0,0.0,-0.3587064310233501,0.48568514917068706,0.15156574561714337
1742112114.6935816,5.600462211140239e-09,0.0,0.0007791440152629336,7.483623594984076e-05,-0.3587064310233501,0.48568514917068706,0.15158645823120284
1742112114.8042688,5.600462211140239e-09,0.0,0.0007791440152629336,7.483623594984076e-05,-0.3587064310233501,0.48568514917068706,0.15157751753448656
1742112114.8989844,1.4048587133742061e-15,0.0,1.3842330560554909e-05,3.748144492111005e-08,-0.3587064310233501,0.48568514917068706,0.1515754909765642
1742112114.9937236,1.4048587133742061e-15,0.0,1.3842330560554909e-05,3.748144492111005e-08,-0.3587064310233501,0.48568514917068706,0.1515754909765642
1742112115.0938594,1.4048587133742061e-15,0.0,1.3842330560554909e-05,3.748144492111005e-08,-0.3587064310233501,0.48568514917068706,0.1515754909765642
1742112115.1939895,5.3436784600273305e-09,0.0,0.0007696039020254152,7.310046826134105e-05,-0.3586814105107443,0.48568897079248385,0.15156839802383584
1742112115.2932808,5.315000621024779e-09,0.0,0.0007683723022095817,7.290405078611736e-05,-0.35870643098502697,0.48568514891977044,0.15157465651153737
1742112115.3997502,3.754285349721174e-09,2.123708650595875e-58,0.0006995109819918062,6.127222331302475e-05,-0.3587064309873078,0.4856851489346843,0.15157346441864183
1742112115.4935908,4.856645932487206e-09,2.123708650595875e-58,0.0007498478499758996,6.968964006570278e-05,-0.3587064309873078,0.4856851489346843,0.15157525255798512
1742112115.5929418,4.856645932487206e-09,2.123708650595875e-58,0.0007498478499758996,6.968964006570278e-05,-0.3587064309873078,0.4856851489346843,0.1515769512903612
1742112115.6938903,4.16802352358084e-09,2.123708650595875e-58,0.0007198028834125539,6.456023174974544e-05,-0.3587064309873078,0.4856851489346843,0.15158073618530446
1742112115.796611,5.103278015240281e-09,2.123708650595875e-58,0.0007602600476073377,7.143723129601455e-05,-0.3587064309873078,0.4856851489346843,0.15157495453476127
1742112115.8938556,5.103278015240281e-09,2.123708650595875e-58,0.0007602600476073377,7.143723129601455e-05,-0.3587064309873078,0.4856851489346843,0.15158219649910143
1742112115.9945726,1.8361839926243835e-15,2.123708650595875e-58,1.4853209000807583e-05,4.2850717527532527e-08,-0.3587064309873078,0.4856851489346843,0.15159894540428326
1742112116.0934193,4.23033223327552e-09,2.123708650595875e-58,0.0007237312862921472,6.50410042455951e-05,-0.3587064309873078,0.4856851489346843,0.15157724931358502
1742112116.1976776,4.68813604450922e-09,2.123708650595875e-58,0.0007435273820130813,6.846996454292364e-05,-0.3587064309873078,0.4856851489346843,0.15157647445320296
1742112116.2934387,5.4554029693244695e-09,2.126855244990802e-58,0.0007737374059767995,7.386069976194694e-05,-0.3586814105344409,0.48568897094758334,0.15159885599731618
1742112116.3928874,5.688248182316722e-09,2.1237086340225637e-58,0.0007823468525621791,7.542047588232735e-05,-0.3587064309597423,0.4856851487542313,0.15158395483612236
1742112116.4967601,5.688248182316722e-09,2.1237086340225637e-58,0.0007823468525621791,7.542047588232735e-05,-0.3587064309597423,0.4856851487542313,0.15159152462600875
1742112116.5977256,5.585845228908175e-14,2.1237086340225637e-58,3.684848579238552e-05,2.3634392797167807e-07,-0.3587064309597423,0.4856851487542313,0.15160237267135793
1742112116.693564,5.844763658139448e-09,2.1237086340225637e-58,0.0007920954290036374,7.645105400280265e-05,-0.3587064309597423,0.4856851487542313,0.1515844316732805
1742112116.79324,5.601139549362727e-09,2.1237086340225637e-58,0.0007829810650598928,7.484076128262409e-05,-0.3587064309597423,0.4856851487542313,0.15159060075401473
1742112116.8969657,6.037451790169242e-09,2.1237086340225637e-58,0.0007948239955434637,7.770104111380517e-05,-0.3587064309597423,0.4856851487542313,0.15159730627655194
1742112116.993822,1.649310958525456e-13,2.1237086340225637e-58,4.9068611308107865e-05,4.0611709623278063e-07,-0.3587064309597423,0.4856851487542313,0.1516097040426653
1742112117.0932236,2.0318739891974903e-15,2.1237086340225637e-58,1.5255807493323423e-05,4.5076312950345555e-08,-0.3587064309597423,0.4856851487542313,0.15158762052177607
1742112117.193475,2.0318739891974903e-15,2.1237086340225637e-58,1.5255807493323423e-05,4.5076312950345555e-08,-0.3587064309597423,0.4856851487542313,0.15159790232299963
1742112117.2932544,7.500797726398725e-09,2.1237086340225637e-58,0.0008431068278719194,8.660714593149185e-05,-0.3587064309597423,0.4856851487542313,0.15159095838188344
1742112117.3942735,5.835952412714108e-09,2.1237086340225637e-58,0.0007917457118180646,7.63934055577712e-05,-0.3587064309597423,0.4856851487542313,0.1515804381620806
1742112117.4939296,4.849280113175407e-09,2.1237086340225637e-58,0.0007530231066912637,6.963677270792643e-05,-0.3587064309597423,0.4856851487542313,0.1515871138822954
1742112117.5948896,4.849280113175407e-09,2.1237086340225637e-58,0.0007530231066912637,6.963677270792643e-05,-0.3587064309597423,0.4856851487542313,0.15159012391685664
1742112117.6941388,6.3640751611254815e-09,2.1237086340225637e-58,0.0008107577718980982,7.977515378315157e-05,-0.3587064309597423,0.4856851487542313,0.15159188225387743
1742112117.7949953,5.700096959208196e-09,2.1237086340225637e-58,0.000786812441660611,7.549898647801966e-05,-0.3587064309597423,0.4856851487542313,0.15160192563652206
1742112117.8936782,6.120747597496919e-09,2.126855244922132e-58,0.0008019970729550605,7.823520689240182e-05,-0.3586814105343272,0.4856889709468373,0.15158839538215804
1742112117.9936519,6.118644442891158e-09,2.123708638884878e-58,0.000801922865416637,7.82217645089342e-05,-0.35870643096783184,0.4856851488071756,0.1516039819967668
1742112118.093618,6.422730212138194e-09,2.123708638884878e-58,0.0008124457622987245,8.014193791104751e-05,-0.35870643096783184,0.4856851488071756,0.15158061697601494
1742112118.193304,8.768804105958936e-09,2.123708638884878e-58,0.0008845150595129507,9.3641892900341e-05,-0.35870643096783184,0.4856851488071756,0.15158973648666552
1742112118.293146,8.771789326185423e-09,2.126855279077432e-58,0.0008845976378908581,9.365783109908868e-05,-0.35868141059105696,0.4856889713181807,0.15161262467025935
1742112118.3936827,8.572703034113845e-09,2.1237086367620973e-58,0.0008790748062768389,9.258889260658561e-05,-0.35870643096430044,0.48568514878406166,0.1516047568571489
1742112118.4935193,5.52910323417648e-09,2.126855260902514e-58,0.0007802690778428285,7.43579399538239e-05,-0.35868141056086955,0.4856889711205792,0.15158303096412823
1742112118.593333,3.773224914997623e-09,2.1237086493630942e-58,0.0007035408440098646,6.142658150180281e-05,-0.3587064309852579,0.48568514892126213,0.1515920908701341
1742112118.693937,4.230673625746576e-09,2.1237086498083053e-58,0.0007256804953052498,6.5043628632992e-05,-0.35870643098599686,0.4856851489261085,0.1515917034399431
1742112118.7990348,4.674527638445876e-09,2.1237086439530784e-58,0.0007455886186568969,6.837051731884055e-05,-0.3587064309762553,0.4856851488623528,0.15159679963707137
1742112118.900799,4.674527638445876e-09,2.1237086439530784e-58,0.0007455886186568969,6.837051731884055e-05,-0.3587064309762553,0.4856851488623528,0.15161149218200856
1742112118.9957874,4.284495216538439e-09,2.1237086439530784e-58,0.0007249745101996975,6.545605561396469e-05,-0.3587064309762553,0.4856851488623528,0.1516107173216264
1742112119.093525,4.882517587273406e-09,1.9292963217871873e-44,0.0007511803882357035,6.987501404131098e-05,-0.3587064309762553,0.4856851488623528,0.15160618736862347
1742112119.1933434,6.10175043215684e-09,7.90249631451072e-42,0.000796794910103534,7.811370194886964e-05,-0.3587064309762553,0.4856851488623528,0.15161992623924425
1742112119.2980745,1.9970589498711987e-15,7.90249631451072e-42,1.5186118000168996e-05,4.468846551260402e-08,-0.3587064309762553,0.4856851488623528,0.15159372999786547
1742112119.4010625,1.9970589498711987e-15,7.90249631451072e-42,1.5186118000168996e-05,4.468846551260402e-08,-0.3587064309762553,0.4856851488623528,0.1515876503240984
1742112119.4961154,1.0133596816847153e-08,7.90249631451072e-42,0.0009156837086235906,0.00010066576785008473,-0.3587064309762553,0.4856851488623528,0.1515931339514177
1742112119.5933015,5.218852181319574e-09,7.90249631451072e-42,0.0007645107107717021,7.22416236066132e-05,-0.3587064309762553,0.4856851488623528,0.15159572675346542
1742112119.6943603,5.588977328251956e-09,7.90249631451072e-42,0.0007825813514338492,7.475946313512394e-05,-0.3587064309762553,0.4856851488623528,0.15159608438133404
1742112119.7940743,5.588977328251956e-09,7.90249631451072e-42,0.0007825813514338492,7.475946313512394e-05,-0.3587064309762553,0.4856851488623528,0.1515970678579729
1742112119.8934305,6.258321005983942e-09,7.90249631451072e-42,0.0008069517233813251,7.910955066225533e-05,-0.3587064309762553,0.4856851488623528,0.15159408762573418
1742112119.9936955,5.8892064203925815e-09,7.90249631451072e-42,0.0007937540830013261,7.674116509665839e-05,-0.3587064309762553,0.4856851488623528,0.1515907795679491
1742112120.0935628,5.5468980584881856e-09,7.909821217035557e-42,0.0007770682126179615,7.447750035069776e-05,-0.35868141061759573,0.4856889714919177,0.15160147860168627
1742112120.1932104,8.844263347350572e-09,5.102812572008133e-80,0.0008816281983649963,9.404394370373124e-05,-0.3587064309888426,0.48568514894474824,0.15159223988174608
1742112120.293951,8.844263348046299e-09,5.102812547129284e-80,0.0008816281983860129,9.404394370743019e-05,-0.3587064309816057,0.4856851488973972,0.15159602477668924
1742112120.3933525,1.6369294425134004e-15,5.102812547129284e-80,1.4410849840494685e-05,4.0458984694544676e-08,-0.3587064309816057,0.4856851488973972,0.15158544495224172
1742112120.4950333,9.94263770314222e-16,6.691016525033758e-34,1.263768747082151e-05,3.1531948406564126e-08,-0.3587064309816057,0.4856851488973972,0.15160666420578167
1742112120.594275,6.5167424644559626e-09,1.0809000134968537e-64,0.0008115546167307483,8.07263430638101e-05,-0.3586814106052323,0.48568897141101086,0.15161134317039662
1742112120.6948586,5.836070280302926e-09,1.0789339059117662e-64,0.0007916946586547243,7.639417700520718e-05,-0.35870643097248944,0.48568514883774183,0.15161968782066504
1742112120.793126,5.259590723590827e-09,1.0789339059117662e-64,0.0007697979552075829,7.252303581339398e-05,-0.35870643097248944,0.48568514883774183,0.1516005845320146
1742112120.8929062,5.259590723590827e-09,1.0789339059117662e-64,0.0007697979552075829,7.252303581339398e-05,-0.35870643097248944,0.48568514883774183,0.15160955503105336
1742112120.9931235,5.524699331353233e-09,1.0809000052949849e-64,0.0007801612147931274,7.432832119288874e-05,-0.358681410580342,0.4856889712480825,0.15159873678802657
1742112121.0928102,5.1490175669367465e-09,1.0789339083655911e-64,0.0007653875708704682,7.175665521006917e-05,-0.35870643097995725,0.48568514888658365,0.15161113455413994
1742112121.1941903,6.767147585652532e-09,1.3054441410307965e-49,0.00081991177795841,8.226267431619599e-05,-0.35870643097995725,0.48568514888658365,0.1516050250780504
1742112121.2931154,6.767147585652532e-09,1.3054441410307965e-49,0.00081991177795841,8.226267431619599e-05,-0.35870643097995725,0.48568514888658365,0.1516037435781878
1742112121.4059637,6.342452371664271e-09,0.0,0.0008056456085341807,7.96395151395604e-05,-0.35870643097995725,0.48568514888658365,0.15160466745018175
1742112121.4988687,1.3639465009849846e-15,1.161195352487205e-44,1.373434328782221e-05,3.6931646334613685e-08,-0.35870643097995725,0.48568514888658365,0.1516092272055071
1742112121.5933168,9.221611669949751e-09,6.820003552453681e-58,0.0008921695979617867,9.602922299982309e-05,-0.35870643097995725,0.48568514888658365,0.1516056211244982
1742112121.6966863,5.94991949729166e-09,1.2165659145193753e-64,0.0007958916620848661,7.713572127938949e-05,-0.35870643097995725,0.48568514888658365,0.15160416081070116
1742112121.7942092,5.94991949729166e-09,1.2165659145193753e-64,0.0007958916620848661,7.713572127938949e-05,-0.35870643097995725,0.48568514888658365,0.1516136677515429
1742112121.8937533,5.240770776781108e-09,1.2165659145193753e-64,0.0007690553167418535,7.239316802558864e-05,-0.35870643097995725,0.48568514888658365,0.15162156536697557
1742112121.9932833,6.245576567278195e-09,1.2165659145193753e-64,0.0008066314636604062,7.902896030746068e-05,-0.35870643097995725,0.48568514888658365,0.15162585690139943
1742112122.0933652,6.433848855965051e-09,1.2186916929705478e-64,0.000813181650894471,8.021127636414378e-05,-0.3586814106604841,0.4856889717726567,0.15162245943664718
1742112122.1943867,5.813857849296234e-09,1.2165659324077259e-64,0.0007910029142446617,7.624865801636272e-05,-0.3587064310284305,0.4856851492038641,0.1516235323202532
1742112122.2934299,6.970217952787017e-09,0.0,0.0008306522760415394,8.348783116590715e-05,-0.3587064310284305,0.4856851492038641,0.15162239983200249
1742112122.3932853,6.970217952787017e-09,0.0,0.0008306522760415394,8.348783116590715e-05,-0.3587064310284305,0.4856851492038641,0.15161468103050404
1742112122.4934368,1.4218367251623677e-15,0.0,1.3885989153528646e-05,3.770725029967536e-08,-0.3587064310284305,0.4856851492038641,0.15163879110931563
1742112122.5933778,1.6449135907633502e-15,0.0,1.4430179798129368e-05,4.0557534327956257e-08,-0.3587064310284305,0.4856851492038641,0.15162782385467705
1742112122.6933713,4.9307250528323074e-09,0.0,0.0007564954372192831,7.021912170365212e-05,-0.35870643102598265,0.48568514918783245,0.15162910535453963
1742112122.7964125,6.342910722133166e-09,2.7448269733319404e-290,0.00080988772271729,7.964239274490167e-05,-0.35870643102598265,0.48568514918783245,0.1516163499605578
1742112122.9027925,5.609131974423851e-09,2.7637112068543894e-290,0.0007833892803479087,7.489413845170963e-05,-0.3586814106944338,0.4856889719948647,0.15162418797134555
1742112122.993353,5.607198316583066e-09,2.7448269207517104e-290,0.0007833153533312195,7.488122806540412e-05,-0.3587064310134487,0.4856851491058083,0.15161727383255172
1742112123.097135,4.6615639406637214e-14,2.7448269207517104e-290,3.483675486729243e-05,2.159065524865728e-07,-0.3587064310134487,0.4856851491058083,0.1516128928911608
1742112123.1949656,5.633065085270029e-09,2.7448269207517104e-290,0.0007842740359112285,7.505374797616725e-05,-0.3587064310134487,0.4856851491058083,0.15161170079826516
1742112123.293385,5.7126750960395645e-09,2.7448269207517104e-290,0.000787273321083136,7.558224061272307e-05,-0.3587064310134487,0.4856851491058083,0.15161882355331593
1742112123.3939645,2.1757228485497586e-15,4.0881692624485816e-281,1.553199651759764e-05,4.664464437156487e-08,-0.35868141072742077,0.4856889722107338,0.1516297014009874
1742112123.4935925,2.0435137297680832e-15,4.0614118994386645e-281,1.527837404992364e-05,4.520524006979814e-08,-0.35870643105013755,0.48568514934591267,0.1516257376921097
1742112123.5948126,2.0435137297680832e-15,4.0614118994386645e-281,1.527837404992364e-05,4.520524006979814e-08,-0.35870643105013755,0.48568514934591267,0.15162061169265914
1742112123.6931589,1.958905764110083e-15,4.0614118994386645e-281,1.5109204838355153e-05,4.425952738236235e-08,-0.35870643105013755,0.48568514934591267,0.15163446977256947
1742112123.7934582,1.2016389836921472e-15,4.0614118994386645e-281,1.3283826823831955e-05,3.4664664771091426e-08,-0.35870643105013755,0.48568514934591267,0.1516166479837816
1742112123.89335,5.313381436594449e-09,4.0614118994386645e-281,0.0007719449916567692,7.289294503993133e-05,-0.35870643105013755,0.48568514934591267,0.15163241341232475
1742112123.993097,4.948294408048355e-09,4.0614118994386645e-281,0.0007571254522321621,7.034411423884983e-05,-0.35870643105013755,0.48568514934591267,0.1516071410429399
1742112124.0933053,4.948294408048355e-09,4.0614118994386645e-281,0.0007571254522321621,7.034411423884983e-05,-0.35870643105013755,0.48568514934591267,0.15161435320495772
1742112124.1985762,3.1779975606851985e-14,4.0614118994386645e-281,3.148196451342869e-05,1.7826939054939293e-07,-0.35870643105013755,0.48568514934591267,0.15161465122818163
1742112124.293594,4.888516693608789e-09,4.0614118994386645e-281,0.0007546700869676519,6.991792827028551e-05,-0.35870643105013755,0.48568514934591267,0.1516171546232622
1742112124.3942072,4.888516693608789e-09,4.0614118994386645e-281,0.0007546700869676519,6.991792827028551e-05,-0.35870643105013755,0.48568514934591267,0.15161864473938155
1742112124.4950151,9.043487862588243e-15,4.088169344279425e-281,2.25471239282573e-05,9.509725475842215e-08,-0.3586814107412053,0.48568897230096075,0.15161804869293383
1742112124.593479,6.203949154401018e-14,4.0614120136542786e-281,3.787152953364498e-05,2.4907728026460016e-07,-0.3587064310695034,0.48568514947267616,0.15160833313583538
1742112124.6939225,1.2132817579999883e-12,1.9340851515098715e-41,8.344203978384223e-05,1.10149069809962e-06,-0.3587064310695034,0.48568514947267616,0.15159602477668924
1742112124.7948163,1.2132817565663435e-12,1.9340851407770053e-41,8.344203975711533e-05,1.1014906974488453e-06,-0.35870643104421873,0.48568514930713835,0.15161328032135185
1742112124.8935325,5.946864494151711e-09,2.8308421872722884e-39,0.0007917224567791513,7.711591595871576e-05,-0.35870643104421873,0.48568514930713835,0.15160612776397872
1742112124.9934435,3.792854219662843e-09,2.8308421872722884e-39,0.0007045868241871604,6.158615282401428e-05,-0.35870643104421873,0.48568514930713835,0.1516112835657518
1742112125.0954273,5.052605524676915e-09,2.8308421903101175e-39,0.0007614986748425175,7.10816820613927e-05,-0.3587064310492849,0.48568514934032025,0.1516086311590593
1742112125.1936085,4.2630321336489705e-09,2.8308421903101175e-39,0.0007272671480848805,6.529189944892835e-05,-0.3587064310492849,0.48568514934032025,0.15162034347175762
1742112125.2965047,4.263032132928704e-09,2.830842200242178e-39,0.0007272671480536835,6.529189944341261e-05,-0.3587064310658583,0.4856851494488157,0.15161167099594278
1742112125.3932805,4.302250479131614e-09,2.8331377344190748e-39,0.0007257525169800935,6.559154274090231e-05,-0.35868141069774495,0.48568897201648964,0.15159837916015792
1742112125.4993732,5.641081264009497e-13,2.8308422116413388e-39,6.80702915219104e-05,7.510713191175321e-07,-0.35870643108488665,0.48568514957334186,0.1516010613691729
1742112125.5951443,8.284687349151142e-13,2.8308422116413388e-39,7.539734633568176e-05,9.102025790532096e-07,-0.35870643108488665,0.48568514957334186,0.15159465386985946
1742112125.693567,1.9549091034803963e-13,2.8331377323012494e-39,5.137598290129052e-05,4.4214354043459645e-07,-0.35868141069421355,0.4856889719933739,0.15160663440345937
1742112125.795046,1.5894906266388753e-12,2.8308422080577672e-39,8.963666547055465e-05,1.2607500254367934e-06,-0.3587064310789039,0.4856851495341936,0.15160055472969222
1742112125.8998525,1.5894906249074584e-12,2.8308421940302252e-39,8.96366654450041e-05,1.260750024750132e-06,-0.35870643105549505,0.4856851493809593,0.15161280348419362
1742112125.993588,9.521045137066753e-15,6.333668870613056e-46,2.2855043325036085e-05,9.757584299951886e-08,-0.3586814106678986,0.4856889718211259,0.1515969188463609
1742112126.0936346,4.554363736188491e-09,6.3260496881021e-46,0.0007371057440648771,6.748602622905345e-05,-0.35870643103931954,0.48568514927507556,0.15160287931083835
1742112126.1934767,5.327592125595146e-09,6.3260496881021e-46,0.0007687048762549619,7.299035638764306e-05,-0.35870643103931954,0.48568514927507556,0.15160618736862347
1742112126.2973754,5.2583994666435876e-09,6.3260496881021e-46,0.0007660089382539947,7.251482239269147e-05,-0.35870643103931954,0.48568514927507556,0.15161083653091603
1742112126.3933668,5.155529963605078e-09,6.3260496881021e-46,0.0007623278352870304,7.180201921676769e-05,-0.35870643103931954,0.48568514927507556,0.15161408498405632
1742112126.493076,5.155529963605078e-09,6.3260496881021e-46,0.0007623278352870304,7.180201921676769e-05,-0.35870643103931954,0.48568514927507556,0.15160541250824144
1742112126.5934122,5.7980405404466534e-09,8.866188197064947e-72,0.0007862829328533706,7.61448654897141e-05,-0.35870643103931954,0.48568514927507556,0.15160934641479665
1742112126.694167,4.07298838344144e-13,8.866188197064947e-72,6.239182806136193e-05,6.381996853212511e-07,-0.35870643103931954,0.48568514927507556,0.15159486248611623
1742112126.7980983,4.07298838344144e-13,8.866188197064947e-72,6.239182806136193e-05,6.381996853212511e-07,-0.35870643103931954,0.48568514927507556,0.15161068751930407
1742112126.8932881,6.625730650555297e-09,8.866188197064947e-72,0.0008143086756979867,8.139859120743612e-05,-0.35870643103931954,0.48568514927507556,0.15159495189308342
1742112126.9940352,4.180868862465371e-09,8.866188197064947e-72,0.000720574861969118,6.465963858904078e-05,-0.35870643103931954,0.48568514927507556,0.15158571317314318
1742112127.0945303,5.295546556728911e-09,8.866188197064947e-72,0.0007674347945207058,7.277050609092196e-05,-0.35870643103931954,0.48568514927507556,0.15161649897216975
1742112127.1966653,5.295546556728911e-09,8.866188197064947e-72,0.0007674347945207058,7.277050609092196e-05,-0.35870643103931954,0.48568514927507556,0.1516192407858293
1742112127.294832,5.243233780241596e-09,8.866188197064947e-72,0.0007691807453351341,7.241017732502522e-05,-0.35870643103931954,0.48568514927507556,0.1516227574598711
1742112127.4039025,4.743880277119211e-09,8.866188197064947e-72,0.0007451371076265173,6.887583231525562e-05,-0.35870643103931954,0.48568514927507556,0.15160094215988332
1742112127.4932692,4.743880277119211e-09,8.866188197064947e-72,0.0007451371076265173,6.887583231525562e-05,-0.35870643103931954,0.48568514927507556,0.15158231570839095
1742112127.5928917,4.385424214550008e-09,8.866188197064947e-72,0.0007298865826748747,6.622253554908636e-05,-0.35870643103931954,0.48568514927507556,0.15160618736862347
1742112127.6959321,5.360051816632679e-15,0.0,1.9640500911788155e-05,7.321237475067093e-08,-0.35870643103931954,0.48568514927507556,0.1516068132173936
1742112127.793637,8.237077549567711e-13,0.0,7.529446298285267e-05,9.075834699666864e-07,-0.3586814106500711,0.4856889717044295,0.15160210445045644
1742112127.893408,4.733792932278476e-15,0.0,1.9006812294737974e-05,6.880256486700533e-08,-0.35870643103225675,0.48568514922884454,0.1515919716608446
1742112127.9933786,1.2842681712283527e-14,0.0,2.4734368023000188e-05,1.133255563069669e-07,-0.35870643103225675,0.48568514922884454,0.151607677484743
1742112128.0944712,1.2842681712283527e-14,0.0,2.4734368023000188e-05,1.133255563069669e-07,-0.35870643103225675,0.48568514922884454,0.1516057403337877
1742112128.1959064,5.1189158924621685e-09,0.0,0.0007641866289589911,7.154659944722857e-05,-0.35870643103225675,0.48568514922884454,0.15160687282203844
1742112128.293418,5.120684007138731e-09,0.0,0.0007642579264100015,7.155895476555489e-05,-0.3586814107123324,0.48568897211193596,0.15162901594757247
1742112128.3937962,6.152503884779112e-09,0.0,0.0008031878516677095,7.843789826849718e-05,-0.35868141065850523,0.4856889717596089,0.1516008527529162
1742112128.493054,4.219830504938636e-09,0.0,0.0007252725511373295,6.496022248221318e-05,-0.3587064310400052,0.4856851492795493,0.15160410120605644
1742112128.5937314,4.630544043846375e-09,0.0,0.0007405515149211047,6.80481009569435e-05,-0.3587064310400052,0.4856851492795493,0.15160803511261156
1742112128.6941855,4.630544043846375e-09,0.0,0.0007405515149211047,6.80481009569435e-05,-0.3587064310400052,0.4856851492795493,0.15160627677559063
1742112128.7935576,4.986502798363591e-09,0.0,0.0007557257845503504,7.061517399513784e-05,-0.3587064310400052,0.4856851492795493,0.1515892000448625
1742112128.893861,2.5601285078559995e-12,0.0,0.00010178035352968651,1.600040158201037e-06,-0.3587064310400052,0.4856851492795493,0.15159158423065355
1742112128.9946523,6.5933945127191335e-09,0.0,0.000813495217564605,8.11997199054229e-05,-0.35868141058975667,0.4856889713095991,0.1515869052660387
1742112129.094737,5.617678936619477e-09,6.044079831801833e-241,0.0007797463684027256,7.495117701957373e-05,-0.3587064310304946,0.4856851492172871,0.15159575655578786
1742112129.1942294,5.617678936619477e-09,6.044079831801833e-241,0.0007797463684027256,7.495117701957373e-05,-0.3587064310304946,0.4856851492172871,0.15159069016098184
1742112129.2935188,4.413574033322673e-09,6.044079831801833e-241,0.0007340867349733986,6.643473514151066e-05,-0.3587064310304946,0.4856851492172871,0.15159879639267146
1742112129.3937292,5.666316609031178e-09,6.044079831801833e-241,0.0007855291240927551,7.527494011310257e-05,-0.3587064310304946,0.4856851492172871,0.15157504394172835
1742112129.493816,4.1795573444146445e-09,6.044079831801833e-241,0.0007232816967293271,6.464949608786324e-05,-0.3587064310304946,0.4856851492172871,0.15157444789528066
1742112129.5931854,4.181008978848078e-09,6.077837853287561e-241,0.0007233500081432288,6.46607220718117e-05,-0.35868141057688874,0.4856889712253398,0.15157918646454027
1742112129.6929464,5.705867154465005e-09,6.044079925766492e-241,0.000782981285756506,7.553719053860161e-05,-0.35870643104217237,0.48568514929371887,0.1515747459185045
1742112129.7933974,6.334397741575594e-09,6.077838056562697e-241,0.000805257390510647,7.958892976774844e-05,-0.35868141060200287,0.48568897138975986,0.15158306076645062
1742112129.8950348,6.810944256053622e-15,6.044080182457149e-241,2.095737058605349e-05,8.252844513289719e-08,-0.3587064310740651,0.48568514950250563,0.15158544495224172
1742112129.9934468,9.403076912281276e-09,6.044080202623797e-241,0.0008970714583963952,9.696946381351852e-05,-0.3587064310765733,0.4856851495189112,0.15158413365005663
1742112130.093272,9.403076912281276e-09,0.0,0.0008970714583963952,9.696946381351852e-05,-0.3587064310765733,0.4856851495189112,0.15159975006698778
1742112130.1932464,7.482876990742344e-09,0.0,0.000842662113814325,8.650362414802251e-05,-0.3586814106701226,0.4856889718356703,0.1515787394297045
1742112130.2934525,5.4253952797467135e-09,0.0,0.0007763166346958393,7.365728259817025e-05,-0.358706431123899,0.4856851498287371,0.1515939982187669
1742112130.3956578,5.3983632446088054e-09,0.0,0.0007752640315164954,7.347355472963593e-05,-0.358706431123899,0.4856851498287371,0.15159054114937
1742112130.494917,4.890083704619669e-09,0.0,0.0007547243311699348,6.992913344679504e-05,-0.358706431123899,0.4856851498287371,0.1515942366373461
1742112130.5939329,5.250766587319646e-09,0.0,0.0007694500959925803,7.246217349293109e-05,-0.358706431123899,0.4856851498287371,0.15157277896522692
1742112130.6960003,5.250766587319646e-09,0.0,0.0007694500959925803,7.246217349293109e-05,-0.358706431123899,0.4856851498287371,0.15159638240455797
1742112130.7986805,5.478995248177959e-09,0.0,0.0007783599777416341,7.402023539666676e-05,-0.358706431123899,0.4856851498287371,0.15156577541946573
1742112130.8975008,2.1067642714850827e-15,0.0,1.5377812481980436e-05,4.5899501865326196e-08,-0.358706431123899,0.4856851498287371,0.15158243491768053
1742112130.9934556,3.927672262635487e-15,0.0,1.8124149427885123e-05,6.26711437795377e-08,-0.358706431123899,0.4856851498287371,0.15156866624473744
1742112131.0937855,2.367906133892319e-15,0.0,1.586173457552101e-05,4.866113576451252e-08,-0.358706431123899,0.4856851498287371,0.15157590820907765
1742112131.195134,4.925202895148609e-15,0.0,1.9236634307761355e-05,7.017978979128257e-08,-0.358706431123899,0.4856851498287371,0.15159241869568033
1742112131.2934053,4.832109643336227e-09,0.0,0.0007523977846159016,6.951337744158478e-05,-0.358706431123899,0.4856851498287371,0.1515835674059313
1742112131.3938668,4.83210964474568e-09,0.0,0.0007523977846727709,6.951337745172277e-05,-0.35870643109559097,0.48568514964343956,0.15159837916015792
1742112131.4932613,5.201761205743715e-09,0.0,0.0007675000679257553,7.212323624008919e-05,-0.35870643109559097,0.48568514964343956,0.15158979609131032
1742112131.5934582,5.029532575497609e-09,0.0,0.0007605017000221068,7.09191975102483e-05,-0.35870643109559097,0.48568514964343956,0.15158732249855203
1742112131.6955411,4.6692223277966344e-09,0.0,0.0007453464015200305,6.833170807024097e-05,-0.35870643109559097,0.48568514964343956,0.15159426643966845
1742112131.7945268,4.745693183845536e-09,0.0,0.000745187453891171,6.888899174647236e-05,-0.35870643109559097,0.48568514964343956,0.1515984685671251
1742112131.8932457,4.745693183965159e-09,0.0,0.0007451874538957775,6.888899174734058e-05,-0.3587064310932,0.48568514962778186,0.15159972026466526
1742112131.9955583,5.482457237339452e-09,0.0,0.0007747769789768419,7.404361712760562e-05,-0.3587064310932,0.48568514962778186,0.15158994510292217
1742112132.0931437,3.670053355969233e-15,0.0,1.7798735538382132e-05,6.058096529413536e-08,-0.3587064310932,0.48568514962778186,0.15160308792709518
1742112132.1932855,7.379288755088961e-09,7.337095316883558e-43,0.0008390435044267382,8.590278665496807e-05,-0.35868141065235193,0.48568897171934866,0.15159241869568033
1742112132.2937012,7.376767451042915e-09,7.331516953119426e-43,0.0008389656994372938,8.588811006794197e-05,-0.3587064310828936,0.4856851495602994,0.15159414723037887
1742112132.3991504,6.199511016571815e-09,7.331516953119426e-43,0.0008004794490560153,7.87369736310192e-05,-0.3587064310828936,0.4856851495602994,0.15157641484855822
1742112132.497055,6.2779642854625764e-09,7.331516953119426e-43,0.0008031995527196021,7.923360578354727e-05,-0.3587064310828936,0.4856851495602994,0.15159510090469527
1742112132.594016,5.904038619570829e-09,1.4765681426376538e-26,0.0007901534113079834,7.683774215560234e-05,-0.3587064310828936,0.4856851495602994,0.15158756091713124
1742112132.6948833,5.585373548369806e-09,1.4765681426376538e-26,0.0007785452313334714,7.473535674879599e-05,-0.3587064310828936,0.4856851495602994,0.15160517408966234
1742112132.7928097,5.370691076732803e-09,0.0,0.0007704851062591126,7.328499898842056e-05,-0.3587064310828936,0.4856851495602994,0.15162880733131573
1742112132.8948467,5.6603516860521925e-09,0.0,0.0007813258412180588,7.523530877222604e-05,-0.3587064310828936,0.4856851495602994,0.1516026408922594
1742112132.993512,5.6603516860521925e-09,0.0,0.0007813258412180588,7.523530877222604e-05,-0.3587064310828936,0.4856851495602994,0.15161655857681441
1742112133.0935156,5.161566918981841e-09,0.0,0.0007623682421932894,7.184404581440163e-05,-0.3587064310980992,0.4856851496598451,0.15160860135673684
1742112133.193793,5.318905249404875e-09,0.0,0.0007684809211610241,7.293082509751877e-05,-0.3587064310980992,0.4856851496598451,0.15161527707695174
1742112133.2934597,5.208284147125788e-09,0.0,0.0007642430195917695,7.216844287585668e-05,-0.3587064310980992,0.4856851496598451,0.15161518766998458
1742112133.3937676,4.411829424493939e-09,0.0,0.0007312274806885325,6.642160359772969e-05,-0.3587064310980992,0.4856851496598451,0.1516110749494951
1742112133.4934425,4.411829424493939e-09,0.0,0.0007312274806885325,6.642160359772969e-05,-0.3587064310980992,0.4856851496598451,0.1516061575663011
1742112133.593434,4.928840034713845e-09,0.0,0.0007531412353286876,7.020569802169796e-05,-0.3587064310980992,0.4856851496598451,0.15159840896248036
1742112133.6995215,4.125130891294069e-09,4.382639660368248e-31,0.0007180576660264359,6.422718187258467e-05,-0.3587064310980992,0.4856851496598451,0.15162228062271293
1742112133.7966812,3.6016607499433344e-09,1.52405873264551e-64,0.000691924938891202,6.001383798711206e-05,-0.3587064310980992,0.4856851496598451,0.15160559132217574
1742112133.8932655,4.037364670033222e-09,2.376736507974188e-179,0.0007137922735251325,6.354026022950506e-05,-0.3587064310980992,0.4856851496598451,0.15160830333351305
1742112133.9959095,1.0509040466115782e-15,2.376736507974188e-179,1.2823335729998368e-05,3.2417650232729364e-08,-0.3587064310980992,0.4856851496598451,0.15160499527572813
1742112134.0951905,1.0509040466115782e-15,2.376736507974188e-179,1.2823335729998368e-05,3.2417650232729364e-08,-0.3587064310980992,0.4856851496598451,0.1516036541712206
1742112134.193542,1.5300273962417477e-15,0.0,1.4157241581442923e-05,3.911556462895235e-08,-0.3586814107611431,0.4856889724314586,0.15160129978775203
1742112134.2945058,3.951366405560529e-09,0.0,0.0007097035545219506,6.285989504891437e-05,-0.35870643113164746,0.48568514987944233,0.15160839274048024
1742112134.3933117,4.360695564628606e-09,0.0,0.0007287997079556958,6.603556287810838e-05,-0.35870643113164746,0.48568514987944233,0.15160520389198462
1742112134.4953756,4.3284457637361254e-09,0.0,0.0007273483944983488,6.579092463049995e-05,-0.35870643113164746,0.48568514987944233,0.151629284168474
1742112134.5938249,2.658145591580039e-15,0.0,1.637512674329762e-05,5.1557206980014337e-08,-0.35870643113164746,0.48568514987944233,0.1516072006475847
1742112134.693386,2.658145591580039e-15,0.0,1.637512674329762e-05,5.1557206980014337e-08,-0.35870643113164746,0.48568514987944233,0.15161792948364425
1742112134.7936943,5.853678412771942e-09,0.0,0.0007882971249857163,7.650933546157582e-05,-0.35870643111695344,0.4856851497832513,0.1516256184828203
1742112134.8939905,1.0757245257646692e-18,0.0,2.100034579947168e-06,1.0371714061642218e-09,6.4973890220436274,0.9919936051782501,0.12205353516090875
1742112134.9953065,1.5074679245724676e-18,0.0,2.2933779432072906e-06,1.2277898535875215e-09,6.4973890220436274,0.9919936051782501,0.1220544888352252
1742112135.0932972,1.201188212133808e-18,0.0,2.161455467496653e-06,1.0959873229804295e-09,6.4973890220436274,0.9919936051782501,0.1220661713456011
1742112135.198376,1.201188212133808e-18,0.0,2.161455467496653e-06,1.0959873229804295e-09,6.4973890220436274,0.9919936051782501,0.1220517768238878
1742112135.295816,1.1171741910303216e-18,7.499575809693637e-217,2.1209366216898457e-06,1.0569646120047358e-09,6.4973890220436274,0.9919936051782501,0.12204679983604907
1742112135.3936448,9.760297784730546e-19,7.499575809693637e-217,2.047520690800921e-06,9.879421938924638e-10,6.4973890220436274,0.9919936051782501,0.12206056850899216
1742112135.4933739,9.01966805547057e-19,3.8045018955983448e-295,2.005742270797369e-06,9.497193298796529e-10,6.4973890220436274,0.9919936051782501,0.12204930323112963
1742112135.5939713,9.015045332368861e-19,3.7850608274217382e-295,2.005475412538567e-06,9.494759255699358e-10,6.497414144474643,0.991996686461099,0.12204057115066995
1742112135.694354,8.823931794931577e-19,0.0,1.9942709146550752e-06,9.393578548631814e-10,6.497389022043578,0.991993605178624,0.12202763694275373
1742112135.7934885,8.823931794931577e-19,0.0,1.9942709146550752e-06,9.393578548631814e-10,6.497389022043578,0.991993605178624,0.1220415248249865
1742112135.8950002,6.0463834558504895e-09,0.0,0.0007891625217817241,7.775849442890783e-05,6.497389022043578,0.991993605178624,0.12203738230217465
1742112135.9941385,6.021874309175227e-09,4.033748232650784e-276,0.0007883439391581455,7.76007365246956e-05,6.497389022043578,0.991993605178624,0.12203705447662824
1742112136.1033487,5.747261751086495e-09,4.033748232650784e-276,0.0007790657882541447,7.581069681177252e-05,6.497389022043578,0.991993605178624,0.12205052512634755
1742112136.193011,5.747261751086495e-09,2.0240306674643784e-181,0.0007790657882541447,7.581069681177252e-05,6.497389022043578,0.991993605178624,0.12205109137047293
1742112136.2936523,5.618593893052835e-09,0.0,0.0007746483237407812,7.49572804539548e-05,6.497389022043578,0.991993605178624,0.12204504149902824
1742112136.3933916,5.145401114731792e-09,0.0,0.0007579744546737021,7.173145136362286e-05,6.497389022043578,0.991993605178624,0.12204769390572068
1742112136.4940414,5.145401114731792e-09,0.0,0.0007579744546737021,7.173145136362286e-05,6.497389022043578,0.991993605178624,0.12205371397484303
1742112136.5943227,5.347964184376483e-09,0.0,0.0007651962918104866,7.312977631838131e-05,6.497389022043578,0.991993605178624,0.12205791610229973
1742112136.6983502,5.658531499098336e-09,0.0,0.0007760240756070384,7.522321117247212e-05,6.497389022043578,0.991993605178624,0.1220258786057328
1742112136.7932742,5.828339792813669e-09,2.2661984874e-314,0.0007818266472989757,7.634356418725595e-05,6.497389022043578,0.991993605178624,0.12205350535858633
1742112136.8948252,5.546837319238433e-09,2.2661984874e-314,0.0007721645038055144,7.447709258046016e-05,6.497389022043578,0.991993605178624,0.12203723329056258
1742112137.0043774,5.546837319238433e-09,2.2661984874e-314,0.0007721645038055144,7.447709258046016e-05,6.497389022043578,0.991993605178624,0.12204867738235947
1742112137.097041,5.061812109933145e-09,2.2661984874e-314,0.0007549597668028965,7.114641319092021e-05,6.497389022043578,0.991993605178624,0.1220407499646044
1742112137.1940722,5.15195852491682e-09,2.2661984874e-314,0.0007582160086123367,7.177714486462122e-05,6.497389022043578,0.991993605178624,0.12203478950012689
1742112137.2933056,5.627697011734387e-09,2.2661984874e-314,0.0007749625383626342,7.501797792352435e-05,6.497389022043578,0.991993605178624,0.12203863399971489
1742112137.3969526,5.627697011734387e-09,2.2661984874e-314,0.0007749625383626342,7.501797792352435e-05,6.497389022043578,0.991993605178624,0.12202921646584035
1742112137.4975245,6.769410228967211e-09,2.2661984874e-314,0.0008126433010047872,8.227642571822873e-05,6.497389022043578,0.991993605178624,0.12203455108154776
1742112137.5934243,6.611070250018498e-09,5.155894857614296e-159,0.0008076124484382404,8.130848817939304e-05,6.497389022043578,0.991993605178624,0.12202766674507616
1742112137.6935406,2.4422003955366704e-15,4.902052089512281e-149,1.596224248150722e-05,4.941862397453687e-08,6.497389022043578,0.991993605178624,0.12202221292007918
1742112137.8061683,2.443327465751397e-15,4.917033737223738e-149,1.5964171380577578e-05,4.9430025953375715e-08,6.497414144522022,0.9919966860747658,0.12202987211693286
1742112137.8931682,2.3575224908383032e-15,4.902051968190841e-149,1.5816495750636945e-05,4.8554325150683575e-08,6.497389022066944,0.9919936049880782,0.12203803795326708
1742112137.99335,5.949978874572765e-09,4.902051968190841e-149,0.0007859523552119474,7.713610616678007e-05,6.497389022066944,0.9919936049880782,0.12203028934944635
1742112138.0932062,9.024367179940168e-16,4.902051968190841e-149,1.2282651049500996e-05,3.004058451485285e-08,6.497389022066944,0.9919936049880782,0.12201491135109423
1742112138.1934175,5.900962651511113e-09,4.902051968190841e-149,0.0007843073141637493,7.681772355069574e-05,6.497389022066944,0.9919936049880782,0.12203294175613871
1742112138.2932909,5.90299178131849e-09,4.917033727899025e-149,0.0007843757591665946,7.683092984806632e-05,6.4974141445238125,0.9919966860601654,0.12203201788414479
1742112138.3932476,1.5384812939753788e-15,4.902052086653616e-149,1.4133823148987352e-05,3.922347886120479e-08,6.497389022044132,0.9919936051741316,0.12203028934944635
1742112138.4971914,2.987145268592974e-15,3.3677296862599833e-137,1.6834523187762457e-05,5.465478266897577e-08,6.497389022044132,0.9919936051741316,0.12202140825737477
1742112138.5939302,7.429742259129093e-09,3.3677296862599833e-137,0.0008331143992263319,8.619595268415503e-05,6.497389022044132,0.9919936051741316,0.12201294439781667
1742112138.6947575,7.525550323034154e-09,3.3677296862599833e-137,0.0008360098636616394,8.674992981573042e-05,6.497389022044132,0.9919936051741316,0.12203019994247916
1742112138.7962513,7.525550323034154e-09,3.3677296862599833e-137,0.0008360098636616394,8.674992981573042e-05,6.497389022044132,0.9919936051741316,0.12201476233948232
1742112138.897374,2.933854895002497e-104,0.0,3.7143699306386945e-28,1.7128499335909427e-52,-0.5485976739210692,0.24642787726899376,0.018944403059719044
1742112138.9968941,2.997889220587405e-104,6.169374972757184e-285,3.7353420809944143e-28,1.7314413708201052e-52,-0.5485723677757086,0.24642835669694166,0.018938472397563924
1742112139.1011488,2.41916149517572e-104,6.151002490236385e-285,3.536510912312631e-28,1.555365389603266e-52,-0.5485976739217584,0.24642787730557278,0.01892819059634012
1742112139.1950474,2.41916149517572e-104,6.151002490236385e-285,3.536510912312631e-28,1.555365389603266e-52,-0.5485976739217584,0.24642787730557278,0.018925329573390957
1742112139.2988458,1.856922192525197e-104,6.151002490340579e-285,3.308257306183777e-28,1.3626893235529502e-52,-0.5485976739217655,0.24642787730595142,0.01892529977106855
1742112139.3998444,1.9740308961279992e-104,6.151002490340579e-285,3.3606507591368217e-28,1.4050020982646251e-52,-0.5485976739217655,0.24642787730595142,0.01892482293391032
1742112139.496364,2.1160614090727473e-104,6.151002490340579e-285,3.422032271113416e-28,1.454668831408973e-52,-0.5485976739217655,0.24642787730595142,0.018943389780757932
1742112139.5940897,4.295300466442368e-104,6.151002490340579e-285,4.089320013978948e-28,2.0725106673892823e-52,-0.5485976739217655,0.24642787730595142,0.0189244057013969
1742112139.6942236,1.8728507061836322e-104,6.151002490340579e-285,3.315458114882156e-28,1.3685213575913355e-52,-0.5485976739217655,0.24642787730595142,0.018911292679546398
1742112139.7940197,1.8728507061836322e-104,6.151002490340579e-285,3.315458114882156e-28,1.3685213575913355e-52,-0.5485976739217655,0.24642787730595142,0.01892756474757002
1742112139.893577,6.929487543516552e-38,6.151002490340579e-285,2.3500943496046495e-11,2.6323919813577445e-19,-0.5485976739217655,0.24642787730595142,0.018938412792919215
1742112140.000317,8.545922051530086e-09,6.169374911566273e-285,0.0008886956328904276,9.244415639471262e-05,-0.5485723677715058,0.24642835647521436,0.018926849491832664
1742112140.0939121,8.485368171880393e-09,6.1510025317412264e-285,0.0008869537880609197,9.211605816512338e-05,-0.5485976739246148,0.2464278774564118,0.01893465770029828
1742112140.193163,7.568016631769383e-09,6.1510025317412264e-285,0.0008597320453076846,8.699434827487003e-05,-0.5485976739246148,0.2464278774564118,0.018948605187175678
1742112140.293517,7.568016631769383e-09,6.1510025317412264e-285,0.0008597320453076846,8.699434827487003e-05,-0.5485976739246148,0.2464278774564118,0.018937667734859432
1742112140.3993025,7.518470531735111e-09,6.1510025317412264e-285,0.0008581758723115585,8.670911446748325e-05,-0.5485976739246148,0.2464278774564118,0.018930008538005853
1742112140.4931815,6.837138009567823e-09,6.1510025317412264e-285,0.0008362404843564283,8.26869881515092e-05,-0.5485976739246148,0.2464278774564118,0.01893424046778482
1742112140.5971854,7.073051886282268e-09,1.0232972187779108e-205,0.000843949054003389,8.410143807499529e-05,-0.5485976739246148,0.2464278774564118,0.01896040690684128
1742112140.6939354,6.907208479061481e-09,0.0,0.0008385529171354069,8.310961724771376e-05,-0.5485723677903565,0.24642835746997985,0.01897530806803507
1742112140.7944958,5.683617893896835e-09,0.0,0.0007951253214784104,7.538977313864816e-05,-0.5485976739356495,0.24642787803826308,0.01893307817721182
1742112140.8939135,5.683617893896835e-09,0.0,0.0007951253214784104,7.538977313864816e-05,-0.5485976739356495,0.24642787803826308,0.018943240769145893
1742112140.994713,5.297857631034827e-09,0.0,0.0007800403367484143,7.278638355513225e-05,-0.5485976739356495,0.24642787803826308,0.01894258511805344
1742112141.093054,5.816079416919651e-09,0.0,0.0008001791524089884,7.626322453790983e-05,-0.5485976739356495,0.24642787803826308,0.018954029209850308
1742112141.1949205,2.360297121346494e-15,0.0,1.552196656099337e-05,4.858288918278218e-08,-0.5485976739356495,0.24642787803826308,0.018948277361629445
1742112141.2933264,2.408861512788018e-15,4.021990847199482e-156,1.560656465059694e-05,4.908015396051665e-08,-0.5485976739356495,0.24642787803826308,0.018937488920925193
1742112141.3941288,2.1382762030941223e-15,0.0,1.5130273554000828e-05,4.624149871159154e-08,-0.5485976739356495,0.24642787803826308,0.018952241070507077
1742112141.5023782,2.1382762030941223e-15,0.0,1.5130273554000828e-05,4.624149871159154e-08,-0.5485976739356495,0.24642787803826308,0.018936147816417667
1742112141.5934687,2.3816023872419457e-15,0.0,1.554985119522415e-05,4.8801663775346283e-08,-0.5485723677969432,0.24642835781728248,0.018953105337856324
1742112141.7034667,6.643492710967971e-09,0.0,0.0008297411492053995,8.150762363710508e-05,-0.5485976739341822,0.24642787796096075,0.01895328415179059
1742112141.7936382,5.345473173987108e-09,0.0,0.000781915277512403,7.311274289743962e-05,-0.5485976739377101,0.24642787814724307,0.01893856180453108
1742112141.8937836,5.345473173987108e-09,0.0,0.000781915277512403,7.311274289743962e-05,-0.5485976739377101,0.24642787814724307,0.018944641478298177
1742112141.9942827,7.011979293257595e-09,0.0,0.0008419442439634852,8.373756202121958e-05,-0.5485976739377101,0.24642787814724307,0.018954386837718915
1742112142.093356,5.982619448039356e-09,0.0,0.0008063007367158608,7.734739457822322e-05,-0.5485976739356104,0.24642787803637853,0.018963148720500964
1742112142.1931698,5.333854183898281e-09,0.0,0.0007814399878590704,7.303324026700637e-05,-0.5485976739356104,0.24642787803637853,0.018943181164501176
1742112142.294137,1.122473456808499e-15,0.0,1.2638630000618837e-05,3.3503335010241876e-08,-0.5485976739356104,0.24642787803637853,0.018946519024608685
1742112142.3937428,7.840159081587666e-16,0.0,1.1466958761535724e-05,2.8000284072822665e-08,-0.5485976739356104,0.24642787803637853,0.01894902241968918
1742112142.5108619,7.840159081587666e-16,0.0,1.1466958761535724e-05,2.8000284072822665e-08,-0.5485976739356104,0.24642787803637853,0.018976172335384282
1742112142.5929196,7.674584045775999e-16,0.0,1.1403938848934606e-05,2.7703039627044537e-08,-0.5485723677926764,0.24642835759253648,0.018942227490184826
1742112142.6965208,6.615014886640138e-09,0.0,0.0008286903783969381,8.133274178730321e-05,-0.5485976739321714,0.24642787785499917,0.01894732368731306
1742112142.7933972,5.651272998066723e-09,0.0,0.0007938459196503776,7.517494927212604e-05,-0.5485976739321714,0.24642787785499917,0.01895233047747418
1742112142.8952925,5.808670752718579e-09,0.0,0.0007998098696012004,7.621463607942099e-05,-0.5485976739321714,0.24642787785499917,0.018964728243587487
1742112142.9936655,5.818196754129206e-09,0.0,0.0008001586806540107,7.627710504554566e-05,-0.5485976739321714,0.24642787785499917,0.01894192946696089
1742112143.09537,5.792809655974183e-09,0.0,0.0007992137912423338,7.61105094975338e-05,-0.5485976739321714,0.24642787785499917,0.01894192946696089
1742112143.1954646,6.322499767554058e-09,0.0,0.0008184953551123381,7.95141482225274e-05,-0.5485976739316065,0.24642787782520928,0.018967380650279957
1742112143.2945044,6.322499767554058e-09,1.0836804637531742e-64,0.0008184953551123381,7.95141482225274e-05,-0.5485976739316065,0.24642787782520928,0.01893558157229232
1742112143.3980496,5.9569001951150465e-09,1.0836804637531742e-64,0.0008053195322706796,7.718095746435805e-05,-0.5485976739316065,0.24642787782520928,0.018940409548519152
1742112143.4962683,6.453948397305263e-09,1.0836804637531742e-64,0.0008230856278711441,8.033646990816351e-05,-0.5485976739316065,0.24642787782520928,0.018950840361354762
1742112143.5940921,6.270853010216628e-09,7.464321760579312e-57,0.0008166620632366447,7.918871769524133e-05,-0.5485976739316065,0.24642787782520928,0.018947383291957838
1742112143.6933956,6.270853010216628e-09,7.464321760579312e-57,0.0008166620632366447,7.918871769524133e-05,-0.5485976739316065,0.24642787782520928,0.018944611675975744
1742112143.7934022,6.0441924544167015e-09,0.0,0.0008085262670266994,7.774440465021712e-05,-0.5485976739316065,0.24642787782520928,0.018938472397563924
1742112143.893136,6.08242270821736e-09,0.0,0.0008099218305251083,7.798988849983926e-05,-0.5485976739316065,0.24642787782520928,0.01893057478213121
1742112143.993442,7.014276641963263e-09,0.0,0.0008420317528501285,8.375127844972436e-05,-0.5485976739316065,0.24642787782520928,0.018937757141826623
1742112144.0934107,6.5236863797435995e-09,0.0,0.0008255297511698,8.076934059247729e-05,-0.5485976739316065,0.24642787782520928,0.018944641478298177
1742112144.1934934,6.5236863797435995e-09,0.0,0.0008255297511698,8.076934059247729e-05,-0.5485976739316065,0.24642787782520928,0.01893885982775498
1742112144.2944837,6.4027191061896165e-09,0.0,0.0008213203913546564,8.001699260900535e-05,-0.5485723677867291,0.24642835727879772,0.01893906844401171
1742112144.3936896,6.244376692600036e-09,0.0,0.0008157568615370907,7.902136858217551e-05,-0.5485976739315639,0.24642787782294615,0.018947234280345907
1742112144.4969466,6.3470729734000815e-09,0.0,0.0008193854759790857,7.966851933731467e-05,-0.5485976739315639,0.24642787782294615,0.01893957508349224
1742112144.594906,6.048651968958634e-16,0.0,1.0748762798208995e-05,2.459400733707021e-08,-0.5485976739315639,0.24642787782294615,0.01895417822146222
1742112144.6932478,1.0323782310248443e-15,0.0,1.2352895547079285e-05,3.21306431778893e-08,-0.5485976739315639,0.24642787782294615,0.018949976094005512
1742112144.7933354,5.903992744572381e-09,8.278799871405773e-236,0.0008033938832744558,7.683744363637028e-05,-0.5485976739315639,0.24642787782294615,0.018947234280345907
1742112144.8933475,5.903992744572381e-09,8.278799871405773e-236,0.0008033938832744558,7.683744363637028e-05,-0.5485976739315639,0.24642787782294615,0.01895680082583235
1742112144.996665,6.570055412395376e-16,8.278799871405773e-236,1.0971337269868228e-05,2.563211932789674e-08,-0.5485976739315639,0.24642787782294615,0.018947949536083204
1742112145.093565,6.822665121074799e-16,8.278799871405773e-236,1.1075457545875302e-05,2.6120231854014615e-08,-0.5485976739315639,0.24642787782294615,0.01894654882693105
1742112145.193832,6.956171308602059e-09,8.278799871405773e-236,0.000840115588358087,8.340366483915476e-05,-0.5485976739315639,0.24642787782294615,0.018934806711910217
1742112145.2934654,6.956171308602059e-09,8.278799871405773e-236,0.000840115588358087,8.340366483915476e-05,-0.5485976739315639,0.24642787782294615,0.018933733828304253
1742112145.393333,6.969180348317824e-09,8.278799871405773e-236,0.000840544478771278,8.348161682860379e-05,-0.5485976739315639,0.24642787782294615,0.01894744289660252
1742112145.4967334,6.969180348317824e-09,8.278799871405773e-236,0.000840544478771278,8.348161682860379e-05,-0.5485976739315639,0.24642787782294615,0.018948515780208605
1742112145.5930808,6.331256327912442e-16,8.326510283449277e-236,1.0868002888939056e-05,2.5161987854524616e-08,-0.5485723677862886,0.24642835725541848,0.018937131293056405
1742112145.693545,8.641459963110193e-16,8.27880006262464e-236,1.1772080341423481e-05,2.9396360256178302e-08,-0.5485976739336387,0.2464278779323031,0.01894935024523545
1742112145.8108177,8.641459963110193e-16,8.27880006262464e-236,1.1772080341423481e-05,2.9396360256178302e-08,-0.5485976739336387,0.2464278779323031,0.018943091757533986
1742112145.895071,1.347227228291872e-15,8.27880006262464e-236,1.331578226836917e-05,3.670459410335268e-08,-0.5485976739336387,0.2464278779323031,0.018956979639766617
1742112145.995331,1.347227228291872e-15,8.27880006262464e-236,1.331578226836917e-05,3.670459410335268e-08,-0.5485976739336387,0.2464278779323031,0.01894294274592208
1742112146.094475,1.2678567012080402e-15,8.27880006262464e-236,1.308192791262751e-05,3.560697545717749e-08,-0.5485976739336387,0.2464278779323031,0.018939783699748976
1742112146.1942155,1.8325629271977383e-15,8.278799804146411e-236,1.4547265544597478e-05,4.2808444578117276e-08,-0.5485976739308356,0.24642787778448258,0.01895146621012495
1742112146.2933452,2.1346916148804853e-15,8.278799804146411e-236,1.5160735344877941e-05,4.6202723024519726e-08,-0.5485976739308356,0.24642787778448258,0.018953671581981628
1742112146.394712,2.172639687885312e-15,8.278799804146411e-236,1.5232528286324726e-05,4.66115831943661e-08,-0.5485976739308356,0.24642787778448258,0.018935521967647535
1742112146.4938855,2.9271734285357195e-15,8.278799804146411e-236,1.6278802386469285e-05,5.410335875466254e-08,-0.5485976739308356,0.24642787778448258,0.018940111525295258
1742112146.5934145,2.9285206524348736e-15,8.326510220450181e-236,1.6280536842776027e-05,5.411580778695698e-08,-0.5485723677856065,0.24642835721959314,0.018948038943050347
1742112146.6932507,2.9043022795435815e-15,3.1439152717421776e-187,1.6249160412386932e-05,5.389157892976955e-08,-0.5485976739286968,0.24642787767173183,0.01894842637324149
1742112146.792979,2.9259822485647716e-15,3.1439152717421776e-187,1.6277334051416984e-05,5.409234926091463e-08,-0.5485976739286968,0.24642787767173183,0.018950065500972814
1742112146.8935852,2.790191215793735e-15,1.005243154828544e-213,1.6100342354195555e-05,5.2822260608513676e-08,-0.5485723677917349,0.24642835754276096,0.018974443800685917
1742112146.9976501,2.324027497288561e-15,1.745878556880484e-259,1.5423602220424168e-05,4.8208168366870786e-08,-0.5485976739283132,0.24642787765137117,0.01895584715151596
1742112147.0931158,2.5613279441743448e-15,0.0,1.5787900529294594e-05,5.060956376194469e-08,-0.5485723677787853,0.2464283568594728,0.018935134537456436
1742112147.1987817,2.5601472985869155e-15,0.0,1.578621271618521e-05,5.059789816372727e-08,-0.548597673924192,0.24642787743378794,0.01895164502405924
1742112147.306566,3.3298160885437924e-15,1.02436524180442e-215,1.6771512443659784e-05,5.7704558646122513e-08,-0.548597673924192,0.24642787743378794,0.018954506047008463
1742112147.3955476,2.514852522435841e-15,0.0,1.57170400738712e-05,5.014830527979825e-08,-0.548597673924192,0.24642787743378794,0.01896484745287707
1742112147.493313,2.212781301249171e-15,0.0,1.5230657553033224e-05,4.704020940907014e-08,-0.548597673924192,0.24642787743378794,0.01895703924441146
1742112147.598296,2.713391910196676e-15,0.0,1.5994503263417586e-05,5.209022854813248e-08,-0.548597673924192,0.24642787743378794,0.018941422827480337
1742112147.695893,2.713391910196676e-15,0.0,1.5994503263417586e-05,5.209022854813248e-08,-0.548597673924192,0.24642787743378794,0.018940737374065413
1742112147.7959957,2.076105349120491e-15,0.0,1.5059214907443759e-05,4.5564299063197396e-08,-0.5485723677788705,0.2464283568639972,0.01894130361819077
1742112147.8936446,1.8138913726720483e-15,0.0,1.4507135187890942e-05,4.258980362330928e-08,-0.5485976739258689,0.2464278775224039,0.018937876351116153
1742112147.9951854,2.1636691695162414e-15,0.0,1.5212095518930525e-05,4.651525738417709e-08,-0.548572367781798,0.2464283570186034,0.01894252551340866
1742112148.0945933,2.22418401197624e-15,0.0,1.531369612963939e-05,4.71612554113675e-08,-0.5485976739232896,0.24642787738627556,0.01894720447802353
1742112148.1950717,2.22418401197624e-15,0.0,1.531369612963939e-05,4.71612554113675e-08,-0.5485976739232896,0.24642787738627556,0.018975397475002223
1742112148.2940638,1.824794326578669e-15,0.0,1.4528280282694564e-05,4.271761143344357e-08,-0.5485976739232896,0.24642787738627556,0.018961807615993493
1742112148.3932312,2.8242774109939043e-15,0.0,1.6231507681306368e-05,5.314393108336929e-08,-0.5485976739232896,0.24642787738627556,0.018940171129940023
1742112148.493654,3.459765321204718e-15,0.0,1.7024277644264958e-05,5.881976981597869e-08,-0.5485976739232896,0.24642787738627556,0.018970331080196273
1742112148.5943148,2.224309707191345e-15,0.0,1.531190053582088e-05,4.716258800353671e-08,-0.5485976739232896,0.24642787738627556,0.018942316897151937
1742112148.6952198,3.17018984569846e-15,0.0,1.6677504367680196e-05,5.630443895199081e-08,-0.5485976739232896,0.24642787738627556,0.01895230067515182
1742112148.7937527,2.5736826090308153e-15,0.0,1.5874085770033942e-05,5.073147552585885e-08,-0.5485976739232896,0.24642787738627556,0.018923571236370014
1742112148.8935094,3.45928361104102e-15,0.0,1.702217178994205e-05,5.8815674875334215e-08,-0.5485976739232896,0.24642787738627556,0.01894136322283552
1742112148.994289,3.45928361104102e-15,0.0,1.702217178994205e-05,5.8815674875334215e-08,-0.5485976739232896,0.24642787738627556,0.018927445538280477
1742112149.0949726,2.860476272085722e-15,0.0,1.62805010036657e-05,5.348342053464533e-08,-0.5485976739232896,0.24642787738627556,0.018939545281169916
1742112149.19292,3.8565616600676024e-15,0.0,1.747442410398598e-05,6.210122108354716e-08,-0.5485976739232896,0.24642787738627556,0.018953254349468207
1742112149.295814,3.0961233804637434e-15,0.0,1.6584623652328194e-05,5.564281966672558e-08,-0.5485976739232896,0.24642787738627556,0.0189411546065788
1742112149.393284,3.557821189042838e-15,0.0,1.7134931030237097e-05,5.964747428888198e-08,-0.5485976739232896,0.24642787738627556,0.018951376803157793
1742112149.493247,2.4460863440411302e-15,0.0,1.5689543584536075e-05,4.945792498721646e-08,-0.5485976739232896,0.24642787738627556,0.018958708174465138
1742112149.5938113,2.4460863440411302e-15,0.0,1.5689543584536075e-05,4.945792498721646e-08,-0.5485976739232896,0.24642787738627556,0.018944641478298177
1742112149.6936367,3.291049118711401e-15,0.0,1.682558422970013e-05,5.736766614314549e-08,-0.5485976739232896,0.24642787738627556,0.018946250803707158
1742112149.796521,3.911150284393364e-15,0.0,1.753727912652488e-05,6.253918998830544e-08,-0.5485976739232896,0.24642787738627556,0.018931558258769982
1742112149.8938367,3.2786634873818725e-15,0.0,1.68103296659858e-05,5.725961480294705e-08,-0.5485976739232896,0.24642787738627556,0.01896946681284714
1742112149.9934833,2.562291673839015e-15,0.0,1.586029908296632e-05,5.061908408731844e-08,-0.5485976739232896,0.24642787738627556,0.018952747709987536
1742112150.0934966,2.3388659446025703e-15,0.0,1.5513349837895003e-05,4.8361823214210715e-08,-0.5485976739232896,0.24642787738627556,0.018967619068859052
1742112150.1932614,2.3388659446025703e-15,0.0,1.5513349837895003e-05,4.8361823214210715e-08,-0.5485976739232896,0.24642787738627556,0.018946995861766812
1742112150.293598,2.2201825594759807e-15,0.0,1.53105409552367e-05,4.711881322227865e-08,-0.5485723677812899,0.24642835699183033,0.01894356859469224
1742112150.3931396,2.8965525076029393e-15,0.0,1.6327789979708745e-05,5.38196293893124e-08,-0.5485976739170155,0.24642787705556632,0.018957575686214465
1742112150.4936118,2.7224125991868326e-15,0.0,1.6090729430861907e-05,5.2176743853817025e-08,-0.5485976739162339,0.2464278770144628,0.018960824139354703
1742112150.5939822,2.7224125991868326e-15,0.0,1.6090729430861907e-05,5.2176743853817025e-08,-0.5485976739162339,0.2464278770144628,0.018981328137157423
1742112150.693498,2.481484335671281e-15,0.0,1.573519019207995e-05,4.981449925143563e-08,-0.5485976739162339,0.2464278770144628,0.018970956928966602
1742112150.7934356,2.5351803778065007e-15,0.0,1.5817921379501203e-05,5.0350574751501106e-08,-0.5485976739162339,0.2464278770144628,0.0189518238379936
1742112150.8933291,3.221412933419999e-15,0.0,1.6740654758925655e-05,5.675749231088349e-08,-0.5485976739162339,0.2464278770144628,0.018972596056697835
1742112150.9976454,3.221412933419999e-15,0.0,1.6740654758925655e-05,5.675749231088349e-08,-0.5485976739162339,0.2464278770144628,0.018954208023784593
1742112151.0932329,2.776829463860561e-15,0.0,1.6165410307429348e-05,5.2695630405760974e-08,-0.5485976739162339,0.2464278770144628,0.018951197989223473
1742112151.193325,4.834328999923436e-09,0.0,0.0007607917664832116,6.952933913049538e-05,-0.5485723677790517,0.2464283568737997,0.0189644302203636
1742112151.2997878,5.714144815395148e-09,0.0,0.0007963074335199747,7.559196263753937e-05,-0.5485976739190548,0.2464278771630337,0.018970867521999363
1742112151.3934183,5.822743742930611e-09,0.0,0.0008004217962268644,7.630690494922863e-05,-0.5485976739190548,0.2464278771630337,0.018963327534435328
1742112151.4932632,5.822743742930611e-09,0.0,0.0008004217962268644,7.630690494922863e-05,-0.5485976739190548,0.2464278771630337,0.018949678070781673
1742112151.5935578,5.7927869803729075e-09,0.0,0.0013442198949928119,7.611036053240654e-05,-0.5485976739190548,0.2464278771630337,0.01896213544153983
1742112151.6936185,7.240163703308583e-09,0.0,0.0014147970797135972,8.508915150187234e-05,-0.5472818903355829,0.24645917195612208,0.026578983195064545
1742112151.7934444,7.164992074908685e-09,0.0,0.0014091060503177405,8.464627620225644e-05,-0.5437409317827644,0.24659158712513532,0.05040701282763291
1742112151.8929753,7.2636220244565246e-09,0.0,0.0014101247960699233,8.522688557290196e-05,-0.5391925188699389,0.24685231131269833,0.06833814633631517
1742112151.993953,4.02559760747645e-15,0.0,5.64991124891086e-05,6.34475973341501e-08,-0.5350283109457799,0.24716896943282188,0.08462851298594289
1742112152.0961707,4.33683441538672e-15,0.0,5.741053156755159e-05,6.585464611845333e-08,-0.5309222191929912,0.24756956618573275,0.10583271635317616
1742112152.1945698,8.415466209528114e-09,0.0,0.0014294835832838726,9.173585018698042e-05,-0.5272263428593966,0.24799814367262638,0.12177636278414534
1742112152.2935615,8.557987645321177e-09,0.0,0.0014352470143892148,9.250939220058241e-05,-0.5259707375821492,0.2481563602904007,0.1289188469722253
1742112152.3946705,1.0466641097081287e-08,0.0,0.001538366295665958,0.00010230660338942587,-0.5226360198792577,0.2486163835399857,0.14571102512621684
1742112152.4934828,5.6577522107926195e-15,0.0,5.72867053295914e-05,7.521803115472127e-08,-0.5202089608811562,0.24898655586915044,0.15754177225374996
1742112152.596681,1.0960328750126843e-08,0.0,0.0014825887603301094,0.0001046915887267303,-0.5172638473215585,0.24948286930973,0.17261107815050886
1742112152.6933296,1.1331884786511005e-08,0.0,0.0015599996339306056,0.00010645132590302013,-0.5147484414256205,0.24993865869896595,0.18540134084963608
1742112152.7981935,2.3228543966152466e-15,0.0,4.473589201438714e-05,4.8195999798896654e-08,-0.511670430684692,0.25055175558875864,0.20769002092623526
1742112152.8943253,4.024539792461969e-15,0.0,5.3045734505303264e-05,6.343926065507045e-08,-0.5086754207702988,0.2511915676879668,0.21568395746493146
1742112152.9977934,3.3893857551468235e-08,5.689656527557528e-21,0.001975583302845028,0.00018410284503903853,-0.4272385051912444,0.26602850228175046,0.24183755869154866
1742112153.0934296,1.495669355168143e-14,0.0,7.155866893983821e-05,1.2229756151159117e-07,-0.42510305725306097,0.2665658867892561,0.2489449357438557
1742112153.1938608,1.5489505889045378e-14,0.0,7.571506258493713e-05,1.2445684348016133e-07,-0.4231438307889448,0.2670772018035372,0.25942599529509486
1742112153.2945552,5.431073564491729e-15,0.0,6.034077082729941e-05,7.369581782225997e-08,-0.4214335670451277,0.2675398729895643,0.2705863689828389
1742112153.393243,4.7480106690925205e-08,0.0,0.0021797486925311926,0.000217899304016615,-0.4191931645883038,0.2681745656986151,0.28421205038313796
1742112153.507518,4.942973666701385e-08,0.0,0.0021998130534810183,0.00022232799343990366,-0.4159688489344653,0.2691418995885372,0.2998816346574298
1742112153.5936768,3.9507552436301816e-08,0.0,0.002090620249330579,0.0001987650684509273,-0.4126175583139897,0.2702125545891637,0.3150805210519306
1742112153.693794,3.9661150504815035e-08,0.0,0.0020924447692787485,0.00019915107457609923,-0.40959537252318157,0.2712308328514087,0.33143853897337855
1742112153.7932727,4.0935432926300846e-08,0.0,0.002107603417060859,0.00020232506746891462,-0.40706395936046746,0.2721196464665314,0.34529793018584193
1742112153.8941662,4.6500376832115155e-08,0.0,0.0021695720227187937,0.0002156394602852529,-0.4043547874077902,0.2731125759865143,0.36056381220107003
1742112153.9954686,1.5640507610014582e-08,0.0,0.0016836021702363155,0.00012506201505658936,-0.40151794612370395,0.2741976367069815,0.37100410217528274
1742112154.0945845,1.6153273423019752e-08,0.0,0.0016964880537852006,0.00012709552872945513,-0.39902540558748356,0.27519025365222294,0.3848174189973347
1742112154.1946328,1.0688944868802529e-08,4.361120376498558e-36,0.0015051988353336336,0.00010338735352451251,-0.3961731839111273,0.27637341808236393,0.39822119230513503
1742112154.2934275,9.90967082190485e-09,0.0,0.001477981413612927,9.954732955687384e-05,-0.3944734377110244,0.27709782132934424,0.40897506231551106
1742112154.3931448,1.0166386504813717e-08,0.0,0.0014870249838289374,0.00010082850045901564,-0.3925262448261151,0.27795146301434115,0.418885824625539
1742112154.493219,9.038969756143983e-15,0.0,6.382195872241787e-05,9.507349660207088e-08,-0.39065635068325477,0.2787920925997166,0.42705601209883615
1742112154.5934126,2.871039849256434e-11,0.0,0.00040092650246405866,5.358208515218901e-06,-0.38909368116787846,0.27951343004939944,0.43566447252516693
1742112154.6951401,3.177015909301357e-14,0.0,8.409289368445778e-05,1.7824185561481782e-07,-0.3150497564023702,0.3065609222623479,0.4607979340273881
1742112154.7937171,3.2847159389339984e-14,0.0,8.132806902895665e-05,1.8123785308080646e-07,-0.31317545048523954,0.3075097154510572,0.47780790755338903
1742112154.895699,1.3019108743647774e-14,0.0,6.935211628158536e-05,1.1410130912328646e-07,-0.31075259093113416,0.30877543559989074,0.48551347682066187
1742112154.9938562,7.263735443113719e-15,0.0,6.056330181066062e-05,8.522755096278268e-08,-0.3092554477382059,0.3095718911972155,0.4941045326907181
1742112155.0933926,9.308783632991655e-15,0.0,6.749444928012181e-05,9.648203787748089e-08,-0.30730091963206974,0.3106399907728433,0.503843395205214
1742112155.1948965,8.445432039743775e-15,0.0,6.606484597366879e-05,9.189903176717247e-08,-0.3053142587188802,0.31175454948423986,0.516528098078444
1742112155.294488,1.239486808500101e-14,0.0,7.198580450451397e-05,1.1133224189335724e-07,-0.3030360471411484,0.31307314196022984,0.5338452143389726
1742112155.393981,1.3102778672307461e-14,0.0,6.569866081971627e-05,1.1446736946530859e-07,-0.29999588015116885,0.31489346997026424,0.5483399910647414
1742112155.4931486,9.161820057604402e-15,0.0,6.719877894842749e-05,9.571739683884222e-08,-0.29816355428343755,0.31602091293836587,0.5552907271105787
1742112155.5998683,5.449825523093936e-15,0.0,6.016693033637245e-05,7.382293358499062e-08,-0.29685493761454396,0.3168402428628029,0.562911657782271
1742112155.701998,5.711467154896119e-11,0.0,0.00048348925120858776,4.753404171618404e-07,-0.2945993859590281,0.31829300648237335,0.577653734179213
1742112155.7935987,3.657869276875491e-11,0.0,0.00043760834388183867,3.610341302682552e-07,-0.2932029466680497,0.3192098133406852,0.5853936357218765
1742112155.89491,3.75303961004669e-11,0.0,0.00044011960346700607,3.6680398225425533e-07,-0.2918138934781922,0.3201377784224121,0.5925337953288101
1742112155.9976294,4.312205799726157e-11,0.0,0.0004540408276769792,3.9963760285168155e-07,-0.28843836295904524,0.3224654807756281,0.6107469482142471
1742112156.1020687,1.527311509448507e-13,0.0,0.00012903394475187986,1.2269990109621719e-08,-0.28633645774144867,0.3239644944229575,0.6254151744563127
1742112156.1938217,3.420618310504369e-11,0.0,0.0004311520136139314,3.463943109532284e-07,-0.2833650377041579,0.3261613278933889,0.6435818953234694
1742112156.2975006,5.0253029899999853e-11,0.0,0.00046991214675567273,4.392307611939503e-07,-0.2811696026242494,0.32783203724851473,0.6601213497836136
1742112156.3991377,3.0683907957952195e-10,0.0,0.0007066367704514942,1.3419076743500204e-06,-0.18017851316296074,0.36643247865350304,0.6817924251243717
1742112156.493899,3.2151132236107285e-10,0.0,0.0007141324582982916,1.3811619716061404e-06,-0.17769441926395757,0.3684725533272809,0.6949242820427066
1742112156.5951385,1.439711307404495e-10,0.0,0.0005955068592536484,8.411266004177465e-07,-0.17528108721154467,0.37051842097495846,0.7083640565559515
1742112156.6934125,1.4987438058986822e-10,0.0,0.0005307277508456449,8.622519759787583e-07,-0.17322205741423247,0.37231636333282003,0.7247230281517155
1742112156.7934499,3.9209714637321253e-10,0.0,0.00042497291281610793,1.980144303764785e-05,-0.17161775206099605,0.37374980149972037,0.7324784269020207
1742112156.8954124,3.9653724152630024e-10,0.0,0.00042624569610323035,1.9913242868159375e-05,-0.17103011369455956,0.3742697075710174,0.7066150178596623
1742112157.0093637,3.563423802477814e-10,0.0,0.0007306607543369399,1.8877033142095753e-05,-0.17048415110688353,0.37472156975651283,0.6761264075920232
1742112157.0938008,4.92771608243332e-10,0.0,0.000785963956075402,2.2198459591677347e-05,-0.16575756178581003,0.3780303166552429,0.5849357714340335
1742112157.1940305,5.143262116082313e-10,0.0,0.0007718268715525628,2.2678761245011406e-05,-0.1563242396778648,0.3841843363510312,0.5714620818779117
1742112157.2958598,3.0926440353941127e-10,0.0,0.0006874659802088609,1.7585914919031404e-05,-0.14677916596624385,0.39016335213563724,0.5490006675407537
1742112157.3961241,8.905436343176959e-11,0.0,0.0005178130108635447,9.436861948326339e-06,-0.13986426548767739,0.39423216297434294,0.5127640833541995
1742112157.4932969,1.0970332457219593e-14,0.0,6.336254448957752e-05,1.0473935486348764e-07,-0.13039165287595367,0.3994350464597066,0.48546080490800203
1742112157.5943887,1.2957812187164987e-14,0.0,6.568210910665359e-05,1.138323863720909e-07,-0.12119682830853762,0.40413524347849605,0.45661448141785915
1742112157.6937377,2.896485137208263e-14,0.0,8.744933328432777e-05,1.701906324451573e-07,-0.06311011218021534,0.41820168585985684,0.4284888233643094
1742112157.7982643,5.682530189143872e-14,0.0,9.625982548267432e-05,2.383805820351958e-07,-0.05365755730509747,0.42229586619021175,0.39592966694646264
1742112157.8931878,4.962547732047192e-14,0.0,9.320254425469031e-05,2.2276776544301e-07,-0.042853128703654875,0.4266337393693095,0.37195721525960357
1742112157.9933245,8.458258569358672e-08,1.3664200187931027e-79,0.002451281702483064,0.0002908308540949304,-0.03460911967505709,0.4297346794249771,0.34530589241795906
1742112158.09312,9.177217726150169e-08,3.33731553652955e-79,0.0024646411462702017,0.000302939230311133,-0.028238232940783092,0.4319889496989838,0.33487621207051665
1742112158.1930966,1.4144569438563638e-07,2.479926815166894e-78,0.0028221613652151425,0.0003760926672851205,-0.01385922956917085,0.43663058761188867,0.2914297904472867
1742112158.293121,1.6101198676092748e-07,6.609844985855677e-131,0.0029093431850592,0.0004012629895229904,-0.0029501408541356966,0.43972329246007946,0.2680349673729459
1742112158.3935568,2.9865961531491576e-13,0.0,0.00014548821487156652,5.4649758948683e-07,0.006495331730743459,0.4422195976677502,0.24582961458974262
1742112158.493351,5.785750056180033e-07,0.0,0.003880320937045264,0.0007606411805956888,0.09449291089585543,0.465653692271917,0.2377056203081218
1742112158.5937252,6.156980924038101e-07,2.118448471278085e-43,0.0039306025802082895,0.0007846643182940142,0.10588428592161847,0.4682937505942113,0.2116686425401774
1742112158.693341,6.960763008693618e-07,5.348968882017028e-43,0.004096894227132205,0.0008343118726647498,0.11669686162239756,0.47049958072442233,0.1886973104669658
1742112158.7995954,5.399763725208811e-07,0.010444664663107112,0.0038657460396695834,0.0374631283973385,0.12801540522776023,0.47248191698166875,0.16315779306431683
1742112158.896089,4.900630765789185e-11,2.8698882323528187e-146,0.00022422495696970723,7.000450532493738e-06,0.13236628918967597,0.47316422789885526,0.14795080043812672
1742112159.008242,1.7055122693847165e-12,5.4475497808528966e-30,0.0002068488048270311,1.3059526290737794e-06,0.14155898574074044,0.4744984877041696,0.14652765013714714
1742112159.0937016,1.7421881759281799e-12,6.137495422964873e-30,0.00020780533711918365,1.3199197611704206e-06,0.1428582174289943,0.47470866012117097,0.18656757690449624
1742112159.1959207,3.978387129424288e-09,3.108611901534401e-16,0.0011759724950189487,6.307445702837471e-05,0.15295561768449772,0.47698790769008026,0.23565122701664837
1742112159.2945662,2.6170820734549122e-12,4.857805389372667e-132,0.00021076662478174935,1.6177398040027674e-06,0.16180938503303466,0.4792452016720592,0.26017317392369194
1742112159.397611,9.44614615348968e-07,3.6482327807317884e-30,0.004321450055741509,0.0009719128640721698,0.16974185594057545,0.4815156997424763,0.2928815803720562
1742112159.493389,1.4681984719929792e-12,2.638406343993374e-32,0.0001989878615513494,1.2116923999072452e-06,0.1777852821763659,0.48411669597010576,0.3248014173700419
1742112159.5967386,3.856600526880203e-07,2.9160713542591746e-51,0.0034258583450910113,0.0006210153401390502,0.18481264229669847,0.48656374771370636,0.34706536151905937
1742112159.693326,3.5908714603350184e-07,8.192452013400331e-51,0.0033695728603630242,0.0005992388055137132,0.19356469441806823,0.48982378611158306,0.3696924767686931
1742112159.8000615,3.7343023594279477e-07,1.2147651813078813e-50,0.0033484520951441513,0.0006110893845770803,0.1969032353591551,0.49115488517863115,0.38908967592259325
1742112159.8945656,4.134273918006128e-07,5.6276331470773095e-50,0.003590478630243532,0.0006429831971370736,0.20990419098879443,0.49679803166926595,0.42975428916951103
1742112159.993488,4.832319338323744e-13,1.7040979010002295e-49,0.00015504958108244856,6.95148857319333e-07,0.21931443110999638,0.5012910897536624,0.4521634898378461
1742112160.0929666,8.664066720478998e-13,4.885203347831769e-46,0.00017643405041893674,9.308096862666932e-07,0.2886326804481172,0.533194329482962,0.5021155364982258
1742112160.1934657,8.475695490738977e-13,2.9458327917953375e-45,0.00018390139067337314,9.206354050729842e-07,0.3045247308600203,0.5421640296117973,0.5279518850318563
1742112160.2932916,1.098665641378554e-12,1.612609021139134e-44,0.00019419771911337351,1.0481725246249083e-06,0.31965401472884736,0.5513833113156632,0.5595044382087361
1742112160.3935015,1.2460714622293724e-12,8.796895170871032e-44,0.00019248093117296632,1.1162757106689066e-06,0.334854616435841,0.5612961438878863,0.5903795845977438
1742112160.4933994,2.9856917414642894e-08,3.4333472434722333e-43,0.0020062965606099186,0.00017279154323821203,0.34713681065246504,0.5697894570548268,0.6231129057876241
1742112160.5948613,3.6087140622585206e-08,1.71533510518463e-42,0.0020955296128081858,0.0001899661565189579,0.3617417639546545,0.5805606609306813,0.6530353911391867
1742112160.6990843,4.217383014950296e-08,8.665844289380267e-42,0.002131691041405677,0.00020536267954402755,0.37657178746601616,0.5921654232315203,0.6768934615127217
1742112160.7932906,1.1201613109622316e-07,3.3983772447521746e-39,0.002723055397659003,0.0003346881101805428,0.43237924101901015,0.6466487312006564,0.7040058110151113
1742112160.8939304,1.301255645889919e-07,1.4252159947649871e-38,0.0019133446535501755,0.0003607292122756236,0.4463222421880957,0.6589254827711275,0.7333513234052481
1742112161.0003293,1.5587027523120458e-07,4.1863929895448926e-38,0.002210172133440051,0.0003948040972826961,0.45691817623484,0.6685292057934986,0.731054279604894
1742112161.093245,1.3207846472056324e-07,4.6896444827195174e-38,0.0021142915960085766,0.0003634260099670403,0.45804225785416364,0.6695122079287747,0.6902692053708853
1742112161.1932545,9.976466971576546e-08,5.847869622079638e-38,0.001962106982317216,0.0003158554569985541,0.4602383061441806,0.6712228507049489,0.6121443245801749
1742112161.2948725,8.830896380414771e-08,7.270056622909517e-38,0.0018985151055515704,0.00029716824158067045,0.4624153283075998,0.672702593152271,0.5818115208539784
1742112161.4012318,8.83528188606725e-08,1.183452532622927e-37,0.0018539402826321814,0.00029724202068461404,0.4673172984863001,0.6755463252188614,0.48169836739633687
1742112161.496877,1.4539788618208152e-06,1.9820387815871017e-36,0.004896459419817092,0.0012058104584970288,0.49561276664636367,0.727090942057123,0.4300403552644519
1742112161.5949152,1.496432107287413e-06,2.468372101973931e-36,0.004633077341862792,0.0012232874181023088,0.49790177523892964,0.7281103843393302,0.4079437213533192
1742112161.6982174,3.847253504622796e-11,8.798255933743008e-36,0.0003499364611326492,6.20262323910037e-06,0.5112317324955704,0.7334926582125387,0.3562172608964709
1742112161.7975557,8.860935102526403e-09,1.8674493642054628e-35,0.0015173246561551999,9.413254008325922e-05,0.5191810856995467,0.7362925755308107,0.31487780386140624
1742112161.8933494,5.008578546144691e-06,4.2633748892207697e-35,0.0060042518262197805,0.0022379853766601536,0.5279462163346373,0.7388718115161028,0.2739856796853809
1742112161.9939466,5.265677208839863e-06,6.800223345097314e-35,0.006082949010058155,0.002294706344794441,0.5329252438404595,0.7402392098877502,0.26206171089341923
1742112162.0929892,2.3818903231719228e-11,4.353163893342474e-34,0.0003863689917609591,4.880461374882423e-06,0.5531718688601721,0.7648716366226069,0.23340143920503248
1742112162.1934144,2.9840587238183756e-11,0.00010993540819045177,0.0003700448903624011,0.001411299108411372,0.5670464888734976,0.7673436999660526,0.12812777520738236
1742112162.2936895,2.8133863080326904e-07,1.9961086085731463e-12,0.0031677422319501152,0.0005304136412303789,0.5810839155367553,0.768890246315963,0.07906179787240616
1742112162.3935456,5.551494675925122e-07,1.504008080270838e-11,0.003679544914980092,0.0007450835306141938,0.6266712691170291,0.8032146613537912,0.018331241230767552
1742112162.4933796,8.861656280547997e-11,2.774764739713211e-07,0.0005203013270805713,1.9016160763936142e-05,0.6385879854211609,0.8029578416703298,-0.053429860253531074
1742112162.597828,8.553455254814944e-11,7.626618523938823e-14,0.0004841676590800465,9.248489203548298e-06,0.6520943833945338,0.8019953505249682,-0.09047967531223929
1742112162.6932578,1.0149950533750748e-10,1.2078514731084112e-13,0.0005037994766898894,1.007469629008773e-05,0.6633624845591903,0.8007351110413168,-0.13895035125752123
1742112162.798291,1.2272781498499203e-10,1.741375151328271e-08,0.0005083050165205736,1.1078258662127005e-05,0.6889919112867275,0.8162261020631671,-0.16491952473236224
1742112162.8935394,1.6709191244558853e-10,6.462408770286182e-20,0.0006012321883214377,1.2926403693432621e-05,0.7018292115407014,0.8138270435986565,-0.20934336567236086
1742112162.9939916,1.5266678543526306e-10,6.408771359300003e-08,0.0005869043532617862,1.2355840134740455e-05,0.714509102259008,0.8107023838066936,-0.2623860363842357
1742112163.094046,3.5578163178939304e-10,6.370357141199285e-08,0.0006914868263256176,1.8862174630444735e-05,0.7285485557659399,0.8065032199398767,-0.30803412506295347
1742112163.2001193,4.1920867782795193e-10,6.260565168309343e-08,0.0006950589708065301,2.047458614546218e-05,0.7396159584494448,0.8027306100091463,-0.3549758785398116
1742112163.2930794,4.899552344402078e-10,3.733087421866453e-08,0.0007206663252221915,2.213493244715709e-05,0.7486900372201717,0.84607963645094,-0.41026968408250664
1742112163.3934238,3.1441962976759827e-10,1.173934658817316e-10,0.0006915228003244626,1.7731881732280935e-05,0.7608402815578472,0.8405163399439806,-0.4523340826096521
1742112163.4995446,2.8241868923011824e-10,1.2389216029093494e-10,0.0006774818341342639,1.6805317290373255e-05,0.7738419213714174,0.8337562735548736,-0.49627514827871194
1742112163.5932176,3.626343503099334e-05,1.2752629924700374e-10,0.010542772616570254,0.02871765259940343,0.7868018740748184,0.8262881736981376,-0.5412826900544153
1742112163.696,4.129909843188963e-05,1.2765937570771152e-10,0.010864007782486956,0.030043957759878847,0.7992064081357739,0.8183448739516557,-0.5881175761284814
1742112163.793491,3.302380285767321e-05,3.149278277072014e-10,0.010236706615562237,0.02779951259759745,0.8076965674853795,0.8462633365100047,-0.6154249142446054
1742112163.894683,6.169482192430312e-05,3.0544682078712756e-10,0.01207332623452371,0.03453669727081498,0.8189146558944174,0.8379797178457729,-0.6682791839875709
1742112163.9936104,7.012457655168475e-05,2.879100889081112e-10,0.012449891691633455,0.03610720215033421,0.8300354209833003,0.8288696265545696,-0.7058200370111002
1742112164.0947342,8.057367233039463e-05,2.622753518972891e-10,0.012840229893613987,0.037891281276534725,0.8420023634803897,0.8181797167442952,-0.7448586653508676
1742112164.193007,9.169737725270768e-05,2.337272675957008e-10,0.01325590007185503,0.039631507760656146,0.8530599221537969,0.8074418756499502,-0.7882592808045875
1742112164.2941256,9.484597163681173e-05,2.0000476800323724e-10,0.013400951116703254,0.040098816890359164,0.854941723098996,0.8007257093786406,-0.8378622155324813
1742112164.3972187,0.0001042137179619532,1.7608953359657857e-10,0.013713151414637515,0.04143191731727382,0.862788830920632,0.7916515635965369,-0.8815295319692488
1742112164.493259,0.00011806666839663431,1.4434415832324675e-10,0.014096398434965638,0.04326685373386891,0.8730967776720853,0.7787972984097267,-0.9108087639943953
1742112164.6032295,6.663519931665886e-05,1.1594731883207504e-10,0.012373853236961305,0.03547293461853277,0.8826415876955309,0.7658670956042903,-0.9508080701963302
1742112164.6947892,6.579741741903583e-05,9.109130329684165e-11,0.012401434204520409,0.03531743733258382,0.8915565123122562,0.7527083764196649,-0.9926157217161052
1742112164.7961693,7.204892690250896e-05,7.438144571507562e-11,0.012688918901588587,0.03644821138290809,0.8980545534602484,0.7423241855085423,-1.033477805151164
1742112164.8953667,6.272300050152351e-05,7.086204348776855e-11,0.01221688662066671,0.034735471898610065,0.8845922377152462,0.7477351314186329,-1.0758479993858152
1742112164.9945803,5.9539430215684583e-05,5.1311731880904913e-11,0.012016552032690322,0.034112872390823355,0.8926001063804563,0.7324720734833576,-1.1026529233970452
1742112165.0944717,5.95056064967669e-05,3.6241061408345084e-11,0.012114916451725024,0.034106142267411634,0.9001479988715531,0.7168358484931416,-1.1326916378059202
1742112165.1951976,5.672492615579848e-05,2.454534336551978e-11,0.01192846458356091,0.03354408509419267,0.9076789552915265,0.7000470652917223,-1.158528403572064
1742112165.2953012,6.221270873221906e-05,1.5870911175100764e-11,0.012166038788419833,0.034637086799795415,0.9153392498412778,0.6819341628811899,-1.1793490808524896
1742112165.394555,6.180091432819319e-05,1.0305666963559787e-11,0.012246191853306115,0.03455730738023203,0.9221465091389618,0.6646486604801098,-1.2074005167999082
1742112165.5065668,7.328538778466916e-05,6.403076684921015e-12,0.012721154312947895,0.03666419460582565,0.9288387709552879,0.6462639755619008,-1.2308249037780576
1742112165.594673,6.440845627851022e-05,4.296493409232236e-12,0.012278794812913494,0.03505676496008698,0.9339811352864302,0.631277383823388,-1.2503975790061763
1742112165.6995869,6.25179287150402e-05,2.3271950434224904e-12,0.012310854891933898,0.034695996744066676,0.9313262141158987,0.6132691865061988,-1.2843078871928575
1742112165.7997048,6.295059735141407e-05,1.3625283626271458e-12,0.012299535262059527,0.034779184485488605,0.9366266653168687,0.5943833692559499,-1.3052282830439927
1742112165.8949108,7.641616803143991e-05,8.605722247053112e-13,0.012847411597516536,0.037200642096296775,0.9408019275963291,0.5785487430471603,-1.323563744660509
1742112165.9955258,7.573718086285183e-05,5.016431560905324e-13,0.012932730748445151,0.03708553605591608,0.9452083707163368,0.5603969299604445,-1.3463898202144031
1742112166.0978863,8.930142350849008e-05,2.8481268109964544e-13,0.013470881253637318,0.03926883790424768,0.949340793748167,0.5418173740011718,-1.3570164939128286
1742112166.1944478,1.7241605623049442e-13,1.5195249505589193e-13,0.00025500537743315617,4.1523012442559416e-07,0.9537368577246248,0.5215594176904812,-1.3562983771525745
1742112166.3025625,2.3057097900988777e-13,1.1778038271009838e-13,0.0002547760618821779,4.801780701051307e-07,0.9555230749895429,0.5134260327195657,-1.352927257653368
1742112166.405626,1.9987055149434767e-13,6.254411983126443e-14,0.00023958701495511685,4.4706884424476243e-07,0.9600549516704326,0.4933797008860039,-1.3424604436122303
1742112166.4968562,3.1688718237590663e-13,2.622539635289746e-14,0.0002701536972783839,5.629273331220529e-07,0.9667497901888744,0.4661208348021373,-1.3152838250361807
1742112166.5955768,3.0452857819194044e-13,1.4607153807330826e-14,0.00026391492072212134,5.518410805584706e-07,0.9716394982346159,0.4479095515145479,-1.298461606141222
1742112166.694522,6.872103544971119e-13,7.878899181751864e-15,0.0002941036813476409,8.289815163784485e-07,0.9771018894972272,0.4288327313096789,-1.2842261096202259
1742112166.795156,9.630489993297774e-13,4.1627471610776295e-15,0.000304104826802242,9.813505995971966e-07,0.98309312845101,0.409252682736053,-1.2669623991214158
1742112166.8944473,1.3642112534666304e-12,2.5502978320722804e-15,0.00032050461404493517,1.1679945434233116e-06,0.9879092749326119,0.3943175576979674,-1.2484525939189322
1742112166.9951704,1.871926623066216e-12,1.3871271451628026e-15,0.00034382421600846546,1.368183694927774e-06,0.9942236643559426,0.3758530582470745,-1.2298389574252493
1742112167.0973556,1.8801898053985403e-12,7.378478752071279e-16,0.00034474968816945874,3.434981065630254e-07,1.001116588767104,0.3568409162611035,-1.2150077720843675
1742112167.1949852,2.170962534640105e-12,5.762820019527432e-16,0.0003461321733162877,3.0920679452569725e-07,1.0039184018942109,0.3494306661727382,-1.2036140462123281
1742112167.2985697,2.952609342341731e-12,3.1231668145595193e-16,0.00034847089224104215,3.097528208663968e-07,1.0110220979013924,0.33117353147167616,-1.1967441340648057
1742112167.3994682,5.607118938254097e-12,1.1049146749099802e-16,0.0003805511334759426,2.8328575781315936e-07,0.9986436685908728,0.3085113224685483,-1.2404356187011596
1742112167.5032978,7.941100200025336e-12,8.460955104452908e-17,0.0004136973783939348,2.5648427154646406e-07,1.0012494770338627,0.3008692679220999,-1.2439187949325439
1742112167.604956,1.1437597729127497e-11,3.292247651231558e-17,0.00042701412842091683,2.7578043728279804e-07,1.010142914181067,0.2742459106946611,-1.2535565679695009
1742112167.6947875,1.5606814758647966e-11,1.6534895958651876e-17,0.0004759494722375742,3.276278615844675e-07,1.0163186223885035,0.2552014938775853,-1.261134940924823
1742112167.7945251,1.672989867673487e-11,8.078906948930717e-18,0.00047729569585678954,3.072213681247178e-07,1.0225026405824131,0.2357078468144147,-1.265433925929248
1742112167.901984,3.0354677952103305e-11,3.875315746888423e-18,0.0005289166337942782,3.2177084049664795e-07,1.028556494476117,0.21604100489517442,-1.2768499439384335
1742112168.0011082,3.063570993997699e-11,2.1091410594354598e-18,0.0005249167732325894,3.236065120124608e-07,1.0333675473840884,0.19999089448332263,-1.2813121264602538
1742112168.099128,2.3750333307182714e-11,9.934041213197221e-19,0.0005015253832761287,2.7798524462792185e-07,1.0391748954352984,0.18038173989271566,-1.286121386828601
1742112168.195418,3.2527702177546326e-11,4.61468281590224e-19,0.0005392179434764994,3.3580127159962424e-07,1.0448572427237686,0.16070967437582917,-1.2937902396346925
1742112168.3076153,7.089316318906241e-11,2.0951705662436527e-19,0.0006162447576098573,8.419807788130464e-06,1.0504622777892365,0.14075238977663096,-1.2984479849960204
1742112168.3999422,9.228537267938796e-11,9.71886105885149e-20,0.0006264944583875524,9.606527607798145e-06,1.0558471689367828,0.12157454648028199,-1.2958641236450072
1742112168.4958286,1.7288563519822233e-10,5.1199393417145584e-20,0.0007276905967644391,1.3148598221796205e-05,1.0603127708976139,0.10574025049808533,-1.296165127101123
1742112168.595159,1.4022230994846606e-10,2.3321196162799974e-20,0.0006723381747436051,1.1841550149725586e-05,1.0657348025682012,0.0865202683290307,-1.2954681699897643
1742112168.6947832,2.9829864035349934e-10,1.0282213327761881e-20,0.0008012156312632813,1.7271324221191013e-05,1.071313885354531,0.06673972477892565,-1.2966543024207946
1742112168.795184,3.622304619876036e-10,4.641318617112271e-21,0.0008342244529809424,1.903235303339037e-05,1.076642360896166,0.047756352831533455,-1.2966743295814394
1742112168.8976905,3.9139992917260966e-10,4.611555350389042e-21,0.0008504596961923014,1.9783829992511806e-05,1.0918283939491396,0.04398114920591745,-1.2676793541426874
1742112169.0102963,3.4252051382089497e-10,2.3430885435512398e-21,0.0007967689298617275,1.8507309740232236e-05,1.0968763795710785,0.027924356110826443,-1.2642213310713983
1742112169.09315,5.606545621808754e-10,1.0319005809464949e-21,0.000791896617784146,2.367814524368147e-05,1.1029780249960126,0.008670104616354646,-1.263698955964587
1742112169.1983018,1.3046564315321787e-09,4.625975505182939e-22,0.0009592603325643484,3.6120028121973805e-05,1.1088821284794435,-0.009956416233221743,-1.2645328249449945
1742112169.2939777,1.849842884059795e-09,1.9685652692671663e-22,0.001034633889093931,4.300979986072703e-05,1.115102882707216,-0.02957118492517541,-1.2617703284735895
1742112169.3986611,9.817195660937822e-10,8.149497417888953e-23,0.0008984404018039275,0.0007451056617892014,1.1215707203898084,-0.04961180564173828,-1.2568641509528378
1742112169.4936192,1.312242072661988e-09,3.377396328925315e-23,0.0009602932719643937,0.0008240946006174366,1.1280331451943582,-0.06941470426551999,-1.254711111974261
1742112169.594277,4.423778760567278e-09,1.652887721643289e-23,0.0012617507870740672,0.001256706377846405,1.1332294964051997,-0.08531762859276015,-1.2549497689719415
1742112169.6979887,2.2375070391479367e-09,6.810264886435583e-24,0.0010805533718958541,0.0009918499500490127,1.1396640492285819,-0.10486329295518959,-1.249838074636004
1742112169.7936702,3.128560196147026e-09,2.806685251216544e-24,0.0011651090833559518,0.001114280738796891,1.1461321655950414,-0.1242111619347186,-1.2463830317969538
1742112169.8942268,2.1221786164204874e-09,1.143378468851717e-24,0.001070769244536791,0.0009737914327155578,1.152678095730792,-0.1436130026838185,-1.2444909419532038
1742112169.9934416,1.2308333788395052e-08,4.530456248604001e-25,0.0015998515790080704,0.0017928394980290486,1.1594567229275903,-0.16341692449212042,-1.2386088575835446
1742112170.0935564,1.4314248624611124e-08,2.1666313171746615e-25,0.0016230122761777333,0.0018893330706094,1.1648788912632995,-0.17905686882622063,-1.2344658579344967
1742112170.193052,1.0329861502883002e-08,8.947471550606866e-26,0.0015426122145412388,0.0016870041284854861,1.171432202730088,-0.19765295313020248,-1.22850604910805
1742112170.2931905,1.204134385359548e-08,5.28010448542563e-26,0.0015983074787295616,0.0017792392909200423,1.17536812710377,-0.20866418872050918,-1.226500710439227
1742112170.3932364,2.6038452644196068e-08,1.4144269175896953e-26,0.0018992536961186612,0.002325589435885026,1.1853047499854483,-0.23591500478499405,-1.2169416751380184
1742112170.5028675,1.9659278957636948e-08,5.0673066631463857e-26,0.00178098543866926,0.0021093828538757305,1.1982302106850824,-0.21324290553507974,-1.2007914785291849
1742112170.6079187,1.600101662483713e-08,2.5149724762037123e-26,0.0016990761707873022,0.00012649512490541732,1.2039140254849805,-0.2277613354501451,-1.194200218095988
1742112170.693714,2.032639018802292e-08,9.994369721760392e-27,0.0017945047425234112,0.0001425706498127259,1.21148139747935,-0.24673352131583193,-1.187173486128062
1742112170.8033464,3.8952415909971565e-08,3.901844034206806e-27,0.002087283413980612,0.00019736366410758483,1.219264682996993,-0.2658916484668943,-1.1820632819082437
1742112170.898153,4.207034720293057e-08,1.4923999542683177e-27,0.002117484871535805,0.00020511057311345648,1.2273291082727518,-0.2852899391002144,-1.1734772924329937
1742112170.9933486,4.8089121172704e-08,5.720084143120489e-28,0.002182976859351749,0.00021929231900069823,1.2354618444621401,-0.304467409050585,-1.1669874791052042
1742112171.0951207,6.184931691648721e-08,2.20573347068718e-28,0.002311650881891596,0.0002486952289781354,1.2435882982861166,-0.323344814765264,-1.1629901532079878
1742112171.1931868,1.022757078420036e-07,1.0269930206759904e-28,0.0025994026419202962,0.00031980573453583287,1.2501244809459742,-0.33835985603782603,-1.1565792564298807
1742112171.2933607,1.1109844621096054e-07,4.126267867287845e-29,0.002607899246898358,0.00033331433544172765,1.2579997344096334,-0.3561316964317247,-1.148334980383128
1742112171.4043658,1.4307440334877556e-07,1.6302012757487942e-29,0.0028116153860367737,0.00037825177243309196,1.2661529593708707,-0.37408397469119303,-1.1398153904821573
1742112171.4938455,1.7663790791471957e-07,6.324377456115165e-30,0.0029048091653472974,0.00042028312827749765,1.2746459218408468,-0.3922419381502493,-1.1293065551664532
1742112171.597285,2.2402512717810862e-07,2.4035107509971464e-30,0.003117371947335658,0.0004733129273304381,1.2834629429115054,-0.41063854118965604,-1.1203927997495828
1742112171.6936998,3.074845463822282e-07,1.1129686653647906e-30,0.0033107752403756367,0.0005545128910875095,1.2905723379291665,-0.4251656794130525,-1.109944403543681
1742112171.7938406,3.287315166849886e-07,4.211348419586211e-31,0.003302133146814817,0.00057335112861578,1.299725695140797,-0.44336889251141653,-1.0974041823293865
1742112171.8947315,4.0639614001544227e-07,1.7204504588903057e-31,0.003440702342209218,0.0006374920705510323,1.30833131828415,-0.46000472951379967,-1.0885735753919783
1742112171.993363,4.936142387550085e-07,7.458776077988879e-32,0.0037504639082786683,0.0007025768561196765,1.3165311633842585,-0.47542435005652184,-1.077671945467204
1742112172.0981588,4.792383861091727e-07,2.9453991933963785e-32,0.0037234736404939497,0.0006922704573424846,1.325780221498917,-0.4924351343726865,-1.069895804300517
1742112172.1934338,7.011089714446299e-07,1.326775051018371e-32,0.004028503204891622,0.0008373225014560578,1.333787926763307,-0.5069224815720095,-1.0605691675092876
1742112172.2934635,4.636670088726732e-07,1.098197674330946e-32,0.003598781788316184,0.0006809309868648021,1.3267637217906696,-0.5095561322723339,-1.0653470427079912
1742112172.398791,1.1561890918468307e-06,4.622574795789597e-33,0.004529450276033461,0.0010752623362913958,1.3354685248487854,-0.52516186599299,-1.0582881242318865
1742112172.494706,1.1425955884996795e-06,1.8776637453388874e-33,0.00446757228289582,0.0010689226298005294,1.344690156236119,-0.5412895619130056,-1.0469385057969804
1742112172.593636,1.3905250906389752e-06,7.619292484915684e-34,0.004780092999618308,0.001179205279261832,1.3540912416558726,-0.5573133192586526,-1.0359497934861892
1742112172.69375,1.6350500935288632e-06,3.583602577713267e-34,0.004918310326893835,0.001278690773224263,1.3620697296338555,-0.570620117553575,-1.0242429644151443
1742112172.79733,1.8469705561698284e-06,2.018991614702362e-34,0.0051170782046563385,0.0013590329488904337,1.368218699227338,-0.5806852556317428,-1.0205327540918105
1742112172.8933365,2.412297308833694e-06,5.630939087412983e-35,0.005378238679869457,0.0015531572067352662,1.3821363886788411,-0.6029084995749219,-1.0033995181604138
1742112172.9956765,2.6119287463306938e-06,3.8299690287792986e-35,0.005483146833111358,0.0016161462639039494,1.3864241276451068,-0.6095701253320871,-0.994400051264357
1742112173.096226,3.534646376623589e-06,8.633730804034938e-36,0.005939214257133315,0.0018800655245558833,1.4033613172357065,-0.6351161860510297,-0.9764662057443376
1742112173.1929154,4.273075488247758e-06,3.325841817638084e-36,0.0061662059669556875,0.002067141864567538,1.4145274266446073,-0.6513050550936359,-0.9604262978120559
1742112173.2937682,4.993407448613533e-06,1.5013674169439457e-36,0.006458078795613186,0.0022345933519576965,1.424034286997145,-0.6647009584123191,-0.9455489784761186
1742112173.393864,6.009352614445289e-06,5.747770633940069e-37,0.006758345891810712,0.0024513980938324336,1.435789175013305,-0.6807507269498334,-0.9287781387849565
1742112173.495773,6.719259937888141e-06,3.1958295363801386e-37,0.006855945841895164,0.0025921535328541287,1.4431280862617797,-0.6904962029220618,-0.9219034582658522
1742112173.5936773,8.669313578417326e-06,8.168297972825163e-38,0.007285474077385179,0.0029443698100641716,1.4605597188768726,-0.7129467317622871,-0.9012035996003859
1742112173.6932523,1.0198845624513404e-05,3.3577464327121333e-38,0.00766503072805506,0.0031935631549279567,1.4721997077048279,-0.7274260596472226,-0.88834133449037
1742112173.7940426,1.1674658286402474e-05,1.5836723457576002e-38,0.007832000729837394,0.0034168199083947155,1.4822149296132885,-0.7395727156890775,-0.8724662334008925
1742112173.896662,8.603309435209825e-12,8.833772813009919e-39,0.00031648071780035356,2.933139859469682e-06,1.4901384201968284,-0.748948785616814,-0.8658696085496655
1742112173.9936588,1.2912493695099035e-11,1.397073351621083e-39,0.0003346509395250734,3.5933958444762294e-06,1.4941566661325325,-0.7778538300268232,-0.8650840846444096
1742112174.0935178,1.263909204926304e-10,5.558412947397147e-40,0.0005610343619477631,1.1242371657823378e-05,1.5068067475876,-0.7923786687566858,-0.8470129100228276
1742112174.193681,8.871747867388162e-10,2.289674032857581e-40,0.0008984526905983938,2.9785479461288116e-05,1.5193327530355205,-0.8062353347172015,-0.8278022734070746
1742112174.2975307,1.0880738397953926e-09,1.1503147166926987e-40,0.0009165406876150805,3.2985964284758945e-05,1.5293391232467783,-0.8169072775697905,-0.8054119078064885
1742112174.3961594,4.902256123295417e-10,4.595592864753774e-41,0.0007639095637449038,2.214103909778269e-05,1.543112363338139,-0.8310157629201413,-0.7851264504338231
1742112174.4945886,5.774003206906074e-10,2.720179306573059e-41,0.0008151506853904757,2.402915563832003e-05,1.551181859519783,-0.8390179532570224,-0.7772942212964025
1742112174.5965245,8.395188715529073e-10,8.193902278667837e-42,0.000863977414760968,2.897445204922618e-05,1.5701184063880618,-0.8571551651017577,-0.7533292499924625
1742112174.6937013,1.119897933374708e-09,3.2535198964815214e-42,0.0008985265137670191,3.346487611473719e-05,1.585183250666347,-0.8709482919248932,-0.7330716577912298
1742112174.7936826,1.3876618885209215e-09,1.6360940045869354e-42,0.0009945226072926748,3.725133405021787e-05,1.5966672118639238,-0.8811157045695036,-0.7145099667454686
1742112174.8934255,1.8129804376151618e-09,6.944938952389961e-43,0.0010307556644669439,4.2579107994592395e-05,1.611342975104595,-0.8936684250518266,-0.6974604157353369
1742112174.993464,2.3857940520870176e-09,2.875421669738887e-43,0.0011250015796839595,4.884459081707019e-05,1.6267906579961071,-0.9064436871121251,-0.6810483364010779
1742112175.0931795,2.0712046538499474e-09,2.8042136282671296e-43,0.001089422793297111,4.55104894925329e-05,1.6092751929419826,-0.9072118607620291,-0.7004241159971377
1742112175.200755,2.7328086634087398e-09,1.1463695431549883e-43,0.0011324905152279884,5.2276272470488363e-05,1.6249401621808417,-0.9201214080929854,-0.6816414407308719
1742112175.2940679,3.3923330881563545e-09,5.701318434062812e-44,0.001218809218791327,5.824373861760897e-05,1.6374454164491112,-0.930096204505094,-0.6632866672094484
1742112175.394814,4.387211760369496e-09,2.4842737121700364e-44,0.0012628933853535854,6.623603068096318e-05,1.6526852741941802,-0.9418336738677252,-0.6457322946603913
1742112175.4943285,5.7513163861022735e-09,1.0352625396222774e-44,0.0013441825177050145,7.583743393669299e-05,1.669149503753669,-0.9540499952909365,-0.6273658684309144
1742112175.593467,7.359679046930143e-09,4.6581015688373976e-45,0.00145483027520663,8.578857177346026e-05,1.6845223602944017,-0.9650567740603477,-0.6138021758611819
1742112175.6936157,9.445651615959185e-09,2.0764852907761135e-45,0.0015069632931755032,9.718874222850703e-05,1.700493033451945,-0.9760487864189491,-0.5957908294017931
1742112175.7936523,1.2323265837920802e-08,8.774079735598402e-46,0.0015683817766364478,0.00011101020600791984,1.7179755826895615,-0.9876054785755586,-0.5767354181821962
1742112175.8936753,1.4836824176219577e-08,4.800564469481544e-46,0.0017084011775756061,0.00012180650301285058,1.7304416376048124,-0.9955951152869291,-0.561762805920424
1742112175.9937258,1.87760253013069e-08,2.2296233023806116e-46,0.0017669115624778934,0.0001370256373869755,1.7465843645266155,-1.0056312648084613,-0.5474420002515933
1742112176.0935674,2.4030609082400063e-08,9.951603332112117e-47,0.0019082179840530945,0.00015501809275823277,1.7638962192493501,-1.0160356360000358,-0.5330245605524202
1742112176.1961682,3.0370233295704514e-08,4.622785402939307e-47,0.002013999692734805,0.00017427057495660167,1.78075107573936,-1.0257697290865186,-0.517647217851462
1742112176.2938128,3.3504655541757906e-08,3.3483938829660406e-47,0.002020829788174518,0.00018304276970631183,1.7879403503435753,-1.0298191752534624,-0.5082892290170808
1742112176.3935246,4.5010503858206915e-08,1.3425352107964743e-47,0.0022054666321083367,0.0002121567907426178,1.8112811968235718,-1.04092152043149,-0.4875469757974934
1742112176.493404,5.5852047220529714e-08,6.574752000245323e-48,0.0023179605012031814,0.00023633037726989247,1.827854638403771,-1.0495920713151072,-0.4728930621207546
1742112176.593649,7.057581222528083e-08,3.0261271007669483e-48,0.0024037534718903165,0.0002656610852670764,1.8462904594071716,-1.0588460674121418,-0.45627054858811594
1742112176.6936903,8.864378364332018e-08,1.4214505336307118e-48,0.0025795518762776466,0.0002977310592520038,1.8647967889483006,-1.0676678774882764,-0.43713606435664415
1742112176.793459,1.1024350778214596e-07,6.889302631343028e-49,0.0026674783566562254,0.00033202937789018905,1.8829978070054665,-1.075946394840253,-0.4202220766604732
1742112176.8937564,1.302255224852078e-07,3.950482756205567e-49,0.00282004684208266,0.0003608677354450073,1.8972017474828924,-1.0821893384306203,-0.40623451683529116
1742112176.993235,1.5979876107095962e-07,1.9907014339583782e-49,0.0029571845912690397,0.000399748372193008,1.9150613424193104,-1.0897340989323727,-0.3907804108024429
1742112177.0981364,1.8145054110786181e-07,1.2987634231169228e-49,0.0029980840958277718,0.0004259701176231284,1.9263809907682266,-1.0943512073629598,-0.38378913987286806
1742112177.1987107,2.43809002283481e-07,4.7935061571673e-50,0.0032624816857881227,0.000493770191772935,1.9534443840657367,-1.1048566479571649,-0.35977926624797685
1742112177.2951837,2.9362737971861474e-07,2.5535572533991834e-50,0.0034072164998555582,0.0005418739518731406,1.9710633607293424,-1.111285048414283,-0.3435357306883526
1742112177.3933303,3.5705796652039685e-07,1.3120724323424214e-50,0.0035151520944992753,0.0005975432758557298,1.9900924893187515,-1.1179032802110844,-0.3288442856431793
1742112177.4951966,4.1482388856632546e-07,7.849297167217693e-51,0.0036927336655502062,0.0006440682328498475,2.005026827950779,-1.1228843988256787,-0.31315509516604645
1742112177.5931733,4.983630522811739e-07,4.1753299560157794e-51,0.003801648051404492,0.0007059483354192245,2.0237707710363786,-1.1288364968041968,-0.29920294049986124
1742112177.693974,7.126285315483078e-07,1.05820328126472e-51,0.004192081756651043,0.0008441732828917934,2.058118435967181,-1.14239271967647,-0.28355354642568004
1742112177.7938685,8.442290512036001e-07,5.787395698354175e-52,0.004362216719777012,0.00091881937898784,2.0765941403024364,-1.147655970923857,-0.2745369133919276
1742112177.8950229,1.005513655411899e-06,3.0697630872942124e-52,0.004488381958857373,0.001002753038096569,2.0960029079699005,-1.1530608458764733,-0.2680584994524517
1742112177.9935608,1.1502583250887448e-06,1.8735340951679273e-52,0.004691253549100214,0.001072500967406904,2.1112565239442347,-1.1571560822879752,-0.25535669004617106
1742112178.0964818,1.354895949480001e-06,1.0210434132390393e-52,0.004817582043830381,0.0011639999782989694,2.1302826550704097,-1.1620322309663564,-0.2460376901000536
1742112178.1936154,1.6004908537537123e-06,5.44578132312351e-53,0.005070458319298468,0.0012651050761710318,2.15005793503801,-1.166939563269231,-0.23908984487948792
1742112178.2936761,1.8620024554010708e-06,3.0486857244358884e-53,0.005255020482896676,0.0013645521079830812,2.1684492415264778,-1.1713254970709563,-0.23159713869986898
1742112178.3934944,2.183699768580197e-06,1.63176201826984e-53,0.005396479763266815,0.001477734674622003,2.1881364421211593,-1.1759508005518997,-0.22987808859048262
1742112178.49876,2.4669038467027293e-06,1.0016906511667438e-53,0.0056155766611159135,0.0015706380380923956,2.2034522314647553,-1.1794834113204764,-0.2227808517783679
1742112178.5936153,2.868510569654499e-06,5.41458444439318e-54,0.005758129609753374,0.001693667786094575,2.2227357062441797,-1.1838316758217928,-0.22172143882213008
1742112178.6944976,3.3379869139090564e-06,2.869581548561945e-54,0.005912236874671549,0.0018270158493863856,2.242393910206644,-1.188243991882641,-0.21746624833045372
1742112178.7945013,3.83040941604785e-06,1.590914046916867e-54,0.006231721186439516,0.0019571431771967652,2.260560711739501,-1.1922505004260793,-0.2181334180205859
1742112178.8934877,4.415035380875502e-06,8.498372115215234e-55,0.0064460321808291025,0.002101198558174715,2.2794818436023903,-1.19647951886116,-0.22085270112452876
1742112178.993466,4.980930051612822e-06,4.9288819637629746e-55,0.00657136996210666,0.002231799733760362,2.2957924055282497,-1.2000882608318673,-0.21206517344413178
1742112179.0947206,6.517855326344649e-06,1.0407624580829451e-55,0.007071580755689518,0.0025530090729068413,2.3190938065733206,-1.2155440345806752,-0.2057589201191667
1742112179.1943948,7.485981371242483e-06,5.393814344344428e-56,0.007246449538630061,0.002736052150680334,2.3388000465899594,-1.2196131890833173,-0.20006512682235275
1742112179.2936194,8.623963302255536e-06,2.71113368598863e-56,0.007556976210612883,0.0029366585266686245,2.359424967032332,-1.2237370690543141,-0.19407819788253347
1742112179.3942528,9.795958850547223e-06,1.4378908666523096e-56,0.00779206501553424,0.00312984965302604,2.3784614276978076,-1.227412185415637,-0.18859349767959152
1742112179.4931147,1.1196775835692576e-05,7.271423130890875e-57,0.007986712861733402,0.003346158369786549,2.398912079104612,-1.231237592912941,-0.1819930432299378
1742112179.5939252,1.2426866893221171e-05,4.2208000467922805e-57,0.0082484254242398,0.0035251761506655483,2.4152518301886943,-1.2341868553952362,-0.1747643856266741
1742112179.6980042,1.404314868149918e-05,2.198005801543542e-57,0.008488238929097579,0.0037474189359476716,2.4349026240351037,-1.2375987359748248,-0.16754235904014145
1742112179.793605,1.5150574206292795e-05,1.45384164461368e-57,0.008587397194435645,0.003892373852328781,2.4473843930288197,-1.2396875523447337,-0.164083382294536
1742112179.8934011,1.7770838421714973e-05,5.960582002576239e-58,0.008983740018957577,0.004215547226839592,2.4743496768165727,-1.2440138663346396,-0.15502320806777511
1742112179.9933422,1.986319266777135e-05,3.1348187514382307e-58,0.009221653988320097,0.004456814183671039,2.493763131732802,-1.2469954604063407,-0.1509294418553117
1742112180.0968692,2.1788190138353855e-05,1.8126704298405936e-58,0.009433017303374447,0.004667782143411779,2.510313458963182,-1.2494429124389665,-0.14102349262034924
1742112180.1932871,2.4310606560845692e-05,9.322778273545822e-59,0.009686457808277663,0.0049305787247386785,2.5305711791048324,-1.2522478735990459,-0.13258462230956586
1742112180.2934906,2.709147571637131e-05,4.736535844656832e-59,0.0098844889624512,0.005204947234734595,2.551303559137402,-1.2549411563473343,-0.12454106490409418
1742112180.393509,2.9803037834411713e-05,2.7421588419876437e-59,0.010170340988171947,0.00545921586259526,2.5797361576117908,-1.2533485825845834,-0.1201116669177754
1742112180.493303,3.263037604502732e-05,1.488372864675373e-59,0.010382640530602854,0.005712300416209508,2.598390802676281,-1.255519154714257,-0.11285226821896863
1742112180.5946631,3.5191021365663764e-05,8.814034814069935e-60,0.010529978173182927,0.00593220206716391,2.6144432228974175,-1.2572751547614995,-0.10422994971272777
1742112180.6930838,3.860294356258137e-05,4.548500909252715e-60,0.010804386762452869,0.006213126713868096,2.634841033837162,-1.25933549795712,-0.09484528779980965
1742112180.7955759,4.198816853941526e-05,2.441888363149689e-60,0.011029171532840826,0.006479827817111752,2.654173605642292,-1.2611035065558078,-0.0857283401489003
1742112180.8939288,4.57125202085639e-05,1.2720638265066252e-60,0.011263440041806608,0.006761103475658681,2.674554593495536,-1.2627944010546044,-0.07935147762296037
1742112181.0007575,4.939886760171978e-05,6.854936392051577e-61,0.011459671361952332,0.007028432798406753,2.6939901122977723,-1.2642396749970441,-0.070439242124532
1742112181.0934136,5.3336247363045946e-05,3.6280227808668704e-61,0.01168111903961289,0.007303166940652935,2.714197254138181,-1.2655328488743498,-0.05962737679478961
1742112181.193215,5.6706000076567444e-05,2.1379812646187477e-61,0.011795886886236288,0.007530338642887678,2.7311298543008604,-1.2664624126415676,-0.04869272589680987
1742112181.2950926,6.0668061641266285e-05,1.1643478377155971e-61,0.012036824810027439,0.00778897051228635,2.750801776093457,-1.2673436635902982,-0.038219444751714016
1742112181.3961208,6.463977827150446e-05,6.400207395479095e-62,0.012227754136402877,0.008039886707628688,2.7704062286323534,-1.2680087827540019,-0.029068760871861755
1742112181.4947217,6.884386110960932e-05,3.4188691507172846e-62,0.012392951971173707,0.008297220083233258,2.7912316906789947,-1.2684719759701446,-0.017568968534444063
1742112181.5939755,7.299767079755543e-05,1.8407365493099816e-62,0.012541381003868046,0.008543867437967154,2.812137282706196,-1.2686676006941537,-0.003768287897084502
1742112181.706387,7.616567753190328e-05,1.1428688294441097e-62,0.01271130850874717,0.008727294972206638,2.828513108315679,-1.2686169856032046,0.010910637378718085
1742112181.7946403,7.548200632131503e-05,1.0495574562183263e-62,0.012653857457818678,0.008688038116934976,2.8457721998775547,-1.2629582594262772,0.03210459519771609
1742112181.8957734,7.876540774520573e-05,6.026373603838428e-63,0.012759457741184551,0.008874987760284841,2.866057240712184,-1.2622031596386494,0.043605758441963585
1742112181.9936857,8.163946877955719e-05,3.604066263210725e-63,0.012871053366235154,0.009035456202071768,2.8853426220951413,-1.2611909644646044,0.05840255190280932
1742112182.0964158,8.415303396670612e-05,2.2174172919432796e-63,0.01297116332546097,0.009173496278230352,2.904079678890241,-1.259915956819699,0.07430125643161804
1742112182.199052,8.513446595869401e-05,1.8115016816275436e-63,0.012981815301836905,0.00922683401599346,2.9120034503874166,-1.2593015595775503,0.08046604563144713
1742112182.2934113,8.815590466200022e-05,8.956323478775585e-64,0.013058370418538941,0.009389137588831054,2.9404553720350215,-1.2566491325109834,0.10532469917682676
1742112182.3945932,8.969541486786203e-05,5.752673854395923e-64,0.013148593903024733,0.009470766329493197,2.958968762141957,-1.2545810777659028,0.12040011454967535
1742112182.4932683,9.106027446988513e-05,3.416646604385587e-64,0.013154510225951056,0.009542550731847598,2.9815358058015526,-1.2516686869990088,0.13285378981975582
1742112182.5960555,1.7590445701657646e-10,2.3593878618500226e-64,0.0006011752000875846,1.326289776091848e-05,2.9981173844900333,-1.2492603242839242,0.14954934884456664
1742112182.693378,2.341970742049694e-10,1.5085900273260433e-64,0.0006606539636436555,1.5303498756982647e-05,3.018761457255266,-1.2459582840845016,0.1644246118202593
1742112182.793611,2.8929186321342215e-10,1.0896039462681167e-64,0.0006930029685029733,1.700858204593852e-05,3.03415054815126,-1.243302345649763,0.1784284846916584
1742112182.894579,3.8059929420649274e-10,7.191907498590202e-65,0.0007374439085615838,1.950895420586385e-05,3.0543324954591107,-1.239555243314385,0.19192160536197694
1742112182.9970236,1.3600409828754702e-11,4.773621370435328e-65,0.00034881116892627854,3.68787334771067e-06,3.074809165318708,-1.2354648205634846,0.20396990944294008
1742112183.0979908,1.791360790773435e-11,3.3059261161229276e-65,0.00037103400473108316,4.2324470354316725e-06,3.0939532965775136,-1.231307592393446,0.22042305637744922
1742112183.1955674,2.4797781999617814e-11,4.754780097159714e-65,0.0003992647284290081,4.979737141618803e-06,3.1199127992117255,-1.2139234870765943,0.2522724145889505
1742112183.2958555,2.7694733793087736e-11,4.1566466952377866e-65,0.0003958063631666509,5.262578625834272e-06,3.1278011998869175,-1.211874999040661,0.2558708662033305
1742112183.3934114,3.65719337386277e-11,2.9705378453234055e-65,0.0004355962716450017,6.047473335090259e-06,3.1478014542025257,-1.2065225251324871,0.2653527730941996
1742112183.4963727,5.180828370793732e-11,1.954584116284924e-65,0.00047111085100269345,7.1977971427331375e-06,3.1731553872796248,-1.199445920880287,0.27726350965502117
1742112183.5936432,6.806525759565422e-11,1.412428027777356e-65,0.0005009765560388488,8.250167125316567e-06,3.193274256852039,-1.1935778681907978,0.28848670663835846
1742112183.6981425,8.866223136378532e-11,1.0322352531806636e-65,0.0005316121983625671,9.416062412908345e-06,3.2129754907304537,-1.1876367051398433,0.29503540935518585
1742112183.7936943,1.089451767525677e-10,8.037290350891884e-66,0.0005401583196228225,1.0437680621314666e-05,3.2284491611167567,-1.1829304815263746,0.2958554500580058
1742112183.8935769,1.4019838669648644e-10,5.874170697667741e-66,0.0005547082164711819,1.18405399664241e-05,3.247541644612909,-1.1770753285785367,0.30003850402834253
1742112183.9934697,1.7666622555881218e-10,4.376507751844067e-66,0.0006213612370125432,1.3291584764760452e-05,3.26519209396184,-1.171611464137559,0.30005149784090374
1742112184.0935059,2.2163735951456037e-10,3.2534498092449134e-66,0.0006539057940409631,1.4887490034070901e-05,3.2826406979294376,-1.1661803876179981,0.30351661386492107
1742112184.1934233,2.8633267662477795e-10,2.3135098646886732e-66,0.00069295005354127,1.692136745729428e-05,3.3025290797299647,-1.1599014560310617,0.306645023250602
1742112184.29388,3.6818523835771224e-10,1.6398375828817828e-66,0.0007336464877828711,1.9188153594280828e-05,3.3222344263207866,-1.1536314278739936,0.30866198482515667
1742112184.3949933,4.4931535044667574e-10,1.237174464395436e-66,0.0007462729106139997,2.1197059948178563e-05,3.3379601414497806,-1.148627772410453,0.30694703998567924
1742112184.4934828,5.728034037780238e-10,8.65349132748491e-67,0.0007672243078846007,2.393331159238152e-05,3.357266989671846,-1.1425245530522934,0.3053067201614603
1742112184.5999863,7.131327629833508e-10,6.18853717797153e-67,0.0008520707265128612,2.67045457363227e-05,3.374820166563911,-1.1370038709662451,0.3040888184547648
1742112184.6985776,9.021926312085451e-10,4.26345425408861e-67,0.0008988038021487318,3.0036521622993316e-05,3.393802752466449,-1.131050670956064,0.30328391733171794
1742112184.7935033,1.1504780116936744e-09,2.859277689922112e-67,0.0009501482682580095,3.3918697081310104e-05,3.413587806923058,-1.1248650581483703,0.30327789726259563
1742112184.893452,1.2585767904817738e-09,2.698556328136377e-67,0.0009695451154634403,3.547642584142001e-05,3.4214512742531973,-1.1209721384187317,0.29989667741946485
1742112184.9987705,1.4517838993939973e-09,2.1069340306396294e-67,0.0010015288615787873,3.810228207593342e-05,3.43318128758418,-1.1173528598204292,0.29866518585376056
1742112185.0991247,2.0115778745344383e-09,1.1696772502122005e-67,0.0010523288128380741,4.4850617326124267e-05,3.4601709325100494,-1.1091062216383922,0.29714586345843597
1742112185.194466,2.522596986952202e-09,7.675537790865557e-68,0.0011359261990333746,5.0225461540459755e-05,3.4791133987924425,-1.1032798485357656,0.2988800605981759
1742112185.2933745,3.177937191621625e-09,4.941678853610013e-68,0.00116933165066194,5.6373195683956266e-05,3.498624348461732,-1.0972356022451626,0.3011434277742317
1742112185.3937166,3.8228941175672945e-09,3.440753193990463e-68,0.0012488690546324979,6.182955698990002e-05,3.514362823351373,-1.0923570399023423,0.29981376735858234
1742112185.4940565,4.7682907799320476e-09,2.201246560573318e-68,0.0013136641470388372,6.905281152807644e-05,3.5333251799968544,-1.0865092655289805,0.29723258821658405
1742112185.6064467,6.003052801111586e-09,1.358414597920719e-68,0.0013850711642678856,7.747937016465471e-05,3.553245242408476,-1.0804175529159117,0.2972335418909006
1742112185.6951888,7.541887438530062e-09,8.31163274503474e-69,0.0014591419814009173,8.684404089245308e-05,3.5731819702404195,-1.074293848002128,0.29908623306445403
1742112185.7932155,9.442993451217002e-09,5.055348512992423e-69,0.0015360609921167118,9.717506599543425e-05,3.593016006264179,-1.0681806506446034,0.298386951371949
1742112185.8997343,1.1261952107786176e-08,3.3812075874659273e-69,0.001599796092484387,0.0001061223449975837,3.6086758367293292,-1.0633907303322019,0.29484470693759235
1742112185.9946685,1.39795562723897e-08,2.0307530835297042e-69,0.0016813164355676726,0.00011823517358379317,3.628030882506355,-1.0575288588138636,0.2936201295106821
1742112186.0932102,1.738044253181474e-08,1.196283499070648e-69,0.0017671707378828312,0.00013183490634810927,3.6477056996260657,-1.0515876750531263,0.29298772422961517
1742112186.1956954,1.982793335825137e-08,8.620391349334635e-70,0.0017852280694362621,0.00014081169467857195,3.659700588637108,-1.0479692209353069,0.2929819425790719
1742112186.3033009,2.6889857652504623e-08,3.953983372211162e-70,0.0019539926772724012,0.00016398127226151352,3.6877129881753064,-1.0395191616992812,0.29362799732379247
1742112186.3982584,3.3064304681213035e-08,2.290851407301368e-70,0.002049463308298033,0.00018183592791638575,3.7069497569883154,-1.0337033666127742,0.2936524948327951
1742112186.493942,4.108518833246994e-08,2.2763092956826663e-70,0.002155359877704953,0.00020269481575134067,3.73208199979036,-1.0158016827599599,0.3143777581909124
1742112186.5940163,5.026253564226468e-08,1.321806871586678e-70,0.002217349030745969,0.00022419307670457775,3.7515071199414507,-1.0094870252986372,0.3139375778892461
1742112186.695649,6.133348166828555e-08,7.611805859384302e-71,0.002364535675104104,0.0002476559744247765,3.7708843174182647,-1.0031886905970437,0.31410810677794837
1742112186.7936022,7.469316718350736e-08,4.332115644493808e-71,0.0024751153174199353,0.00027330050710437285,3.7902481873150613,-0.9969313450945844,0.3112808200576727
1742112186.8934271,9.114868564867472e-08,2.4047420366776276e-71,0.0025479023713195397,0.0003019084060583188,3.80999052535957,-0.990610729263929,0.3094138833740178
1742112186.9948914,1.0662701567477026e-07,1.494096870071586e-71,0.002688210298840916,0.00032653792379258226,3.825686710221742,-0.985597770721207,0.3083334299781743
1742112187.093777,1.2848018430600728e-07,8.354938517713456e-72,0.002806616650444382,0.0003584413261693011,3.844503406005167,-0.9796235303352884,0.3053024145820561
1742112187.1933053,1.5605930089044255e-07,4.467104527902508e-72,0.002936192593469713,0.00039504341646259914,3.864304679316458,-0.9734050337016241,0.3038519951560919
1742112187.293344,1.8945690647375644e-07,2.352781756148237e-72,0.0030726130293522733,0.00043526647754422396,3.884273484462227,-0.9671286644824987,0.3047886225440923
1742112187.3931856,2.2912305383626466e-07,1.2322948591229873e-72,0.0032107857408331156,0.0004786679995949851,3.904055673329516,-0.9609339009550069,0.3028803202369632
1742112187.4953413,2.471135814199549e-07,9.4797170046988e-73,0.003268384593003054,0.0004971052015619581,3.9119800987874704,-0.958459005017957,0.3025474879005375
1742112187.5933251,3.2143611570001274e-07,3.7248593143769985e-73,0.0034751705150396473,0.0005669533628968195,3.9398341586775842,-0.9497520165964768,0.3039101692893926
1742112187.7067773,3.861301015434438e-07,1.9063218126130835e-73,0.0036282672827329266,0.0006213936767810273,3.9595565609102508,-0.9435358535474535,0.30675879447249804
1742112187.810493,4.634166144393971e-07,9.637557379145287e-74,0.0037859113282060508,0.0006807471002063815,3.9794349617571676,-0.9372253780177008,0.30808994500426684
1742112187.8944874,5.541453605076172e-07,4.857618836508457e-74,0.0039483983664160465,0.0007444094038280395,3.9991613515057587,-0.9309380088390518,0.30869081942824755
1742112187.994081,6.559409935298426e-07,2.5013279845927413e-74,0.004107449006445013,0.0008099018419103902,4.017975788884073,-0.9249566469793251,0.30706641404418367
1742112188.0983267,6.958173728810122e-07,7.542032783013572e-74,0.004166052161520901,0.0008341566836518258,4.042858847570791,-0.8873567171539891,0.32548457463014996
1742112188.1954887,8.220561226386692e-07,3.7931449242290634e-74,0.004277443136828348,0.0009066731068244327,4.0623100891040345,-0.8807988552679848,0.32486373265016943
1742112188.293222,9.661484298690837e-07,1.913773320531888e-74,0.0045003450412668,0.0009829284968242012,4.08138117060961,-0.8743810243938503,0.32434958298433675
1742112188.3935654,1.135355182166403e-06,9.483075037459055e-75,0.004618055929284525,0.0010655304698442007,4.100671121246808,-0.8678993721036499,0.3235502846978988
1742112188.5019672,1.333579720038459e-06,4.611645070492866e-75,0.004855109365352208,0.0011548072220238575,4.120119948299902,-0.8614139420409335,0.32058876831758865
1742112188.5987983,1.5130783315510216e-06,2.581258877212885e-75,0.005002906948767073,0.0012300724903642963,4.135542678594813,-0.8562968792092178,0.3192522533677903
1742112188.6933484,1.7714088460008375e-06,1.2273855653054117e-75,0.005191942961310317,0.0013309428409968766,4.1549904468812215,-0.8498886819745417,0.31811940748918915
1742112188.7942426,2.0771887991027475e-06,5.674968463001336e-76,0.005392296231680036,0.0014412455721016968,4.174896921383819,-0.843335932207278,0.3180875190042343
1742112188.8934271,2.4096572385038106e-06,2.711604522892216e-76,0.005584341184963282,0.0015523070696559398,4.193699943936636,-0.8371547152894112,0.3168392189287033
1742112188.9983132,2.8131690439821597e-06,1.2295015795968586e-76,0.005793763009720819,0.0016772504416401742,4.213564802313918,-0.83063747377963,0.3175846942209091
1742112189.0932117,3.1766820071529602e-06,6.5120741119320505e-77,0.005904590906243371,0.0017823248882156586,4.229362269076805,-0.8254444296747634,0.31753057320345324
1742112189.1940806,3.6795100359135015e-06,2.9636217493298208e-77,0.006175511743616987,0.0019182048993560362,4.248697417293229,-0.8190988748964814,0.3170480736039965
1742112189.293115,4.212472731230625e-06,1.4091857545704285e-77,0.006378067813743244,0.0020524309321462257,4.266735430829492,-0.8131840708667657,0.316340685679802
1742112189.39454,4.856790071390226e-06,6.322543317632853e-78,0.006597787991202277,0.002203812621660523,4.285993578794521,-0.8068474406702122,0.3195050366662827
1742112189.4958773,5.62039396090306e-06,2.722532542761591e-78,0.0068317175940888954,0.002370737007958297,4.306097639673421,-0.8001666647089956,0.3212167628549424
1742112189.5935214,6.289683317350131e-06,1.3999474348695452e-78,0.006957742770225933,0.0025079241051814407,4.321804478816777,-0.7949414119629106,0.32120060999620825
1742112189.6990597,7.6001004199342776e-06,5.626656404601995e-79,0.00734317383167413,0.0027568279634272207,4.356472136125127,-0.7744115794178728,0.3418970735638268
1742112189.7976978,8.601704843799172e-06,2.5852133423567816e-79,0.007565253014547141,0.0029328663187740372,4.374899875249586,-0.7678378535231682,0.34358936863828987
1742112189.8981223,9.774805272046676e-06,1.1334938998721884e-79,0.007800748486598872,0.003126468498489418,4.394268896619781,-0.7608896117576087,0.34531778412748665
1742112189.9936924,1.1123695750222739e-05,4.810566557416003e-80,0.00804646518955447,0.003335220494993208,4.414221053901816,-0.7536930480246122,0.34676796513487196
1742112190.104281,1.2587950638996524e-05,2.0703879723592766e-80,0.008289288245317904,0.0035479502024403503,4.433682255308209,-0.7466274300186939,0.3492229612438808
1742112190.2002125,1.3202835068532486e-05,1.4862487023122223e-80,0.008386145912293348,0.003633570567435355,4.441291178385068,-0.7438516620074553,0.3503813775150903
1742112190.2941163,1.5608004600339725e-05,4.508945932896028e-81,0.008730684266654591,0.003950696723407116,4.468473616454538,-0.7338751224366937,0.3531708152859339
1742112190.393547,1.7530496468424073e-05,1.9142083568220896e-81,0.008978443710106117,0.004186943571201321,4.48779926177853,-0.7267337808062344,0.3552244337170251
1742112190.4934576,1.96719098180147e-05,7.982154277182261e-82,0.009230969760926147,0.004435302674904465,4.507409084737748,-0.7194125442531651,0.35888606625486685
1742112190.6054373,2.201146268963295e-05,3.3172174462228775e-82,0.009484439917884805,0.00469163752751989,4.526990369600451,-0.712015321583302,0.36274779158521964
1742112190.6996565,2.45325880624122e-05,1.3857895289906385e-82,0.009736456180112294,0.004953038265793249,4.546353519358394,-0.7046140843179498,0.366176071938766
1742112190.7933362,2.558882485700884e-05,9.799295018384436e-83,0.009836549123017648,0.005058539794941703,4.554007194972254,-0.7016692391447497,0.3684273989765773
1742112190.897584,2.9602751174055682e-05,2.8615714322408468e-83,0.010193855260023503,0.005440841035543649,4.581141437580552,-0.6910655477240766,0.3760604889958033
1742112190.9944222,3.2713718840255106e-05,1.1912192049352721e-83,0.010446116574211408,0.005719590793077343,4.600436270229224,-0.6833506488484533,0.3829128773777613
1742112191.095334,3.603824446760954e-05,4.956604673600835e-84,0.010693285657351977,0.006003186192981985,4.619725912024396,-0.675487678246889,0.38987171965528816
1742112191.1978545,3.8805257087311514e-05,2.484498447759474e-84,0.010885188454830368,0.006229386573918134,4.6348832017394805,-0.6692219272376123,0.3946680458157189
1742112191.2931468,3.511501576695712e-05,6.240320760417358e-84,0.010621807557342385,0.005925792416796012,4.640338508471615,-0.6479388818537017,0.39728094691436455
1742112191.393724,3.825215916891513e-05,2.6876702078844237e-84,0.01084568649647575,0.006184832994423951,4.658734037276979,-0.6401664925143877,0.40243943089645073
1742112191.4993951,3.9597447451848855e-05,1.8962032262118679e-84,0.010939011582275646,0.006292650272488442,4.666344151066259,-0.6369125435828138,0.4056720292011993
1742112191.5957694,4.5322355667185574e-05,4.6048136720953286e-85,0.011309047013563235,0.006732188029696258,4.6971314413499385,-0.623550584060278,0.41350461596648863
1742112191.7023385,4.829370927662934e-05,2.2919263761945487e-85,0.011481160564076054,0.006949367545081304,4.7122510382115586,-0.616874647377619,0.418451324645688
1742112191.7932408,5.058222992714538e-05,1.358272158539088e-85,0.011609324086774914,0.007112118525948888,4.723556976130688,-0.6118383733724806,0.419682577792813
1742112191.8931751,5.617722624421814e-05,3.948760173767713e-86,0.011917711123993336,0.007495146846074341,4.750120470023742,-0.5998765404930186,0.4279166018406646
1742112191.9943724,6.03028015833268e-05,1.6376447437936932e-86,0.012073289445547145,0.007765487852242562,4.7690047775909505,-0.5912051250035932,0.4339251672665373
1742112192.0967991,6.192394929352922e-05,1.1648608193758762e-86,0.012202211417868434,0.007869177167501646,4.776322609329249,-0.5877932964641872,0.43861992711227127
1742112192.1942036,6.819885408808949e-05,3.175099448057638e-87,0.012491673931624052,0.008258259749371505,4.804295651498588,-0.5744787919138596,0.44888885373275456
1742112192.2937772,7.155461530476673e-05,1.5982192413454032e-87,0.012648231864207155,0.008458996116843105,4.819051285859285,-0.5673182139141364,0.45592089051406565
1742112192.3930373,7.580630788501838e-05,6.703453147388872e-88,0.012773558896855679,0.008706681795323542,4.837765745613943,-0.5580555891358066,0.46499313468139347
1742112192.4933264,7.995298333407279e-05,2.8584265487127784e-88,0.012987608267254355,0.008941643212188283,4.856154576289548,-0.5487642342796752,0.47147883528869317
1742112192.592899,8.396192563850811e-05,1.2379300165823133e-88,0.013151854241415992,0.009163074027776275,4.874258014566337,-0.5394149803996522,0.4799391185681123
1742112192.6946483,8.791413476762422e-05,5.3231529858527195e-89,0.013294316901359205,0.009376253770436476,4.8925344471912915,-0.5297952857917436,0.4872732316891449
1742112192.7943933,8.946202109536408e-05,3.8010318950794826e-89,0.013349287936005236,0.009458436503744373,4.899819389525842,-0.5259205859612974,0.49037380570571587
1742112192.8934348,9.467475347829486e-05,1.166542244589894e-89,0.013541388935190605,0.009730095245078275,4.925463490561281,-0.511991143705457,0.5055050408283966
1742112192.9938352,8.256095914977914e-05,2.2193123759119377e-89,0.013094338592523092,0.009086306133395415,4.939202243674558,-0.4822924403591564,0.4988833528142452
1742112193.0933907,8.541569674215549e-05,9.476038797309537e-90,0.013157061644596905,0.00924206128210344,4.957266956857939,-0.4723856381174081,0.5046558838468077
1742112193.1933303,8.78597182578427e-05,4.341965778494238e-90,0.01329120071881765,0.009373351495481363,4.973827203900125,-0.4631578600092605,0.5109949570279599
1742112193.2974603,8.880037273428219e-05,3.1643169979149963e-90,0.013329860281538085,0.009423394968602462,4.980533443016373,-0.4593854738930896,0.513812647400427
1742112193.3933911,9.11088088276666e-05,1.3764525131000583e-90,0.0133688074420566,0.009545093442584342,4.998192650663221,-0.44932387333305646,0.5205265741925716
1742112193.4945674,9.389628049174055e-05,4.367481139071033e-91,0.01350923918726536,0.00969000931329483,5.0224995246085875,-0.43523510533202425,0.5293477039914609
1742112193.593402,9.551378476935728e-05,2.0002765284652036e-91,0.013525927622562236,0.00977311540755338,5.038990194747498,-0.42552938460230916,0.5335108500104428
1742112193.693381,9.693346889486063e-05,9.048859345359148e-92,0.013611083915230405,0.009845479617309694,5.055661210696364,-0.4156313598273724,0.5372813802342892
1742112193.7938163,9.816525678147657e-05,3.9844884887816936e-92,0.013618106190458609,0.009907838148732376,5.072798996616832,-0.4053794176929062,0.5396244388204099
1742112193.8932343,9.860446759295708e-05,2.8546098662345e-92,0.013669886783893415,0.009929978227214654,5.079723536281875,-0.4012270706746892,0.5407097201924801
1742112193.9932,9.98263918479267e-05,8.917485741674802e-93,0.01370494879244306,0.009991315821648653,5.103737660802253,-0.3867425726946274,0.5442769389729977
1742112194.093775,0.00010045367729599045,3.7341043964462267e-93,0.01372715476545406,0.010022658195109242,5.121512171993565,-0.3759778996677592,0.5451842408757687
1742112194.1967416,0.00010085794269404159,1.566007979525689e-93,0.013742632448002926,0.010042805519078898,5.139065951132448,-0.3653373548991221,0.5447664123158932
1742112194.2965064,0.00010106601300978278,6.538315364864121e-94,0.013705187622635104,0.010053159354639853,5.156497037555447,-0.354787377384443,0.5444004397969725
1742112194.3955185,0.00010106928399640361,3.214909133573524e-94,0.013742976027108647,0.010053322037834241,5.170542754343874,-0.3462696226575015,0.5460609655957698
1742112194.495575,0.0001008625718572438,1.3425333838136e-94,0.013735014949258708,0.010043035988048822,5.18768978730925,-0.33583701484006245,0.546974943218756
1742112194.5934086,0.00010044001870052882,5.4846709715429345e-95,0.013712853789509153,0.010021976786070141,5.205091657166506,-0.32523891466442967,0.5467823010068417
1742112194.693325,9.981374495897729e-05,2.1713434530713728e-95,0.013695630558264745,0.009990682907538267,5.222891177494304,-0.3144178750652735,0.5457607370000364
1742112194.7945545,0.00010531230355825049,7.62070009757809e-96,0.013832149405225834,0.01026217830473874,5.235574392424645,-0.3138211485977229,0.5382393393558657
1742112194.8933856,0.00010450548085889382,3.0212156655374523e-96,0.013839862579167361,0.010222792224186787,5.25287178080411,-0.30349088735185314,0.5389019641918334
1742112194.9933553,0.00010413351657004348,2.102367052075656e-96,0.013827563723458522,0.010204583115935872,5.2596066816649945,-0.2994652526792003,0.5385916028064882
1742112195.0931501,0.00010255463103869174,5.371192052553832e-97,0.01378195757739546,0.010126926040941137,5.284646143711065,-0.2845745401341757,0.5362236890834963
1742112195.1936197,0.0001012062166621859,1.9899200195258323e-97,0.013721664960175921,0.010060130051951909,5.302609427044619,-0.27392796055075674,0.5337297711414491
1742112195.2971044,9.980427854376434e-05,7.747212046534596e-98,0.013675883926272323,0.009990209134135498,5.319462214909507,-0.2639891985793219,0.5321222934765016
1742112195.3939934,9.821692074831897e-05,2.8352509966911482e-98,0.013625613852105044,0.009910445032808515,5.337177255605813,-0.25361937281816527,0.5281064305347597
1742112195.497129,9.683779885856499e-05,1.2517219441628275e-98,0.013528799193932833,0.009840619841176925,5.351432827274564,-0.24530592524421357,0.5282168183368834
1742112195.599499,9.572160697233733e-05,6.727915812380346e-99,0.013493103703416746,0.00978374197188056,5.362188396641493,-0.23902966901508838,0.5282336864513552
1742112195.6932197,9.313412537903381e-05,1.7632572267497231e-99,0.013435183120262397,0.009650602332447121,5.385183690005675,-0.22560561627032572,0.5280260238689576
1742112195.7937715,9.101278519299296e-05,6.300835593413467e-100,0.013345940721959966,0.009540062116830946,5.40265466756173,-0.2154201212049729,0.5275701675457154
1742112195.8934999,8.872108189202332e-05,2.168548382485437e-100,0.01326336869646565,0.009419186901852162,5.420574129841402,-0.20499884439476435,0.5262194666904602
1742112195.9952662,8.678947417002795e-05,9.092370440510742e-101,0.013195539633724955,0.00931608684856619,5.435042824864091,-0.19659872931230282,0.5262076649707949
1742112196.093379,8.42737190157663e-05,3.0603883802824257e-101,0.013045483274011345,0.009180071841536226,5.453029681518672,-0.186142296132076,0.5266066584629212
1742112196.1932516,8.164196306379386e-05,1.0092991596744646e-101,0.012981518328742333,0.009035594228593595,5.4711752066218615,-0.17560627781212124,0.5257679615062868
1742112196.2931054,7.904312539662412e-05,3.434522726624032e-102,0.012881502389466677,0.008890620079422139,5.488630956842339,-0.1654953321821968,0.5244772825283203
1742112196.4029682,7.636435484602514e-05,1.1426166956253873e-102,0.012750996503562928,0.008738670084516587,5.506274382891981,-0.15530443878735078,0.5237877163929137
1742112196.4935486,7.414179788243123e-05,4.666078550445655e-103,0.012662275550455692,0.008610563157101353,5.520534369450772,-0.1470489730742368,0.5256928596538698
1742112196.5944402,7.242897149216081e-05,2.3650725125295647e-103,0.012591830257363648,0.008510521223295363,5.5313030183861365,-0.14079518504079136,0.5265822205585632
1742112196.693772,5.4960874099135035e-05,3.853468642271566e-103,0.011705209161529742,0.007413560150098941,5.544189826480224,-0.10671633060872865,0.5328897983168158
1742112196.7955801,5.260474054547021e-05,1.270572295188552e-103,0.011621395286807789,0.007252912556033625,5.561579418282598,-0.09644217313506842,0.5345812589262516
1742112196.900952,5.035253238571659e-05,4.418703229768517e-104,0.011502622639869502,0.007095951830848106,5.578033099075917,-0.08667386395548315,0.5368611961935554
1742112196.9942818,4.7939577615412596e-05,1.4343799075106593e-104,0.011339744334961127,0.00692384124712667,5.595475062684812,-0.07624015965795627,0.5400667339895758
1742112197.0930555,4.593806699452971e-05,5.608818763020392e-105,0.011225898280197821,0.006777762683550502,5.6099465829109185,-0.06754621431863295,0.5414155871008427
1742112197.1932616,4.447998642566401e-05,2.808456391940204e-105,0.011139071469094434,0.006669331782544936,5.620551065758722,-0.06116395518752227,0.5421350151632818
1742112197.2970219,4.2023933001489144e-05,8.708992559216975e-106,0.010990381214230575,0.006482586906589771,5.638431482975719,-0.0503298687762459,0.5455453545187509
1742112197.3933296,3.870675583598352e-05,1.7358911553991021e-106,0.010747770457873847,0.006221475374538063,5.662888283867652,-0.03540398480948692,0.5506906658743416
1742112197.4933205,3.638005277788591e-05,5.468534219037754e-107,0.010589269586044028,0.0060315879151253285,5.680300137321872,-0.024676823655004565,0.5534390360449347
1742112197.5932336,3.4527913691810786e-05,2.1431681013221918e-107,0.010383063000340488,0.005876045753039265,5.694362446513459,-0.015944175545470562,0.5581455380056892
1742112197.693398,3.2274922303980404e-05,6.6846624343597475e-108,0.0102597044015991,0.0056811022085490066,5.711782264686864,-0.005037949806707465,0.5614692718122992
1742112197.7953227,3.0065318353688403e-05,2.0536570947551356e-108,0.010042870359948209,0.005483185055575673,5.729336930900484,0.006034249441341899,0.5647351891134773
1742112197.8946478,2.799981842242784e-05,6.593467737858718e-109,0.009794221302375939,0.005291485464633522,5.746175680625591,0.016770266053570237,0.5697444826696905
1742112197.993677,2.613714527592901e-05,2.2858556592238876e-109,0.009725469286488469,0.005112450026741485,5.761818518035756,0.02683933282896933,0.5737276226614508
1742112198.093299,2.4593895126987083e-05,9.270663623333983e-110,0.009586480722910995,0.004959223238268981,5.7751179312775385,0.03549816628979263,0.5807403475378546
1742112198.193136,2.261870244645689e-05,2.8090646877376974e-110,0.009398334140124785,0.004755912367407214,5.792678192319844,0.04707534935003754,0.5860245973204167
1742112198.2932928,2.147503262714238e-05,1.3688569206188836e-110,0.009248074309846737,0.0046341161646146056,5.803217081320238,0.05408174140851285,0.5874120146368537
1742112198.393724,1.6961732494513547e-05,2.5532647237315517e-110,0.00873621853744924,0.004118462394451787,5.807766528806585,0.07798826609927145,0.5985988959723552
1742112198.4983132,1.5528772851958962e-05,8.207702758320066e-111,0.00850719453313822,0.003940656398616728,5.824379405171669,0.08934198871424748,0.5997304901534157
1742112198.5976808,1.4429018340039326e-05,3.266223847418292e-111,0.008409305342489489,0.003798554769914385,5.8378077535000195,0.09858166334897467,0.6054736957007485
1742112198.6953716,1.3162069628796344e-05,1.0624140793093586e-111,0.008194240168303845,0.0036279566740517097,5.8541126013411855,0.10989178472788508,0.6108480677062114
1742112198.7949972,1.1931911345344662e-05,3.3612354141520233e-112,0.007957725029896785,0.0034542598838744982,5.87080490551638,0.12166362487439963,0.6170386061125834
1742112198.8943732,1.1272956583504667e-05,1.7546500402282486e-112,0.007901603481410408,0.0033575223876401283,5.880209062465344,0.1283548166434474,0.619785247748478
1742112198.9933228,9.76370312373195e-06,3.568020178372313e-113,0.007603481644016321,0.003124692484666603,5.903190612396791,0.14490820799623982,0.6299070701056559
1742112199.0934057,8.766334465838557e-06,1.1527894007746156e-113,0.007362907229303943,0.0029607996328422084,5.919516371688768,0.15697151341959126,0.6400910005026894
1742112199.2064013,8.003484829884923e-06,4.5429188284157204e-114,0.007257744352118525,0.0028290430943845525,5.932926769584775,0.16697482409425213,0.6421320423537334
1742112199.2929869,7.160386648388837e-06,1.4863720773100915e-114,0.0069827504328125525,0.002675889879720172,5.948939057327571,0.17899301155712166,0.6459900125914653
1742112199.3933928,6.398826361541889e-06,4.932349522337502e-115,0.0067462251974755956,0.002529590156832108,5.964680032709214,0.19090855421461717,0.6536018833571514
1742112199.4929082,6.1430869355757396e-06,3.3596126639827158e-115,0.0067855276033065475,0.0024785251533070507,5.970184624489217,0.19516850455764123,0.6636309608870585
1742112199.5986722,5.109079951662364e-06,6.402895698595982e-116,0.006497638023910379,0.0022603273992194946,5.994026909079587,0.21406623264829205,0.6751543268614847
1742112199.6937993,4.60064648537072e-06,2.5676548139344064e-116,0.0062518649051074016,0.002144911766336956,6.007125674764552,0.22459589111931466,0.6785759910994605
1742112199.7934616,4.045987054060267e-06,8.548187903788308e-117,0.0061486810955972155,0.002011463908217164,6.022822764040264,0.23730640851997853,0.6827458128386575
1742112199.8929825,3.590667412714243e-06,3.1326272869736105e-117,0.005893836487649728,0.0018949056474437567,6.037081791609811,0.24893705166271296,0.6862525329047282
1742112199.9972339,3.1522074700342687e-06,1.0678246514938086e-117,0.005661472926970252,0.001775445710246942,6.052297424080365,0.26143695932942634,0.6905902609282573
1742112200.0932453,3.618683552786156e-06,2.6023226383022243e-118,0.0059930469077451205,0.0019022837729387684,6.06120487747901,0.24947705469632298,0.6703051849482486
1742112200.1931581,3.2537445369626085e-06,1.0381301224211736e-118,0.005761912729764133,0.0018038138864535356,6.073907973226117,0.25956933917277936,0.673742405998511
1742112200.3013813,2.8366324251783808e-06,3.27834517251516e-119,0.005654603861960545,0.0016842305142641197,6.089827572308568,0.27240708045356143,0.6858042403338382
1742112200.3936648,2.5029904086014823e-06,1.194651274994665e-119,0.005488822169065598,0.0015820841976966593,6.103804558953623,0.2839424557267507,0.6963238044856023
1742112200.4937322,2.150352582559929e-06,3.678316236811994e-120,0.005295593960387207,0.001466408054587784,6.120148378089894,0.29773750088559314,0.7063123508570622
1742112200.5934448,1.851046886045452e-06,1.1901210350163168e-120,0.005043219547734838,0.001360531839408932,6.135784905515386,0.31115307840773343,0.7116452976344059
1742112200.6934175,1.6001581671744614e-06,4.102536726611885e-121,0.004945905972016116,0.0012649735835876027,6.150530576561913,0.32401226740636413,0.7208306118128727
1742112200.794222,1.3708865295071648e-06,1.3700539705496249e-121,0.004707539413314504,0.0011708486364629567,6.1657125558250705,0.33748676300195557,0.7294042631266543
1742112200.893057,1.2163280662147164e-06,5.998821230683693e-122,0.004644073269872948,0.0011028726427900531,6.177142402881923,0.34779090711781424,0.7390293403742743
1742112200.993122,1.0540062795186931e-06,2.2924225523843018e-122,0.00448658491589232,0.0010266480796839261,6.190465061806719,0.3600014381013166,0.7451670690653753
1742112201.093236,8.953546488547542e-07,7.918688778950351e-123,0.004244439758529595,0.0009462318156005716,6.20519397802639,0.3737480934356645,0.7552434726832339
1742112201.1936088,7.603755488272564e-07,2.8343137169777152e-123,0.004146040745003993,0.0008719951541306043,6.219459713530792,0.3873586422555604,0.7661796136973331
1742112201.2938838,6.726218315213895e-07,1.3380042544548983e-123,0.004026639901714362,0.0008201352519684723,6.229888326350888,0.3974737603143481,0.7744844480631778
1742112201.3933249,5.665365549951039e-07,4.792668325630389e-124,0.0038070505375481798,0.0007526862261228804,6.244142880026544,0.4114960344467986,0.7816381975291203
1742112201.4944258,4.724215097190112e-07,1.6575850008607436e-124,0.0037102413811769593,0.0006873292585937333,6.258853571378257,0.4261727563121176,0.7873763366816472
1742112201.5936592,4.402062119319187e-07,1.1050542542287985e-124,0.0036518592314873557,0.000663480377955459,6.26446645197921,0.4318351027224949,0.7921941801188422
1742112201.6930804,4.5990448397220906e-07,2.3218550365776454e-126,0.0036886933521540974,0.000678162579306916,6.29801985942186,0.42657863874659796,0.7972928845994671
1742112201.7930665,3.949822398726272e-07,9.961905842887439e-127,0.0035593204476058985,0.0006284761251413033,6.3096803035430895,0.43857607412561417,0.803417977105876
1742112201.8950684,3.2556952486606074e-07,3.4820977382835253e-127,0.003397371920177756,0.0005705870002603115,6.324145381810798,0.4536706733011524,0.8113145196550089
1742112201.99769,2.914189172539256e-07,1.9286626385038383e-127,0.003307779653673252,0.0005398323047520643,6.332268567342151,0.4622571974521086,0.8149250114076337
1742112202.09319,2.2180838266979411e-07,4.700776400022396e-128,0.003101392110529244,0.00047096537311122367,6.351698531732591,0.48321048844600734,0.8293552959077555
1742112202.194541,1.8060012601614667e-07,1.6825621063927162e-128,0.0029175210779922704,0.00042497073548204077,6.365842690061452,0.49881180484537135,0.8374852502458296
1742112202.2935216,1.4932466626515848e-07,6.633596036628258e-129,0.0028366727052058414,0.00038642549898416185,6.378629281736075,0.5131151475147875,0.8437679374330244
1742112202.3930686,1.2927579418754863e-07,3.307027912561303e-129,0.0026986593009334704,0.00035954943218916176,6.388162051593827,0.5238766023597203,0.8483729922883709
1742112202.5023687,1.0565157087682814e-07,1.2694670875168038e-129,0.0025300772327752578,0.0003250408757015464,6.401249034431622,0.5388265847077736,0.8566779458635054
1742112202.5935318,8.557308500992258e-08,4.788039255675307e-130,0.0024961852268691022,0.0002925287763792181,6.4145703856091885,0.5543104635282388,0.8638691270463663
1742112202.6938229,7.058514673346271e-08,1.999395087358292e-130,0.0023485146829124084,0.0002656786531384535,6.426476284186762,0.5683404618296266,0.8697418534867963
1742112202.7936502,5.719021998457061e-08,7.835007785211792e-131,0.0021982250149161554,0.00023914476783858476,6.439218345818887,0.5835525135104951,0.8760766351335247
1742112202.8935034,4.85911117975172e-08,3.8353817997588465e-131,0.002075516564268639,0.00022043391707610968,6.448907386507251,0.5952464901672265,0.8819941842668255
1742112202.9949722,4.006213453703766e-08,1.6659559505737392e-131,0.0019444785460135188,0.0002001552760659525,6.460189215839261,0.6090060426670427,0.887486394655009
1742112203.0934846,3.356771407613614e-08,7.852090539984204e-132,0.0018652374018753638,0.00018321493955498317,6.470342469791067,0.621530388010076,0.8922077977769576
1742112203.1972544,3.1281751318303175e-08,5.840178788947012e-132,0.0017968786120996466,0.00017686647878640874,6.4743360915912795,0.6265036772681367,0.8962325418107712
1742112203.2931674,2.0990326023189998e-08,7.095816244172025e-132,0.0015966057109737255,0.0001448803852258476,6.480863219590226,0.6563085077375153,0.9081902195654763
1742112203.3933992,1.9663047745255765e-08,5.4518559241136276e-132,0.0015716372544280848,0.0001402249897317014,6.484413502900583,0.6608580178450914,0.9080947329245458
1742112203.4943044,1.5787948597274637e-08,2.246652500268601e-132,0.001456852219313324,0.00012565010384904042,6.496279749460868,0.6760623139761739,0.9069255282126324
1742112203.5936303,1.3632348877451736e-08,1.2345798699538709e-132,0.0013725025134836478,0.00011675765018812145,6.504204596840271,0.6861553915975453,0.9038089205466163
1742112203.6941226,1.1877647846625321e-08,7.008011882350113e-133,0.001329051645943001,0.00010898462206488272,6.511635815240261,0.6955740622975468,0.9026897837363135
1742112203.7932382,1.0427928497930212e-08,4.092735996988057e-133,0.001253151457053908,0.00010211722919238561,6.518642393975927,0.7044250253964246,0.9006566693030252
1742112203.895068,9.444184112389745e-09,2.7181744020216282e-133,0.0012251068339521644,9.718119217415347e-05,6.523950064466028,0.7111344854705965,0.9021085192404641
1742112203.9954352,8.35829946644326e-09,1.6404464032158e-133,0.0011579746070522266,9.14237357935195e-05,6.530468252900597,0.7193713441489762,0.900146095915879
1742112204.0933003,7.4292507005669e-09,1.005189651884633e-133,0.0011243951541517819,8.619310123534772e-05,6.536748564566068,0.7272799946971258,0.8994526554785622
1742112204.1934268,6.638115052395286e-09,6.281988790539984e-134,0.001063826406156871,8.147462827405404e-05,6.542739987086168,0.7348039512257936,0.8972106863699808
1742112204.294906,5.948396520375297e-09,3.9673714916917967e-134,0.0010347800061228356,7.712584858771602e-05,6.548565659760573,0.7421039837005856,0.8973676850043193
1742112204.3935754,5.5093092256317414e-09,2.878111765822908e-134,0.0010151430712826387,7.42247211219533e-05,6.552620860567544,0.7471900797405855,0.8975742747031101
1742112204.4932957,4.987089915657942e-09,1.8936364243008298e-134,0.0009621467049654687,7.061933103377531e-05,6.557884573866222,0.7537728014513139,0.8959588696204083
1742112204.6001472,4.55510238281752e-09,1.2932863654759004e-134,0.0009402188956438082,6.749149859661972e-05,6.562659911629886,0.7597414060644563,0.8949358154974834
1742112204.693351,4.192464609770524e-09,9.102937920370671e-135,0.0008938142166643418,6.474924408647968e-05,6.567034976726319,0.7651874585456295,0.8928090025626078
1742112204.7938735,3.836773242529582e-09,6.256521786040936e-135,0.000873714011906317,6.194169228015636e-05,6.571692880738723,0.7709906879894701,0.8956345011435403
1742112204.8953214,3.5754416839366703e-09,4.650082238093866e-135,0.0008580637833531165,5.97949971480614e-05,6.575374685189246,0.7755975868702598,0.8974059511862646
1742112205.0006814,3.4706511383624333e-09,4.105062475391533e-135,0.0008515761649435323,5.891223250193828e-05,6.576920480531669,0.7775374671208515,0.8985510756216897
1742112205.0941834,3.123474434185132e-09,2.6458039229104717e-135,0.0008037275366702153,5.58880526963065e-05,6.582363438866558,0.7843980732744682,0.9025214602194678
1742112205.1937723,2.9099988228602245e-09,1.9781324783173164e-135,0.0007890483318979301,5.394440492637049e-05,6.585972649183152,0.78899788030103,0.9087435890875709
1742112205.2942896,2.735346064310045e-09,1.5387571775143697e-135,0.0007765579387765514,5.230053598492127e-05,6.589094937286884,0.7930145250865683,0.9110575606070416
1742112205.413201,2.5616156274258e-09,1.1836680334943848e-135,0.0007635562996197066,5.061240586482528e-05,6.592364817682892,0.7972689683800782,0.9189785410605322
1742112205.4933543,2.4410718308936646e-09,9.787959510930472e-136,0.0007301901767136086,4.940720424081558e-05,6.5947396641873155,0.8003916676457661,0.9221063543997656
1742112205.5932045,2.3076346437106075e-09,7.864616169106417e-136,0.0007195897290131778,4.803784595202628e-05,6.597480330821867,0.8040310455898436,0.9317437102042092
1742112205.6937654,2.188992915436643e-09,6.433174312554241e-136,0.0007097456505623172,4.6786674549882716e-05,6.600011211526027,0.8074480325450599,0.9344838549338232
1742112205.7933226,2.0838981966151873e-09,5.346315638535271e-136,0.000700656439441751,4.564973380661915e-05,6.602347686920201,0.8106309939186835,0.9403596808157816
1742112205.893858,1.973918088928086e-09,4.377894358031719e-136,0.0006907554807402287,4.4428797968525847e-05,6.604883780176408,0.8141382532346384,0.9469781805716408
1742112206.004017,1.8981873397885554e-09,3.794919944880884e-136,0.0006612784695403096,4.356819183519733e-05,6.606699885336155,0.8166668621066595,0.9492989470206155
1742112206.0929136,1.8123903736609397e-09,3.2097504366932822e-136,0.0006533114187629569,4.2572178399289595e-05,6.608831431590293,0.8196544623805124,0.9541515995703591
1742112206.1955378,1.7384784930227693e-09,2.76700588169229e-136,0.000646206614101272,4.169506557163293e-05,6.610727934512834,0.8223433140664143,0.9588988711081398
1742112206.2953708,1.7152045451225885e-09,2.6380069286736406e-136,0.0006439263119819768,4.141502801064595e-05,6.611338707229045,0.8232133884874959,0.958589880629624
1742112206.3973536,1.6151725389320704e-09,2.1326989852351996e-136,0.0006338419411060514,4.018920923496841e-05,6.614056277405361,0.8270885695812131,0.9598971296988382
1742112206.4974346,1.549450268291691e-09,1.8419755746218373e-136,0.0006269106495237471,3.936305715123879e-05,6.615927757134621,0.8297640697252961,0.9607711722098241
1742112206.5947146,1.5017244612901148e-09,1.6499520044047397e-136,0.0006217491153260693,3.875208976674825e-05,6.617333037966613,0.8317772463665345,0.9625620533667459
1742112206.6942961,1.4709939076798179e-09,1.5347098048834183e-136,0.0005972355119478012,3.835353839842965e-05,6.618257956681308,0.8331071145212325,0.9636363674841775
1742112206.7930923,1.4057750762018326e-09,1.3114484424179243e-136,0.0005900554319596865,3.749366714795757e-05,6.620271003980232,0.8360232682053192,0.9717541624747171
1742112206.8979158,1.3665041482118407e-09,1.191865195430608e-136,0.000544917960528513,3.6966256886677625e-05,6.62150555380283,0.837846675113501,0.9772892882071391
1742112206.9967155,1.3431164354742604e-09,1.124176246233365e-136,0.0005423778742152612,3.664855297926864e-05,6.622258868320287,0.8389566496518119,0.9698797156058203
1742112207.0938609,1.345716448392625e-09,1.132073358009475e-136,0.0005426630516843725,3.6684008074263436e-05,6.622170800333439,0.8388329265647889,0.9455762793265237
1742112207.1933496,1.3453029245286547e-09,1.130467604758805e-136,0.0005426177282477847,3.667837134509458e-05,6.622187319757838,0.8388521823139263,0.9147467304907693
1742112207.293187,1.3402151790952472e-09,1.1132676485528996e-136,0.0005420594480099787,3.660894943992858e-05,6.622373147848734,0.8390924340234012,0.897588818236436
1742112207.3960774,1.3439747239066913e-09,1.1268552269177984e-136,0.0005424720392042275,3.66602608270412e-05,6.622229220051775,0.8389158717397844,0.8736818720541845
1742112207.4935858,1.340275653920464e-09,1.1125279008859907e-136,0.0005420661338547819,3.660977538746262e-05,6.622377900040416,0.8390884507682195,0.8497254540167701
1742112207.5972595,1.3414824610725453e-09,1.1175741939526194e-136,0.0005421985985427424,3.66262537133208e-05,6.622326496794265,0.8390325567753254,0.8280197073660743
1742112207.7011156,1.340683081121716e-09,1.1141505293971211e-136,0.0005421108648511228,3.661533942382231e-05,6.622361123717397,0.8390694811971002,0.8047598292075048
1742112207.7935119,1.3387174652821855e-09,1.105311184556249e-136,0.0005418950518418397,3.658848815245289e-05,6.622449749747776,0.8391598186220186,0.7857433249197854
1742112207.895426,1.3410540576441298e-09,1.1161577946137597e-136,0.000542151563862668,3.6620404935556486e-05,6.622341961667363,0.8390528405421636,0.7729755331717387
1742112207.9931571,1.3425831494756683e-09,1.1237532386462243e-136,0.0005423192948210877,3.6641276580868035e-05,6.622268229040891,0.838983460478028,0.7500003267966163
1742112208.093345,1.3395814790234924e-09,1.1081011487217527e-136,0.0005419899848649176,3.6600293428106454e-05,6.622418847779318,0.8391187932725934,0.7296724011145486
1742112208.1946778,1.340687191517177e-09,1.1141178236847193e-136,0.0005421113183842604,3.6615395553198344e-05,6.622361316655297,0.8390692314897041,0.7116022993765725
1742112208.2948895,1.3425243775008284e-09,1.1242838338317797e-136,0.0005423128117764559,3.6640474580726004e-05,6.622265039295179,0.8389870959965666,0.693853943511094
1742112208.3935502,1.651386400940179e-09,7.714145655661954e-137,0.0005736390482539907,4.0637253855793195e-05,6.622064790811752,0.8242155448745381,0.6795398398948574
1742112208.493587,1.6478955503503628e-09,7.598111853875467e-137,0.0005733111453872575,4.059427977376077e-05,6.622223276567606,0.8243415689214979,0.6640178367210294
1742112208.5945606,1.6470336121664222e-09,7.568939725127852e-137,0.0005732301393536487,4.058366188709962e-05,6.6222632772884324,0.8243725925529755,0.6553228303504849
1742112208.699937,1.6534249525512095e-09,7.794244734193181e-137,0.0005738302871026188,4.0662328420187765e-05,6.621960114656275,0.8241440546092078,0.6319125100685024
1742112208.793432,1.6538481116386978e-09,7.809670116224417e-137,0.0005738699816960923,4.066753141805755e-05,6.621939761885152,0.8241290050859447,0.6149099275184536
1742112208.8930748,1.6493213207001508e-09,7.636548671373538e-137,0.0005734451867125692,4.061183719927173e-05,6.622167938865175,0.8242885390266559,0.6045098110748196
1742112208.9948375,1.6472876711548165e-09,7.558319063904732e-137,0.0005732541899546327,4.058679183126965e-05,6.622272337397241,0.824360069744742,0.5957357689453031
1742112209.0948203,1.6504940896620388e-09,7.685809151419968e-137,0.0005735552491324554,4.0626273391267856e-05,6.622103702399869,0.8242479882430613,0.582266549737539
1742112209.1935854,1.6540677369088402e-09,7.833409532271765e-137,0.0005738904488752258,4.0670231581696706e-05,6.621912692965196,0.8241238671080953,0.5705716415954496
1742112209.2936904,1.6536819750149809e-09,7.816421148882496e-137,0.0005738542890040644,4.066548874678603e-05,6.621934275709499,0.8241370942600921,0.5584344669891261
1742112209.3934145,1.6525167623230305e-09,7.766001047935809e-137,0.0005737450373868684,4.0651159421633115e-05,6.621998762061722,0.824177184009089,0.5539793774200342
1742112209.4939532,1.6486832292473087e-09,7.598627482961083e-137,0.0005733853877931251,4.060398046063106e-05,6.622215048246478,0.8243086477992114,0.5381073161674402
1742112209.593867,1.6479279745298995e-09,7.565214763226154e-137,0.0005733144953811456,4.0594679140620136e-05,6.622258607735276,0.8243344372216987,0.5261064573837185
1742112209.6949413,1.6512698425914979e-09,7.718831712389085e-137,0.0005736280304507308,4.063581969877682e-05,6.62206093476054,0.8242212286852295,0.5161003276420499
1742112209.7935526,1.6542199169322054e-09,7.858898018949657e-137,0.0005739045545682377,4.0672102440520645e-05,6.621884525467156,0.8241218305047537,0.5085500284744169
1742112209.893505,1.65495252406925e-09,7.8945073102415725e-137,0.0005739731872936637,4.068110770455065e-05,6.621840271645027,0.8240972515990963,0.5002553865028286
1742112209.993162,1.6535072150911658e-09,7.822780776203185e-137,0.0005738377873492209,4.066333994018649e-05,6.621929290606953,0.8241454768702234,0.49224106517561916
1742112210.0939019,1.6506445394661926e-09,7.680465672786141e-137,0.0005735694678890257,4.0628124980931526e-05,6.622107952935085,0.8242407664035829,0.48776392188796036
1742112210.1948347,1.5988675983441727e-09,1.5439973913447295e-137,0.0005686269777416169,3.9985842473857824e-05,6.6357748810995005,0.8242795962004874,0.4807904476810441
1742112210.293586,1.6002343251716254e-09,1.5584764667914973e-137,0.0005687609016299035,4.000292895741043e-05,6.63568480989753,0.8242333655604015,0.4727968091655716
1742112210.3959525,1.6015960187255632e-09,1.573132101494574e-137,0.0005688942820226768,4.0019945261401384e-05,6.63559458568394,0.8241874343552924,0.46842451044807293
1742112210.49341,1.6015960187255632e-09,1.573132101494574e-137,0.0005688942820226768,4.0019945261401384e-05,6.63559458568394,0.8241874343552924,0.4684428686786637
1742112210.5932844,1.6015960172521575e-09,1.573132111326188e-137,0.0005688942818782662,4.001994524299299e-05,6.635594585647496,0.8241874344273112,0.46844477602729645
1742112210.6930916,1.6015960172521575e-09,1.573132111326188e-137,0.0005688942818782662,4.001994524299299e-05,6.635594585647496,0.8241874344273112,0.46842892119178625
1742112210.793379,1.6015960172521575e-09,1.573132111326188e-137,0.0005688942818782662,4.001994524299299e-05,6.635594585647496,0.8241874344273112,0.46842606016883714
1742112210.893918,1.6012566307596583e-09,1.5694477705198982e-137,0.0005688610430789786,4.001570480148586e-05,6.6356171699566175,0.824198861580316,0.4684271330524431
1742112210.9933803,1.6015960215208557e-09,1.5731320828434268e-137,0.0005688942822966472,4.001994529632513e-05,6.635594585753072,0.8241874342186621,0.46843422600517126
1742112211.0932326,1.6015960215208557e-09,1.5731320828434268e-137,0.0005688942822966472,4.001994529632513e-05,6.635594585753072,0.8241874342186621,0.46844245144615043
1742112211.1977422,1.6015960215208557e-09,1.5731320828434268e-137,0.0005688942822966472,4.001994529632513e-05,6.635594585753072,0.8241874342186621,0.46840805956611503
1742112211.2934752,1.6015960215208557e-09,1.5731320828434268e-137,0.0005688942822966472,4.001994529632513e-05,6.635594585753072,0.8241874342186621,0.4684541935611711
1742112211.393472,1.6012566329623242e-09,1.569447755854299e-137,0.0005688610432948872,4.001570482900838e-05,6.6356171700111055,0.8241988614726297,0.4684164638210282
1742112211.4935043,1.6012566267120327e-09,1.5694477974686697e-137,0.0005688610426822224,4.0015704750910396e-05,6.635617169856495,0.8241988617782003,0.46844352432975633
1742112211.59404,1.6015960214519497e-09,1.5731320833026993e-137,0.000568894282289894,4.001994529546423e-05,6.63559458575137,0.8241874342220297,0.46842677542457445
1742112211.694075,1.6015960214519497e-09,1.5731320833026993e-137,0.000568894282289894,4.001994529546423e-05,6.63559458575137,0.8241874342220297,0.46839595982322557
1742112211.7932482,1.6012566273728446e-09,1.5694477930690523e-137,0.0005688610427469971,4.00157047591673e-05,6.635617169872841,0.8241988617458937,0.4684298748661026
1742112211.9016886,1.6015960114824625e-09,1.5731321498228066e-137,0.0005688942813127704,4.001994517090775e-05,6.635594585504805,0.8241874347093261,0.46841711947212067
1742112211.9933076,1.6012566129862119e-09,1.5694478888564586e-137,0.0005688610413367942,4.001570457940497e-05,6.635617169516959,0.8241988624492431,0.46844006726035925
1742112212.0938199,1.6012566133992134e-09,1.569447886107099e-137,0.0005688610413772773,4.0015704584565465e-05,6.635617169527173,0.8241988624290522,0.46843827912101604
1742112212.1932375,1.6015960038538234e-09,1.5731322007233599e-137,0.000568894280565077,4.0019945075597287e-05,6.635594585316134,0.8241874350822043,0.4684221858669267
1742112212.2932448,1.601935468640117e-09,1.5768250910628514e-137,0.0005689275239539103,4.0024186045941235e-05,6.635572001289685,0.8241760073705575,0.46843672940025183
1742112212.3934214,1.6015960128180448e-09,1.573132140909469e-137,0.0005688942814436733,4.0019945187594205e-05,6.635594585537845,0.8241874346440428,0.4684082383800491
1742112212.4930599,1.6015960128180448e-09,1.573132140909469e-137,0.0005688942814436733,4.0019945187594205e-05,6.635594585537845,0.8241874346440428,0.46844090172538616
1742112212.593459,1.601596006401219e-09,1.5731321837246445e-137,0.0005688942808147508,4.001994510742386e-05,6.635594585379145,0.8241874349576892,0.4684131259609209
1742112212.6933212,1.601596015269063e-09,1.573132124554594e-137,0.0005688942816839002,4.001994521821667e-05,6.635594585598469,0.8241874345242395,0.4684515113521561
1742112212.7941742,1.6019354798649519e-09,1.5768250160045497e-137,0.0005689275250539561,4.002418618616688e-05,6.635572001567251,0.8241760068220154,0.46844519325980993
1742112212.8933284,1.601596020529229e-09,1.5731320894565566e-137,0.0005688942821994562,4.001994528393597e-05,6.635594585728565,0.8241874342671287,0.4684243912387834
1742112212.9935002,1.601596020529229e-09,1.5731320894565566e-137,0.0005688942821994562,4.001994528393597e-05,6.635594585728565,0.8241874342671287,0.4684181923557266
1742112213.0932083,1.601596020529229e-09,1.5731320894565566e-137,0.0005688942821994562,4.001994528393597e-05,6.635594585728565,0.8241874342671287,0.46842373558769096
1742112213.1972728,1.6012566313239081e-09,1.5694477667594907e-137,0.0005688610431342868,4.0015704808536216e-05,6.635617169970594,0.8241988615527274,0.46842117258796545
1742112213.2937472,1.6015960187941963e-09,1.5731321010329767e-137,0.0005688942820294039,4.001994526225887e-05,6.635594585685656,0.8241874343519346,0.4684312457729326
1742112213.4022698,1.6015960187941963e-09,1.5731321010329767e-137,0.0005688942820294039,4.001994526225887e-05,6.635594585685656,0.8241874343519346,0.46841932484397747
1742112213.4945412,1.6012566353576815e-09,1.5694477399026088e-137,0.000568861043529684,4.001570485893859e-05,6.635617170070375,0.8241988613555202,0.46840561577567913
1742112213.5996904,1.601596017665036e-09,1.5731321085667082e-137,0.0005688942819187327,4.00199452481514e-05,6.635594585657731,0.8241874344071265,0.46843047091255047
1742112213.69838,1.6015960168939198e-09,1.5731321137125091e-137,0.000568894281843155,4.001994523851726e-05,6.635594585638657,0.8241874344448181,0.4684271330524431
1742112213.7937653,1.6015960168939198e-09,1.5731321137125091e-137,0.000568894281843155,4.001994523851726e-05,6.635594585638657,0.8241874344448181,0.46840937086830003
1742112213.8936157,1.601935476008554e-09,1.5768250417911745e-137,0.000568927524676025,4.002418613799104e-05,6.635572001471893,0.8241760070104718,0.4684221858669267
1742112213.9931397,1.601596026891038e-09,1.5731320470085512e-137,0.0005688942828229869,4.0019945363418947e-05,6.6355945858859045,0.8241874339561712,0.4683953637767777
1742112214.092935,1.6012566467156623e-09,1.5694476642810448e-137,0.0005688610446430131,4.001570500085763e-05,6.635617170351335,0.8241988608002395,0.4684060330081927
1742112214.193538,1.6012566425166348e-09,1.569447692238365e-137,0.0005688610442314174,4.001570494839039e-05,6.635617170247464,0.824198861005526,0.468424212424849
1742112214.2960799,1.6012566425166348e-09,1.569447692238365e-137,0.0005688610442314174,4.001570494839039e-05,6.635617170247464,0.824198861005526,0.46842564293632355
1742112214.3939068,1.601596033789876e-09,1.573132000978383e-137,0.000568894283499151,4.001994544961145e-05,6.63559458605652,0.8241874336189658,0.46843029209861614
1742112214.5042918,1.6012566463852109e-09,1.5694476664804964e-137,0.0005688610446106214,4.001570499672861e-05,6.6356171703431635,0.8241988608163946,0.46841002651939234
1742112214.5982432,1.6019354841759757e-09,1.5768249871802031e-137,0.0005689275254764405,4.002418624002212e-05,6.6355720016738395,0.8241760066113444,0.4684220070529923
1742112214.6933334,1.6012566355917873e-09,1.5694477383439724e-137,0.0005688610435526316,4.0015704861863764e-05,6.635617170076166,0.8241988613440752,0.4684320206333147
1742112214.8013208,1.601596029507334e-09,1.573132029551817e-137,0.0005688942830794128,4.001994539610635e-05,6.63559458595061,0.8241874338282904,0.4684266562152848
1742112214.893493,1.6019354895473758e-09,1.5768249512616538e-137,0.0005689275260028441,4.002418630712404e-05,6.635572001806668,0.8241760063488504,0.4684386963535295
1742112214.9932873,1.6012566257896041e-09,1.5694478036090068e-137,0.000568861042591805,4.001570473938456e-05,6.635617169833683,0.8241988618232958,0.4684344048191058
1742112215.0948253,1.60125662263697e-09,1.5694478246008632e-137,0.0005688610422827782,4.00157046999921e-05,6.63561716975569,0.8241988619774263,0.46844805428275926
1742112215.1965773,1.6015960179405293e-09,1.5731321067311385e-137,0.000568894281945735,4.001994525159335e-05,6.635594585664531,0.8241874343936626,0.4684519285846696
1742112215.2941346,1.6015960121984138e-09,1.5731321450449778e-137,0.0005688942813829421,4.0019945179852683e-05,6.635594585522515,0.8241874346743305,0.4684270734477984
1742112215.3982127,1.6015960121984138e-09,1.5731321450449778e-137,0.0005688942813829421,4.0019945179852683e-05,6.635594585522515,0.8241874346743305,0.46844859072456224
1742112215.4940476,1.601256619897275e-09,1.5694478428417543e-137,0.0005688610420142279,4.001570466575936e-05,6.635617169687919,0.8241988621113676,0.4684366697956071
1742112215.5939457,1.6015960079434854e-09,1.57313217343492e-137,0.0005688942809659106,4.0019945126692584e-05,6.635594585417284,0.824187434882306,0.4684239740062697
1742112215.6937637,1.60125660692868e-09,1.5694479291887556e-137,0.0005688610407430243,4.001570450371553e-05,6.635617169367109,0.8241988627453911,0.4684454316783891
1742112215.7930565,1.6012566040101175e-09,1.569447948622512e-137,0.000568861040456942,4.0015704467247824e-05,6.635617169294903,0.8241988628880783,0.4684517497707352
1742112215.895954,1.6015959969551503e-09,1.5731322467551436e-137,0.0005688942798889284,4.001994498940685e-05,6.635594585145508,0.8241874354194043,0.46844340512046656
1742112215.998182,1.6015959987314754e-09,1.573132234902676e-137,0.0005688942800630286,4.001994501159985e-05,6.635594585189441,0.8241874353325795,0.4684510941196428
1742112216.0966594,1.6012565968789144e-09,1.5694479961051266e-137,0.0005688610397579289,4.001570437814277e-05,6.635617169118486,0.8241988632367185,0.4684630150485978
1742112216.1958866,1.6015959967899409e-09,1.5731322478581666e-137,0.0005688942798727361,4.001994498734276e-05,6.635594585141419,0.8241874354274801,0.46845240542182776
1742112216.2934175,1.6015959967899409e-09,1.5731322478581666e-137,0.0005688942798727361,4.001994498734276e-05,6.635594585141419,0.8241874354274801,0.46845318028220984
1742112216.3937395,1.601595987853134e-09,1.5731323074869575e-137,0.0005688942789968269,4.001994487568835e-05,6.635594584920398,0.8241874358642995,0.46840293356666424
1742112216.4933052,1.601595987853134e-09,1.5731323074869575e-137,0.0005688942789968269,4.001994487568835e-05,6.635594584920398,0.8241874358642995,0.46843738505134436
1742112216.5932636,1.60193545468813e-09,1.5768251843538563e-137,0.0005689275225866008,4.0024185871646784e-05,6.635572000944698,0.8241760080523686,0.46843738505134436
1742112216.6932616,1.6032930331420214e-09,1.5916898048974985e-137,0.0005690604378194957,4.004114175622395e-05,6.6354816413950175,0.8241303435699887,0.46759934374580236
1742112216.8026195,1.6039719488039671e-09,1.5991762955384128e-137,0.0005691268893486041,4.004961858499987e-05,6.635436454852275,0.8241075247240368,0.4676682467151629
1742112216.8941495,1.6036324456481976e-09,1.595428751313838e-137,0.0005690936606833457,4.004537982899148e-05,6.635459047829517,0.8241189347294435,0.46766300150642254
1742112216.9941962,1.6036324456481976e-09,1.595428751313838e-137,0.0005690936606833457,4.004537982899148e-05,6.635459047829517,0.8241189347294435,0.467636596648787
1742112217.0993934,1.6036324456481976e-09,1.595428751313838e-137,0.0005690936606833457,4.004537982899148e-05,6.635459047829517,0.8241189347294435,0.46761341044196947
1742112217.1964679,1.6039719348676195e-09,1.5991763897840993e-137,0.0005691268879836916,4.004961841101135e-05,6.635436454508838,0.8241075254040982,0.4676300997425065
1742112217.293255,1.6022741287999517e-09,1.5805324618686184e-137,0.0005689606854129578,4.0028416516269436e-05,6.635549395743858,0.8241646222348513,0.4684714193035111
1742112217.3948238,1.5988752780192881e-09,1.5439466124883135e-137,0.0005686277310772981,3.9985938503670114e-05,6.635775073485863,0.8242792198329334,0.47134299227485515
1742112217.4930575,1.5985356746246776e-09,1.5403353542606474e-137,0.000568594446228925,3.9981691742905e-05,6.635797639228183,0.8242906838460198,0.47547854134330614
1742112217.5941463,1.6023087911103752e-09,1.580298008049591e-137,0.0005689640819908818,4.002884948521972e-05,6.63555026406118,0.8241629268153159,0.47725732275733806
1742112217.6945984,1.6009310809092781e-09,1.565679816507815e-137,0.0005688291576304095,4.0011636818671614e-05,6.635640098812441,0.8242096147588795,0.4858133907009109
1742112217.7933106,1.600575258979444e-09,1.562126618610831e-137,0.00056879430141797,4.000719009102544e-05,6.635662252667416,0.8242218555739655,0.5062694663692462
1742112217.8939362,1.600930567543806e-09,1.565683469257858e-137,0.0005688291073032074,4.001163040346902e-05,6.635640084844297,0.8242096400730592,0.4839025253940567
1742112217.9933157,1.600930567543806e-09,1.565683469257858e-137,0.0005688291073032074,4.001163040346902e-05,6.635640084844297,0.8242096400730592,0.4774720186878189
1742112218.0980818,1.600930567543806e-09,1.565683469257858e-137,0.0005688291073032074,4.001163040346902e-05,6.635640084844297,0.8242096400730592,0.478554737060164
1742112218.1931164,1.600930567543806e-09,1.565683469257858e-137,0.0005688291073032074,4.001163040346902e-05,6.635640084844297,0.8242096400730592,0.4729429001499162
1742112218.2959127,1.600930567543806e-09,1.565683469257858e-137,0.0005688291073032074,4.001163040346902e-05,6.635640084844297,0.8242096400730592,0.5008702988315566
1742112218.393781,1.600930567543806e-09,1.565683469257858e-137,0.0005688291073032074,4.001163040346902e-05,6.635640084844297,0.8242096400730592,0.534233641116713
1742112218.4965007,1.600930567543806e-09,1.565683469257858e-137,0.0005688291073032074,4.001163040346902e-05,6.635640084844297,0.8242096400730592,0.5765056128192887
1742112218.5977287,1.600930567543806e-09,1.565683469257858e-137,0.0005688291073032074,4.001163040346902e-05,6.635640084844297,0.8242096400730592,0.6223611349750503
1742112218.6933954,1.600930567543806e-09,1.565683469257858e-137,0.0005688291073032074,4.001163040346902e-05,6.635640084844297,0.8242096400730592,0.664271723716353
1742112218.7929828,1.6060805824402215e-09,8.88830762587786e-138,0.000569344773524687,4.0075935203563514e-05,6.640220333228761,0.8232120674216591,0.6878157551805311
1742112218.8936968,1.6060805824402215e-09,8.88830762587786e-138,0.000569344773524687,4.0075935203563514e-05,6.640220333228761,0.8232120674216591,0.7439323361436662
1742112218.993573,1.6060805824402215e-09,8.88830762587786e-138,0.000569344773524687,4.0075935203563514e-05,6.640220333228761,0.8232120674216591,0.802962630562001
1742112219.094029,1.6060805824402215e-09,8.88830762587786e-138,0.000569344773524687,4.0075935203563514e-05,6.640220333228761,0.8232120674216591,0.8604373629609882
1742112219.1942036,2.847579575212307e-09,1.3325895859766454e-137,0.0006650570039497831,5.336271708985879e-05,6.6275216803080035,0.7839845524693609,0.9034834523210193
1742112219.293145,2.847579575212307e-09,1.3325895859766454e-137,0.0006650570039497831,5.336271708985879e-05,6.6275216803080035,0.7839845524693609,0.9598079342851309
1742112219.3943748,2.847579575212307e-09,1.3325895859766454e-137,0.0006650570039497831,5.336271708985879e-05,6.6275216803080035,0.7839845524693609,1.0346176047334341
1742112219.4932964,2.482418952452326e-09,1.0598933862996123e-136,0.0006395393211196894,4.982387933965325e-05,6.61279432378506,0.7963449173652808,1.0979093895930523
1742112219.5932283,2.4815765102067534e-09,1.0592092053195991e-136,0.0006394800174597485,4.9815424420622504e-05,6.612805276763805,0.7963677354085957,1.1813690053004497
1742112219.6984212,2.4815765102067534e-09,1.0592092053195991e-136,0.0006394800174597485,4.9815424420622504e-05,6.612805276763805,0.7963677354085957,1.2516217814463848
1742112219.793166,3.371999651695864e-09,9.038572554766834e-136,0.0006950715886294258,5.806892156477391e-05,6.5899537245521245,0.7776751521973577,1.3232244003907534
1742112219.8936453,3.371999651695864e-09,9.038572554766834e-136,0.0006950715886294258,5.806892156477391e-05,6.5899537245521245,0.7776751521973577,1.4192837227479316
1742112219.9932067,2.396738670027485e-09,1.42355580672105e-133,0.0006320453814044581,4.895649773040842e-05,6.553630991587717,0.8077156780140586,1.5233011320162058
1742112220.0935426,2.396738670027485e-09,1.42355580672105e-133,0.0006320453814044581,4.895649773040842e-05,6.553630991587717,0.8077156780140586,1.6191364601183178
1742112220.1955848,2.396738670027485e-09,1.42355580672105e-133,0.0006320453814044581,4.895649773040842e-05,6.553630991587717,0.8077156780140586,1.6938361003923657
1742112220.2934985,2.2497952630375145e-09,1.0435281364208642e-131,0.0006213338574590278,4.743200673635382e-05,6.518581067707423,0.8168970297369266,1.7280347038012558
1742112220.3930733,2.2505579447439235e-09,1.0422826095329404e-131,0.0006213901360804671,4.744004579196698e-05,6.51858551278152,0.8168721124304844,1.7553617645007187
1742112220.4949226,2.2497983999582585e-09,1.0435651064799156e-131,0.000621334089722782,4.7432039803894775e-05,6.518580745150679,0.8168969700357659,1.7715394187670759
1742112220.5946527,2.2497983999582585e-09,1.0435651064799156e-131,0.000621334089722782,4.7432039803894775e-05,6.518580745150679,0.8168969700357659,1.7351846385699325
1742112220.693114,2.2497983999582585e-09,1.0435651064799156e-131,0.000621334089722782,4.7432039803894775e-05,6.518580745150679,0.8168969700357659,1.6584736991625841
1742112220.7973826,2.2497983999582585e-09,1.0435651064799156e-131,0.000621334089722782,4.7432039803894775e-05,6.518580745150679,0.8168969700357659,1.6464514423113872
1742112220.8930545,2.2497983999582585e-09,1.0435651064799156e-131,0.000621334089722782,4.7432039803894775e-05,6.518580745150679,0.8168969700357659,1.6527599979144152
1742112220.9934175,2.250581898210801e-09,1.0426289243996683e-131,0.0006213919105208069,4.74402982517058e-05,6.518582528588674,0.8168717222597627,1.6368734527331408
1742112221.0932417,2.249796572893688e-09,1.0435288592866223e-131,0.0006213339541740306,4.7432020544076425e-05,6.518581052156975,0.8168969898475696,1.6109416175585802
1742112221.193302,2.249794677151099e-09,1.0434800866346376e-131,0.0006213338133257823,4.743200056028735e-05,6.518581461101601,0.8168969990524328,1.5786190915804914
1742112221.293834,2.249794677151099e-09,1.0434800866346376e-131,0.0006213338133257823,4.743200056028735e-05,6.518581461101601,0.8168969990524328,1.5610222507220322
1742112221.3934174,2.249794677151099e-09,1.0434800866346376e-131,0.0006213338133257823,4.743200056028735e-05,6.518581461101601,0.8168969990524328,1.5457095790606552
1742112221.4931586,2.249794677151099e-09,1.0434800866346376e-131,0.0006213338133257823,4.743200056028735e-05,6.518581461101601,0.8168969990524328,1.5439279962283188
1742112221.5970588,2.249794677151099e-09,1.0434800866346376e-131,0.0006213338133257823,4.743200056028735e-05,6.518581461101601,0.8168969990524328,1.5431686330538803
1742112221.6933355,2.249794677151099e-09,1.0434800866346376e-131,0.0006213338133257823,4.743200056028735e-05,6.518581461101601,0.8168969990524328,1.5359291721087507
1742112221.7932587,2.249794677151099e-09,1.0434800866346376e-131,0.0006213338133257823,4.743200056028735e-05,6.518581461101601,0.8168969990524328,1.5334196973544174
1742112221.8978763,2.249794677151099e-09,1.0434800866346376e-131,0.0006213338133257823,4.743200056028735e-05,6.518581461101601,0.8168969990524328,1.5113387990695053
1742112221.994797,1.225962277441455e-09,1.0104332680631858e-130,0.0005255827354391437,3.5013744122008076e-05,6.509224297411848,0.8613377358428993,1.4622619903817582
1742112222.0934057,1.22552063514488e-09,1.0107821569299736e-130,0.0005255316109114116,3.500743685482957e-05,6.50922707855851,0.8613628932685902,1.4605224884286334
1742112222.1933205,1.22552063514488e-09,1.0107821569299736e-130,0.0005255316109114116,3.500743685482957e-05,6.50922707855851,0.8613628932685902,1.4607606685891559
1742112222.301617,1.22552063514488e-09,1.0107821569299736e-130,0.0005255316109114116,3.500743685482957e-05,6.50922707855851,0.8613628932685902,1.4488821781411574
1742112222.3963075,1.22552063514488e-09,1.0107821569299736e-130,0.0005255316109114116,3.500743685482957e-05,6.50922707855851,0.8613628932685902,1.4279847896829059
1742112222.5051522,1.22552063514488e-09,1.0107821569299736e-130,0.0005255316109114116,3.500743685482957e-05,6.50922707855851,0.8613628932685902,1.3971362865701127
1742112222.5970864,1.22552063514488e-09,1.0107821569299736e-130,0.0005255316109114116,3.500743685482957e-05,6.50922707855851,0.8613628932685902,1.3826235092416217
1742112222.6936262,1.22552063514488e-09,1.0107821569299736e-130,0.0005255316109114116,3.500743685482957e-05,6.50922707855851,0.8613628932685902,1.3850085294976642
1742112222.7933123,1.22552063514488e-09,1.0107821569299736e-130,0.0005255316109114116,3.500743685482957e-05,6.50922707855851,0.8613628932685902,1.4402600086465285
1742112222.8940797,1.22552063514488e-09,1.0107821569299736e-130,0.0005255316109114116,3.500743685482957e-05,6.50922707855851,0.8613628932685902,1.4796347177758622
1742112222.993426,1.22552063514488e-09,1.0107821569299736e-130,0.0005255316109114116,3.500743685482957e-05,6.50922707855851,0.8613628932685902,1.4784574068322585
1742112223.09322,1.2255205701784067e-09,1.0107596317068541e-130,0.0005255316032074166,3.5007435926934245e-05,6.509227268462816,0.8613628741632846,1.4633757627740314
1742112223.1937387,1.2255205701784067e-09,1.0107596317068541e-130,0.0005255316032074166,3.5007435926934245e-05,6.509227268462816,0.8613628741632846,1.4366629875436234
1742112223.2947364,1.2255205701784067e-09,1.0107596317068541e-130,0.0005255316032074166,3.5007435926934245e-05,6.509227268462816,0.8613628741632846,1.4160731590524127
1742112223.3939648,1.2255206347954731e-09,1.0107485084878972e-130,0.0005255316105984719,3.500743684983911e-05,6.509227360990916,0.8613628592966367,1.4086679971948075
1742112223.4976912,1.2255207865752952e-09,1.0107273783397432e-130,0.000525531627999891,3.500743901766159e-05,6.509227536388728,0.8613628294241731,1.3946088112130568
1742112223.5931797,1.2255207865752952e-09,1.0107273783397432e-130,0.000525531627999891,3.500743901766159e-05,6.509227536388728,0.8613628294241731,1.3823638714089799
1742112223.6934457,1.2255207865752952e-09,1.0107273783397432e-130,0.000525531627999891,3.500743901766159e-05,6.509227536388728,0.8613628294241731,1.3631311214700153
1742112223.7944229,1.2255207865752952e-09,1.0107273783397432e-130,0.000525531627999891,3.500743901766159e-05,6.509227536388728,0.8613628294241731,1.3507226265206742
1742112223.8932521,1.2255207865752952e-09,1.0107273783397432e-130,0.000525531627999891,3.500743901766159e-05,6.509227536388728,0.8613628294241731,1.3630095279946732
1742112223.9936025,1.2255207865752952e-09,1.0107273783397432e-130,0.000525531627999891,3.500743901766159e-05,6.509227536388728,0.8613628294241731,1.3297321356072829
1742112224.0953014,1.2255207865752952e-09,1.0107273783397432e-130,0.000525531627999891,3.500743901766159e-05,6.509227536388728,0.8613628294241731,1.2847234762444901
1742112224.1936514,6.725627892227553e-10,1.8747644468424502e-129,0.00044675865389216937,2.593381555465287e-05,6.493661774528594,0.9053089769476417,1.2536336045770269
1742112224.2936969,6.725627892227553e-10,1.8747644468424502e-129,0.00044675865389216937,2.593381555465287e-05,6.493661774528594,0.9053089769476417,1.217373714974366
1742112224.3942087,6.725627892227553e-10,1.8747644468424502e-129,0.00044675865389216937,2.593381555465287e-05,6.493661774528594,0.9053089769476417,1.2082081895379644
1742112224.493382,6.725627892227553e-10,1.8747644468424502e-129,0.00044675865389216937,2.593381555465287e-05,6.493661774528594,0.9053089769476417,1.2851120095758062
1742112224.5984802,6.725627892227553e-10,1.8747644468424502e-129,0.00044675865389216937,2.593381555465287e-05,6.493661774528594,0.9053089769476417,1.361562834313355
1742112224.6973538,6.725627892227553e-10,1.8747644468424502e-129,0.00044675865389216937,2.593381555465287e-05,6.493661774528594,0.9053089769476417,1.4329289060144046
1742112224.7967916,6.725627892227553e-10,1.8747644468424502e-129,0.00044675865389216937,2.593381555465287e-05,6.493661774528594,0.9053089769476417,1.451801405480347
1742112224.8979046,6.725627892227553e-10,1.8747644468424502e-129,0.00044675865389216937,2.593381555465287e-05,6.493661774528594,0.9053089769476417,1.4590557675866707
1742112224.9932125,6.725627892227553e-10,1.8747644468424502e-129,0.00044675865389216937,2.593381555465287e-05,6.493661774528594,0.9053089769476417,1.472874150803528
1742112225.0931726,6.725627892227553e-10,1.8747644468424502e-129,0.00044675865389216937,2.593381555465287e-05,6.493661774528594,0.9053089769476417,1.454723105957947
1742112225.192998,6.725627892227553e-10,1.8747644468424502e-129,0.00044675865389216937,2.593381555465287e-05,6.493661774528594,0.9053089769476417,1.3790831428079229
1742112225.2973046,6.725627892227553e-10,1.8747644468424502e-129,0.00044675865389216937,2.593381555465287e-05,6.493661774528594,0.9053089769476417,1.2838907104043582
1742112225.3936784,6.725627892227553e-10,1.8747644468424502e-129,0.00044675865389216937,2.593381555465287e-05,6.493661774528594,0.9053089769476417,1.2059566836862186
1742112225.49333,6.725627892227553e-10,1.8747644468424502e-129,0.00044675865389216937,2.593381555465287e-05,6.493661774528594,0.9053089769476417,1.1358384948281866
1742112225.5933685,6.725627892227553e-10,1.8747644468424502e-129,0.00044675865389216937,2.593381555465287e-05,6.493661774528594,0.9053089769476417,1.0383825164346319
1742112225.693456,5.064766721295674e-10,3.3888137377200647e-128,0.00041373200283460824,2.2505036594717357e-05,6.473122819890527,0.9272409788627995,0.9615547914075594
1742112225.7943401,5.064766721295674e-10,3.3888137377200647e-128,0.00041373200283460824,2.2505036594717357e-05,6.473122819890527,0.9272409788627995,0.9565867442655306
1742112225.89317,5.064766721295674e-10,3.3888137377200647e-128,0.00041373200283460824,2.2505036594717357e-05,6.473122819890527,0.9272409788627995,1.0298245210218173
1742112225.9933152,5.064766721295674e-10,3.3888137377200647e-128,0.00041373200283460824,2.2505036594717357e-05,6.473122819890527,0.9272409788627995,1.113399173693631
1742112226.0962265,5.064782750693621e-10,3.3885507365487987e-128,0.0004137323578915331,2.25050722076016e-05,6.473123439461734,0.927240694731249,1.1672606725263335
1742112226.1937225,5.167368415782723e-10,2.4750614654655187e-128,0.00041599334125581763,2.273184641814809e-05,6.475523061759322,0.9255997301998353,1.1804857578557857
1742112226.2931354,5.165525963198829e-10,2.474056767064567e-128,0.0004159530231801894,2.272779347670783e-05,6.475531819907008,0.9256234773195189,1.2258681383413201
1742112226.3937225,5.167375891518788e-10,2.4749412372020055e-128,0.00041599350589308786,2.2731862861452397e-05,6.475523457117628,0.9255995881044221,1.269605669049633
1742112226.494568,1.4950921827524025e-06,2.4749412372020055e-128,0.003732246054181866,0.0012227396218134107,6.475523457117628,0.9255995881044221,1.2652522650045281
1742112226.5947897,1.4951027430551052e-06,2.4752867864616035e-128,0.0037322534154419383,0.0012227439401015672,6.475522321892843,0.9256000011785535,1.1697861280721549
1742112226.6933694,7.863762463687364e-06,2.4752867864616035e-128,0.005915524615400666,0.0028042400866700704,6.475522321892843,0.9256000011785535,1.1385635462087518
1742112226.7937078,7.863762463687364e-06,2.4752867864616035e-128,0.005915524615400666,0.0028042400866700704,6.475522321892843,0.9256000011785535,1.0822885360998042
1742112226.8930342,7.863762463687364e-06,2.4752867864616035e-128,0.005915524615400666,0.0028042400866700704,6.475522321892843,0.9256000011785535,1.0072656002324945
1742112226.9938881,7.863762463687364e-06,2.4752867864616035e-128,0.005915524615400666,0.0028042400866700704,6.475522321892843,0.9256000011785535,0.9499585953039056
1742112227.0967152,4.973748030252147e-06,3.55874224799957e-128,0.005177833491886745,0.0022301901332066167,6.462527141991021,0.8817292302247459,0.9404700896953505
1742112227.1983762,4.973748030252147e-06,3.55874224799957e-128,0.005177833491886745,0.0022301901332066167,6.462527141991021,0.8817292302247459,0.9780275724147719
1742112227.2932136,4.973748030252147e-06,3.55874224799957e-128,0.005177833491886745,0.0022301901332066167,6.462527141991021,0.8817292302247459,1.15264164426078
1742112227.3933554,5.053480056723693e-06,2.8055376194504916e-128,0.00520123466805748,0.00224799467453188,6.4650149434643325,0.8834623538675794,1.188379346625824
1742112227.4949648,5.054742951804582e-06,2.8045698871729753e-128,0.00520160460528063,0.002248275550684253,6.46502341119654,0.8834862060866664,1.2399883859324643
1742112227.5965974,0.005812805555667706,2.8051753763151126e-128,0.04160674633736685,0.07624175729656096,6.465015999915064,0.8834620047695312,1.2865743034053039
1742112227.6969612,0.005222100245674784,2.80485341825364e-128,0.04037959187904179,0.07226410067021373,6.465022576531439,0.8834864461066712,1.3149345510173032
1742112227.793379,0.007062700663131384,2.805108442754045e-128,0.04405799888969152,0.08403987543500635,6.465016197891128,0.8834619523566136,1.3099113099742128
1742112227.89327,0.0002462532694782663,2.805108442754045e-128,0.016061518987911808,0.015692459000369134,6.465016197891128,0.8834619523566136,1.22898203064682
1742112227.9973798,0.0002462532694782663,2.805108442754045e-128,0.016061518987911808,0.015692459000369134,6.465016197891128,0.8834619523566136,1.1373495452571105
1742112228.0948756,0.006182392224398248,2.8052328491067667e-128,0.04274148885812918,0.07862818975658951,6.465015846151751,0.8834621210123226,1.106525599257965
1742112228.1987126,0.005403869352633906,2.802926339313766e-128,0.040818298494964246,0.07351101517890979,6.4650281236817015,0.8834842545412434,1.0443838231730653
1742112228.2932298,0.005012735837511965,2.802659108986094e-128,0.0401313284037032,0.0708006768153523,6.4650288581718485,0.8834837966690783,0.9759889238047791
1742112228.3934202,0.004632884200768622,2.8057437525476016e-128,0.03935624355279609,0.06806529365813845,6.46501444253569,0.8834629923359207,0.9386616342234798
1742112228.4937062,0.004122158126357429,4.1387816987155985e-128,0.03793383057925489,0.06420403512519621,6.459468410786336,0.8741802119380022,0.9271559822429062
1742112228.5933146,0.004122158126357429,4.1387816987155985e-128,0.03793383057925489,0.06420403512519621,6.459468410786336,0.8741802119380022,1.0741765606273055
1742112228.6930542,0.017386625433914928,1.0828045940785338e-128,0.05946575435477016,0.1318583536751272,6.480958065450601,0.9173135299861768,1.1195398013107547
1742112228.7947285,0.005217112435102059,1.0828045940785338e-128,0.04093421629552512,0.07222958144072315,6.480958065450601,0.9173135299861768,1.1830193440429932
1742112228.8949447,0.006743947909168894,1.0833056451427557e-128,0.04440127228949629,0.08212154351428676,6.480948821169573,0.9172899678531587,1.2310362498276002
1742112228.9931424,0.0060465320339647514,1.0833056451427557e-128,0.043075699078296247,0.07775944980492565,6.480948821169573,0.9172899678531587,1.244972292613245
1742112229.0973697,0.006047609299166991,1.0829934131722183e-128,0.0430781442741113,0.07776637640501832,6.480956648288174,0.9173140378979978,1.2619487683288817
1742112229.202681,0.007410387744075552,1.681732538822337e-128,0.04599750775882332,0.0860836090325885,6.489152605836868,0.9735583864285502,1.236059674574116
1742112229.2929084,0.005723296234286011,1.681732538822337e-128,0.042405196673115396,0.07565247011357931,6.489152605836868,0.9735583864285502,1.152069696737507
1742112229.3929923,0.0040407319447227155,1.681732538822337e-128,0.038066270449596096,0.06356675188117382,6.489152605836868,0.9735583864285502,1.0468678563368112
1742112229.5124984,0.0029911459562943486,1.743831715623623e-127,0.03467081109806685,0.05469137003489992,6.477267441042766,1.0157080777193244,0.9821247963756374
1742112229.5937333,0.002197613607039015,1.746098956881713e-127,0.031522757314260526,0.046878711661467565,6.47725201817455,1.0156880086889473,0.8919308094829375
1742112229.6953773,0.0011922238636135306,1.746098956881713e-127,0.026148205632891927,0.03452859486879723,6.47725201817455,1.0156880086889473,0.7641078142970851
1742112229.7934065,0.001016154957712653,2.611332090463763e-126,0.024912354083679488,0.0318771855362523,6.45324357020494,1.0146321447260132,0.6898461036971356
1742112229.8940074,0.0007069751644329626,2.6066062337365918e-126,0.02232761127439262,0.026589004577700207,6.453262849212159,1.0146485444432312,0.7268778734496382
1742112229.997744,0.0005917255641944511,2.6066062337365918e-126,0.021174033064206257,0.02432540984638185,6.453262849212159,1.0146485444432312,0.8499332123091963
1742112230.1051083,0.0004956503207019073,2.6066062337365918e-126,0.020081332262587116,0.022263205535185345,6.453262849212159,1.0146485444432312,0.8686965160659103
1742112230.1933413,0.00019352109817811724,2.6067135669567686e-126,0.015196485541206919,0.01391118608092485,6.453262536989989,1.0146487969485491,0.9061213188460617
1742112230.2960656,0.00013495574888403855,2.6100766969838486e-126,0.013670126222849662,0.011617045617713592,6.453247120978428,1.0146287226507589,0.9352639370253829
1742112230.3935938,5.833927167098616e-05,2.823283343098296e-125,0.010707437519609068,0.007638014903820636,6.430781842214795,1.0076277652669656,0.9387578486164512
1742112230.493778,3.4114376398063744e-05,2.823283343098296e-125,0.00916873841356493,0.005840751355610316,6.430781842214795,1.0076277652669656,0.9201082705219691
1742112230.5972784,1.5788069901464322e-05,2.8269933197349464e-125,0.007344786895112804,0.003973420428480269,6.430766157603678,1.0076079001261853,0.8848059891422692
1742112230.6933422,1.5791925940107996e-05,2.8229261719238984e-125,0.007345311471414568,0.0039739056279821236,6.430782800750304,1.007626969381926,0.7557725428303186
1742112230.7935884,6.6451025977323685e-06,1.6140019894942294e-124,0.0057402371303442,0.002577809651183029,6.415559082307453,1.0088346268036812,0.6671478481286481
1742112230.8937573,3.362916154874449e-06,1.6172001707498268e-124,0.0047323062832282485,0.0018338255519199334,6.415538484950854,1.0088199169516976,0.5064114065164046
1742112230.9941008,1.6526360756533136e-07,3.4774467043962775e-124,0.0020334298672288437,0.00040652626921926135,6.4080799598174245,1.0056483559031744,0.3866844850408615
1742112231.0930247,1.6673600969054305e-07,3.4776130894611676e-124,0.002045123795081313,0.0004083332091448638,6.408079685993293,1.0056490965105986,0.32428879316921844
1742112231.1960225,1.6673600969054305e-07,3.4776130894611676e-124,0.002045123795081313,0.0004083332091448638,6.408079685993293,1.0056490965105986,0.3251903730260912
1742112231.3012917,3.3262489533037e-08,3.468918471807437e-124,0.0013134045281420752,0.00018238006890292864,6.408103642970303,1.00565726315598,0.36555797632809306
1742112231.3933632,3.9741198917361225e-06,3.468959922220852e-124,0.004963369217882508,0.001993519473628518,6.4081035731704254,1.0056574412224624,0.38067085322018274
1742112231.4941761,2.5117421428706495e-07,3.468959922220852e-124,0.002292635246213852,0.0005011728387363635,6.4081035731704254,1.0056574412224624,0.45108229693050994
1742112231.6005678,2.5117421428706495e-07,3.468959922220852e-124,0.002292635246213852,0.0005011728387363635,6.4081035731704254,1.0056574412224624,0.5060144143926684
1742112231.6938918,2.645113170059251e-07,3.468959922220852e-124,0.002327252886818488,0.0005143066371396787,6.4081035731704254,1.0056574412224624,0.516644425951201
1742112231.792918,1.6733815167261476e-07,3.4766652192927347e-124,0.002047201301005656,0.0004090698616038766,6.408081341598759,1.005645342128883,0.48937172468777307
1742112231.893207,1.066571345265038e-07,3.468452406915358e-124,0.0018051642398677578,0.0003265840389953309,6.408104492081019,1.005655573747294,0.39208848055477763
1742112231.993022,1.9580606145307002e-08,3.4770203991366324e-124,0.0011291188455209132,0.000139930719090938,6.408080738452707,1.0056468332675443,0.2671458798276964
1742112232.094148,6.405553720517931e-10,1.0900523690853786e-123,0.0004438124381353591,2.530919540506559e-05,6.400645824440563,1.0190894145184952,0.1438969086256803
1742112232.1951158,6.403211975253142e-10,1.0930583956987829e-123,0.00044376838338588726,2.5304568708541828e-05,6.400620683023231,1.0190864921942673,-0.012907056942862202
1742112232.2965343,2.2062136532720613e-09,1.1955872193856402e-124,0.0006102449401354225,4.697034866032039e-05,6.417699932362353,1.0062661306951846,-0.11498206721421812
1742112232.3933618,4.4109397339909655e-13,1.1955872193856402e-124,6.231451216518651e-05,6.641490596237388e-07,6.417699932362353,1.0062661306951846,-0.18044349418756106
1742112232.4928968,4.534113863325788e-11,1.1955872193856402e-124,0.00021810892404904497,6.733582897184669e-06,6.417699932362353,1.0062661306951846,-0.21724837885972595
1742112232.5931385,2.1719233534737797e-10,2.529828720865132e-125,0.00033078369232052233,1.4737446703801102e-05,6.4436541496328665,1.067894916128882,-0.22316743714006773
1742112232.6935606,2.1726823536262798e-10,2.522466399341143e-125,0.00033081497696659434,1.4740021552312194e-05,6.443678820911959,1.067889262914564,-0.22950546723993667
1742112232.7933066,2.1719248734038621e-10,2.529827257733477e-125,0.00033078375482153754,1.4737451860494276e-05,6.443654178694295,1.0678950414916057,-0.23238300067575798
1742112232.9023805,2.1726816034571806e-10,2.522467181404257e-125,0.0003308149461235234,1.4740019007644396e-05,6.4436788064779975,1.0678892017044577,-0.2332607386747204
1742112232.9952724,2.171922305572993e-10,2.5298297717523064e-125,0.00033078364922932077,1.4737443148568862e-05,6.44365412953227,1.0678948301317392,-0.21857129317911508
1742112233.0932777,2.1719148220473174e-10,2.52983188982588e-125,0.0003307833415576286,1.4737417759048962e-05,6.4436539942252224,1.0678941606439398,-0.18151422125490543
1742112233.1932244,3.872604991737308e-10,2.522465488676761e-125,0.00038865038413586574,1.967893541769297e-05,6.443678923461363,1.0678897829699512,-0.15607117396982548
1742112233.2932837,2.3921042966941566e-10,2.529823893828404e-125,0.000341961261103578,1.546642911823591e-05,6.443653859983698,1.067893311841071,-0.1336500523725354
1742112233.3942237,2.010310724251742e-10,2.5224690445960466e-125,0.00032670170915464146,1.4178542676353384e-05,6.443678954375503,1.067890009971281,-0.12800286990793572
1742112233.4948075,1.3469605118973477e-10,2.52982012988737e-125,0.00029341077338530076,1.1605862793852717e-05,6.443653833675338,1.0678931053334857,-0.11750142556818367
1742112233.5936341,6.177000915583775e-11,2.5224713637621994e-125,0.00023804783135195073,7.859389871729087e-06,6.443678968369266,1.0678901257353317,-0.11848770362528208
1742112233.7030137,5.815622212748393e-11,2.5298246011899535e-125,0.0002344286792760357,7.626022693874176e-06,6.4436538620242985,1.0678933354528262,-0.1316424487272107
1742112233.799509,5.91138511759677e-11,2.5298246011899535e-125,0.00023507106529859533,7.688553256365446e-06,6.4436538620242985,1.0678933354528262,-0.17608197313936588
1742112233.8948324,6.056336043029334e-11,2.5298244327684376e-125,0.0002364539665952915,7.782246489947061e-06,6.443653938282068,1.0678937315126982,-0.20795299393328065
1742112233.9968867,8.154379795995479e-13,2.5298244327684376e-125,7.477579966030964e-05,9.030160461473251e-07,6.443653938282068,1.0678937315126982,-0.22292982322367072
1742112234.0933576,8.154416589597421e-13,2.5298146652913747e-125,7.477588933210556e-05,9.030180834068286e-07,6.443654084301247,1.0678943172308282,-0.26123719197901124
1742112234.19325,8.154417518484896e-13,2.529814343375452e-125,7.477589159604729e-05,9.030181348392122e-07,6.4436540881305255,1.0678943313886764,-0.2623961148897016
1742112234.294473,8.154402303305084e-13,2.5298188763816777e-125,7.477585451363347e-05,9.03017292376236e-07,6.44365402681067,1.0678940933029395,-0.24296902400644663
1742112234.3950496,8.15746663566052e-13,2.5224607319423564e-125,7.478333072118738e-05,9.031869482925735e-07,6.443678621855472,1.067888117132303,-0.21915363055857057
1742112234.4955554,8.157483367560241e-13,2.5224590817465203e-125,7.478337148810818e-05,9.031878745621113e-07,6.443678682949244,1.0678884066466443,-0.19577284437807438
1742112234.59352,7.738923658580546e-11,2.5224590817465203e-125,0.00025276595207132126,8.797115242271494e-06,6.443678682949244,1.0678884066466443,-0.18755980116518373
1742112234.693148,7.738923658580546e-11,2.5224590817465203e-125,0.00025276595207132126,8.797115242271494e-06,6.443678682949244,1.0678884066466443,-0.17845349294336668
1742112234.7952101,8.086698104696765e-11,2.5224590817465203e-125,0.00025591693760389114,8.992607021713317e-06,6.443678682949244,1.0678884066466443,-0.1718822000661695
1742112234.8933527,9.922740314621415e-11,2.522458580009644e-125,0.00027039482984226367,9.961295254444281e-06,6.443678635009327,1.067888146526891,-0.19278259855898264
1742112234.9932568,1.1995439707774193e-10,2.5298254501091193e-125,0.00028409477448535934,1.0952369473211809e-05,6.443653820409807,1.0678931331584858,-0.2162429569402539
1742112235.0935166,7.264186559190022e-11,2.5298254501091193e-125,0.000248106433167401,8.523019746070064e-06,6.443653820409807,1.0678931331584858,-0.21774916631372807
1742112235.1932578,7.26670905493355e-11,2.522460947983853e-125,0.0002481297668875624,8.52449943101268e-06,6.443678543556725,1.0678877112722356,-0.20980327111872074
1742112235.293414,7.26670905493355e-11,2.522460947983853e-125,0.0002481297668875624,8.52449943101268e-06,6.443678543556725,1.0678877112722356,-0.1989704845586622
1742112235.3951886,7.264161688692132e-11,2.529828033691516e-125,0.0002481062034609933,8.52300515586617e-06,6.443653710794646,1.0678926066549046,-0.18197201472910268
1742112235.4949956,7.866689347782674e-11,2.5224635243429254e-125,0.0002540263245273958,8.869435916552234e-06,6.443678691409588,1.0678885323793574,-0.15269054752977723
1742112235.59344,5.578328165078817e-11,2.5298246842270604e-125,0.0002317419043355095,7.468820633191573e-06,6.4436536583459265,1.0678922709041636,-0.13689987641962414
1742112235.6934144,7.491768419981417e-11,2.5298246842270604e-125,0.00025094691030571486,8.655500228167876e-06,6.4436536583459265,1.0678922709041636,-0.14936448914202094
1742112235.7950232,7.987973685189609e-11,2.5224620840370583e-125,0.00025507903797907265,8.937546467118148e-06,6.443678671786017,1.0678884032616045,-0.16582404357584357
1742112235.893198,9.0525642039845e-10,2.52982904934064e-125,0.0004904057680212675,3.0087479462368562e-05,6.443653772495516,1.0678929481682964,-0.18389679772051212
1742112235.9933302,9.055536632561725e-10,2.522461847067511e-125,0.0004904494140932423,3.0092418700665663e-05,6.443678642248859,1.0678882443174347,-0.19162650686891902
1742112236.0947442,3.8268318700565924e-11,2.529829027989897e-125,0.00020912429783624486,6.186139240315071e-06,6.443653795766679,1.0678930695808866,-0.19131271821649906
1742112236.1954308,9.622483104413458e-14,2.522461855350023e-125,4.2441711888784015e-05,3.1020127505239977e-07,6.443678672714245,1.0678884039272658,-0.18191616517694828
1742112236.2934735,3.2536145637881825e-12,2.529828776546948e-125,0.00010826237976535001,1.803777858769805e-06,6.443653770310835,1.0678929317466626,-0.17486156803758973
1742112236.3935058,4.183810682068249e-10,2.529828776546948e-125,0.0003982919167040493,2.0454365504870223e-05,6.443653770310835,1.0678929317466626,-0.16759382468851441
1742112236.4938982,2.990039307342708e-10,2.5224643768832784e-125,0.0003637650367159759,1.7291730125533154e-05,6.443678753184461,1.067888871344019,-0.1595834968725049
1742112236.5934377,2.990040916012837e-10,2.5224652364843674e-125,0.00036376508901375323,1.7291734777091735e-05,6.443678767035561,1.067888959601631,-0.15252419096620912
1742112236.6944644,3.4592004690179837e-10,2.5298258957816895e-125,0.00037834848416414473,1.8598925960974153e-05,6.443653727810446,1.0678926566342168,-0.14365373832376843
1742112236.7934725,3.502715309005513e-15,2.566946055235756e-125,1.770370347195169e-05,5.918374193142499e-08,6.443528465108368,1.0679106851748266,-0.14344038349779484
1742112236.893138,3.5700717747659266e-12,2.597031932571724e-125,0.00011096733233479035,1.8894633562908615e-06,6.443428240969329,1.067925011097313,-0.1444792626539075
1742112236.9960585,4.349625234266618e-12,2.500502171047442e-125,0.00011690237940828273,2.085575516318366e-06,6.443753782955849,1.0678771673583016,-0.14365871531160712
1742112237.093508,6.412496175475215e-12,2.5894517643222815e-125,0.00012981419575504633,2.5322906972690193e-06,6.443453026997965,1.0679195545609925,-0.1417509494462811
1742112237.193228,6.414869015080627e-12,2.5819192727983103e-125,0.00012982701055553743,2.532759170367492e-06,6.443478081152975,1.0679159597845356,-0.1444054423013531
1742112237.2934847,2.6918378745611225e-12,2.5520051772311066e-125,0.00010282281250012295,1.640682136966549e-06,6.443578273196547,1.0679014116613992,-0.14417781216295594
1742112237.3949413,2.22930759066626e-12,2.5594511518704816e-125,9.789505979000195e-05,1.493086598515391e-06,6.443553225667671,1.0679050520104854,-0.14462708217295042
1742112237.4936552,1.5106746162028479e-12,2.5744084355710474e-125,8.826362771511648e-05,1.2290950395322763e-06,6.443503132914607,1.0679123485484805,-0.14458482247980464
1742112237.5946019,1.51125462734887e-12,2.5669190230892576e-125,8.827230133934298e-05,1.229330967375698e-06,6.443528180442396,1.06790870819193,-0.14410238248499277
1742112237.6948218,6.08019480534429e-13,2.529797608682991e-125,6.926416926435989e-05,7.797560391137917e-07,6.443653425308728,1.0678905562102345,-0.14374541026743284
1742112237.7935088,5.1299714586600445e-12,2.5077827326336924e-125,0.00012217732368883177,2.264944029917747e-06,6.443728574886492,1.0678796833744126,-0.14376877528818494
1742112237.9005613,4.92313578012802e-12,2.5077827326336924e-125,0.000120925483130541,2.2188140481185033e-06,6.443728574886492,1.0678796833744126,-0.14379091841371897
1742112237.9938948,2.970421520349392e-12,2.5077827361320353e-125,0.00010566760625530882,1.7234910850797552e-06,6.443728574925085,1.067879683640924,-0.14381219727190372
1742112238.0933237,2.970421520349392e-12,2.5077827361320353e-125,0.00010566760625530882,1.7234910850797552e-06,6.443728574925085,1.067879683640924,-0.14380134922655452
1742112238.1956925,6.217466673655905e-13,2.5077827361320353e-125,6.968856031624245e-05,7.885091422206787e-07,6.443728574925085,1.067879683640924,-0.14379133564623228
1742112238.2931616,3.9800696000934724e-12,2.5077827361320353e-125,0.00011421900999915382,1.995011177936974e-06,6.443728574925085,1.067879683640924,-0.14380656463297253
1742112238.393318,5.180106877841565e-12,2.5077827361320353e-125,0.00012249053791208608,2.275984814940901e-06,6.443728574925085,1.067879683640924,-0.14379899484308606
1742112238.493639,1.698186505822115e-12,2.507782741367789e-125,9.100369634859781e-05,1.303144852202592e-06,6.443728574982874,1.0678796840399452,-0.14383085352571853
1742112238.5943577,1.6988360802062926e-12,2.5004869854641076e-125,9.101290116631669e-05,1.3033940617504333e-06,6.443753624341092,1.0678760563000216,-0.1438159225622022
1742112238.6934311,1.847296322138232e-12,2.5077827430681364e-125,9.306550564928116e-05,1.3591527957291012e-06,6.443728575001629,1.0678796841694664,-0.14383973461779
1742112238.7956293,8.512077911494981e-13,2.507782743640336e-125,7.572860472742935e-05,9.226092299286292e-07,6.443728575007956,1.067879684213139,-0.1438432214895093
1742112238.8940341,1.4334405327087792e-14,2.5004869760869545e-125,2.567486503533478e-05,1.1972637690620975e-07,6.443753624237232,1.0678760555829818,-0.14386417252214787
1742112238.9931374,5.595960033023299e-13,2.50778274333656e-125,6.77327086490521e-05,7.480614970056472e-07,6.443728575004606,1.0678796841899976,-0.1438304064908826
1742112239.0938451,6.544714617598107e-15,2.507782749132681e-125,2.0881258088570408e-05,8.089941048980583e-08,6.443728575068619,1.06787968463194,-0.1438656924405897
1742112239.193341,8.382952017736935e-15,2.500486980347772e-125,2.2269282701316112e-05,9.155846229451942e-08,6.443753624284433,1.0678760559088412,-0.1438564537206494
1742112239.293454,5.180869538456402e-13,2.5004869780111945e-125,6.635656311295717e-05,7.197825740080404e-07,6.44375362425853,1.0678760557300482,-0.1438707290330731
1742112239.3943353,5.178846727899934e-13,2.5077827489425186e-125,6.634969662211733e-05,7.196420449014867e-07,6.443728575066508,1.0678796846173846,-0.1441755471864545
1742112239.4936504,3.586714353385238e-14,2.537179737970196e-125,3.272302101087597e-05,1.8938622846936992e-07,6.443628386980368,1.0678942599673835,-0.14456899744661697
1742112239.5945845,1.523095176354806e-14,2.5445826543571285e-125,2.609472192011276e-05,1.2341374219894664e-07,6.443603340810402,1.0678979096542376,-0.14459412080438974
1742112239.6937168,1.4187021124439612e-14,2.5297969651471587e-125,2.559887243029588e-05,1.1910928227656992e-07,6.443653417434518,1.0678905032317703,-0.14884297830255858
1742112239.7931247,5.211555408406544e-12,2.5297969651471587e-125,0.00012268049163457513,2.2828831350742735e-06,6.443653417434518,1.0678905032317703,-0.15893288237245914
1742112239.8932714,3.649134166728218e-12,2.5224304199504113e-125,0.00011154871458974665,1.9102707050908304e-06,6.443678335952871,1.0678860649565332,-0.1812088070550763
1742112239.9946165,3.642329555928341e-12,2.5594809749720397e-125,0.00011149300833810386,1.9084888147244515e-06,6.443553912323935,1.0679091848810458,-0.1822961447873914
1742112240.0943298,1.0904034119258231e-13,2.5520277546328356e-125,4.387127218399785e-05,3.302125697071241e-07,6.44357880704397,1.0679046149903444,-0.18162979466112492
1742112240.1952748,1.0934312586750066e-13,2.500459279073401e-125,4.3904027826683915e-05,3.3067072121296235e-07,6.443753136752079,1.0678729917945926,-0.17719929200800305
1742112240.300563,1.5357463768729474e-14,2.4859177491855446e-125,2.616127898992345e-05,1.239252345921906e-07,6.443802965257564,1.067864067478543,-0.17724399549158448
1742112240.3935456,2.7712860546744267e-14,2.500459045628471e-125,3.053991333757501e-05,1.6647180105574719e-07,6.443753123651309,1.067872918906743,-0.17829607707651493
1742112240.4938507,2.7724100454402323e-14,2.493177618586931e-125,3.054315031017266e-05,1.6650555682739938e-07,6.44377803348031,1.0678684321191234,-0.1781212864557111
1742112240.5950944,1.082988056335448e-10,2.5004590377587606e-125,0.0002764411799410144,1.0406671208102272e-05,6.443753123195599,1.06787291637598,-0.1780824838319623
1742112240.693327,1.2486748414121925e-14,2.5004590377587606e-125,2.4736196200493882e-05,1.117441202664459e-07,6.443753123195599,1.06787291637598,-0.17809988838823665
1742112240.7933888,1.9965900069843913e-12,2.5004590377587606e-125,9.504093205728987e-05,1.4130074334498001e-06,6.443753123195599,1.06787291637598,-0.1781285284200513
1742112240.8933094,3.2340310376170694e-12,2.5004590377587606e-125,0.00010809088156911345,1.7983411905467408e-06,6.443753123195599,1.06787291637598,-0.17808027846010568
1742112240.997316,3.2340310376170694e-12,2.5004590377587606e-125,0.00010809088156911345,1.7983411905467408e-06,6.443753123195599,1.06787291637598,-0.1780827818551862
1742112241.095787,8.347727004695061e-12,2.5004590377587606e-125,0.00013909684956025937,2.8892433273601346e-06,6.443753123195599,1.06787291637598,-0.17808173877390263
1742112241.1984181,8.858475135091759e-12,2.5004590377587606e-125,0.00014134362823048314,2.9763190580130613e-06,6.443753123195599,1.06787291637598,-0.17806794029863715
1742112241.2963731,1.6333858254301187e-11,2.5004590377587606e-125,0.00016652258789429924,4.041516825933202e-06,6.443753123195599,1.06787291637598,-0.1780842719713056
1742112241.3936768,1.619795437450465e-11,2.4931776188352256e-125,0.0001661552042394008,4.024668231606756e-06,6.443778033494748,1.0678684321993002,-0.17810042483003968
1742112241.493367,3.9917944603244457e-10,2.4931776188352256e-125,0.00039304389239525517,1.99794756195563e-05,6.443778033494748,1.0678684321993002,-0.17809655052812928
1742112241.5934916,2.2212971060820596e-11,2.500459037764588e-125,0.0001808556032584147,4.713063871922446e-06,6.443753123195933,1.0678729163778344,-0.17812456471117377
1742112241.693302,2.2205012567118462e-11,2.507761686529815e-125,0.00018083848036129998,4.712219494794195e-06,6.443728212974765,1.0678774009876912,-0.1781380651632154
1742112241.7954752,3.965764637150313e-11,2.4931776188339503e-125,0.00021118891205670865,6.297431728212949e-06,6.443778033494752,1.0678684321992966,-0.17813323718698854
1742112241.8940377,4.061763055895358e-11,2.507761691388908e-125,0.00021238554072592356,6.373196259252776e-06,6.443728213254438,1.0678774025411268,-0.17814703566225415
1742112241.9935362,2.1554061613805956e-11,2.500459041292654e-125,0.00017924673118752148,4.6426352014568145e-06,6.443753123399624,1.06787291750922,-0.17813454848917365
1742112242.093458,4.501594333600966e-11,2.500459041292654e-125,0.00021836772428590997,6.709392173364862e-06,6.443753123399624,1.06787291750922,-0.17811151129396793
1742112242.2065299,4.499993385345477e-11,2.5077616921062184e-125,0.0002183468727015196,6.70819900222517e-06,6.4437282132957385,1.0678774027705202,-0.17813881022127498
1742112242.298798,3.9913218706906074e-11,2.5077616942458903e-125,0.000211425316289632,6.317690931575085e-06,6.443728213419398,1.067877403457218,-0.17819394451769238
1742112242.396125,4.5295705224129457e-11,2.5004590393287797e-125,0.0002187273346668216,6.730208408669783e-06,6.443753123285578,1.0678729168759755,-0.1781654534974896
1742112242.4931514,6.820392746368244e-11,2.500459040549006e-125,0.00024413981983023605,8.258566913434948e-06,6.443753123356299,1.0678729172686934,-0.17819698435457582
1742112242.5942175,7.8127163067728e-11,2.493177616200779e-125,0.00025300954901513923,8.838957125573582e-06,6.44377803334147,1.0678684313481641,-0.17818965298326842
1742112242.6944954,6.369928314814389e-11,2.500459042147025e-125,0.00023969410821085666,7.981183066948401e-06,6.443753123449156,1.067872917784272,-0.17818649393709543
1742112242.7933958,3.983210758773374e-11,2.493177615666917e-125,0.00021131285227311605,6.311268302626164e-06,6.443778033310384,1.0678684311755582,-0.17820470315607423
1742112242.8959277,2.5009357734027487e-11,2.500459040771446e-125,0.0001865168992643888,5.000935685851947e-06,6.4437531233691985,1.0678729173403303,-0.1781843481698834
1742112242.9967725,2.501837947309397e-11,2.4931776145505826e-125,0.0001865349354526394,5.001837609628482e-06,6.443778033245408,1.0678684308147632,-0.17819787842424753
1742112243.0936153,2.2759095597769994e-11,2.5077616962417293e-125,0.00018186185925867562,4.770649389524448e-06,6.443728213534982,1.067877404098999,-0.17817469221742988
1742112243.1969566,1.4692840227765763e-11,2.500459045441138e-125,0.00016175268039979212,3.833124081968357e-06,6.443753123640693,1.0678729188477183,-0.17824043614061716
1742112243.2941818,1.1973751298105615e-11,2.500459045441138e-125,0.00015312631236530364,3.4603108672640404e-06,6.443753123640693,1.0678729188477183,-0.1781932888665998
1742112243.3931608,5.086919239659075e-12,2.500459043808153e-125,0.00012189680640537898,2.2554199696861504e-06,6.443753123545619,1.0678729183198916,-0.17823566776903504
1742112243.4940314,1.1032447997799457e-13,2.507761701258482e-125,4.402097406405916e-05,3.3215129079682135e-07,6.443728213825796,1.0678774057136575,-0.17823590618761417
1742112243.5937042,5.902066447140309e-12,2.500459044631965e-125,0.00012680705107005004,2.4294168944708335e-06,6.443753123593627,1.0678729185864038,-0.178267019812187
1742112243.6942425,5.641473818258802e-12,2.507761702107081e-125,0.00012529441701761626,2.375178691858531e-06,6.4437282138752145,1.0678774059879617,-0.1782425521055066
1742112243.794032,3.4231589033775516e-12,2.5004590433998e-125,0.00010966739509608721,1.8501780734236237e-06,6.443753123521674,1.0678729181870086,-0.17830224615724927
1742112243.8986154,3.4218788125044643e-12,2.507761704952374e-125,0.00010965650065422016,1.8498321038690145e-06,6.4437282140412755,1.0678774069096066,-0.17825369817407963
1742112243.9944293,9.568312470369294e-13,2.500459043694587e-125,7.809920798472588e-05,9.78177513050126e-07,6.443753123538929,1.0678729182827738,-0.1783050177732313
1742112244.0962453,9.564652460464545e-13,2.507761706212086e-125,7.809127211803364e-05,9.779904120421909e-07,6.443728214114987,1.0678774073186492,-0.17829282862337473
1742112244.1934044,2.9422909117269775e-13,2.5004590442797557e-125,5.711198046761815e-05,5.424288812118117e-07,6.4437531235732415,1.0678729184731903,-0.1783043919244612
1742112244.2930362,8.212120066573695e-14,2.5077617061174333e-125,4.071291528905474e-05,2.86567968666662e-07,6.443728214109434,1.067877407287841,-0.1783218560853803
1742112244.3942375,1.0756109674561611e-10,2.5004590418448473e-125,0.00027593211453005666,1.0371166604852904e-05,6.443753123430156,1.0678729176792388,-0.1783252535501325
1742112244.4937088,1.2734198709000342e-10,2.500459043841412e-125,0.0002887718242765611,1.1284590692178578e-05,6.443753123547488,1.067872918330286,-0.17827250343950626
1742112244.6022837,1.2729788660569656e-10,2.507761704185029e-125,0.0002887442969562348,1.1282636509508606e-05,6.443728213996394,1.0678774066605428,-0.1782631157079541
1742112244.6930964,5.005765711432214e-12,2.500459042427741e-125,0.00012139323539967758,2.2373568583112117e-06,6.443753123464617,1.0678729178703943,-0.17829318625124324
1742112244.7935631,5.983386441689677e-12,2.500459043713491e-125,0.00012728779567582518,2.446096163622697e-06,6.443753123540208,1.0678729182898232,-0.17832686287554136
1742112244.8931234,1.163243105226293e-10,2.500459043713491e-125,0.00028174319137445495,1.0785374843862837e-05,6.443753123540208,1.0678729182898232,-0.1782974181810223
1742112244.9935024,7.85193798891911e-14,2.500459043713491e-125,4.023374842402931e-05,2.802130972834623e-07,6.443753123540208,1.0678729182898232,-0.1782925902047956
1742112245.098055,9.443176748431255e-13,2.500459043713491e-125,7.78314208101364e-05,9.717600911969607e-07,6.443753123540208,1.0678729182898232,-0.17830769998224616
1742112245.193701,6.975404858471667e-14,2.5004590428555665e-125,3.8981220091037475e-05,2.641099176190032e-07,6.443753123489699,1.0678729180095843,-0.17835818511637092
1742112245.2936568,2.352428874699129e-13,2.5004590428555665e-125,5.3798201141951526e-05,4.850184403400688e-07,6.443753123489699,1.0678729180095843,-0.1783576784768904
1742112245.3937454,2.352428874699129e-13,2.5004590428555665e-125,5.3798201141951526e-05,4.850184403400688e-07,6.443753123489699,1.0678729180095843,-0.17833565456064573
1742112245.4934871,3.0065009127221497e-11,2.5004590428555665e-125,0.00019612673341818087,5.483156857798389e-06,6.443753123489699,1.0678729180095843,-0.178323912445625
1742112245.5939143,2.3398331356189507e-11,2.5004590428555665e-125,0.00018336568276083168,4.837182171077446e-06,6.443753123489699,1.0678729180095843,-0.17834513169916508
1742112245.6937797,6.546449988893586e-12,2.500459041646569e-125,0.00013041914979306925,2.5586031323543684e-06,6.443753123418304,1.0678729176135384,-0.1783769307771528
1742112245.7936122,3.6709079650889857e-13,2.500459041646569e-125,6.054584220193396e-05,6.058801832944353e-07,6.443753123418304,1.0678729176135384,-0.17837162596376777
1742112245.8937497,7.969255849849112e-13,2.493177602691391e-125,7.438954022577619e-05,8.927068863769962e-07,6.443778032545797,1.0678684269329795,-0.17838429195078248
1742112245.9936287,7.963149854900629e-13,2.5077617084990117e-125,7.437437849243412e-05,8.923648275733771e-07,6.443728214249397,1.0678774080643354,-0.17832704168947577
1742112246.0936146,1.7803002815875684e-10,2.5077617089486134e-125,0.0003160287984181383,1.3342789369496802e-05,6.443728214275897,1.0678774082113236,-0.1783388434091413
1742112246.2006173,1.8283383795232892e-10,2.500459042766874e-125,0.00031834277080252044,1.3521606337722191e-05,6.443753123484623,1.0678729179813713,-0.17835577112825743
1742112246.2946725,1.8283383795232892e-10,2.500459042766874e-125,0.00031834277080252044,1.3521606337722191e-05,6.443753123484623,1.0678729179813713,-0.17835225445421574
1742112246.3938227,1.8707550731054897e-10,2.500459042660842e-125,0.000320349924083554,1.3677554873242109e-05,6.443753123478331,1.0678729179464828,-0.17835505587252018
1742112246.4935453,4.5362528465659955e-14,2.5077617100777504e-125,3.477900661340839e-05,2.129848080630634e-07,6.443728214342407,1.0678774085802711,-0.17837344390543342
1742112246.5943272,6.699701865655392e-12,2.500459039532885e-125,0.00013125501535409708,2.588378230795374e-06,6.44375312329295,1.067872916918331,-0.17840270978601808
1742112246.6933599,4.5485750277375926e-12,2.5077617104113166e-125,0.00011835991837660919,2.1327388559637566e-06,6.443728214362082,1.0678774086893972,-0.17839660030992863
1742112246.7957463,5.631571282450288e-12,2.507761709197078e-125,0.00012520401669832815,2.373093188741287e-06,6.4437282142903385,1.0678774082915004,-0.17838062626512882
1742112246.898901,1.487098184187332e-13,2.5004590416098985e-125,4.763415185982847e-05,3.856291202940115e-07,6.443753123416023,1.0678729176009192,-0.1783689437547528
1742112246.9934423,6.305488597553268e-12,2.5004590416098985e-125,0.00012908151543087094,2.5110731963750617e-06,6.443753123416023,1.0678729176009192,-0.17838095409067506
1742112247.0933344,6.305488574537757e-12,2.500459039939106e-125,0.00012908151530154717,2.5110731917922577e-06,6.4437531233168315,1.0678729170508428,-0.1784251211324536
1742112247.1933088,4.1316846792476937e-13,2.500459039939106e-125,6.250938699043616e-05,6.427818198461818e-07,6.4437531233168315,1.0678729170508428,-0.1783980308214033
1742112247.2932167,7.270675486559324e-13,2.4931775956626095e-125,7.261674448411586e-05,8.526825603094814e-07,6.443778032127277,1.0678684246120396,-0.17844222766550422
1742112247.393478,8.119547543273861e-14,2.507761711925195e-125,4.0598943394385445e-05,2.849481978057391e-07,6.443728214451632,1.0678774091860257,-0.17840294820459715
1742112247.4932008,7.31157134784749e-12,2.507761711925195e-125,0.00013433907705825542,2.7039917433023883e-06,6.443728214451632,1.0678774091860257,-0.1784539995828474
1742112247.5951335,7.314258465093981e-12,2.500459039487402e-125,0.0001343517991081422,2.704488577364301e-06,6.443753123290062,1.0678729169023748,-0.1784182665983044
1742112247.701293,2.93326823435607e-13,2.5077617121903377e-125,5.707830808288115e-05,5.415965504280904e-07,6.443728214467363,1.0678774092732528,-0.17845063192041752
1742112247.7959628,1.3260310857677123e-13,2.507761712762817e-125,4.629343997977427e-05,3.641470974438369e-07,6.443728214501441,1.0678774094621764,-0.17845879775675183
1742112247.8961546,3.3969062081746463e-13,2.5004590383288626e-125,5.940995670744992e-05,5.828298386471515e-07,6.443753123221043,1.0678729165196978,-0.17846305948885316
1742112247.9992359,2.2559410605290233e-13,2.5004590383288626e-125,5.340307126369928e-05,4.749674789424033e-07,6.443753123221043,1.0678729165196978,-0.1784703312555158
1742112248.112806,2.2559410605290233e-13,2.5004590383288626e-125,5.340307126369928e-05,4.749674789424033e-07,6.443753123221043,1.0678729165196978,-0.17845405918749208
1742112248.1946712,4.563202204282107e-11,2.507761713478702e-125,0.00021962366818359237,6.755147817984524e-06,6.44372821454402,1.0678774096982426,-0.17846168858202333
1742112248.2951946,4.189139560861489e-11,2.500459037556787e-125,0.0002148264429409306,6.472356264036682e-06,6.443753123174769,1.0678729162632203,-0.17849402410181406
1742112248.3951108,6.1464778621136726e-12,2.500459037556787e-125,0.00012882770777534805,2.4792091202868854e-06,6.443753123174769,1.0678729162632203,-0.17848055345209488
1742112248.5003304,7.639614492117904e-12,2.493177589940351e-125,0.00013684036494579252,2.7639852554089184e-06,6.443778031784902,1.0678684227138797,-0.17848854047449475
1742112248.595707,4.386962689118539e-12,2.4931775923056706e-125,0.00011869188468288861,2.0945077438669304e-06,6.4437780319266444,1.067868423499644,-0.1784254489579999
1742112248.6952991,4.38370590166132e-12,2.507761708524956e-125,0.00011866764398537171,2.0937301406010567e-06,6.443728214249521,1.0678774080654652,-0.1784682152906263
1742112248.795991,5.77804783754111e-12,2.5004590321218427e-125,0.00012797603658673735,2.403757025479304e-06,6.443753122850609,1.0678729144660215,-0.17850719672830942
1742112248.8961093,3.834892692003437e-12,2.5004590321218427e-125,0.00011516937848832944,1.9582882045305378e-06,6.443753122850609,1.0678729144660215,-0.17852159125002262
1742112248.9950972,4.326734483824976e-12,1.1638914959427852e-33,0.00011950284021416769,2.0800804032116104e-06,6.4437282143415935,1.0678774085758214,-0.1785070477166974
1742112249.0969942,4.328340097896393e-12,1.1650539301897676e-33,0.00011951506740389969,2.080466317414534e-06,6.443753122856769,1.0678729145001657,-0.17851795536669135
1742112249.1945589,5.1946848397800626e-12,1.1650539244338813e-33,0.0001271279996780695,2.2791851262633457e-06,6.443753122813636,1.0678729142611392,-0.17853714806230903
1742112249.294656,8.974880155018726e-12,1.1650539244338813e-33,0.0001492234737671102,2.995810433758906e-06,6.443753122813636,1.0678729142611392,-0.17851172668131227
1742112249.4085245,5.0329304194240776e-12,1.1650539244338813e-33,0.0001293338942572195,2.2434193587967625e-06,6.443753122813636,1.0678729142611392,-0.17855264526995063
1742112249.4967062,8.436925829749925e-12,1.1650539244338813e-33,0.00014920998903132746,2.9046386745600434e-06,6.443753122813636,1.0678729142611392,-0.17852630001695985
1742112249.5981112,8.433838193910317e-12,1.1638915026477932e-33,0.00014919515239586586,2.904107125074817e-06,6.443728214391882,1.0678774088545664,-0.17851139885576597
1742112249.6950066,6.4050223440821635e-12,1.1662175163682677e-33,0.00014114300657939262,2.530814561377851e-06,6.44377803137683,1.0678684204516093,-0.17851759773882275
1742112249.7971704,6.405022315524989e-12,1.1662175002012413e-33,0.00014114300642932527,2.530814555735957e-06,6.443778031255796,1.0678684197809165,-0.17857145053537732
1742112249.894467,5.433104780779825e-12,1.1650539322982597e-33,0.00013621690599036125,2.3309021388251858e-06,6.4437531228725575,1.067872914587765,-0.17854066473635075
1742112249.995068,4.989484188111149e-12,1.1650539322982597e-33,0.0001332719663642348,2.2337153328280548e-06,6.4437531228725575,1.067872914587765,-0.17858277541788456
1742112250.0973914,5.07637171808335e-12,1.1650539322982597e-33,0.00013467181762043067,2.2530804952516346e-06,6.4437531228725575,1.067872914587765,-0.17856563908251155
1742112250.195252,4.819419829663612e-12,1.1650539322982597e-33,0.00012825467671332688,3.3643207563057035e-06,6.4437531228725575,1.067872914587765,-0.1785076735654675
1742112250.300219,4.82120484907085e-12,1.1662174864676708e-33,0.00012826707268020503,3.3648669218700256e-06,6.443778031152977,1.0678684192111847,-0.1785607216993177
1742112250.395066,4.132102374849386e-12,1.1650539342198631e-33,0.0001278937387904169,0.00011150173431342937,6.443753122886957,1.067872914667566,-0.17853673082979557
1742112250.494899,6.726449365761195e-08,1.1650539342198631e-33,0.0015976091299615492,0.003233313935583851,6.443753122886957,1.067872914667566,-0.17856149655969977
1742112250.595046,6.726449365761147e-08,1.1650539342198631e-33,0.0015985238393028402,0.0032333139355838424,6.443753122886957,1.067872914667566,-0.17857609969766963
1742112250.6949468,4.114619500391828e-12,1.1650539342198631e-33,0.0001236123482708063,0.00011133770116341832,6.443753122886957,1.067872914667566,-0.17856018525751477
1742112250.7977488,0.0567702894532143,0.0,0.09504489314515978,0.369320285565461,6.443753122886957,1.067872914667566,-0.1785636423269117
1742112250.8976629,0.0567702894532143,0.0,0.09504489314515978,0.369320285565461,6.443753122886957,1.067872914667566,-0.17860530597360977
1742112250.9978826,0.05677789853405327,0.0,0.1381042111376511,0.3693374726718957,6.4437780312092485,1.0678684195229584,-0.1785405157247389
1742112251.0964813,0.056762681142090446,0.0,0.1266169867377943,0.3693030986940298,6.443753123034671,1.0678729154859763,-0.17858688813837412
1742112251.1967082,0.05677028945405093,0.0,0.10120348148303883,0.36932028556735075,6.443753123029843,1.0678729154592528,-0.1785890339055859
1742112251.3008666,0.05677028945321541,0.0,0.08937279670775673,0.3693202855654634,6.443753123029843,1.0678729154592528,-0.1785795269647443
1742112251.4009428,0.05677028945321541,0.0,0.08937279670775673,0.3693202855654634,6.443753123029843,1.0678729154592528,-0.1786011634507977
1742112251.5012772,0.05677028945321564,0.0,0.08938149679172303,0.369320285565464,6.443753123029843,1.0678729154592528,-0.17860760075243354
1742112251.5985558,0.056770289440761144,0.0,0.08938415567319852,0.36932028553733093,6.443753123101729,1.0678729158575067,-0.17857562286051148
1742112251.6981232,0.0567702894532168,0.0,0.08938464154319659,0.3693202855654666,6.443753123101729,1.0678729158575067,-0.17856930476816543
1742112251.7975512,0.056770289453216924,0.0,0.08938313967520242,0.36932028556546687,6.443753123101729,1.0678729158575067,-0.1786218462625348
1742112251.8972123,0.05676268114756495,0.0,0.08937891534119709,0.369303098706397,6.443728215059274,1.0678774125524546,-0.17859031540544867
1742112251.9970248,0.05678550855174638,0.0,0.08939395881618435,0.3693546603906888,6.443778031216407,1.0678684195626698,-0.17859317642839803
1742112252.0967934,0.05676268117363023,0.0,0.08938599168058607,0.36930309876528,6.443753123096432,1.0678729158281834,-0.17858954054506657
1742112252.206528,0.056770289453215717,0.0,0.08939279617520951,0.3693202855654642,6.443753123096432,1.0678729158281834,-0.1785944281259381
1742112252.2974591,0.05677028945321587,0.0,0.0894022778563748,0.3693202855654645,6.443753123096432,1.0678729158281834,-0.17860167009027844
1742112252.3978505,0.05676268114878268,0.0,0.08952924285022451,0.3693030987091479,6.443753123223413,1.0678729165315275,-0.17865814549120299
1742112252.497919,0.05677028943180257,0.0,0.0895334816106328,0.3693202855170948,6.443778031297171,1.0678684200099138,-0.17861222011240363
1742112252.5970314,0.05676268116463948,0.0,0.08940281080314669,0.3693030987449694,6.44375312331476,1.0678729170374135,-0.17864565831812262
1742112252.7022016,0.056770289453215717,0.0,0.0894082886604051,0.36932028556546415,6.44375312331476,1.0678729170374135,-0.17863361817987788
1742112252.797851,0.056762681190329345,0.0,0.08933679181102597,0.3693030988030043,6.4437282154260345,1.0678774145837941,-0.17861841899546033
1742112252.8975601,0.056777898576852656,0.0,0.08935096593405781,0.36933747276856516,6.443778031226337,1.0678684196175965,-0.17865027767809272
1742112253.0216727,0.05676268111895873,0.0,0.08934252149515579,0.3693030986417739,6.443728215791118,1.06787741660548,-0.178689348522743
1742112253.0976973,0.056770289453495056,0.0,0.08936892370050932,0.36932028556609514,6.443728215789513,1.0678774165965716,-0.1786886332670057
1742112253.197813,0.05677789856784707,0.0,0.08940517044433455,0.36933747274822454,6.443753123509737,1.0678729181171036,-0.17867081147821784
1742112253.3013108,0.056762681183598514,0.0,0.08940253405725929,0.369303098787799,6.443728215749964,1.067877416377586,-0.17865573150308958
1742112253.4031632,0.05677789858431503,0.0,0.0894444516601719,0.3693374727854201,6.443778031289948,1.0678684199698214,-0.178689199511131
1742112253.4983435,0.05677028946305648,0.0,0.08944021981056702,0.3693202855876931,6.4437531235007555,1.0678729180673718,-0.17865364534052253
1742112253.6018999,0.05677028944068503,0.0,0.08947602740281549,0.36932028553715907,6.443753123573146,1.0678729184682174,-0.17868583184870118
1742112253.697324,0.05676268117693766,0.0,0.08952062626130278,0.36930309877275175,6.443728215850776,1.0678774169358087,-0.17868505698831924
1742112253.7973428,0.05676268117083483,0.0,0.08952955744379981,0.369303098758965,6.443753123552362,1.067872918353161,-0.17866842729242685
1742112253.897227,0.056762681157890855,0.0,0.08952955743707858,0.36930309872972383,6.443753123627179,1.0678729187673683,-0.17870168668421144
1742112253.9974053,6.552313741327478e-11,0.0,0.0002872712154739335,8.09463633607309e-06,6.443753123627179,1.0678729187673683,-0.17871402484568008
1742112254.0983481,6.552313742458487e-11,0.0,0.0003125295807328305,8.094636336771706e-06,6.443753123616318,1.0678729187072404,-0.1787188528219069
1742112254.1945043,6.552313741327548e-11,0.0,0.0002980619787810635,8.094636336073133e-06,6.443753123616318,1.0678729187072404,-0.17871330958994266
1742112254.294638,6.552313741327548e-11,0.0,0.0002980619787810635,8.094636336073133e-06,6.443753123616318,1.0678729187072404,-0.17870758754404426
1742112254.3951252,7.406083192437811e-10,0.0,0.0007079165637904891,2.721411985061764e-05,6.443728216080185,1.0678774182058905,-0.17874057871492732
1742112254.4951327,6.55479416758217e-11,0.0,0.00034213562931395195,8.09616833297219e-06,6.443753123550536,1.0678729183431424,-0.17875276786478395
1742112254.5983183,6.554794163175373e-11,0.0,0.00031433519546636147,8.096168330250658e-06,6.443778031008353,1.0678684184109883,-0.17874814850481388
1742112254.7030702,1.052796174850517e-09,0.0,0.0007544827666454217,3.244682072022646e-05,6.443728216054904,1.067877418065966,-0.17872552854212165
1742112254.7981493,1.0531712496518545e-09,0.0,0.0007545567372988789,3.245260004455505e-05,6.443753123529081,1.0678729182243734,-0.17874323112161988
1742112254.8960927,6.552313764123294e-11,0.0,0.00042861515145339076,8.094636350153905e-06,6.443753123310046,1.0678729170122034,-0.17879151088388792
1742112254.996626,6.55231374132785e-11,0.0,0.0003516903758400873,8.094636336073321e-06,6.443753123310046,1.0678729170122034,-0.17878218275698063
1742112255.0948434,6.552313746855772e-11,0.0,0.00036031968315957785,8.094636339487878e-06,6.4437531232569185,1.067872916718259,-0.1788057861963116
1742112255.1949325,6.554794173140827e-11,0.0,0.00035647096926044296,8.096168336405084e-06,6.443753123241894,1.067872916635122,-0.17881246191652664
1742112255.2948117,6.549834224048458e-11,0.0,0.00036751168699698404,8.093104610746396e-06,6.4437282160711895,1.0678774181561597,-0.17881553155573246
1742112255.3942807,6.552313733725909e-11,0.0,0.0003675487497409272,8.094636331377655e-06,6.443753123314938,1.067872917039299,-0.17879124266298652
1742112255.494519,6.554794174872494e-11,0.0,0.00035767244645215255,8.096168337474521e-06,6.443778030487255,1.0678684155271672,-0.1788303433099592
1742112255.5948374,6.549834237558162e-11,0.0,0.00036474823998132515,8.093104619092825e-06,6.443753123376922,1.067872917382238,-0.17883743626268736
1742112255.6945996,6.549834225256015e-11,0.0,0.0003578776439232462,8.093104611492437e-06,6.4437282162993945,1.0678774194187959,-0.1788336513677441
1742112255.795984,6.552313741327176e-11,0.0,0.00035393753063008704,8.094636336072902e-06,6.4437282162993945,1.0678774194187959,-0.1788140116372907
1742112255.8947177,6.552313741327129e-11,0.0,0.0003534360612257667,8.094636336072874e-06,6.443753123408587,1.067872917557417,-0.1788019118944013
1742112255.9950132,6.549834239497389e-11,0.0,0.0003534004153401957,8.093104620290899e-06,6.443728216219235,1.0678774189752769,-0.17879386526735672
1742112256.095317,6.552313738451141e-11,0.0,0.0003641759394355141,8.094636334296397e-06,6.443778030589353,1.0678684160920513,-0.17884831411035898
1742112256.1945636,6.549834217355095e-11,0.0,0.0003514909621249729,8.093104606611171e-06,6.443753123754153,1.0678729194691803,-0.1787897823491894
1742112256.2945752,6.552313741327176e-11,0.0,0.0003590736459275309,8.094636336072902e-06,6.443753123754153,1.0678729194691803,-0.17886491400392887
1742112256.3951113,6.750922685781418e-10,0.0,0.0006966162586382456,2.5982537762469276e-05,6.443753123754153,1.0678729194691803,-0.1788223562875593
1742112256.4950576,6.549834229741829e-11,0.0,0.0003683012778229477,0.00012518194710341778,6.4437282168199985,1.0678774222988725,-0.17885591370256776
1742112256.5948553,1.0390453928698146e-09,0.0,0.0007528665614095519,0.0007599339995853208,6.443753123789179,1.0678729196629169,-0.17886565906198867
1742112256.7046854,1.0390453928698146e-09,0.0,0.0007528665614095519,0.0007599339995853208,6.443753123789179,1.0678729196629169,-0.17884446961077097
1742112256.793474,8.076734332925845e-12,0.0,0.00013788123443588714,0.00014071673933504798,6.443728216892264,1.067877422698591,-0.17887963635118834
1742112256.8953357,3.5129325497252404e-11,0.0,0.00020443020730950373,0.00023443596612641757,6.443728216892264,1.067877422698591,-0.17884187680872315
1742112256.9945486,9.97602701575005e-12,0.0,0.0001459773028286949,0.0001514236173698759,6.443778030734606,1.0678684168955774,-0.17887665611894965
1742112257.093232,9.968734650932404e-12,0.0,0.00014594863693996395,0.0001513851745226333,6.443728216992039,1.067877423250482,-0.17886676174791694
1742112257.1933172,6.174851126176878e-13,0.0,6.950246335746484e-05,5.762808636808881e-05,6.443753123799773,1.0678729197215606,-0.1788954017797316
1742112257.2934513,4.78538248329561e-12,0.0,0.00011996095583843917,0.00011733173843272975,6.443728217084789,1.067877423763397,-0.17886941415460939
1742112257.3933277,1.0169562034280006e-11,0.0,0.00014675474673664016,0.0001524372337032757,6.44375312390078,1.0678729202801227,-0.17890696508081796
1742112257.493568,3.577012266179573e-11,0.0,0.0002053997032859111,0.0002359120633648096,6.443728217256535,1.067877424713143,-0.17891426664980292
1742112257.5930102,3.578284751943609e-11,0.0,0.00020541895492002523,0.0002359412000234242,6.443753123935142,1.0678729204701476,-0.17891533953340885
1742112257.6933239,1.2050362919702608e-11,0.0,0.00015344413003049793,0.0001616890463498236,6.443728217258887,1.0678774247261336,-0.17889298779161808
1742112257.7987225,4.049829462610064e-12,8.235944499834425e-62,0.00011465986448487567,2.0124188089485905e-06,6.443753124018034,1.0678729209285063,-0.17891128641756426
1742112257.8935747,4.049829464522789e-12,8.235944523202593e-62,0.00011465986449954256,2.012418809423821e-06,6.443753124030785,1.0678729209990205,-0.17890562397631055
1742112258.0037403,2.1851471800715286e-10,8.220351777126947e-62,0.00033399046643465603,1.4782243334729436e-05,6.443728217411714,1.067877425571215,-0.17893006188066854
1742112258.094157,1.1449469093871763e-11,8.235944369816304e-62,0.00015138256142637518,3.383706413664129e-06,6.443753123947076,1.0678729205362139,-0.17894588691385635
1742112258.1937182,2.5429877480303033e-09,8.235944291830573e-62,0.0006500754466857451,5.042804525291758e-05,6.443753123904514,1.067872920300915,-0.1789647815862501
1742112258.2937799,8.269831262628342e-12,8.235944444979738e-62,0.00013874165119985376,2.8757314308934242e-06,6.4437531239881025,1.0678729207629791,-0.17892767769487739
1742112258.398165,2.9689037766355935e-12,8.235944444979738e-62,0.00010558989392408076,1.7230507179522005e-06,6.4437531239881025,1.0678729207629791,-0.17894794327410102
1742112258.496162,2.9689037766355935e-12,8.235944444979738e-62,0.00010558989392408076,1.7230507179522005e-06,6.4437531239881025,1.0678729207629791,-0.17896636110933659
1742112258.5935905,1.5723491832380987e-10,8.235944444979738e-62,0.00030560129633176307,1.2539334843755065e-05,6.4437531239881025,1.0678729207629791,-0.17897679192217236
1742112258.6984084,2.2170137078560446e-13,8.220352110593221e-62,5.296123197991959e-05,4.708517503265805e-07,6.443728217594064,1.0678774265792192,-0.17897172552736643
1742112258.7937756,1.0450677602263944e-12,8.235944498245725e-62,7.99491253509179e-05,1.0222855570858832e-06,6.443753124017178,1.067872920923679,-0.17901800853403455
1742112258.8936887,1.0450677602263944e-12,8.235944498245725e-62,7.99491253509179e-05,1.0222855570858832e-06,6.443753124017178,1.067872920923679,-0.17900096160562867
1742112258.9940836,1.5596392367631126e-13,8.235944498245725e-62,4.824427444148281e-05,3.949226806304131e-07,6.443753124017178,1.067872920923679,-0.17897118908556345
1742112259.098309,7.497770585168347e-14,8.235944498245725e-62,3.9740776877764914e-05,2.7382057236753316e-07,6.443753124017178,1.067872920923679,-0.17900358420999882
1742112259.1936843,7.53963333900917e-12,8.220352497483992e-62,0.0001354129223920337,2.745839277708943e-06,6.443728217805646,1.0678774277486625,-0.17902593595178953
1742112259.2936373,4.207632923229746e-14,8.235944325764861e-62,3.409827536786721e-05,2.0512515504515155e-07,6.443753123923017,1.0678729204033557,-0.17901905161531803
1742112259.393585,5.84816251255357e-12,8.251565632736962e-62,0.00012647343104423171,2.4182974408772735e-06,6.443778030062148,1.0678684131782932,-0.17902069074304933
1742112259.4987938,5.84600494677587e-12,8.23594419031516e-62,0.00012646090798543427,2.41785130783013e-06,6.443753123849074,1.0678729199947385,-0.17904238683374762
1742112259.5936947,1.2626685279985365e-10,8.235944291685912e-62,0.0002881042457489153,1.1236852441847479e-05,6.443753123904411,1.0678729203005535,-0.17901782972010016
1742112259.6965723,1.2626685274820928e-10,8.235944270156206e-62,0.00028810424571666996,1.1236852439549487e-05,6.443753123892659,1.0678729202356028,-0.1790230451265181
1742112259.7937648,1.5622068233695236e-11,8.235944239770564e-62,0.0001645968735444904,3.952476215449656e-06,6.443753123876071,1.0678729201439356,-0.17903040630014774
1742112259.8938136,1.5091158717674013e-10,8.220352407841417e-62,0.0003023096264988834,1.228460773393844e-05,6.443728217756611,1.0678774274777387,-0.1790336845556104
1742112259.9936688,8.130051658899449e-14,8.235944132733682e-62,4.061562762172133e-05,2.8513245446457774e-07,6.443753123817633,1.0678729198210535,-0.17907135469110844
1742112260.0966263,5.086868452480076e-14,8.235944132733682e-62,3.586710457633729e-05,2.2554087107396025e-07,6.443753123817633,1.0678729198210535,-0.17902685982378364
1742112260.193583,6.562022567465089e-14,8.220352321884925e-62,3.834852226718187e-05,2.561644504505863e-07,6.4437282177095945,1.0678774272179474,-0.17904164177568788
1742112260.301601,1.8993097836505584e-13,8.235944065315244e-62,5.0871664926247724e-05,4.358107139172417e-07,6.4437531237808265,1.067872919617674,-0.17906378490122193
1742112260.3930867,1.8993097836505584e-13,8.235944065315244e-62,5.0871664926247724e-05,4.358107139172417e-07,6.4437531237808265,1.067872919617674,-0.1790551422277295
1742112260.4931853,6.370358511662859e-14,8.235944065315244e-62,3.805105516778893e-05,2.523956915571829e-07,6.4437531237808265,1.067872919617674,-0.17908303720148444
1742112260.594623,8.63690378547159e-14,8.235944065315244e-62,4.1274053319799386e-05,2.938860967359904e-07,6.4437531237808265,1.067872919617674,-0.17908315641077396
1742112260.693844,2.7770927750955604e-13,8.235944065315244e-62,5.625930022286102e-05,5.269812876275172e-07,6.4437531237808265,1.067872919617674,-0.17912896258028388
1742112260.8010867,6.537917591028963e-14,1.401771439040722e-48,3.831205703723661e-05,2.55693519492164e-07,6.4437531237808265,1.067872919617674,-0.17912023049982415
1742112260.8937817,2.478512825904265e-09,1.4017714369704177e-48,0.000646065888784073,4.978466456554935e-05,6.443753123772897,1.0678729195738805,-0.17912374717386603
1742112260.9967594,2.478512825904265e-09,1.4017714369704177e-48,0.000646065888784073,4.978466456554935e-05,6.443753123772897,1.0678729195738805,-0.17912544590624216
1742112261.098333,7.74770514571679e-05,1.4017714369704177e-48,0.011628053378353388,0.008802104944680443,6.443753123772897,1.0678729195738805,-0.1791019020715558
1742112261.194996,0.0007957685429779403,1.401771439163292e-48,0.02319212819038978,0.028209369772788973,6.443753123781292,1.0678729196202763,-0.17910562736185426
1742112261.2956254,1.7599931619147417e-06,1.7168824555353587e-180,0.003995255455913335,0.001326647338939306,6.443753123781292,1.0678729196202763,-0.17912762147577638
1742112261.3962026,0.03410725027232975,1.7168824555353587e-180,0.07554387002021463,0.18468148329578074,6.443753123781292,1.0678729196202763,-0.17913361174257633
1742112261.5019727,0.03410235162547106,1.7101252869958577e-180,0.07554017010744772,0.18466822039937208,6.443728218084413,1.0678774292884654,-0.17911668402346018
1742112261.602702,0.06753731592377905,1.716882506611975e-180,0.0946355481497684,0.39227587168368694,6.443753123816098,1.0678729198125172,-0.1791323302427137
1742112261.7005043,1.7000120580437508e-05,1.716882506611975e-180,0.007592554612975557,0.00412312024811762,6.443753123816098,1.0678729198125172,-0.1791162369886243
1742112261.8044295,1.699571201583343e-05,1.7101254781298997e-180,0.008402867408318375,0.004122585598363414,6.443728218215188,1.0678774300106717,-0.17915647012384758
1742112261.8955092,1.700453021253564e-05,1.716882650776569e-180,0.012670995637545535,0.004123654957987591,6.443753123914352,1.0678729203550983,-0.1791345952192152
1742112261.997417,1.6995712065217156e-05,1.7168826295764351e-180,0.008306221097983596,0.004122585604352826,6.443753123899903,1.0678729202753088,-0.1791281877199018
1742112262.0987442,1.6995712084762845e-05,1.7168824681546822e-180,0.00830622110073339,0.004122585606723388,6.443753123789886,1.0678729196677805,-0.1791769741216504
1742112262.1979058,1.7000120580438202e-05,1.7168824681546822e-180,0.0076193085833703425,0.004123120248117704,6.443753123789886,1.0678729196677805,-0.17916007620485666
1742112262.295778,1.6995712053004185e-05,1.7101254229276108e-180,0.007610711804868472,0.004122585602871599,6.443728218177409,1.0678774298021017,-0.17916663271578193
1742112262.3961003,1.7000120580436782e-05,1.7101254229276108e-180,0.007606493617205926,0.004123120248117533,6.443728218177409,1.0678774298021017,-0.17914785725267754
1742112262.5017612,1.7000120580436813e-05,1.7168824248641718e-180,0.008229572334093053,0.004123120248117536,6.443753123760377,1.0678729195048584,-0.17917339784296393
1742112262.6024683,1.6995712043166957e-05,1.7168824794962147e-180,0.0076060399130260135,0.00412258560167851,6.44375312379762,1.0678729197104584,-0.1791899083295667
1742112262.7065809,1.6995712047560273e-05,1.7101257308566114e-180,0.00764210611366337,0.004122585602211344,6.443728218388134,1.0678774309655656,-0.17918698770197267
1742112262.799387,1.7000120584103005e-05,1.7168824492229157e-180,0.007642673541543745,0.004123120248562126,6.4437531237769825,1.067872919596529,-0.17922129017504093
1742112262.8982253,1.699571206662717e-05,1.7101256954965007e-180,0.007682197103584679,0.004122585604523837,6.443728218363937,1.0678774308319614,-0.1791987298169935
1742112262.9956286,1.700012056010467e-05,1.710125862778512e-180,0.007625932103947046,0.00412312024565191,6.443728218478437,1.0678774314639758,-0.1792494831720197
1742112263.0972419,1.7004530190832032e-05,1.7168823739820618e-180,0.0076353106322433004,0.004123654955355992,6.4437531237256955,1.0678729193133627,-0.1792107401529156
1742112263.1960585,1.6991304610731377e-05,1.710125901577895e-180,0.008236825650261431,0.0041220510199088236,6.443728218504994,1.0678774316105661,-0.179220068279823
1742112263.2960355,1.700894095928666e-05,1.7236654294467156e-180,0.007646018238475281,0.004124189733667289,6.443778028914121,1.067868406838019,-0.1792596159616315
1742112263.396016,1.6995712042021593e-05,1.71012619361713e-180,0.007655933747033035,0.004122585601539596,6.443728218704912,1.0678774327138942,-0.17926208955438974
1742112263.4955542,1.7004530208068668e-05,1.716882587096727e-180,0.007653418333841947,0.004123654957445963,6.443753123871012,1.0678729201153416,-0.1792471883931958
1742112263.6023626,1.7000120581142303e-05,1.7101261878209213e-180,0.007652849891820536,0.004123120248203089,6.443728218700944,1.067877432691997,-0.17921801191957826
1742112263.6965566,1.7004530250116336e-05,1.7168824190496505e-180,0.00766180379203688,0.0041236549625443125,6.443753123756423,1.0678729194829621,-0.17930095178278324
1742112263.7978377,1.6995712072477475e-05,1.7101261424383156e-180,0.007611818477138609,0.0041225856052333806,6.443728218669875,1.0678774325205431,-0.17925022823007933
1742112263.9020329,1.7008940961531346e-05,1.7236652052876461e-180,0.0076466802650642035,0.004124189733939425,6.443778028761862,1.0678684059978165,-0.17930756789835328
1742112263.9963992,1.700453021880495e-05,1.7168824188524142e-180,0.007646112064859775,0.004123654958747755,6.443753123756288,1.0678729194822196,-0.17924435717256906
1742112264.1231034,1.6995712045065724e-05,1.710126076230344e-180,0.007599438532145964,0.004122585601908798,6.44372821862455,1.0678774322704108,-0.17928700429590586
1742112264.195863,1.700012058706476e-05,1.710126021711904e-180,0.007601880426956299,0.00412312024892129,6.443728218587225,1.0678774320644457,-0.17927046400698066
1742112264.2996278,1.7004530214135508e-05,1.7168821831505458e-180,0.0075632934795152925,0.0041236549581815775,6.44375312359556,1.0678729185952571,-0.17928971630724308
1742112264.3953474,1.7000120580436843e-05,1.7101261353682747e-180,0.008126975829021476,0.00412312024811754,6.4437282186650435,1.0678774324938196,-0.179277258936485
1742112264.4962342,1.7004530191727766e-05,1.7168822540599984e-180,0.008127589180340691,0.004123654955464602,6.443753123643919,1.0678729188620864,-0.17929171306284306
1742112264.594902,1.7000120564628766e-05,1.7101262654317567e-180,0.00752548189637097,0.004123120246200536,6.443728218754099,1.0678774329851715,-0.1793410359063947
1742112264.6931736,1.4450888271135187e-13,1.7168820748581211e-180,4.727989046921215e-05,3.801432397285948e-07,6.443753123521692,1.0678729181877769,-0.1793138859906995
1742112264.7940295,8.558026014783092e-14,1.7236644693232691e-180,4.117011921030922e-05,2.925410401086161e-07,6.443778028261896,1.0678684032393395,-0.17932822090776798
1742112264.8948293,8.551208158089863e-14,1.7101262042300657e-180,4.116141283744593e-05,2.924244886819478e-07,6.443728218712188,1.0678774327539742,-0.17933829409273505
1742112264.993884,1.8994981700562574e-11,1.710126320249707e-180,0.00017333084200698047,4.358323267101991e-06,6.443728218791641,1.067877433192252,-0.17936425191553476
1742112265.0932624,1.8346120406593824e-13,1.710126320249707e-180,5.039292171565335e-05,4.283237141064434e-07,6.443728218791641,1.067877433192252,-0.17933379394205448
1742112265.1932588,4.572030172668713e-13,1.716881985402506e-180,6.421761038981478e-05,6.761678913308967e-07,6.443753123460667,1.0678729178511839,-0.17937960011156448
1742112265.2947009,7.222694961000681e-12,1.7101264482599454e-180,0.0001339158942248186,2.687507202036988e-06,6.443728218879318,1.0678774336758066,-0.1793789742627943
1742112265.3945017,7.426493963499978e-12,1.7101264482599454e-180,0.00013488022622823976,2.7251594381797148e-06,6.443728218879318,1.0678774336758066,-0.17938055378588075
1742112265.4937224,7.429219478757678e-12,1.7168819845145033e-180,0.00013489303710191854,2.7256594575914427e-06,6.443753123460063,1.0678729178478408,-0.1794056771436536
1742112265.5930307,1.3541605168853482e-12,1.7168819845145033e-180,8.570961506467847e-05,1.163684027941154e-06,6.443753123460063,1.0678729178478408,-0.17940058094652528
1742112265.6936297,3.086906467415978e-12,2.249434550242068e-55,0.00010673265297139251,1.7569594381817636e-06,6.443728218993588,1.0678774343059434,-0.17939751130731937
1742112265.7931774,1.0923450502362543e-10,2.253025266053574e-55,0.0002770583744318588,1.0451531228658575e-05,6.443753123525003,1.067872918205956,-0.17937596422823313
1742112265.8934996,1.4387162926469813e-10,2.2530252763207584e-55,0.0002985555286701165,1.199465002677019e-05,6.443753123546063,1.0678729183221138,-0.17936663610132572
1742112265.9938152,1.4387162926469813e-10,2.2530252763207584e-55,0.0002985555286701165,1.199465002677019e-05,6.443753123546063,1.0678729183221138,-0.17936243397386908
1742112266.0931966,5.166405837622714e-14,2.2530252652009503e-55,3.601336135424116e-05,2.2729729073666307e-07,6.443753123523255,1.067872918196307,-0.17937253696115854
1742112266.1932611,8.376644204780791e-14,2.2530252652009503e-55,4.093550204899989e-05,2.894243287075361e-07,6.443753123523255,1.067872918196307,-0.17938964349420905
1742112266.2942753,5.037249170766557e-14,2.2530252652009503e-55,3.577121922394884e-05,2.2443816900800445e-07,6.443753123523255,1.067872918196307,-0.17940242869051345
1742112266.393645,5.037249169597543e-14,2.2530252623465336e-55,3.577121922171485e-05,2.2443816898196131e-07,6.443753123517396,1.0678729181640225,-0.1793937264123761
1742112266.4933236,7.422031685428202e-14,2.2530252623465336e-55,3.963184848785067e-05,2.724340596443147e-07,6.443753123517396,1.0678729181640225,-0.17940573674829832
1742112266.5933323,1.3348064248621747e-10,2.2530252623465336e-55,0.000292564641863162,1.1553382296376135e-05,6.443753123517396,1.0678729181640225,-0.17944295984896058
1742112266.6945777,1.6700024044297603e-10,2.249434599631608e-55,0.0003105663052656598,1.2922857286334785e-05,6.443728219095071,1.0678774348655695,-0.17941908818872807
1742112266.7944765,1.3127564298236697e-10,2.253025241548117e-55,0.00029121830871318543,1.145755833423365e-05,6.443753123474725,1.067872917928744,-0.1794486222902143
1742112266.8936028,1.3123031011439262e-10,2.2494345969463032e-55,0.000291190480204439,1.1455579868098892e-05,6.443728219089554,1.0678774348351414,-0.17939608079584488
1742112267.0011015,1.0779697560691077e-10,2.2530252458128367e-55,0.0002760986126573737,1.0382532234812024e-05,6.443753123483475,1.0678729179769872,-0.1794774709382855
1742112267.093176,1.4625442227577095e-10,2.2530252458128367e-55,0.0002998361982592933,1.2093569459666197e-05,6.443753123483475,1.0678729179769872,-0.17942439300211302
1742112267.1937923,2.0215206640776047e-12,2.2530252458128367e-55,9.531394772593599e-05,1.421801907467283e-06,6.443753123483475,1.0678729179769872,-0.1794801233449781
1742112267.2959232,7.095123004574681e-14,2.2494347131922053e-55,3.915203209399801e-05,2.663667209802058e-07,6.4437282193284595,1.067877436152184,-0.17945184094103214
1742112267.3951616,7.097957945917126e-14,2.253025240268157e-55,3.915622109201041e-05,2.664199306718085e-07,6.443753123472096,1.067872917914273,-0.17948179227503183
1742112267.493367,9.555794170993017e-14,2.249434668906768e-55,4.236725486062051e-05,3.091244760770816e-07,6.443728219237439,1.0678774356504555,-0.17945497018488282
1742112267.5932927,7.45173143528579e-14,2.253025210609562e-55,3.967293759863932e-05,2.7297859687685755e-07,6.443753123411234,1.0678729175787955,-0.17947809678705573
1742112267.6958416,2.4897077306849743e-09,2.253025210609562e-55,0.0006466631417101909,4.989697115742572e-05,6.443753123411234,1.0678729175787955,-0.17948662025125856
1742112267.795302,7.013682214834158e-14,2.253025225046054e-55,3.903246447591897e-05,2.6483357443560963e-07,6.443753123440864,1.0678729177420792,-0.17947350722940797
1742112267.8933914,7.01087968873888e-14,2.2494347500117648e-55,3.902830124560351e-05,2.6478065806887937e-07,6.4437282194041465,1.0678774365692991,-0.17948587519319895
1742112267.9932594,7.336424739683914e-14,2.253025258216447e-55,3.950764742165438e-05,2.708583530128601e-07,6.443753123508937,1.0678729181172644,-0.17947735172899595
1742112268.0954683,1.3849137186601282e-13,2.249434821030856e-55,4.675929221642321e-05,3.721442890412438e-07,6.443728219550138,1.0678774373738404,-0.17953737360628486
1742112268.2001364,6.946584433220096e-14,2.2530252224857493e-55,3.8931848349083227e-05,2.6356373865196435e-07,6.443753123435602,1.0678729177131379,-0.17951216084154484
1742112268.2996566,3.530011978916628e-13,2.2530252224857493e-55,5.991198495332878e-05,5.941390391917222e-07,6.443753123435602,1.0678729177131379,-0.17954178434999826
1742112268.3938556,4.999287567544712e-13,2.2530252589398165e-55,6.572265920995282e-05,7.070564028098969e-07,6.4437531235104295,1.0678729181254267,-0.17950867396982545
1742112268.4934552,1.7788332516078126e-13,2.253025300608529e-55,4.997477636101027e-05,4.217621665829941e-07,6.44375312359595,1.0678729185967182,-0.17954652291925788
1742112268.5965621,4.5268915157583327e-13,2.2494349394872133e-55,6.405186336106312e-05,6.728217829231106e-07,6.4437282197936625,1.0678774387157306,-0.17953382712992072
1742112268.693148,4.526891516144753e-13,2.249434940568892e-55,6.405186336246782e-05,6.728217829518269e-07,6.44372821979589,1.0678774387279741,-0.17953481060655951
1742112268.7932332,6.048670240717095e-14,2.2530253210833782e-55,3.754363970932562e-05,2.4594044483811714e-07,6.443753123637979,1.0678729188282832,-0.1795344529786908
1742112268.8937645,8.282855087132637e-14,2.2494349999633467e-55,4.0822589538329765e-05,2.877994976912336e-07,6.4437282199180075,1.0678774394007684,-0.179575282160362
1742112268.9936035,1.0511710722102611e-10,2.253025339558003e-55,0.0002744595567500434,1.0252663420839783e-05,6.443753123675908,1.0678729190372085,-0.179541456524452
1742112269.0945761,1.2427569184876856e-10,2.2530253637414618e-55,0.00028707669295464336,1.1147900782154844e-05,6.443753123725553,1.0678729193107044,-0.1795786498227918
1742112269.1932387,1.2427569184876856e-10,2.2530253637414618e-55,0.00028707669295464336,1.1147900782154844e-05,6.443753123725553,1.0678729193107044,-0.1795545993486249
1742112269.2933345,1.613603844287264e-12,2.2494350692860852e-55,8.97809330814945e-05,1.270277073825732e-06,6.443728220060546,1.0678774401860043,-0.17961500865610483
1742112269.3940105,1.1264804965611234e-12,2.253025368236547e-55,8.157690278750445e-05,1.0613578550899424e-06,6.44375312373478,1.0678729193615446,-0.17957772595079782
1742112269.4970913,4.0469129361629824e-09,2.256621299695585e-55,0.0007380122752846063,6.361535141900092e-05,6.4437780272725895,1.0678683977856194,-0.17959304434450513
1742112269.5936928,1.1138602648683322e-09,2.249435033148811e-55,0.0005201668172785846,3.3374545163467506e-05,6.443728219986234,1.067877439776689,-0.17958538514765143
1742112269.694588,5.323430126981321e-13,2.253025308973399e-55,6.68269788249506e-05,7.296184021103992e-07,6.44375312361311,1.06787291869135,-0.17961551529558537
1742112269.7972178,1.7511950681838274e-12,2.2494351183008303e-55,9.175404719787217e-05,1.3233272717600236e-06,6.443728220161347,1.0678774407411575,-0.1795935211816632
1742112269.8983626,1.7511950681838274e-12,2.2494351183008303e-55,9.175404719787217e-05,1.3233272717600236e-06,6.443728220161347,1.0678774407411575,-0.17960094195993784
1742112269.9939454,5.950621659307572e-13,2.2494351238048043e-55,6.88622580797695e-05,7.714027261623835e-07,6.443728220172666,1.067877440803498,-0.17960594875009897
1742112270.0944576,8.598709504569073e-13,2.2530252860339457e-55,7.593554606610281e-05,9.27292268088604e-07,6.443753123566005,1.0678729184319584,-0.17963607889803299
1742112270.1937106,5.599316828411467e-09,2.249435140612927e-55,0.0008065370153146371,7.482858296407508e-05,6.443728220207234,1.0678774409938683,-0.17962967139871952
1742112270.2939553,7.675246822924386e-09,2.249435140612927e-55,0.0008786454068742907,8.760848602118625e-05,6.443728220207234,1.0678774409938683,-0.17962967139871952
1742112270.3938365,7.675246821492518e-09,2.249435147657969e-55,0.0008786454068296709,8.760848601301428e-05,6.443728220221725,1.0678774410736542,-0.17963607889803299
1742112270.493197,8.27758856421909e-09,2.253025248686752e-55,0.0008966712429664408,9.098125391650244e-05,6.443753123489309,1.067872918009659,-0.1796771763006055
1742112270.5931025,8.277588562309017e-09,2.2530252583679536e-55,0.0008966712429084453,9.098125390600537e-05,6.44375312350919,1.0678729181191287,-0.17966838461550108
1742112270.6955407,7.932677133812905e-09,2.2530252583679536e-55,0.0008857880418559617,8.906557771559619e-05,6.44375312350919,1.0678729181191287,-0.17965443712862372
1742112270.7934532,5.969683476844242e-09,2.2494351346825215e-55,0.0008200013315126586,7.726372678588731e-05,6.443728220195037,1.0678774409266998,-0.17965345365198496
1742112270.8936887,3.0066794774394085e-12,2.2494351523111895e-55,0.00010601900365712198,1.7339779345307162e-06,6.4437282202313,1.0678774411263445,-0.17966948730142943
1742112270.9932914,2.0266808641456864e-12,2.249435129374022e-55,9.543484850249448e-05,1.4236154200294709e-06,6.443728220184116,1.0678774408665834,-0.179648625675758
1742112271.09484,5.566937347599459e-13,2.249435129374022e-55,6.762359728303282e-05,7.461191156644801e-07,6.443728220184116,1.0678774408665834,-0.17968492490442634
1742112271.1966631,5.566937349480618e-13,2.2494351336340876e-55,6.762359728916663e-05,7.461191157905431e-07,6.443728220192881,1.0678774409148257,-0.17968644482286808
1742112271.293193,7.956718312904036e-13,2.2494351336340876e-55,7.435540641475988e-05,8.92004389725972e-07,6.443728220192881,1.0678774409148257,-0.17970048171671263
1742112271.394403,7.956718312904036e-13,2.2494351336340876e-55,7.435540641475988e-05,8.92004389725972e-07,6.443728220192881,1.0678774409148257,-0.17966752034815198
1742112271.4931536,1.0635153253051597e-13,2.2530251816045066e-55,4.3583857757493755e-05,3.2611582686296597e-07,6.4437531233515415,1.0678729172511545,-0.17970963102968568
1742112271.593538,1.7921478176279505e-10,2.2494351743324885e-55,0.00031658130882680503,1.3387112525215998e-05,6.443728220276608,1.0678774413757113,-0.1797091541925275
1742112271.6933632,8.114395436081191e-12,2.249435196877205e-55,0.00013805152679774527,2.8485777918254558e-06,6.443728220322988,1.0678774416310173,-0.1797171710172498
1742112271.793378,9.202367874559105e-12,2.249435196877205e-55,0.0001428062490278356,3.0335404850700615e-06,6.443728220322988,1.0678774416310173,-0.17970286590250373
1742112271.8957312,1.1192377748709443e-11,2.253025222827503e-55,0.00015049437335828105,3.345501120715616e-06,6.443753123436213,1.067872917717236,-0.1797448871770703
1742112271.9935904,1.815141453611329e-11,2.249435252650033e-55,0.00017114806389712325,4.260447691981828e-06,6.44372822043773,1.0678774422626036,-0.179690974775871
1742112272.0932012,1.8157978427619426e-11,2.2530251634839312e-55,0.00017116460634122247,4.261217951198862e-06,6.4437531233143055,1.0678729170463201,-0.17975960952432987
1742112272.1941993,2.1842489430213368e-11,2.2494352664462508e-55,0.0001798969575754155,4.673594915074836e-06,6.443728220466117,1.067877442418828,-0.1797379134336317
1742112272.2939384,2.1511535072347516e-11,2.2530251768108593e-55,0.0001791568948265676,4.638052939795698e-06,6.443753123341686,1.067872917196981,-0.1797635136285627
1742112272.3938067,1.6282876847878953e-11,2.2494352461608864e-55,0.0001662626833840688,4.03520468475627e-06,6.443728220424376,1.0678774421891308,-0.17973320466669446
1742112272.4952059,1.2092478282684233e-08,2.2530252169851574e-55,0.0010191191952667118,0.00010996580506086532,6.443753123424212,1.067872917651183,-0.17976521236093873
1742112272.598882,6.353788992744103e-14,2.2494353073768582e-55,6.231420018656996e-05,2.5206723295073686e-07,6.443728220550334,1.0678774428823123,-0.17974783760698682
1742112272.6949487,6.356343632051109e-14,2.2530252174121095e-55,6.232088106428968e-05,2.5211790162642377e-07,6.44375312342509,1.0678729176560093,-0.17975245696695683
1742112272.7951803,1.2745855411793288e-11,2.2494353002975796e-55,0.00017997932440285094,3.570133808667861e-06,6.443728220535764,1.0678774428021587,-0.17974020821245562
1742112272.8959098,1.2847361167327903e-08,2.2494353002975796e-55,0.0010356570517762,0.00011334620049797832,6.443728220535764,1.0678774428021587,-0.17976047379167898
1742112272.994935,8.611098242747708e-09,2.2494352699836204e-55,0.0009306597373303425,9.279600337701893e-05,6.4437282204733854,1.0678774424589088,-0.17974375468881965
1742112273.0945446,7.362796895451246e-12,2.2530250841448785e-55,0.00015885905271106004,2.7134474189582606e-06,6.443753123151289,1.0678729161494251,-0.17980484944971437
1742112273.1948524,4.56681039712353e-12,2.2494351619667675e-55,0.0001427371801293461,2.1370096857814026e-06,6.44372822025111,1.0678774412358276,-0.17975099665315988
1742112273.2944655,4.568506289446317e-12,2.2530250276549583e-55,0.00014275169149326086,2.1374064399281476e-06,6.443753123035236,1.067872915510791,-0.1797486124673688
1742112273.3946252,6.456123246766223e-12,2.2530250103897614e-55,0.0001542033652058965,2.5408902468950174e-06,6.443753122999766,1.0678729153156041,-0.1797642884889447
1742112273.4971442,3.683454793671565e-12,2.2530250103897614e-55,0.00013609387113016792,1.9192328659314807e-06,6.443753122999766,1.0678729153156041,-0.17976944429071787
1742112273.5951397,8.526010416371987e-13,2.24943515400397e-55,9.999909981194112e-05,9.233639811240195e-07,6.443728220234728,1.0678774411456544,-0.17979686242731452
1742112273.6947255,3.2873327975286754e-12,2.2494351268688473e-55,0.00013279882005687763,1.8131003274856786e-06,6.44372822017889,1.0678774408384006,-0.17977218610437748
1742112273.795513,3.288560564260666e-12,2.2530249996561805e-55,0.0001328121441672107,1.8134388780051744e-06,6.443753122977714,1.0678729151942603,-0.17980085593851447
1742112273.8952224,3.3728941953662964e-12,2.2494352092271667e-55,0.00013353790397031565,1.8365440902320576e-06,6.443728220348376,1.0678774417709223,-0.17979930621775034
1742112273.9956582,2.230676127650707e-11,2.2494352092271667e-55,0.00020539316863922122,4.7230034169484855e-06,6.443728220348376,1.0678774417709223,-0.17980502826364878
1742112274.0956113,1.8501280636191475e-12,2.2494352092271667e-55,0.00011732716020796156,1.3601941271815385e-06,6.443728220348376,1.0678774417709223,-0.17981906515749327
1742112274.1976976,3.849127169318825e-13,2.2494352092271667e-55,8.560396722916196e-05,6.204133436120491e-07,6.443728220348376,1.0678774417709223,-0.17985178810747504
1742112274.294629,3.85062106050117e-13,2.253024941880571e-55,8.561306296231622e-05,6.205337267627901e-07,6.44375312285899,1.0678729145411676,-0.179851937119087
1742112274.394517,9.29936330381398e-13,2.2530249011719392e-55,0.00010184997186098299,9.643320643748179e-07,6.443753122775323,1.0678729140810344,-0.17988889199884767
1742112274.4952302,5.043242265781567e-13,2.2530249011719392e-55,9.015628312127047e-05,7.101578884854809e-07,6.443753122775323,1.0678729140810344,-0.1798661230245435
1742112274.5951207,6.714801712236911e-13,2.2566202302684412e-55,9.542362285073689e-05,8.194389368486776e-07,6.443778025079212,1.0678683857143039,-0.17988376599939707
1742112274.6955218,5.179938603790013e-13,2.253024869294606e-55,9.062101323579725e-05,7.197179033336612e-07,6.443753122709808,1.0678729137207208,-0.1798577187696303
1742112274.7954948,5.415128257776836e-13,2.2530248218879338e-55,9.141024939217266e-05,7.358755504687484e-07,6.443753122612371,1.067872913184888,-0.17990075332315797
1742112274.8958306,5.415128257776836e-13,2.2530248218879338e-55,9.141024939217266e-05,7.358755504687484e-07,6.443753122612371,1.067872913184888,-0.17988334876688367
1742112274.9948628,8.254765095596943e-13,2.2530248218879338e-55,9.937293487044027e-05,9.085573782429452e-07,6.443753122612371,1.067872913184888,-0.17989068013819093
1742112275.098276,1.767879360214724e-12,2.2494351860179324e-55,0.00011624406651690142,1.329616245468866e-06,6.443728220300585,1.0678774415082044,-0.17985256296785723
1742112275.196568,1.6174372692357227e-12,2.2530247964772857e-55,0.00011411932890872882,1.2717850719503364e-06,6.4437531225601425,1.0678729128976778,-0.17991678697260255
1742112275.2961538,2.044214527845165e-12,2.2530247964772857e-55,0.00011994382887471906,1.4297603043325706e-06,6.4437531225601425,1.0678729128976778,-0.17991711479814895
1742112275.396959,2.5544371737124956e-12,2.25302481883549e-55,0.0001257325343958656,1.5982606713901508e-06,6.4437531226061004,1.067872913150378,-0.17989681941660282
1742112275.4962044,2.1453675756376646e-12,2.2530248359740245e-55,9.694243016221904e-05,1.4647073344657166e-06,6.443753122641333,1.0678729133440754,-0.17991237622888917
1742112275.5933971,2.145367567605388e-12,2.2530247875457734e-55,9.694243006276037e-05,1.4647073317237775e-06,6.443753122541779,1.0678729127967435,-0.17995633465441116
1742112275.6940968,2.5858849700965977e-12,2.2530247875457734e-55,0.00010171843441459902,1.608068708139238e-06,6.443753122541779,1.0678729127967435,-0.17993615848215455
1742112275.7938173,2.2889273089050933e-12,2.2530248083620516e-55,9.852335345525216e-05,1.5129201264128565e-06,6.443753122584571,1.067872913032006,-0.1799172638097608
1742112275.8962352,3.009266736375597e-12,2.2530248083620516e-55,0.00010598432627255125,1.7347238213547414e-06,6.443753122584571,1.067872913032006,-0.17993928772600526
1742112275.9931228,3.010391035168005e-12,2.256619897181367e-55,0.00010599523902086268,1.7350478480918055e-06,6.443778024395595,1.0678683819557202,-0.17996843439730048
1742112276.093627,4.63272084671565e-13,2.2530247621634294e-55,6.443642000262508e-05,6.806409366704041e-07,6.443753122489586,1.0678729125099098,-0.17996339780481693
1742112276.1932595,6.056815874071117e-13,2.2530247621634294e-55,6.919330712320286e-05,7.782554769528524e-07,6.443753122489586,1.0678729125099098,-0.17997162324579588
1742112276.302058,7.328459219530453e-13,2.2494353050722085e-55,7.276798928134039e-05,8.560642043404486e-07,6.443728220545701,1.0678774428559343,-0.1799809215703809
1742112276.3982017,6.880460807875107e-13,2.2530247140930703e-55,7.158184616233255e-05,8.294854313292734e-07,6.443753122390749,1.0678729119666688,-0.17996536475809458
1742112276.4947677,4.728077789436636e-09,2.2530246694700906e-55,0.0008063521117252995,6.876101940370457e-05,6.443753122299,1.0678729114623868,-0.18000586611421945
1742112276.5948796,4.625996452551192e-09,2.249435244260388e-55,0.0008038732583356231,6.801467821397961e-05,6.443728220420468,1.067877442167604,-0.17995198351534258
1742112276.6967144,4.880718625605417e-09,2.2530247211516918e-55,0.000815595300445115,6.98621401447552e-05,6.443753122405258,1.0678729120464476,-0.1799484072366559
1742112276.8022242,1.5875973251958087e-13,2.2494352779270784e-55,8.70229969782799e-05,3.9844664952736255e-07,6.443728220489795,1.0678774425486885,-0.17998470646532422
1742112276.895051,1.58759732366035e-13,2.2494352658298427e-55,8.702299695559441e-05,3.984466493346819e-07,6.44372822046488,1.067877442411766,-0.17997370940836305
1742112276.9944153,9.716883467533867e-13,2.253024636829914e-55,0.00011698979070222348,9.857425357330314e-07,6.443753122231879,1.0678729110935485,-0.18002282363565797
1742112277.095847,9.018032804592087e-13,2.253024680174374e-55,0.00011547300167495347,9.496332347065411e-07,6.443753122321009,1.067872911583355,-0.18002687675150272
1742112277.1951742,1.5704446196049935e-12,2.253024698892102e-55,0.00012765925127868188,1.253173818592215e-06,6.443753122359503,1.0678729117948613,-0.18000988942774168
1742112277.296392,2.298444295610185e-12,2.2530246915367752e-55,0.00013717987959483858,1.5160621015018431e-06,6.443753122344379,1.067872911711742,-0.18000321370752687
1742112277.3954296,2.298444295610185e-12,2.2530246915367752e-55,0.00013717987959483858,1.5160621015018431e-06,6.443753122344379,1.067872911711742,-0.1800474403539502
1742112277.507117,3.3877338824296805e-12,2.2530246915367752e-55,0.00014793892537430593,1.8405797680159588e-06,6.443753122344379,1.067872911711742,-0.18001656514795658
1742112277.5942602,2.686518581901953e-12,2.2530246915367752e-55,0.00014131948943073156,1.6390602740295896e-06,6.443753122344379,1.067872911711742,-0.180048960272392
1742112277.6967452,2.751557512316671e-12,2.253024736953499e-55,0.00014198339441076914,1.6587819363366215e-06,6.443753122437787,1.0678729122249235,-0.18000774366052988
1742112277.7954335,2.607084716482343e-12,2.2494354831327262e-55,0.000140498507671441,1.6146469324537619e-06,6.4437282209124795,1.0678774448711748,-0.18004392367990857
1742112277.898192,2.6080623534829464e-12,2.253024771695588e-55,0.00014051274164972115,1.6149496442561132e-06,6.443753122509232,1.06787291261751,-0.1800245521703565
1742112277.9974349,2.8922505836131606e-12,2.2530247230940277e-55,0.00014339606265593944,1.7006618075364545e-06,6.443753122409277,1.067872912068335,-0.18006865960749027
1742112278.0944982,4.7992818438992655e-12,2.249435486740454e-55,0.000158602179113484,2.1907263279331046e-06,6.443728220919915,1.0678774449119937,-0.18006648403795594
1742112278.1947012,1.3591840079723116e-10,2.2530247305816508e-55,0.0003325942461391001,1.165840472780179e-05,6.443753122424678,1.0678729121529376,-0.18007265311869014
1742112278.2998393,1.428392996970213e-13,2.249435449166124e-55,8.56885491417622e-05,3.779408679899824e-07,6.443728220842512,1.0678774444867525,-0.1800187109151684
1742112278.3951955,1.4289577140558132e-13,2.2530247613839335e-55,8.569750170301811e-05,3.7801557032162224e-07,6.443753122488026,1.0678729125009907,-0.18005369884165168
1742112278.497797,1.4196560982067947e-13,2.2530247613839335e-55,8.561650661623527e-05,3.767832398351597e-07,6.443753122488026,1.0678729125009907,-0.18001760822924015
1742112278.595221,5.08481242136138e-09,2.256619682321514e-55,0.00082415813082852,7.130787068312572e-05,6.443778023954497,1.0678683795315473,-0.180064636293968
1742112278.694913,1.6107851502736378e-13,2.2530247627302975e-55,8.721205216570061e-05,4.0134587954451927e-07,6.443753122490794,1.067872912516207,-0.18005086762102485
1742112278.7951176,1.3998230925617114e-13,2.2530247627302975e-55,8.54429608445666e-05,3.7414209767970664e-07,6.443753122490794,1.067872912516207,-0.1800951240697705
1742112278.8947916,1.3998230925617114e-13,2.2530247627302975e-55,8.54429608445666e-05,3.7414209767970664e-07,6.443753122490794,1.067872912516207,-0.18005113584192634
1742112278.994261,5.2160061584592135e-09,2.2530247627302975e-55,0.0008298097174217873,7.222192297674726e-05,6.443753122490794,1.067872912516207,-0.1801023958364332
1742112279.098978,5.344622837124103e-09,2.2530247627302975e-55,0.0008350703468642975,7.31069274222635e-05,6.443753122490794,1.067872912516207,-0.18005682808550236
1742112279.1966012,5.162712310084743e-09,2.2530247627302975e-55,0.0008275988673309917,7.185201674333674e-05,6.443753122490794,1.067872912516207,-0.1801037369409407
1742112279.2957335,5.7385873594213664e-09,2.2530247627302975e-55,0.0008506744498956409,7.575346433940409e-05,6.443753122490794,1.067872912516207,-0.18006556016596192
1742112279.3981063,5.7836408375114765e-09,2.2530247627302975e-55,0.0008523905063089858,7.605025205422712e-05,6.443753122490794,1.067872912516207,-0.18013115507753727
1742112279.4948018,5.7836408438746634e-09,2.253024725914185e-55,0.0008523905065207374,7.605025209606254e-05,6.443753122415057,1.0678729121002517,-0.18009774667414066
1742112279.5962138,5.608777830080583e-09,2.253024725914185e-55,0.000845624655388109,7.489177411492255e-05,6.443753122415057,1.0678729121002517,-0.18010117394121525
1742112279.695258,5.702427869819416e-09,2.2494356247121437e-55,0.0008492644431708443,7.551442160156838e-05,6.443728221204157,1.0678774464734158,-0.18012862188013443
1742112279.795514,5.233637507392316e-09,2.2530247405625653e-55,0.0007919729724764865,7.234388369027693e-05,6.4437531224451945,1.0678729122657424,-0.1801376817861402
1742112279.8930678,5.233637507392316e-09,2.2530247405625653e-55,0.0007919729724764865,7.234388369027693e-05,6.4437531224451945,1.0678729122657424,-0.18007703406008121
1742112279.99476,5.296075960222623e-09,2.2530247405625653e-55,0.0008376807994506556,7.277414348669878e-05,6.4437531224451945,1.0678729122657424,-0.18010385615023008
1742112280.0955958,5.6660154339860506e-09,2.2530247405625653e-55,0.0008506377995868377,7.527293958645464e-05,6.4437531224451945,1.0678729122657424,-0.18009756786020636
1742112280.2010436,6.051583197515155e-09,2.2530247405625653e-55,0.0008653040925721444,7.77919224438833e-05,6.4437531224451945,1.0678729122657424,-0.18011527043970457
1742112280.2954502,5.613681494692849e-09,2.2530247405625653e-55,0.0008485965649080702,7.492450530162245e-05,6.4437531224451945,1.0678729122657424,-0.18014948350580562
1742112280.395134,6.130634694016402e-09,2.2530247405625653e-55,0.0008682130618513882,7.829836967661843e-05,6.4437531224451945,1.0678729122657424,-0.18008275610597974
1742112280.4956474,6.130634680346354e-09,2.2530248151475647e-55,0.0008682130614094874,7.829836958932385e-05,6.443753122598629,1.067872913108415,-0.180150437180122
1742112280.594529,5.852100731215675e-09,2.2530248151475647e-55,0.0008577944831584481,7.649902438080942e-05,6.443753122598629,1.067872913108415,-0.1801159856954419
1742112280.6949577,5.543612970826646e-09,2.2530248151475647e-55,0.0008458541956527214,7.445544285562101e-05,6.443753122598629,1.067872913108415,-0.1801220951715314
1742112280.7944808,1.1028083355464381e-11,2.2530248151475647e-55,0.00019125474464860617,3.3208558167232104e-06,6.443753122598629,1.067872913108415,-0.18015955669077277
1742112280.9023101,9.647760425430576e-12,0.0016569362749373846,0.00018599255050500614,0.009951766563029261,6.443753122598629,1.067872913108415,-0.18013797980936405
1742112280.9959662,1.2551082167702666e-11,0.0016569362749373846,0.00019649474926777791,0.009951766563029261,6.443753122598629,1.067872913108415,-0.18012084347399113
1742112281.0947614,1.2546538468539253e-11,0.0016567862586962787,0.00019647535106303397,0.00995111782306118,6.443728221478747,1.0678774479813935,-0.1801309166589581
1742112281.1946547,9.778234588571334e-12,0.0016569362735769926,0.00018652559472722555,0.009951766557146368,6.443753122609301,1.0678729131670446,-0.18014602643640876
1742112281.2963686,1.0452255645423688e-11,0.0016570862939246464,0.00018914584155333658,0.009952415298426706,6.443778023671744,1.0678683779786704,-0.18015690428408015
1742112281.4004066,8.326811535379033e-12,0.0016569362784328362,0.00018034999146433617,0.009951766578145031,6.443753122571188,1.0678729129577684,-0.18016793114336377
1742112281.496229,6.6165916535238e-12,0.0016570862906527006,0.00017214928020589798,0.009952415284277843,6.443778023697426,1.0678683781196714,-0.1801495729127729
1742112281.5946424,5.7056308046096225e-12,0.0016569362711578287,0.00016698199738658708,0.009951766546684912,6.443753122628291,1.0678729132713052,-0.18015499693544754
1742112281.6955938,5.70773355784486e-12,0.001657086291530989,0.00016699866920697867,0.00995241528807584,6.443778023690534,1.0678683780818226,-0.18016167265566224
1742112281.7998104,7.141940227431035e-09,0.0016569362713817102,0.0009031011252888442,0.009951766547653059,6.443753122626539,1.067872913261657,-0.1801476953664625
1742112281.9002273,5.8836893173167384e-09,0.0016569362713817102,0.0008587900199212205,0.009951766547653059,6.443753122626539,1.067872913261657,-0.18015696388872496
1742112281.995916,6.183833240475423e-09,0.0016569362713817102,0.0008563566996490689,0.009951766547653059,6.443753122626539,1.067872913261657,-0.18014543038996106
1742112282.0959296,2.8143535921203825e-14,0.0016569362713817102,5.83853083945967e-05,0.009951766547653059,6.443753122626539,1.067872913261657,-0.18014188391359684
1742112282.194731,2.8143535921203825e-14,0.0016569362713817102,5.83853083945967e-05,0.009951766547653059,6.443753122626539,1.067872913261657,-0.18014632445963258
1742112282.2950213,6.620381342298835e-14,0.0016569362713817102,6.616839205808551e-05,0.009951766547653059,6.443753122626539,1.067872913261657,-0.18017943483980525
1742112282.3973138,3.628179268209847e-14,0.0016569362713817102,6.0533194630694616e-05,0.009951766547653059,6.443753122626539,1.067872913261657,-0.18015514594705942
1742112282.4948008,8.555903106211916e-09,0.0016569362713817102,0.0009328140622509654,0.009951766547653059,6.443753122626539,1.067872913261657,-0.18015833479555482
1742112282.596141,3.2746645001660714e-14,0.0016569362713817102,5.964703689804451e-05,0.009951766547653059,6.443753122626539,1.067872913261657,-0.18014706951769235
1742112282.6966233,3.2746645001660714e-14,0.0016569362713817102,5.964703689804451e-05,0.009951766547653059,6.443753122626539,1.067872913261657,-0.18016241771372188
1742112282.796978,5.98211269575778e-14,0.0016569362713817102,6.516514806731743e-05,0.009951766547653059,6.443753122626539,1.067872913261657,-0.18013488036783565
1742112282.9027686,1.4583052269029302e-13,0.0016569362713817102,7.512156735790419e-05,0.009951766547653059,6.443753122626539,1.067872913261657,-0.18013848644884461
1742112282.9955916,1.6230161627251818e-13,0.0016569362713817102,7.648200945411172e-05,0.009951766547653059,6.443753122626539,1.067872913261657,-0.18013190013559696
1742112283.0960503,1.555302782724571e-13,0.0016569362713817102,7.593080295350092e-05,0.009951766547653059,6.443753122626539,1.067872913261657,-0.1801545200982892
1742112283.2042165,1.555302782724571e-13,0.0016569362713817102,7.593080295350092e-05,0.009951766547653059,6.443753122626539,1.067872913261657,-0.1801464138665998
1742112283.2951798,7.790122113882441e-09,0.0016569362713817102,0.0009099661258898075,0.009951766547653059,6.443753122626539,1.067872913261657,-0.18015472871454596
1742112283.3947587,2.5860718973531054e-13,0.0016569362713817102,8.290925723735764e-05,0.009951766547653059,6.443753122626539,1.067872913261657,-0.18015916926058168
1742112283.4947245,1.2643256622504928e-12,0.0016569362713817102,0.00011184977169850668,0.009951766547653059,6.443753122626539,1.067872913261657,-0.18015940767916083
1742112283.595097,8.998620539327209e-14,0.0016569362713817102,6.944352493585027e-05,0.009951766547653059,6.443753122626539,1.067872913261657,-0.18015153986605043
1742112283.6951504,6.204552335818202e-14,0.0016569362713817102,6.552224677487774e-05,0.009951766547653059,6.443753122626539,1.067872913261657,-0.1801589904466474
1742112283.7946017,6.419838520604223e-14,0.0016569362713817102,6.585809028876275e-05,0.009951766547653059,6.443753122626539,1.067872913261657,-0.18014519197138185
1742112283.895764,6.44119713432318e-09,0.0016570862898434393,0.0008653559283516465,0.009952415280778356,6.4437780237037785,1.0678683781545457,-0.18015335780771605
1742112283.9956827,6.438999807862612e-09,0.0016569362751096774,0.0008652750820474103,0.009951766563774321,6.443753122597279,1.0678729131009899,-0.18013458234461185
1742112284.096093,3.074582568125085e-13,0.0016569362751096774,8.551907160716968e-05,0.009951766563774321,6.443753122597279,1.0678729131009899,-0.1801552651563489
1742112284.1944327,1.345008431921613e-13,0.0016569362751096774,7.413718468392397e-05,0.009951766563774321,6.443753122597279,1.0678729131009899,-0.180147278133949
1742112284.2958038,5.844942209277725e-09,0.0016569362751096774,0.000843270075994012,0.009951766563774321,6.443753122597279,1.0678729131009899,-0.1801441488900983
1742112284.3991215,5.844942205634746e-09,0.0016569362680153449,0.0008432700758615565,0.009951766533095522,6.443753122652964,1.06787291340674,-0.18016870600374577
1742112284.4958694,8.095739458076902e-09,0.0016569362680153449,0.0009190661958186841,0.009951766533095522,6.443753122652964,1.06787291340674,-0.18015824538858777
1742112284.5946145,5.950641981484741e-09,0.0016569362680153449,0.0008470431524543561,0.009951766533095522,6.443753122652964,1.06787291340674,-0.1801608381906354
1742112284.702475,7.885760192745264e-09,0.0016569362680153449,0.0009128754262041147,0.009951766533095522,6.443753122652964,1.06787291340674,-0.18016012293489816
1742112284.803783,7.885760192745264e-09,0.0016569362680153449,0.0009128754262041147,0.009951766533095522,6.443753122652964,1.06787291340674,-0.18017809373529786
1742112284.8966346,1.5727517325788844e-13,0.0016569362680153449,7.60753101310549e-05,0.009951766533095522,6.443753122652964,1.06787291340674,-0.18016822916658762
1742112284.9969854,9.719503819269629e-14,0.0016569362702193895,7.028642276946012e-05,0.009951766542626705,6.443753122635659,1.0678729133117502,-0.1801605997720563
1742112285.0937216,6.170729754373915e-09,0.0016569362702193895,0.0008274228318238373,0.009951766542626705,6.443753122635659,1.0678729133117502,-0.18017326575907106
1742112285.1941693,6.170729754373915e-09,0.0016569362702193895,0.0008274228318238373,0.009951766542626705,6.443753122635659,1.0678729133117502,-0.1801743982473218
1742112285.2969146,5.9997452903759776e-09,0.0016570862987550555,0.0008216291857864294,0.009952415319314874,6.443778023633829,1.067868377770509,-0.18016131502779362
1742112285.3953526,5.699072783168214e-09,0.0016569362722167772,0.0008101793423858749,0.009951766551264245,6.443753122619981,1.067872913225667,-0.18016119581850407
1742112285.4934285,2.1269222870912204e-13,0.0016569362722167772,5.239138448718343e-05,0.009951766551264245,6.443753122619981,1.067872913225667,-0.18014915568025947
