Timestamp,CI,II,PI,ADI,Robot_X,Robot_Y,Robot_Theta
1742111808.3250418,0.0,0.0,0.0,0.0,0.0,0.0,0.0
1742111808.4250705,0.0,0.0,0.0,0.0,0.0,0.0,0.0
1742111808.525089,0.0,0.0,0.0,0.0,0.0,0.0,0.0
1742111808.6251342,0.0,0.0,0.0,0.0,0.0,0.0,0.0
1742111808.7251377,0.0,0.0,0.0,0.0,0.0,0.0,0.0
1742111808.8251333,0.0,0.0,0.0,0.0,0.0,0.0,0.0
1742111808.9251359,0.0,0.0,0.0,0.0,0.0,0.0,0.0
1742111809.0251362,0.0,0.0,0.0,0.0,0.0,0.0,0.0
1742111809.125143,0.0,0.0,0.0,0.0,0.0,0.0,0.0
1742111809.2251399,0.0,0.0,0.0,0.0,0.0,0.0,0.0
1742111809.3250985,0.0,0.0,0.0,0.0,0.0,0.0,0.0
1742111809.4250855,0.0,0.0,0.0,0.0,0.0,0.0,0.0
1742111809.525094,0.0,0.0,0.0,0.0,0.0,0.0,0.0
1742111809.6251516,0.0,0.0,0.0,0.0,0.0,0.0,0.0
1742111809.7251425,0.0,0.0,0.0,0.0,0.0,0.0,0.0
1742111809.8251362,0.0,0.0,0.0,0.0,0.0,0.0,0.0
1742111809.9251294,0.0,0.0,0.0,0.0,0.0,0.0,0.0
1742111810.0251458,0.0,0.0,0.0,0.0,0.0,0.0,0.0
1742111810.1251435,0.0,0.0,0.0,0.0,0.0,0.0,0.0
1742111810.2251358,0.0,0.0,0.0,0.0,0.0,0.0,0.0
1742111810.3251026,0.0,0.0,0.0,0.0,0.0,0.0,0.0
1742111810.4250877,0.0,0.0,0.0,0.0,0.0,0.0,0.0
1742111810.5250895,0.0,0.0,0.0,0.0,0.0,0.0,0.0
1742111810.6251352,0.0,0.0,0.0,0.0,0.0,0.0,0.0
1742111810.7251542,0.0,0.0,0.0,0.0,0.0,0.0,0.0
1742111810.8251367,0.0,0.0,0.0,0.0,0.0,0.0,0.0
1742111810.9251394,0.0,0.0,0.0,0.0,0.0,0.0,0.0
1742111811.0251389,0.0,0.0,0.0,0.0,0.0,0.0,0.0
1742111811.125141,0.0,0.0,0.0,0.0,0.0,0.0,0.0
1742111811.225132,0.0,0.0,0.0,0.0,0.0,0.0,0.0
1742111811.3251019,0.0,0.0,0.0,0.0,0.0,0.0,0.0
1742111811.4250865,0.0,0.0,0.0,0.0,0.0,0.0,0.0
1742111811.5250947,0.0,0.0,0.0,0.0,0.0,0.0,0.0
1742111811.6251435,0.0,0.0,0.0,0.0,0.0,0.0,0.0
1742111811.7251513,0.0,0.0,0.0,0.0,0.0,0.0,0.0
1742111811.8251328,0.0,0.0,0.0,0.0,0.0,0.0,0.0
1742111811.9251366,0.0,0.0,0.0,0.0,0.0,0.0,0.0
1742111885.820594,0.0,0.0,0.0,0.0,0.0,0.0,0.0
1742111885.9206803,0.0,0.0,0.0,0.0,0.0,0.0,0.0
1742111886.0205486,0.0,0.0,0.0,0.0,0.0,0.0,0.0
1742111886.120606,0.0,0.0,0.0,0.0,0.0,0.0,0.0
1742111886.220572,0.0,0.0,0.0,0.0,0.0,0.0,0.0
1742111886.3205569,0.0,0.0,0.0,0.0,0.0,0.0,0.0
1742111886.4205897,0.0,0.0,0.0,0.0,0.0,0.0,0.0
1742111886.5207589,0.0,0.0,0.0,0.0,0.0,0.0,0.0
1742111886.620565,0.0,0.0,0.0,0.0,0.0,0.0,0.0
1742111886.7205203,0.0,0.0,0.0,0.0,0.0,0.0,0.0
1742111886.8207107,0.0,0.0,0.0,0.0,0.0,0.0,0.0
1742111886.920554,0.0,0.0,0.0,0.0,0.0,0.0,0.0
1742111887.0206218,0.0,0.0,0.0,0.0,0.0,0.0,0.0
1742111887.1205738,0.0,0.0,0.0,0.0,0.0,0.0,0.0
1742111887.2206092,0.0,0.0,0.0,0.0,0.0,0.0,0.0
1742111887.3205953,0.0,0.0,0.0,0.0,0.0,0.0,0.0
1742111887.4248958,0.0,0.0,0.0,0.0,0.0,0.0,0.0
1742111887.520624,0.0,0.0,0.0,0.0,0.0,0.0,0.0
1742111887.620591,0.0,0.0,0.0,0.0,0.0,0.0,0.0
1742111887.7205698,0.0,0.0,0.0,0.0,0.0,0.0,0.0
1742111887.8204925,0.0,0.0,0.0,0.0,0.0,0.0,0.0
1742111887.920604,0.0,0.0,0.0,0.0,0.0,0.0,0.0
1742111888.0230038,2.5541586539642023e-16,1.5527929971505502e-205,8.854445896097159e-06,1.5981735368739537e-08,0.0,0.0,0.0
1742111888.122318,1.529068635846804e-08,1.5527929971505502e-205,0.0010383898930202617,0.00012365551487284357,0.0,0.0,0.0
1742111888.2301254,7.633109519586593e-15,1.5527929971505502e-205,2.1624588645569617e-05,8.736766861709538e-08,0.0,0.0,0.0
1742111888.3265638,1.8253745463719216e-08,1.5527929971505502e-205,0.0010899575764564686,0.00013510642273304114,0.0,0.0,0.0
1742111888.4227707,1.9336535594108225e-08,1.5527929971505502e-205,0.0011072924860265922,0.0001390558722028963,0.0,0.0,0.0
1742111888.5248415,1.9336535594108225e-08,1.5527929971505502e-205,0.0011072924860265922,0.0001390558722028963,0.0,0.0,0.0
1742111888.6222718,1.3475708837843574e-15,1.5527929971505502e-205,1.3705051116510693e-05,3.670927517378077e-08,0.0,0.0,0.0
1742111888.722305,5.7784623170929584e-15,0.0,1.961348382782042e-05,7.601619772846415e-08,-0.04861802596580311,0.4367468870542466,0.08756524686233391
1742111888.822508,7.953013950350324e-15,0.0,2.1351412503394387e-05,8.917967229335575e-08,-0.0486432396830665,0.4367446736166458,0.08757070068733087
1742111888.9228628,1.163433412382722e-15,0.0,1.2918824919470674e-05,3.410913971918263e-08,-0.04861802596943221,0.43674688709557397,0.08756515745536676
1742111889.0224016,1.8793499298217037e-15,0.0,1.466605027082889e-05,4.3351469753881514e-08,-0.04861802596943221,0.43674688709557397,0.08756238583938468
1742111889.1222873,1.8793499295797104e-15,0.0,1.4666050270396075e-05,4.335146975109045e-08,-0.04861802598262521,0.4367468872458593,0.08757430676833974
1742111889.2229059,3.978297614435001e-16,0.0,9.742870960535793e-06,1.9945670243025177e-08,-0.04861802600964005,0.4367468875535687,0.08758846287147395
1742111889.3230035,1.6214349135993773e-12,0.0,9.01294695922027e-05,1.2733557686677267e-06,-0.04861802600964005,0.4367468875535687,0.0875816679419695
1742111889.4237545,1.1535728420878805e-15,0.0,1.2889124942809343e-05,3.396428774592337e-08,-0.04861802600964005,0.4367468875535687,0.08757526044265619
1742111889.5227263,1.1530351993756006e-15,0.0,1.2887538187342004e-05,3.3956371999605616e-08,-0.04864323970830142,0.43674467390406635,0.08756667737380855
1742111889.6231666,1.3120309009323602e-15,0.0,1.3334544358550457e-05,3.622196710467779e-08,-0.048643239701240404,0.4367446738236642,0.08757305507079945
1742111889.7233675,4.861205259171588e-16,4.171386042620039e-43,1.0269358389365207e-05,2.2048141098903526e-08,-0.048643239687285345,0.4367446736647378,0.08759624127761696
1742111889.822425,1.3198639217499702e-15,4.1713860872097926e-43,1.3300280942763167e-05,3.6329931485621746e-08,-0.048643239712921726,0.43674467395666716,0.08757308487312185
1742111889.922776,1.3198639217499702e-15,4.1713860872097926e-43,1.3300280942763167e-05,3.6329931485621746e-08,-0.048643239712921726,0.43674467395666716,0.08758253220931875
1742111890.0246606,1.8413093141834916e-15,0.0,1.4526364745766616e-05,4.2910480237157584e-08,-0.04861802601848453,0.4367468876542606,0.08757356171028001
1742111890.1229115,2.3860118540768706e-15,0.0,1.561575145491723e-05,4.884682030671874e-08,-0.04861802601848453,0.4367468876542606,0.08757263783828613
1742111890.2406533,1.9763385649472042e-15,0.0,1.4860392668311571e-05,4.4456029567958544e-08,-0.04864323972096862,0.4367446740483416,0.08757579688445914
1742111890.3228784,3.151185297762742e-15,0.0,1.6722432942342076e-05,5.613541928019013e-08,-0.048618026045533114,0.4367468879623455,0.08757612471000538
1742111890.4222856,3.151185297869836e-15,0.0,1.6722432942482978e-05,5.613541928114402e-08,-0.048618026042070994,0.4367468879228955,0.08757299546615468
1742111890.5220356,1.5529172400103995e-15,1.982443192124227e-71,1.3941233092388613e-05,3.9407070939241344e-08,-0.048618026043094176,0.4367468879345433,0.08757391933814877
1742111890.6229854,1.712109809705592e-15,1.9824431875212255e-71,1.4301911683396198e-05,7.671778564446747e-10,-0.04861802603791432,0.43674688787555604,0.0875692403735339
1742111890.7246785,3.647739514594447e-15,1.9824431875212255e-71,1.7454960784638842e-05,1.2236832723462392e-09,-0.04861802603791432,0.43674688787555604,0.08759001259223816
1742111890.8224578,3.646068177394924e-15,1.9780459547677905e-71,1.7452852949929685e-05,1.2233371478356682e-09,-0.04864323972060802,0.43674467404420825,0.08758709196464405
1742111890.92308,5.006091964214626e-15,1.9780459665280558e-71,1.897312702146573e-05,1.4877506133589958e-09,-0.048643239733868526,0.436744674195245,0.08757412795440538
1742111891.0221097,3.6633539520931467e-16,1.9824431889283715e-71,9.533251594283027e-06,2.961625727547711e-10,-0.04861802603949883,0.43674688789359006,0.08756062750236385
1742111891.1235936,1.722036722080572e-15,0.0,1.4330765775633267e-05,7.699205847120849e-10,-0.04861802603949883,0.43674688789359006,0.08758184675590391
1742111891.2232983,3.23812910076681e-15,0.0,1.6916177381475094e-05,1.1369389250923763e-09,-0.04861802604962584,0.43674688800893424,0.0875909960688769
1742111891.3254738,3.23812910076681e-15,0.0,1.6916177381475094e-05,1.1369389250923763e-09,-0.04861802604962584,0.43674688800893424,0.08758241300002931
1742111891.4223585,2.3358545609430152e-15,0.0,1.5525087311500638e-05,9.293438275433911e-10,-0.04861802603560683,0.4367468878492571,0.08756974701301441
1742111891.5305092,3.1167775015860106e-15,3.6024674261021146e-166,1.6747924373452535e-05,1.1104459067361593e-09,-0.04861802603560683,0.4367468878492571,0.08758286003486503
1742111891.6233225,3.076931165177971e-15,0.0,1.669139527594907e-05,1.1016610952156087e-09,-0.048618026029602746,0.436746887780878,0.08757901553527703
1742111891.7338903,1.921907937269937e-15,7.114171514816431e-14,1.4744938396520364e-05,8.239186031957256e-10,-0.048618026029602746,0.436746887780878,0.08758458856956343
1742111891.823682,6.000018406630575e-16,7.114171514816431e-14,1.0851870353496849e-05,4.01603871274842e-10,-0.048618026029602746,0.436746887780878,0.08756989602462639
1742111891.922534,6.000018406630575e-16,7.114171514816431e-14,1.0851870353496849e-05,4.01603871274842e-10,-0.048618026029602746,0.436746887780878,0.08757359151260241
1742111892.0341063,3.903923110502782e-15,7.110695865661785e-14,1.776955217075142e-05,1.27604200997415e-09,-0.048643239698309415,0.4367446737902281,0.08759162191764701
1742111892.1264312,4.772368948860169e-15,7.110695865661785e-14,1.873608200220305e-05,1.444482726062926e-09,-0.048643239698309415,0.4367446737902281,0.08759770159141396
1742111892.2224362,6.4035687292102905e-15,1.3249064516084323e-14,2.024729009825414e-05,1.7319372187157255e-09,-0.04864323973030871,0.436744674154669,0.08757892612830996
1742111892.3231745,5.348257716864561e-15,1.3256526140182537e-14,1.9307418001712304e-05,1.5497245840219898e-09,-0.04861802607951837,0.4367468883493302,0.08758685354606502
1742111892.4244359,1.2855911839808517e-14,1.3256526140182537e-14,2.4346640870187614e-05,2.6630060406991012e-09,-0.04861802607951837,0.4367468883493302,0.08758339647666805
1742111892.5252345,6.969074997470528e-14,1.3256526146745547e-14,3.790804995303962e-05,7.559675812720286e-09,-0.04861802608123256,0.43674688836886744,0.08758494619743216
1742111892.6332474,1.87099624965239e-13,1.3256526133746686e-14,4.921927792726179e-05,1.3907686325278868e-08,-0.048618026077834386,0.43674688833016906,0.08758187655822629
1742111892.72342,4.899055856541238e-14,0.0,3.4666843197574185e-05,6.081629998727398e-09,-0.04861802607816479,0.4367468883339263,0.08758217458145011
1742111892.8243568,7.280704295509234e-12,0.0,0.0001345536140900179,1.3329025244859268e-07,-0.04861802607816479,0.4367468883339263,0.08757800225631585
1742111892.923205,1.6235849656045076e-14,0.0,2.589056207946495e-05,1.2741997353651066e-07,-0.04864323976775076,0.4367446745811028,0.08757213119880544
1742111893.022243,1.624312182174761e-14,1.487438413071005e-19,2.5893605194345227e-05,1.2744850654969484e-07,-0.04861802609195287,0.4367468884909751,0.08756691579238758
1742111893.123522,1.3309596029363798e-15,1.4867241654366917e-19,1.3382753117541324e-05,3.648231904548256e-08,-0.0486432397743819,0.4367446746566217,0.08759183053390374
1742111893.2226255,7.300308012780994e-15,1.486724173528824e-19,2.096188640718532e-05,8.544183994262409e-08,-0.04864323978658902,0.4367446747956356,0.08758080367462025
1742111893.325056,3.855111576573917e-15,1.486724173528824e-19,1.7710757002209793e-05,6.208954482498577e-08,-0.04864323978658902,0.4367446747956356,0.08757326368705613
1742111893.4245684,1.7862637163103537e-15,4.5988064254403845e-219,1.4463761987605868e-05,4.226421318693102e-08,-0.04864323978658902,0.4367446747956356,0.08757678036109798
1742111893.5230758,9.672777589788172e-15,1.3493548864105405e-58,2.2585423374557158e-05,9.835028006969869e-08,-0.04864323978658902,0.4367446747956356,0.087584856790465
1742111893.6224523,1.7268118078382463e-14,1.3493548864105405e-58,2.6315292258627843e-05,1.3140821160940614e-07,-0.04864323978658902,0.4367446747956356,0.08759048942939629
1742111893.7228346,2.626982504671091e-14,1.3515522222882659e-58,2.925935326880068e-05,1.620796873353071e-07,-0.04861802612791166,0.4367468889005026,0.08757573727981433
1742111893.823679,1.677790341240439e-14,1.3515522177554049e-58,2.6116735975184918e-05,1.2952954648420717e-07,-0.04861802611940469,0.43674688880356793,0.08756804828063831
1742111893.9251902,6.487874784219203e-15,0.0,2.0317756362956007e-05,8.054734498553757e-08,-0.04861802611940469,0.43674688880356793,0.08758819465057247
1742111894.0273075,1.5473706374116579e-15,0.0,1.392908390126715e-05,3.9336632258133865e-08,-0.04861802611940469,0.43674688880356793,0.08757904533759943
1742111894.1262991,1.9281740731473223e-15,0.0,1.4764394746397716e-05,4.3910978959109106e-08,-0.04861802611940469,0.43674688880356793,0.08758241300002931
1742111894.2227762,1.9281740731852318e-15,0.0,1.4764394746463224e-05,4.391097895954076e-08,-0.0486180261173601,0.43674688878027434,0.08758092288390978
1742111894.3260596,1.8206702217898923e-15,0.0,1.4538844237247948e-05,4.26693124129027e-08,-0.048643239799293525,0.43674467494028524,0.08757612471000538
1742111894.423488,1.8215133304815874e-15,0.0,1.4540617492445385e-05,4.267919083677182e-08,-0.04861802611521604,0.436746888755853,0.08757898573295453
1742111894.5235882,1.4736944210276372e-15,1.4146521061913474e-21,1.3749487097375122e-05,3.8388727786000375e-08,-0.04864323981047569,0.43674467506765224,0.087569329780501
1742111894.62497,5.740189092986533e-15,1.4146521061913474e-21,1.9669465292979348e-05,7.576403561708241e-08,-0.04864323981047569,0.43674467506765224,0.08756503824607711
1742111894.721923,8.207168482321917e-15,0.0,2.1621780349201972e-05,9.059342405672675e-08,-0.04864323981047569,0.43674467506765224,0.0875710881175218
1742111894.8300588,1.521761672900541e-14,0.0,2.544998576781786e-05,1.233597046405568e-07,-0.048618026120889724,0.43674688882047574,0.0875769293727099
1742111894.9269109,1.4929546710021795e-14,0.0,2.5322752228718787e-05,1.221865242570628e-07,-0.04864323979358964,0.436744674875287,0.0875659919203936
1742111895.0220973,6.709542347218562e-15,5.166391620317191e-63,2.0498796123051702e-05,8.191179614206102e-08,-0.04864323977699492,0.4367446746863035,0.08758098248855455
1742111895.1225767,6.122454535911783e-15,5.166391620317191e-63,2.000873029855318e-05,7.824611514900776e-08,-0.04864323977699492,0.4367446746863035,0.08757061128036377
1742111895.223425,4.981916091791411e-15,5.166391644542912e-63,1.894887219842973e-05,7.058268974608017e-08,-0.04864323978857499,0.43674467481817936,0.08756015066520573
1742111895.3236725,4.981916091821924e-15,5.166391643024611e-63,1.89488721984607e-05,7.058268974629633e-08,-0.04864323978784846,0.4367446748099135,0.08757847909347408
1742111895.4247236,4.0317516114503095e-15,5.166391665938924e-63,1.792106323266496e-05,6.349607555944154e-08,-0.048643239798801474,0.4367446749346504,0.0875685847224413
1742111895.5221312,4.333183401077038e-15,5.166391665938924e-63,1.8264135185139036e-05,6.582692003334987e-08,-0.048643239798801474,0.4367446749346504,0.08756715421096667
1742111895.6229744,4.700847373492969e-15,5.175772640453714e-63,1.8658141470003904e-05,6.856272583184664e-08,-0.0486180261120186,0.4367468887194095,0.08757505182639948
1742111895.7224295,5.892220242568674e-15,5.175772627523245e-63,1.9715862015232158e-05,7.67607988661444e-08,-0.048618026105851087,0.436746888649151,0.08756947879211298
1742111895.8225675,2.150014601961526e-15,5.166391690164352e-63,1.5187608498980584e-05,4.636824993421173e-08,-0.048643239810381544,0.43674467506652626,0.08756363753692487
1742111895.9222379,2.190828857349533e-15,5.175772641007414e-63,1.526270072918118e-05,4.6806290788199967e-08,-0.0486180261122815,0.43674688872241596,0.08759594325439325
1742111896.0219433,2.189817442611729e-15,5.166391702104899e-63,1.5260835647945155e-05,4.6795485280224726e-08,-0.04864323981608898,0.4367446751315254,0.0875683761061846
1742111896.1223824,1.9833577947135657e-15,5.166391702104899e-63,1.4868971210416608e-05,4.453490535202209e-08,-0.04864323981608898,0.4367446751315254,0.08758584026710381
1742111896.223577,5.337960693131384e-09,5.166391702104899e-63,0.000779081357610932,7.306134883186447e-05,-0.04864323981608898,0.4367446751315254,0.08758411173240534
1742111896.322237,1.7886561379374597e-15,5.157027668703033e-63,1.4467912645732249e-05,4.2292506876957055e-08,-0.048668453508611265,0.4367424614121398,0.0875797307910143
1742111896.4257371,5.097593794973101e-09,5.175772698052111e-63,0.0007693644290032607,7.139743549297201e-05,-0.04861802613949706,0.43674688903237935,0.08758780722038133
1742111896.529238,2.642797039355587e-15,5.166391691545801e-63,1.603804054812277e-05,5.140814176135514e-08,-0.048643239811038796,0.43674467507404047,0.08758229379073969
1742111896.6222882,7.769978596081542e-15,5.166391691545801e-63,2.1310905360676458e-05,8.814748207454109e-08,-0.048643239811038796,0.43674467507404047,0.08758840326682915
1742111896.7266824,1.7255748186366416e-14,0.0,2.631032914062976e-05,1.3136113651444408e-07,-0.04861802613966404,0.43674688903425785,0.08757818107025012
1742111896.822853,1.724803039935516e-14,0.0,2.630724790584495e-05,1.3133175701008175e-07,-0.04864323983023944,0.4367446752927058,0.08757105831519946
1742111896.923322,4.7007073741088525e-15,0.0,1.8658044943505704e-05,6.856170486582763e-08,-0.04864323983023944,0.4367446752927058,0.08756968740836962
1742111897.028818,1.630762706576764e-15,0.0,1.41226498751248e-05,4.038270306179075e-08,-0.048618026139070736,0.43674688902749437,0.08757901553527703
1742111897.1267724,4.140280688233854e-15,0.0,1.8045137517687048e-05,6.434501292434289e-08,-0.048618026139070736,0.43674688902749437,0.08758122090713368
1742111897.2234306,5.865436711934418e-14,0.0,3.6362717778222325e-05,2.421866369545277e-07,-0.048643239838719765,0.4367446753892643,0.08755982283965939
1742111897.3224788,4.334218715451066e-14,0.0,3.356191084318969e-05,2.081878650510415e-07,-0.04861802615589639,0.4367468892191091,0.08758998278991566
1742111897.4286237,1.3273009366896185e-14,0.0,2.4547200484302242e-05,1.1520854728229232e-07,-0.048618026138246506,0.4367468890181023,0.08757403854743828
1742111897.52291,2.6238878464577236e-15,3.0045916035316133e-58,1.6007299213895425e-05,5.122389917272721e-08,-0.048618026138246506,0.4367468890181023,0.08758071426765313
1742111897.6249034,1.1912384031841372e-14,3.0045916035316133e-58,2.385907577142669e-05,1.0914386850318881e-07,-0.048618026138246506,0.4367468890181023,0.08758604888336048
1742111897.7247326,1.190702489424306e-14,2.9996602969122662e-58,2.3856245159035173e-05,1.0911931494581086e-07,-0.04864323981457197,0.436744675114243,0.08758941654579032
1742111897.8219132,1.1761390405099818e-14,3.00459162148724e-58,2.378201298052212e-05,1.0844994423742143e-07,-0.048618026153157246,0.4367468891879249,0.08758616809265013
1742111897.923721,6.10759298366536e-15,3.00459162148724e-58,1.9990456036805327e-05,7.815109073880774e-08,-0.048618026153157246,0.4367468891879249,0.08759293321983204
1742111898.0232131,1.9733477242299045e-15,0.0,1.4855656382261536e-05,4.4422378642187817e-08,-0.048643239812195205,0.4367446750871913,0.08758929733650071
1742111898.1231594,8.622546256575568e-16,0.0,1.1935640808801027e-05,2.9364172483786374e-08,-0.04861802618760436,0.43674688958016916,0.08760443691627376
1742111898.2221606,6.641672872529878e-16,0.0,1.1144704689490206e-05,2.577144325126142e-08,-0.048618026172198014,0.43674688940471174,0.08759051923171868
1742111898.321856,1.038312107280687e-08,0.0,0.0009340676829537734,0.00010189760091781784,-0.04861802618401079,0.43674688953921703,0.08760118846313346
1742111898.4319608,2.12491679836095e-15,0.0,1.5141239304106705e-05,4.6096819829148195e-08,-0.04864323980890006,0.4367446750496209,0.08760738734619015
1742111898.522204,2.125898615319537e-15,0.0,1.5143076732945399e-05,4.610746810788397e-08,-0.04861802617721267,0.4367468894618203,0.08760309581176633
1742111898.6376407,1.3392607513688943e-14,0.0,2.4607558719977117e-05,1.1572643394527001e-07,-0.04864323983836272,0.43674467538513273,0.08759883407966484
1742111898.722684,5.826165745809567e-15,0.0,1.9747209869816227e-05,7.632932428503194e-08,-0.04861802621687339,0.436746889913427,0.08760971192733633
1742111898.822707,5.050600271409109e-15,0.0,1.901725162633382e-05,7.106757538715605e-08,-0.048643239850012066,0.4367446755177584,0.08760014538184994
1742111898.9223194,7.334659312819366e-15,0.0,2.0987781177215394e-05,8.564262556005254e-08,-0.048643239850012066,0.4367446755177584,0.087615523380202
1742111899.023382,1.0146697955258707e-14,0.0,2.286617540186393e-05,1.0073081929210497e-07,-0.04861802623894995,0.43674689016477797,0.08760553960220203
1742111899.122593,1.2436489246128608e-14,0.0,2.413148547255313e-05,1.1151900845205093e-07,-0.04864323986796393,0.43674467572214604,0.08762070898429744
1742111899.2252162,1.2442083101509226e-14,0.0,2.4134378024581296e-05,1.1154408591005274e-07,-0.04861802624558287,0.4367468902402969,0.08759647969619618
1742111899.321957,4.071228913517651e-14,0.0,3.300881570154935e-05,2.017728652103065e-07,-0.048643239877335986,0.4367446758288491,0.08760571841613636
1742111899.4249647,5.4206237052298364e-15,0.0,1.937591413892531e-05,7.36248850948498e-08,-0.048618026234496625,0.43674689011405743,0.08759683732406494
1742111899.5231333,2.6949093727562384e-14,6.58739750146199e-33,2.9589197484159397e-05,1.6416179131442974e-07,-0.04864323984799945,0.4367446754948403,0.08760697011367663
1742111899.6229465,1.0279182621546788e-14,6.58739750146199e-33,2.2945015076737826e-05,1.0138630391501007e-07,-0.04864323984799945,0.4367446754948403,0.08761877183334218
1742111899.7292273,1.180942462801932e-15,1.2876206910783368e-18,1.2969480344476038e-05,3.436484341302797e-08,-0.04864323984799945,0.4367446754948403,0.08760393027679311
1742111899.8225882,8.758931685577789e-16,1.2876206873697875e-18,1.198743759123649e-05,2.9595492368902717e-08,-0.04864323984116936,0.4367446754170683,0.0876100993575274
1742111899.922205,8.758931685577789e-16,1.2876206873697875e-18,1.198743759123649e-05,2.9595492368902717e-08,-0.04864323984116936,0.4367446754170683,0.08762288455383165
1742111900.0225542,7.316374716735052e-16,1.2881393840852757e-18,1.1431318044338534e-05,2.7048797970954368e-08,-0.048618026241030066,0.4367468901884486,0.08758846287147395
1742111900.1230972,2.122980616624038e-15,0.0,1.5140770718458418e-05,4.607581379231449e-08,-0.048618026241030066,0.4367468901884486,0.0876150763453661
1742111900.2232294,2.122000249799262e-15,0.0,1.5138933884422598e-05,4.6065173936492e-08,-0.0486432398518275,0.4367446755384228,0.08761427168266171
1742111900.321971,6.437636034122482e-15,0.0,2.0273955154509854e-05,8.023488040822695e-08,-0.04864323984922159,0.43674467550874096,0.08761930827514523
1742111900.4227808,2.527499888577919e-12,0.0,0.00010144626757076585,1.5898112745159153e-06,-0.048618026225685895,0.4367468900137419,0.08760497335807663
1742111900.5226047,1.5063499998588637e-12,0.0,8.837867632958255e-05,1.2273345101718862e-06,-0.04864323983407459,0.43674467533628913,0.0876141822756945
1742111900.6222985,7.151939487556525e-16,0.0,1.1363668860119042e-05,2.674311030444388e-08,-0.04864323983407459,0.43674467533628913,0.08760431770698428
1742111900.7229967,7.230071831187132e-16,0.0,1.1396089754942376e-05,2.688879289069543e-08,-0.04864323983407459,0.43674467533628913,0.08760276798622008
1742111900.8253922,7.226679938362338e-16,0.0,1.1394685255002918e-05,2.6882484889537905e-08,-0.04866845344982096,0.43674246074262024,0.08760768536941396
1742111900.926503,6.975276309488262e-16,0.0,1.1289894171599346e-05,2.641074839812053e-08,-0.048618026221229016,0.4367468899630196,0.0876084900321184
1742111901.0223792,6.97200202120558e-16,0.0,1.1288497965130874e-05,2.640454889068469e-08,-0.048643239867038446,0.43674467571162534,0.08759832744018423
1742111901.1312163,4.2107780787699555e-09,0.0,0.0007302831827814411,6.489050838735936e-05,-0.048643239867038446,0.43674467571162534,0.08759960894004695
1742111901.2303913,7.129700235660893e-16,0.0,1.1354037366567685e-05,2.6701498526601262e-08,-0.04861802620704303,0.43674688980146303,0.08757657174484124
1742111901.3236763,1.4252246032633579e-15,7.384084797491231e-87,1.3630699494810167e-05,3.775214700203629e-08,-0.04864323987373531,0.436744675787895,0.08759424452201714
1742111901.4225175,2.7781279397680887e-15,7.397154324297924e-87,1.6249891847064525e-05,5.270794949310861e-08,-0.048618026206415976,0.4367468897943241,0.08758801583663814
1742111901.5259044,2.805074370537341e-15,7.3840844930850145e-87,1.629134459539528e-05,5.296295281172813e-08,-0.04864323983404262,0.436744675335913,0.08759919170753347
1742111901.6294818,2.8050743704390003e-15,7.384084522438245e-87,1.6291344595250264e-05,5.2962952810799744e-08,-0.04864323983786889,0.43674467537949524,0.08759707574264397
1742111901.7235994,1.5445506378813418e-15,7.3971541813332e-87,1.3922787354383546e-05,3.93007714667453e-08,-0.048618026187805086,0.43674688958242314,0.08760655288116319
1742111901.825747,8.304628401969546e-16,5.171324545266781e-17,1.1817354432696351e-05,2.8817752171134974e-08,-0.04864323982120666,0.436744675189761,0.0875943339289843
1742111901.9266846,7.751754307655453e-16,5.356860748806385e-42,1.1605057176119631e-05,2.7841972465426102e-08,-0.04861802616279576,0.4367468892976334,0.08757755522147996
1742111902.0312512,7.388453783321417e-16,1.3673628291459576e-31,1.1460233276216903e-05,2.7181710364363417e-08,-0.048643239815232775,0.4367446751217572,0.08758873109237542
1742111902.1241438,7.963080062928495e-16,1.3673628291459576e-31,1.1689690478025089e-05,2.8218929928203327e-08,-0.048643239815232775,0.4367446751217572,0.08759299282447681
1742111902.2233062,2.84714187150078e-09,1.3673628186673837e-31,0.0006565120347443283,5.335861571949538e-05,-0.0486432398025638,0.4367446749774828,0.08760020498649473
1742111902.3224847,2.84714187150078e-09,1.3673628186673837e-31,0.0006565120347443283,5.335861571949538e-05,-0.0486432398025638,0.4367446749774828,0.0875917113246142
1742111902.4231598,9.154042198068325e-16,1.3673628186673837e-31,1.2126617190855624e-05,3.025564773404847e-08,-0.0486432398025638,0.4367446749774828,0.08758250240699637
1742111902.5222201,1.2697771711764385e-15,0.0,1.3220434670944748e-05,3.563393286147964e-08,-0.048618026133825154,0.43674688896775726,0.08758953575507993
1742111902.6220584,1.4785978952684336e-15,0.0,1.3761987663444203e-05,3.845254081680993e-08,-0.04861802615635824,0.43674688922436755,0.08759305242912165
1742111902.7221086,2.066938720696411e-15,0.0,1.5032432265314557e-05,4.546359775354796e-08,-0.04864323979517238,0.4367446748933228,0.08760148648635731
1742111902.8225074,8.07082974329233e-16,0.0,1.1730737945445888e-05,2.8409205802507627e-08,-0.04861802616434652,0.4367468893152904,0.08759725455657834
1742111902.92226,7.27957221117055e-16,0.0,1.1417259521497126e-05,2.698068236937411e-08,-0.04861802616434652,0.4367468893152904,0.08759674791709773
1742111903.022053,9.394680882443406e-16,0.0,1.2210597112555615e-05,3.065074368175005e-08,-0.04861802616434652,0.4367468893152904,0.08760008577720514
1742111903.1229956,5.738227971859863e-09,0.0,0.0007946127862310658,7.575109221562328e-05,-0.04861802615286237,0.4367468891845414,0.08758971456901418
1742111903.223055,5.738227971859863e-09,0.0,0.0007946127862310658,7.575109221562328e-05,-0.04861802615286237,0.4367468891845414,0.08759829763786181
1742111903.3225076,4.9431749792395115e-09,0.0,0.0007629184966310491,7.030771635631121e-05,-0.04861802615286237,0.4367468891845414,0.08759469155685298
1742111903.4220622,1.1044196220324317e-15,0.0,1.2741225139528238e-05,3.323280942129979e-08,-0.04864323978114804,0.43674467473364365,0.08759919170753347
1742111903.523853,4.549806107273929e-15,0.0,1.8493601855731428e-05,6.745225057234139e-08,-0.04864323978114804,0.43674467473364365,0.08759817842857229
1742111903.6224046,3.9624552467318914e-15,0.0,1.7835145138869413e-05,6.294803608320034e-08,-0.0486180261330631,0.4367468889591144,0.08759516839401119
1742111903.7260964,4.991435498998482e-15,0.0,1.895299359495327e-05,7.065009199568307e-08,-0.04864323977068885,0.43674467461454336,0.08760729793922296
1742111903.8222706,1.3614640731232462e-15,0.0,1.3466995635508774e-05,3.6898022618065136e-08,-0.04864323977068885,0.43674467461454336,0.08759153251067983
1742111903.9260566,2.616247182992045e-15,0.0,1.599663239144144e-05,5.114926375806444e-08,-0.048618026105149426,0.4367468886412613,0.08758646611587387
1742111904.025207,1.645021359854955e-15,0.0,1.4158590871347043e-05,4.0558862901404854e-08,-0.048643239738057176,0.43674467424296326,0.08759090666190968
1742111904.123623,1.645021359854955e-15,0.0,1.4158590871347043e-05,4.0558862901404854e-08,-0.048643239738057176,0.43674467424296326,0.08757987980262627
1742111904.2223017,1.7526986924381094e-15,0.0,1.4398641488376312e-05,4.186524444498216e-08,-0.048618026092247746,0.4367468884943577,0.08758792642967089
1742111904.3219259,1.7526986925643025e-15,0.0,1.43986414886201e-05,4.1865244446489294e-08,-0.0486180260848883,0.43674688841057385,0.08758816484825004
1742111904.4243784,1.6220949680286865e-15,0.0,1.4104342175129979e-05,4.027524013620138e-08,-0.048643239740792765,0.4367446742741474,0.08760479454414233
1742111904.532562,4.282278421732821e-15,0.0,1.82038781756128e-05,6.543911996453513e-08,-0.04861802608531818,0.43674688841545795,0.08760047320739618
1742111904.622363,4.280321575125342e-15,0.0,1.8201698067353207e-05,6.542416659863037e-08,-0.04864323972479134,0.4367446740919265,0.08759570483581416
1742111904.7225783,4.003055565541472e-15,0.0,1.7885052681234174e-05,6.326970495854609e-08,-0.04861802608789212,0.4367468884447634,0.08760202292816033
1742111904.8221133,3.49038326566625e-15,0.0,1.7252860498617907e-05,5.907946568534832e-08,-0.04861802607321053,0.4367468882775718,0.08758876089469783
1742111904.927043,2.6387632593953978e-15,0.0,1.6032044182046505e-05,5.1368893889156283e-08,-0.04861802607321053,0.4367468882775718,0.08761176828758109
1742111905.0220597,2.158406669906178e-15,0.0,1.5205437262995471e-05,4.6458655489652064e-08,-0.04861802607321053,0.4367468882775718,0.0875988936843096
1742111905.1244106,1.931001289513403e-15,6.198320440373063e-89,1.4771312938585262e-05,4.394315975795781e-08,-0.04861802607321053,0.4367468882775718,0.08759215835944995
1742111905.238706,1.9604516012039018e-15,6.198320249062019e-89,1.4826001176228992e-05,4.427698726431036e-08,-0.048618026043781626,0.4367468879424361,0.08757934336082329
1742111905.322254,1.959545201608835e-15,0.0,1.4824199149068392e-05,4.426675052010069e-08,-0.04864323970579143,0.43674467387551674,0.08759570483581416
1742111905.4268515,1.5558338452774666e-15,0.0,1.3950212846238381e-05,3.9444059695693936e-08,-0.04864323970579143,0.43674467387551674,0.08758968476669181
1742111905.526572,4.036519920052029e-15,0.0,1.7922238012502304e-05,6.353361252165682e-08,-0.04864323971186124,0.43674467394464833,0.08758420113937243
1742111905.6220884,5.644849560469866e-15,0.0,1.9577754199641483e-05,7.513221386642261e-08,-0.04864323971186124,0.43674467394464833,0.08758512501136646
1742111905.7244473,3.0880059118530495e-15,0.0,1.6707011098378985e-05,5.556982915083553e-08,-0.04864323972479312,0.4367446740919281,0.08757344250099047
1742111905.8302004,3.0894245797139243e-15,0.0,1.6709016364216062e-05,5.5582592416276557e-08,-0.04861802604450993,0.43674688795070304,0.08758509520904409
1742111905.923454,2.9682250689046503e-15,0.0,1.6534805357247896e-05,5.4481419483202254e-08,-0.04861802604450993,0.43674688795070304,0.08758890990630974
1742111906.0260994,2.8609716262917046e-15,0.0,1.6375905958909676e-05,5.3488051247841366e-08,-0.04864323972110007,0.43674467404984907,0.08758738998786797
1742111906.1233764,2.002151150400174e-15,5.1770953807161596e-238,1.4906675938320325e-05,4.474540367903919e-08,-0.04864323972110007,0.43674467404984907,0.08757678036109798
1742111906.2224956,1.5488826707506153e-15,0.0,1.3931745238981371e-05,3.935584671622013e-08,-0.04864323972110007,0.43674467404984907,0.08757666115180836
1742111906.3230617,2.295400404948094e-15,0.0,1.545486239799802e-05,4.7910337140831035e-08,-0.04861802603243426,0.43674688781319215,0.08756304149047715
1742111906.4222653,2.174101987905473e-15,0.0,1.5234830817922206e-05,4.6627266571239976e-08,-0.04864323971740525,0.43674467400776895,0.0875912642897784
1742111906.5260103,2.838092440360036e-15,0.0,1.6341570498809026e-05,5.3273750012178e-08,-0.04864323973654017,0.43674467422568175,0.08757397894279345
1742111906.6227195,3.154930302216192e-15,0.0,1.6801144538579643e-05,5.616876625150487e-08,-0.04864323972683948,0.43674467411522166,0.08758274082557549
1742111906.7268991,3.156379287309202e-15,0.0,1.6803165170440752e-05,5.61816632657774e-08,-0.04861802604827048,0.4367468879935337,0.08757985000030384
1742111906.8219354,3.702372898324623e-15,0.0,1.7521284763609374e-05,6.084712728078971e-08,-0.04861802604249732,0.4367468879277838,0.08757463459388587
1742111906.921934,8.817975496061494e-09,0.0,0.0008933783231664746,9.390407603539632e-05,-0.048643239711664066,0.4367446739423946,0.0875816679419695
1742111907.0234983,7.504032936629423e-09,0.0,0.0008548838587392025,8.662582141965191e-05,-0.048643239711664066,0.4367446739423946,0.08758151893035765
1742111907.1260731,9.296084613236524e-09,0.0,0.0009063535328403382,9.641620513812252e-05,-0.04864323970100948,0.4367446738210383,0.0875911450804888
1742111907.2223363,4.227483241663353e-15,0.0,1.814228842093489e-05,6.501909905299636e-08,-0.04861802603280019,0.43674688781732396,0.08757830027953972
1742111907.3218677,4.227483240591234e-15,0.0,1.814228841957168e-05,6.501909904475171e-08,-0.048618026060117,0.43674688812841356,0.08760297660247666
1742111907.4243345,7.68709846503662e-09,1.5951714362528106e-82,0.0008605217131045152,8.767609973668207e-05,-0.04864323969830231,0.43674467379022963,0.08759910230056632
1742111907.5226192,8.33907747351018e-09,0.0,0.0008798348934157716,9.131854944922297e-05,-0.04861802605272558,0.4367468880442551,0.08759078745262011
1742111907.6266844,7.494007084592188e-09,0.0,0.0008545690803944504,8.656793335058997e-05,-0.04861802605272558,0.4367468880442551,0.08757818107025012
1742111907.7265239,7.494007080206539e-09,0.0,0.0008545690802594929,8.65679333252593e-05,-0.04861802607552157,0.43674688830387165,0.08759877447502004
1742111907.8230617,4.4210975082786965e-15,0.0,1.8274875990504985e-05,6.649133408406465e-08,-0.04861802607552157,0.43674688830387165,0.0875957346381366
1742111907.925325,4.495412483129947e-15,0.0,1.8354621068297506e-05,6.704783727406833e-08,-0.04864323972674178,0.4367446741140948,0.08758905891792161
1742111908.025198,3.5076052960877633e-15,0.0,1.7273451628190827e-05,5.922503943508829e-08,-0.04861802608324517,0.4367468883917891,0.08760947350875727
1742111908.1231937,3.3797998944504056e-15,0.0,1.7031459289498886e-05,5.813604642947786e-08,-0.04864323969965234,0.4367446738056344,0.08760676149741993
1742111908.2222283,2.641304501586867e-15,0.0,1.6037136138411554e-05,5.139362316072751e-08,-0.04864323969965234,0.4367446738056344,0.08760896686927663
1742111908.3238792,8.544637705900559e-09,0.0,0.0008856916191966693,9.243720953112204e-05,-0.04861802605549492,0.4367468880758154,0.0875981188239275
1742111908.4224,6.839678356587718e-09,0.0,0.0008335204214228532,8.270234795087572e-05,-0.048618026055327945,0.4367468880739358,0.08760375146285879
1742111908.5237324,6.839678356587718e-09,0.0,0.0008335204214228532,8.270234795087572e-05,-0.048618026055327945,0.4367468880739358,0.08762392763511528
1742111908.6311593,7.348196991422309e-09,0.0,0.0008500164641086266,8.572162499289377e-05,-0.04864323965101214,0.4367446732518343,0.08761951689140181
1742111908.7228084,7.141824924292806e-09,0.0,0.0008434459149176201,8.450931856483524e-05,-0.04864323965101214,0.4367446732518343,0.08760911588088856
1742111908.824915,2.503725503204687e-15,0.0,1.5811399194654757e-05,5.003724116300465e-08,-0.04864323965101214,0.4367446732518343,0.0876272356929003
1742111908.924739,1.5785316450679609e-15,0.0,1.4003451828393908e-05,3.973073929677072e-08,-0.04864323963698425,0.4367446730921578,0.08761304978744368
1742111909.0220335,3.256690020269997e-15,0.0,1.6941516561714267e-05,5.7067416449932246e-08,-0.04864323963698425,0.4367446730921578,0.08763096098319872
1742111909.127035,1.694588535804535e-15,0.0,1.4268747875741557e-05,4.116538030681285e-08,-0.048618026049618734,0.4367468880089376,0.08763060335533013
1742111909.2231417,1.694588535804535e-15,0.0,1.4268747875741557e-05,4.116538030681285e-08,-0.048618026049618734,0.4367468880089376,0.08762118582145566
1742111909.3233953,2.2036584731241253e-15,0.0,1.5292857905013555e-05,4.694314085278195e-08,-0.048618026049618734,0.4367468880089376,0.08761182789222591
1742111909.4286973,1.9609488343491695e-15,0.0,1.4830271918360233e-05,4.428260193743328e-08,-0.04861802604331622,0.43674688793717675,0.08760613564864979
1742111909.5222309,2.011926361397329e-15,0.0,1.4932066915191965e-05,4.485450213074858e-08,-0.04864323965741413,0.4367446733247231,0.08761299018279894
1742111909.6252635,2.6216309712932935e-15,0.0,1.5936054063598065e-05,5.120186492007194e-08,-0.04864323965741413,0.4367446733247231,0.08759767178909168
1742111909.7254395,2.099961112192774e-15,0.0,1.5036327134224398e-05,4.582533264683164e-08,-0.048618026047179796,0.43674688798113537,0.08761620883361691
1742111909.8227053,3.3179924283189525e-15,0.0,1.6949291201652862e-05,5.760201757160032e-08,-0.04864323964041972,0.43674467313123144,0.0876209474028765
1742111909.9251182,2.7937369760720127e-15,0.0,1.620519386938064e-05,5.2855813077390194e-08,-0.04864323963563422,0.43674467307675213,0.08762526873962267
1742111910.0223687,1.788125216365378e-15,0.0,1.441293569070498e-05,4.228622963052367e-08,-0.048618026037477335,0.43674688787067617,0.08761307958976616
1742111910.122986,2.0883812165786645e-15,0.0,1.5078554988746974e-05,4.569880979389578e-08,-0.04864323964794437,0.43674467321689403,0.08761921886817796
1742111910.2221577,1.8923618342505856e-15,0.0,1.4631472958154614e-05,4.350128543216379e-08,-0.04864323965213657,0.436744673264609,0.08761543397323476
1742111910.3232489,3.3594830437866425e-15,0.0,1.700466413140863e-05,5.796104764224541e-08,-0.04864323966183903,0.43674467337506817,0.08762419585601676
1742111910.4226494,3.3610242956529594e-15,0.0,1.7006715116692597e-05,5.797434170090213e-08,-0.04861802606615484,0.43674688819717056,0.08761075500861994
1742111910.522254,2.015093797710801e-15,0.0,1.4874571560934236e-05,4.488979614245091e-08,-0.04861802606615484,0.43674688819717056,0.08762574557678084
1742111910.6223562,2.2355858130462898e-15,0.0,1.5286724467773955e-05,4.728198190691978e-08,-0.048643239661705806,0.4367446733735658,0.08761853341476317
1742111910.7256498,1.884817010356007e-15,0.0,1.4615646081520684e-05,4.341447927081479e-08,-0.0486180260672775,0.4367468882099452,0.08762282494918695
1742111910.823812,2.3775160515696592e-15,0.0,1.5534989137609446e-05,4.875977903528336e-08,-0.048643239672399474,0.43674467349529733,0.08760345343963494
1742111910.9292731,2.2595296192448648e-15,0.0,1.5328063430484e-05,4.75345097717949e-08,-0.048618026084009,0.4367468884004304,0.08763367299453607
1742111911.0291507,2.111850586260569e-15,0.0,1.5058379575748649e-05,4.595487554395691e-08,-0.048643239660814075,0.43674467336342215,0.08761832479850645
1742111911.128087,2.42761253480748e-15,0.0,1.568682212968395e-05,4.9270808140393636e-08,-0.048643239660814075,0.43674467336342215,0.087623599809569
1742111911.222596,2.257422350905366e-15,0.0,1.53246785298733e-05,4.751233893322203e-08,-0.048643239660814075,0.43674467336342215,0.08760887746230944
1742111911.3219218,2.258464196222969e-15,0.0,1.5326526410687595e-05,4.752330161323989e-08,-0.048618026043152796,0.4367468879352998,0.08760410909072741
1742111911.4231126,2.3183989452823536e-15,0.0,1.5431441050788456e-05,4.8149755402103066e-08,-0.0486180260515674,0.43674688803110673,0.08761170868293626
1742111911.5257373,1.5288664929594645e-15,0.0,1.3828574054817527e-05,3.910072240968784e-08,-0.048643239673715755,0.43674467351032664,0.08759919170753347
1742111911.6227891,1.4776941706227075e-15,0.0,1.3703744827784074e-05,3.844078785122266e-08,-0.048643239673715755,0.43674467351032664,0.08760440711395132
1742111911.7222164,1.412025858203625e-15,0.0,1.3540177665219417e-05,3.757693252786375e-08,-0.04864323966764417,0.43674467344119594,0.08760989074127064
1742111911.8218212,1.5789494134247397e-15,0.0,1.394666010675119e-05,3.973599644434174e-08,-0.04864323965731643,0.4367446733235987,0.08760750655547966
1742111911.923299,3.692510348502823e-15,0.0,1.742887898177086e-05,6.076602956013189e-08,-0.04864323965731643,0.4367446733235987,0.08759481076614249
1742111912.0218647,5.191623064447941e-15,0.0,1.9062184017180974e-05,7.205291850055723e-08,-0.04861802602896326,0.4367468877737448,0.08760786418334836
1742111912.1361485,5.189258007007853e-15,0.0,1.9059893113892187e-05,7.203650468344402e-08,-0.048643239657810255,0.4367446733292344,0.08759713534728873
1742111912.2237208,7.271293571409642e-15,0.0,2.084767768872192e-05,8.527188030886642e-08,-0.04864323964315709,0.43674467316241805,0.08761036757842884
1742111912.3222823,5.538575204528047e-15,0.0,1.9393513686684188e-05,7.442160442054476e-08,-0.04864323965431083,0.43674467328940914,0.08760029439346187
1742111912.4225311,5.566482570445626e-15,0.0,1.941668515651699e-05,7.460886388657601e-08,-0.04861802601671705,0.43674688763435543,0.08759680752174258
1742111912.5239146,3.307780573556781e-15,1.5226543597734056e-299,1.693559071824256e-05,5.751330779529883e-08,-0.04864323964381789,0.4367446731699316,0.08760977153198113
1742111912.623453,1.5142394223717845e-15,4.127970650166686e-26,1.3796194098328625e-05,3.8913229400446634e-08,-0.0486180260398843,0.43674688789810556,0.08761942748443474
1742111912.7226534,2.0675475360309882e-15,4.1279705738396923e-26,1.4981243886643143e-05,4.5470292895812625e-08,-0.04861802600507481,0.43674688750172797,0.0875879860343157
1742111912.8234775,2.0675475354451774e-15,4.1279706340329663e-26,1.4981243885784309e-05,4.547029288937094e-08,-0.04861802603252663,0.4367468878143208,0.08761278156654226
1742111912.923848,1.178251485469311e-15,1.8210910628412696e-84,1.2904436224783675e-05,3.432566802655574e-08,-0.04864323965804296,0.43674467333186273,0.08760387067214832
1742111913.0222142,3.078869310448781e-15,8.787472436456682e-253,1.6621685879057826e-05,5.548755996120915e-08,-0.048618026042197116,0.43674688792440475,0.08761525515930045
1742111913.1262467,3.3834195601411826e-15,0.0,1.7036291269875207e-05,5.816716909168936e-08,-0.048618026042197116,0.43674688792440475,0.08761588100807058
1742111913.2239912,5.81553524665499e-15,0.0,1.964005720422394e-05,7.625965674362159e-08,-0.048618026042197116,0.43674688792440475,0.08760732774154534
1742111913.3224707,6.934402386202553e-15,0.0,2.0582738735814248e-05,8.3273059186045e-08,-0.04864323966249806,0.43674467338258505,0.08758837346450678
1742111913.4222684,7.662409920804937e-15,0.0,2.113989637642448e-05,8.753519247025699e-08,-0.04864323966249806,0.43674467338258505,0.08760926489250051
1742111913.5222929,7.815232997623735e-15,0.0,2.1252626796699063e-05,8.840380646569318e-08,-0.04864323966249806,0.43674467338258505,0.08762029175178397
1742111913.6221619,4.365057435204591e-15,0.0,1.8201066264264564e-05,6.606858130158835e-08,-0.04864323967042061,0.43674467347275536,0.08759451274291855
1742111913.7218714,4.365057436690238e-15,0.0,1.8201066266140084e-05,6.606858131283158e-08,-0.04864323963913186,0.43674467311658005,0.08762276534454216
1742111913.823024,1.4019481545475196e-15,0.0,1.3519754498474178e-05,3.7442598127634244e-08,-0.04861802605110732,0.4367468880258474,0.08761757974044655
1742111913.9225063,1.4012970574882162e-15,1.1480035479178987e-16,1.3518078005590936e-05,3.74339025148089e-08,-0.04864323963952799,0.4367446731210889,0.08762392763511528
1742111914.0221627,1.6935322494789644e-15,1.0413610093300107e-21,1.42209633968407e-05,4.115254851742434e-08,-0.04864323963952799,0.4367446731210889,0.08760932449714527
1742111914.1258469,1.7579935819085763e-15,1.0413610054049034e-21,1.4361714443956182e-05,4.192843405027877e-08,-0.048643239631411817,0.4367446730286637,0.08761290077583186
1742111914.2343192,2.36670324106335e-15,0.0,1.5528074539725416e-05,4.8648774301757594e-08,-0.048643239631411817,0.4367446730286637,0.08763322595970029
1742111914.3269663,3.3087498003053188e-15,0.0,1.6936349669561286e-05,5.75217332866919e-08,-0.048618026035761375,0.43674688785114046,0.08761537436859002
1742111914.4219518,2.980349447604043e-15,0.0,1.6484422892764833e-05,5.4592576854404326e-08,-0.048643239621807055,0.4367446729193314,0.08761093382255426
1742111914.5235171,6.371189188452881e-15,0.0,2.011901392110775e-05,7.981972931833884e-08,-0.048618026013585336,0.43674688759866265,0.08761269215957511
1742111914.6224866,6.371189188452881e-15,0.0,2.011901392110775e-05,7.981972931833884e-08,-0.048618026013585336,0.43674688759866265,0.08761617903129448
1742111914.7222755,5.413604064475719e-15,0.0,1.9258719184270636e-05,7.357719799282737e-08,-0.048643239604380994,0.4367446727209565,0.08760732774154534
1742111914.8228734,6.313742422502808e-15,0.0,2.0069227052571305e-05,7.94590612989029e-08,-0.04861802598701637,0.436746887296215,0.0876165366591631
1742111914.923216,5.362406954771908e-15,0.0,1.9216762020655405e-05,7.322845727428585e-08,-0.04864323957768235,0.436744672417005,0.08762494091407647
1742111915.0253215,5.704787565633585e-15,0.0,1.95345232922285e-05,7.553004412572248e-08,-0.04861802599417864,0.43674688737774425,0.08762121562377807
1742111915.1222994,5.290746376151868e-15,0.0,1.9147396598673724e-05,7.27375169781858e-08,-0.04864323959675687,0.4367446726341664,0.08760750655547966
1742111915.2226293,4.022726974602228e-15,0.0,1.7819246024223922e-05,6.342497122271502e-08,-0.04861802600497178,0.4367468875006011,0.08761525515930045
1742111915.3280542,5.201705857038163e-15,0.0,1.9064082302813584e-05,7.212285252982e-08,-0.0486432396214429,0.43674467291519803,0.08761415247337218
1742111915.432726,5.2040761465018656e-15,0.0,1.9066377832691797e-05,7.213928296359664e-08,-0.048618026050515795,0.4367468880190839,0.08763349418060168
1742111915.5359294,5.05077020082498e-15,0.0,1.8916332518092826e-05,7.106877092524522e-08,-0.04864323962312689,0.4367446729343598,0.08762228850738396
1742111915.6237721,3.746457266524821e-15,0.0,5.56221113595882e-05,6.120831043677664e-08,-0.04864323962312689,0.4367446729343598,0.08762649063484063
1742111915.7237546,1.2998067697192058e-08,0.0,0.001618679378138184,0.00011400906848664302,-0.04861802601899434,0.43674688766027914,0.08772585157768117
1742111915.8240204,1.1169990342855164e-08,0.0,0.0015269787617689884,0.00010568817503796329,-0.03477655431415805,0.43797181023299747,0.08829495672599663
1742111915.9238708,2.1242023642469464e-12,0.0,0.00022279044711621889,6.231109208133116e-08,-0.005600126615465939,0.44048481685895813,0.08518806461707935
1742111916.0223074,6.44811249515619e-15,0.0,6.245277480150024e-05,1.7393640808082763e-09,0.012734254378424126,0.4420476506509019,0.08477276925460689
1742111916.1219006,9.297363696710529e-15,0.0,6.415085056112347e-05,2.1801868515359167e-09,0.03311769666327358,0.4437087283905661,0.07869077090637076
1742111916.222371,6.698337619616126e-15,0.0,5.696519076826265e-05,1.7807253218324467e-09,0.04121823069772823,0.44433529935191407,0.07570049528495659
1742111916.3292124,1.1114878170902245e-14,3.4550840296525054e-43,7.022618134189133e-05,2.43422618668385e-09,0.05959850830795688,0.44563453682610654,0.06725365285293453
1742111916.4230359,7.027656196647915e-10,8.105927128097787e-43,0.0008292836358157875,2.2381182523857608e-06,0.07841709825774323,0.4468287320721833,0.061442021173399634
1742111916.522427,4.623463850327392e-11,2.823285183039055e-42,0.00046134463709968787,4.1720575244922875e-07,0.10617687580992907,0.4486029108591634,0.06586665276901114
1742111916.6236122,5.306504533430408e-11,3.949724576680507e-42,0.0004756422534381638,4.54244023474021e-07,0.1136775627544786,0.449102011542619,0.06701878075019706
1742111916.7262113,7.000938377869064e-11,9.666687466854858e-42,0.0004903437192665435,5.389865591373261e-07,0.13375349890673505,0.45046269507729964,0.06824922923461782
1742111916.822596,6.628763813950756e-11,2.424710715867276e-41,0.0005001002809431835,5.211151147016023e-07,0.1545366554526275,0.4518691722274333,0.06654480461494312
1742111916.9260645,1.222473249054624e-10,8.098424227324374e-41,0.0005565003659197957,7.603472041072407e-07,0.18209225899246917,0.4536633340252505,0.06350165967361315
1742111917.0242121,1.2761099164965674e-10,1.970554987319565e-40,0.0005619656526947766,7.80770702099752e-07,0.20262914008654676,0.4549570248492647,0.06296280388252126
1742111917.1229656,1.2185111685470127e-10,2.7280365240074755e-40,0.0005734173629062159,1.1038619336434302e-05,0.21018216031982817,0.45543128580515857,0.06245434646026481
1742111917.2243857,2.59380571489733e-10,4.7444684755313876e-39,0.000660384051078952,1.6105296380064943e-05,0.2465768115435072,0.49446625688791146,0.08313982312603269
1742111917.3243876,2.3191159729358515e-10,6.678427138302644e-39,0.0006629532076849793,1.5228643974221249e-05,0.2545221707158891,0.49512796916185553,0.08304239933414723
1742111917.4224982,2.72721126154913e-10,1.4969478054277274e-38,0.0006679203596483463,1.6514270379127048e-05,0.27339091814451955,0.4966790128665439,0.08036996548099785
1742111917.5220766,3.9774280800331377e-10,4.885945619597209e-38,0.0007076640645171229,1.9943490366616214e-05,0.3015675446534356,0.49866465038543417,0.0648112160436656
1742111917.6225383,2.0878143210652075e-12,1.0577030585795388e-37,0.00022521839963294738,8.79705800620366e-05,0.3202612613873743,0.4998281543565466,0.059226231025889114
1742111917.726835,5.814047824489004e-07,1.6796379034919348e-16,0.0038651821126322646,0.006837359303847495,0.327741194191125,0.5002525566340408,0.05412979547901417
1742111917.8287141,7.397725684838455e-07,5.823140104280159e-22,0.0040380783571177135,0.007433864843351756,0.3483400602353175,0.5013524275513352,0.053162024664118554
1742111917.9272485,4.146543337244778e-12,1.3887659302601576e-21,0.00025084225707017557,0.0001116368853813728,0.3675269545633437,0.5023102036205764,0.04647289340420033
1742111918.0221071,7.382959291599574e-12,3.6703430844521885e-18,0.0002874978575877473,0.00013639619271659252,0.39415890797712017,0.5033439703929581,0.03279285256786608
1742111918.1219535,7.958495136976167e-12,5.284668290296115e-18,0.0003029824249039166,0.00013999800903592734,0.4130321241851487,0.5039119194076171,0.02817578737659719
1742111918.23575,2.584133687337526e-06,7.696716126988702e-18,0.0055244949704891045,0.011477084772704047,0.43302189893257115,0.504386867321027,0.021554665016367672
1742111918.324469,2.3652231174057615e-06,8.979800864926986e-18,0.005361610751782158,0.011129697826025055,0.4413471480193838,0.5045678392666126,0.021913932012751314
1742111918.4223642,3.3806784484816486e-06,1.3123364536153086e-17,0.005896082327091892,0.012599362294535347,0.4620457492091905,0.5050467604268538,0.022707895683481957
1742111918.5285528,4.523860235639062e-06,2.098340258437966e-17,0.006254126913402922,0.013940361002003849,0.48844066696188726,0.5055093391780712,0.013253138708307972
1742111918.6229637,2.649507218330398e-11,2.9589278260763274e-17,0.0003680005549270682,5.14733641637148e-06,0.5084350321325513,0.5057155114698364,0.008422599481775966
1742111918.7221694,3.3053792591040073e-11,6.861050159737723e-17,0.0004172520296320339,5.749242784144715e-06,0.5217489361632861,0.5260519142659592,0.010692104025372165
1742111918.8222346,2.424530928452699e-11,2.0638047920845437e-28,0.0003879980377248526,4.9239526078676865e-06,0.5396681710078486,0.5262129748988382,0.007000788374432298
1742111918.9230366,3.2856379664119933e-11,9.403743448129793e-79,0.00038664900103538194,5.732048470147469e-06,0.560042805364434,0.5263510966562264,0.0070088350014770135
1742111919.0303485,4.284664643061171e-11,3.7882972623014785e-41,0.0004405928059309786,6.545734980169279e-06,0.5803666407898564,0.5265130143842205,0.008108689709194868
1742111919.1247146,5.945129125175287e-11,3.2507824090822714e-29,0.00045738551008476835,7.71046634463525e-06,0.59853918025936,0.5266522401759095,0.007919087334164333
1742111919.222434,7.113164488896994e-11,6.909034998786137e-20,0.0004622675854238413,8.433957842494231e-06,0.6262789227853407,0.5268586965831439,0.008793696089276081
1742111919.322055,9.379135571210113e-11,1.4226187949552815e-19,0.0005258025456934858,9.684593729842318e-06,0.644552171668634,0.5270558566118413,0.011155142708309864
1742111919.4230611,1.0103756184268839e-10,5.335606697164673e-23,0.0005354021938861987,1.0051744218924813e-05,0.652220790207588,0.5271451139663486,0.012122406883724878
1742111919.5267565,1.3994663032567489e-10,7.130870871927919e-14,0.0005756091517437114,1.1829904070856824e-05,0.6728723593402588,0.5274285621904107,0.015200390739926083
1742111919.621898,2.603492870470913e-10,1.1107435227654156e-13,0.0006438869297490929,1.6135342792983707e-05,0.701366280896389,0.5280018233591475,0.02831758491564628
1742111919.7300055,3.7389116981053907e-10,1.256779002205682e-13,0.0007000455929414611,1.9336265663528183e-05,0.7093097982226997,0.5282551437042524,0.0354412042336547
1742111919.8222356,5.890821158484139e-10,1.981495183791611e-13,0.0007960535470035605,2.427101390235715e-05,0.7393379205394002,0.5292238248236156,0.03210167519617912
1742111919.927661,6.603652620761647e-10,2.2284732898515914e-13,0.0008162988517819251,2.5697573077552763e-05,0.7472297388461708,0.529508030218864,0.03989253871012562
1742111920.0235975,9.247102927971546e-10,3.0378630937088147e-13,0.0008845156510600787,3.0409049521436126e-05,0.7676244864856105,0.5306257740149358,0.06436644427348014
1742111920.1219342,2.1715224953820483e-09,8.250807060602888e-13,0.0010720012257710398,4.659959758819864e-05,0.7893722841078947,0.5530453787135892,0.08708588001819789
1742111920.2224522,3.244168539272712e-09,1.285563302393311e-12,0.0011769295833219595,5.695760299795552e-05,0.8178879950629039,0.555830596593262,0.10551071879955473
1742111920.323346,0.0001527551600288871,1.7719195904770868e-12,0.01483264505848878,0.01235941584496966,0.8385346524363193,0.5581805863090179,0.11875451324077788
1742111920.4218557,0.00017264082628631913,1.0596567457155811e-08,0.015285116334791994,0.013139285607913359,0.8593426631338801,0.5608799450945767,0.1360655498275394
1742111920.52272,0.00018490331657045452,3.571781676189497e-08,0.01555088297968373,0.01359791589069643,0.8677123603559167,0.5620692233893476,0.14623136041256135
1742111920.6235554,0.00022210320867492383,4.3420257138740576e-08,0.016273290110857215,0.014903127479657545,0.8880792983035839,0.5651778772435863,0.1580509912738437
1742111920.7299454,0.00029935663123785054,5.693802975997084e-08,0.017541334228668874,0.017301925651147926,0.9163261792049298,0.569975949540523,0.17398900506588166
1742111920.8227088,1.0445901082214743e-08,6.391601201240713e-17,0.00152965487372759,0.00010220519107273732,0.9362514660788257,0.5735794098084721,0.18239257452579688
1742111920.9236286,0.0003585911969039154,1.9870090199163088e-07,0.018358751716771288,0.01893650434752717,0.9560616792815289,0.5773855351929538,0.1941673528918857
1742111921.0234985,1.124117322590708e-08,4.052594986469177e-13,0.0015282188929963323,0.00010602439920087772,0.964231185866776,0.578998509264711,0.19569513914676837
1742111921.122424,0.0004433041901015943,6.205620962526029e-17,0.019377872784303887,0.021054790193720627,0.9841592834679602,0.5829929003348369,0.19915912268253516
1742111921.222135,2.3236786558976672e-08,7.114305622163476e-17,0.0018425769735519342,0.00015243617208188047,1.0104782903945804,0.5883296918975638,0.20106876609417146
1742111921.3260338,0.000703543659864482,2.668450023325179e-09,0.021778598728097037,0.02652439744583243,1.03073083920523,0.5925067504547903,0.2054430615672702
1742111921.4288015,0.0006697783660921094,4.794974429992075e-09,0.02150436818883325,0.02588007662454092,1.0388052535355214,0.5942060199497914,0.20940536973568147
1742111921.5241733,0.0007312900534985796,1.3003951268905531e-08,0.022119113481280706,0.027042375145289652,1.0558432332147394,0.6455089809341537,0.22808635908554317
1742111921.6290874,0.0008395089957390144,3.923100331747615e-06,0.022919426803987637,0.028974281625935343,1.0756856852425098,0.6501373586228947,0.228986031593783
1742111921.7221787,0.0010034987458055883,3.54875389769971e-08,0.023992205470082385,0.03167804832696592,1.0935411499429843,0.6542586927186533,0.2251412935871911
1742111921.8220713,0.0011130000885138638,4.0312959225293964e-08,0.024719830345494038,0.03336165596180537,1.1126394496443428,0.6586223502149646,0.22465462166260008
1742111921.9230523,0.0012637850237299524,1.2468027725739018e-07,0.025475439920578987,0.0355497542006967,1.1330627289128667,0.6633229574141455,0.22749630290458916
1742111922.0234792,0.001553856214050747,1.9076327500620154e-07,0.026872365338677547,0.03941898291497063,1.1602898643344002,0.6697187747002638,0.23378399688194512
1742111922.1302583,0.0016332028012100456,8.846337185293444e-08,0.027319229721771032,0.04041290389479635,1.1685370681653549,0.671688146543368,0.2350221939701868
1742111922.2229192,0.002025416770213674,2.037061603824167e-10,0.02880975464193309,0.0450046305419084,1.1883958015871787,0.6764673549297207,0.23670268732498415
1742111922.3240325,0.002049104743703073,1.1580733975153785e-10,0.028894309611430934,0.04526703815916249,1.2068430989071732,0.6809452893116184,0.2395516701359582
1742111922.4222434,0.0024832788026171193,2.0756947339702967e-10,0.030282179090519338,0.04983250748875797,1.2224685496581937,0.684815308371036,0.24681863862465148
1742111922.5235338,0.0028629115622288218,3.4933512280623744e-14,0.0314491393236829,0.053506182467345044,1.2421602352754793,0.6898472396964033,0.25512585717628716
1742111922.622259,0.003208333279413616,8.193827621075702e-22,0.032296537222889915,0.05664215108391996,1.262331459907303,0.6951476505192191,0.25857696610878234
1742111922.7352586,0.0030132554987430614,5.556051057087703e-11,0.03193626597230376,0.05489312797375517,1.28144012421369,0.7002091432209439,0.26030556041191344
1742111922.8235393,0.003760879015407725,1.974846073427073e-10,0.033768514767171125,0.06132600602850087,1.3084904968665025,0.7076084242340472,0.2727789052147698
1742111922.921962,0.004183755184928135,4.763221931237318e-10,0.03472411164390354,0.06468195409021078,1.3276437615039232,0.7130799488286514,0.28142956572960137
1742111923.0236087,0.0047038286357989085,2.555829123060508e-09,0.03588847235050867,0.06858446351615581,1.3502367551405356,0.7609509183095979,0.2947124127856471
1742111923.1233625,0.004901801834502981,5.175394552899273e-09,0.036495803168422665,0.07001286906350132,1.3663462902897976,0.7659145311286077,0.30250977320587386
1742111923.2219267,0.006121792121634693,8.476408131702826e-09,0.03850096089136151,0.07824188214527238,1.377776276151799,0.7694758681426017,0.30158035797989147
1742111923.3219576,0.005832297568554661,1.891225716589011e-08,0.038011990953043716,0.07636948060943365,1.3966899992470978,0.7753948642178976,0.30509941620743036
1742111923.422363,0.0066311158250659955,4.279571795958659e-08,0.03963509087451281,0.08143166352878956,1.4163535123678628,0.78162935988151,0.30873440546905756
1742111923.5219312,0.008848447003414426,1.289011800088332e-07,0.04264060568587159,0.09406618416526964,1.4436250612950907,0.7904146719635814,0.31252669138824696
1742111923.6220927,5.013627210580587e-06,2.722119985558924e-07,0.006489560595676343,0.01444691153645177,1.4626478870627047,0.7965750129841909,0.3131130222789027
1742111923.7283492,5.464116256597805e-06,3.679423578176894e-07,0.006628450987830079,0.014885038971405458,1.4704501961592165,0.7990998567929966,0.3128210787287928
1742111923.8219316,5.957127743494398e-06,7.747250859483363e-07,0.006765455625242636,0.01533828156821697,1.4900718511278548,0.8054648857657383,0.3146468286029076
1742111923.923423,9.10586040879282e-06,2.1370315978122917e-06,0.0074703415640942185,0.01777314287323773,1.517621930384081,0.8145391272168738,0.3207512382975794
1742111924.0221584,9.77430344406075e-06,4.344865915767605e-06,0.007524120757096695,0.018215725137080762,1.5374995098590176,0.8211790034264315,0.32301204247390997
1742111924.1220253,1.3515484290453014e-05,8.222916299356452e-06,0.008229951598554969,0.020385273002854316,1.5558617489150208,0.8273224033501516,0.323009121846316
1742111924.2228355,1.5537005262246416e-05,1.0562850282158975e-05,0.008507114755888699,0.021396161755401388,1.5632067258465945,0.8297795202782332,0.3226456527224757
1742111924.3223226,1.7897978393491948e-05,2.022708057527351e-05,0.008700658642517088,0.022473362050720955,1.5826627305166703,0.8362433880349034,0.31987516922867076
1742111924.4228957,2.2520531828930688e-05,3.8265420506006244e-05,0.009289086379257794,0.024339521082888498,1.6023386564900655,0.8427678120575681,0.32060908121979015
1742111924.521984,2.918100891116464e-05,8.404311380743882e-05,0.009900174037944909,0.026630667348180138,1.6274731662752764,0.8511654967828726,0.3237650279513575
1742111924.6342025,3.385843036135732e-05,0.00015060195925148344,0.01028039797043587,0.02804148309597246,1.6370648964702905,0.8828489237683359,0.3434790121045884
1742111924.723956,3.962649838618617e-05,0.0002389962878411485,0.010680318483080983,0.029615755199634403,1.652676179179073,0.8884287506978594,0.34212401971490924
1742111924.822072,4.284237985180695e-05,0.0003335165775955625,0.010880443595239106,0.030429123307208265,1.6642223127075066,0.8925224555690965,0.3393245683637436
1742111924.9234874,5.326171432817343e-05,0.0005744939464079232,0.01146031668825525,0.032818321739530865,1.6836221345656615,0.8993079218288165,0.3350516305890853
1742111925.025918,6.619770520039969e-05,0.0012017396254906723,0.01208728249038799,0.03539189335974213,1.7111424086932256,0.9088652663394641,0.3341852174726302
1742111925.1257584,7.10701060087184e-05,0.0014528351780276642,0.012304762344564235,0.03627551016477832,1.7184567394894774,0.9114121614544308,0.3359665022817427
1742111925.2233932,9.490771365186114e-05,0.0031199035826117876,0.013227112565180957,0.04010787857052051,1.749032896923966,0.9221223302379558,0.3380057559934433
1742111925.322232,0.0001065672843127552,0.0037723931794271274,0.013599697260012148,0.04175444761237543,1.7569369400912525,0.9248997854628873,0.33783147201211994
1742111925.425405,0.0001249580238509772,0.005907981681253439,0.014134337098399712,0.04412754573795762,1.7761616772471545,0.9316491768418158,0.3377726422277268
1742111925.5223463,0.00014959328104931254,0.009099289879117524,0.014778675792592202,0.04697258650609892,1.7954728057547005,0.9384580603134298,0.34010950193079065
1742111925.622697,0.000184826291556143,0.012800781320674444,0.015600448753859379,0.050551891833596325,1.811358055659701,0.9440984825424679,0.3427865253415879
1742111925.7219138,0.00028138278144227986,0.024093125111257895,0.017300079579801782,0.06838534744941181,1.8425015500688016,0.9552537281125104,0.34455237254770354
1742111925.8289185,0.00029076000202660614,0.02795459504072581,0.017378206111822166,0.0761108036789419,1.8501962860292327,0.9580155054097383,0.3446419583288009
1742111925.9258113,0.0003612684272771612,0.03989174095703907,0.018427307170622128,0.09831861519946228,1.8692788980214576,0.9648626439858392,0.3442859993902023
1742111926.0241764,0.0004610850497563782,0.054946031377200416,0.019617907106268404,0.12380955352499551,1.8873767060382765,0.9713816579755157,0.3471293793645675
1742111926.1227214,0.0005024710793627065,0.07135621175931538,0.020039740031345305,0.1494413856165219,1.9028886979928448,0.9770130630862786,0.3497451888051803
1742111926.223047,0.0005574102712323854,0.11442403085950381,0.020507329949261105,0.209957994022487,1.9219868724227815,1.0249491340422203,0.35343722542247646
1742111926.324349,0.0006569040100373195,0.1511048225094534,0.02142538882406373,0.25649588027038106,1.941408357086111,1.0321232112678924,0.35437403162441117
1742111926.4222994,0.0007592641535736028,0.19197862170863855,0.022245201291455245,0.30474884334108904,1.9593317439617906,1.038751016322598,0.35436234911403536
1742111926.523689,0.0008906895322825057,0.24409315628213143,0.023183834112357467,0.3622763923425172,1.9787043526637476,1.045911313748304,0.35278032263240666
1742111926.6237717,0.001135830435150233,0.3300064067103485,0.024650919145129877,0.4501280813407725,2.005627220417118,1.0557870272924963,0.3503575130315767
1742111926.7223146,0.0031319426527835694,0.3578834403667149,0.03213717405858901,0.477192879427653,2.0134973054046554,1.0586592943771795,0.34952179630718105
1742111926.8218882,0.0036130070389508795,0.43157996506752627,0.03341342993347137,0.5460647196483738,2.033000905086489,1.0657564597860412,0.3485950036855683
1742111926.922273,0.0016709971296811638,0.5083505844624032,0.02725796591899845,0.6143807440975969,2.052011052220653,1.0726552722853815,0.3469786449285492
1742111927.028602,0.001771300910870797,0.5818181079515328,0.027666318306029752,0.6770906369424281,2.069603044216077,1.079010094896427,0.3465171261640535
1742111927.123634,0.0019453041129376505,0.6624376982703157,0.02836058308298349,0.7434032038213865,2.08888740649002,1.085969352616027,0.3463719888540254
1742111927.2294219,0.002475498122595999,0.725732856990968,0.030178537131108,0.7938880884826185,2.1045247359296724,1.0916263460525144,0.3473495646329866
1742111927.322336,0.0028619518876013333,0.7983651090855549,0.0313618330765836,0.8503253276521343,2.1238286278558114,1.0986060378993443,0.34651229818782664
1742111927.4223642,0.0031825435321332345,0.8621068983730358,0.03227809560630982,0.8986777857197846,2.1432782884712687,1.1056291954755637,0.34630111893138754
1742111927.5240462,0.003453593595653804,0.9132802747447373,0.03297739645719192,0.9367742319111461,2.1628068210666562,1.112657464489736,0.3452443881841646
1742111927.6222732,0.004428169327115155,0.9580692913823854,0.035203261052676786,0.9696294162547066,2.1900737153674044,1.1224757892326727,0.34582082470378733
1742111927.7229743,0.005001936296184974,0.9685993245643569,0.036363930337793775,0.977290768730559,2.20991015039759,1.1296201954510523,0.345636765560721
1742111927.824689,0.004976810264910271,0.84744362750529,0.03631347423008842,0.8876459771400184,2.216107247745711,1.1798082295234986,0.34060572006313006
1742111927.9235122,0.005817255485114854,0.8227509303327667,0.037867674647630654,0.8689468937559607,2.2354795009734083,1.186672039887083,0.33982412435619047
1742111928.0225136,0.005270103861938382,0.8088876493623477,0.03699456799598684,0.8583798359556488,2.2431641757155205,1.1893866195145353,0.33930294134227423
1742111928.122247,0.006021537110088676,0.7649630619302534,0.038213656981937696,0.8245578575156393,2.262452089116998,1.1961852368318755,0.3385404787263075
1742111928.233994,0.008420516578695027,0.6882915463677314,0.0420036727390374,0.7641808558456545,2.2885135945528603,1.205389968286582,0.33959321596233055
1742111928.323214,0.008871371117275139,0.6617458406291127,0.042599186102458754,0.742844100396765,2.296508900500701,1.2082130657496728,0.3392644367417495
1742111928.4232774,0.008792249597285827,0.5587120734696184,0.04233877035128047,0.657620587155487,2.3254189089750597,1.2183968749933867,0.33842985250560437
1742111928.5269794,0.00888650540644264,0.5303960908701818,0.04245290702161598,0.6334498337345399,2.3330807448682407,1.2211001162994684,0.3399380884370008
1742111928.6291356,0.009996823842046133,0.4594260639105859,0.04385259912105387,0.571209278580693,2.352288894454258,1.2278965703317308,0.34037910320369397
1742111928.7222762,0.01181989493124395,0.38950399586061873,0.045888373894586616,0.5071875455633061,2.371774760419484,1.2348186358350988,0.34212313510982195
1742111928.8225396,0.014622494742153535,0.2995110939170346,0.04871868918394051,0.4197757029835632,2.398919333462775,1.2445281431334247,0.3457917413911025
1742111928.9219065,0.016713139726895414,0.2440272477434092,0.050583512609485216,0.36220595953028617,2.4177450732351105,1.2513415083208692,0.34806959249583885
1742111929.029468,0.017501810192952254,0.22345356553416998,0.05123201054673424,0.3399498453835913,2.425357449243272,1.2541077928239825,0.34904257871715244
1742111929.131912,0.01887820337797239,0.17632409482366704,0.05266793907412933,0.2866450176105838,2.444668751129381,1.2611412641571322,0.3494297704896131
1742111929.224605,0.022080599858933955,0.12387005699192911,0.05471565389368953,0.22229810623004176,2.4708915136486134,1.2707939828575305,0.357092424412648
1742111929.326476,0.02299372687102385,0.11217839372856539,0.05534882033026935,0.20698298046660965,2.4777854647241604,1.2733867996814021,0.3623774490555922
1742111929.4216888,0.02448452735417624,0.05248103607225323,0.05668957779542936,0.15647532506493234,2.4952297244901427,1.3319675968771933,0.3686374692877338
1742111929.5234058,0.025558081807297964,0.0462173012328514,0.05697675555313932,0.15986895198035786,2.5028502559906176,1.3349279811411836,0.3724255828817888
1742111929.6221673,0.028303296754575828,0.03356576748814402,0.058676313639604176,0.16823583671315642,2.5212233843639513,1.3421520617837748,0.3775489597281023
1742111929.7237675,0.031387394709215664,0.02361327154181678,0.060494237646309054,0.17716488001072803,2.5402440136186275,1.3498026810975878,0.38547762918076955
1742111929.8219469,0.03626016499469964,0.013761820611186087,0.06310150737015845,0.1904210203593596,2.5674933854298576,1.361003442999247,0.39264633941255056
1742111929.9237697,0.03997165745392438,0.00924107327884685,0.0649530625037339,0.19992913107880095,2.5863834101353635,1.368840009407086,0.3932444124182269
1742111930.0217319,0.04399162431673344,0.006071500472701749,0.06696809492092565,0.20974180393220002,2.6053728829561162,1.3767669654331451,0.3973080782850787
1742111930.1221826,0.045679957716422026,0.0051050044603278884,0.06772340892903699,0.2137287011994927,2.612956241618898,1.379954331792039,0.39847597169480764
1742111930.222058,0.05010700320236302,0.003265534352164228,0.07041181260548691,0.22384593630969274,2.6318866021284446,1.3879566687073368,0.40097793626389955
1742111930.325181,0.05682367005608868,0.0016909535990284232,0.0723481247826399,0.23837715925836664,2.6583654619084935,1.3992286428995417,0.40323677348695236
1742111930.4219267,0.061693705980986474,0.0010631295566899323,0.07506470366709875,0.24838217726114423,2.67616788048713,1.4068435608919894,0.40538116979203676
1742111930.5221415,0.06383465077216761,0.0008694458133682584,0.07496255100111834,0.25265520135585495,2.6836783508266446,1.4100729897299569,0.40679844903550605
1742111930.6257467,0.07031606055998486,0.0004777753267833716,0.07723868123217048,0.26517175671625526,2.7053852765671973,1.4194360831618706,0.4074954061468647
1742111930.7237704,0.07514913255552289,0.00030838006586505795,0.07896626147808929,0.2741334210845567,2.720688873812703,1.4260703617475425,0.40968569802842586
1742111930.8225749,0.08408974208104646,0.00013942863203168318,0.08178304400070116,0.2899823133935007,2.7473456210823866,1.437697006970711,0.4128598241766497
1742111930.9221663,0.08671903897664766,0.00011076670824665223,0.0825936460951058,0.294480965389357,2.7548317516695935,1.4409824634338986,0.4142638115843341
1742111931.0223808,0.09306469198385892,6.345593651363488e-05,0.08446505066713172,0.3050650618865735,2.772418444755697,1.4489846283114163,0.40628491574153136
1742111931.1220403,0.10015810453082598,3.4798206226167715e-05,0.08759725416414874,0.3164776524982862,2.7910410978397273,1.4569987518726226,0.4067739122472686
1742111931.221889,0.10758661242006273,1.8682731511960288e-05,0.08847817915201484,0.32800398232348144,2.809715581357839,1.4650843655600585,0.41145615511759936
1742111931.3232727,0.11541589247570691,9.745047173880817e-06,0.09052406225447421,0.3397291457554193,2.828633885023393,1.473370825868017,0.41459523373469537
1742111931.4220579,0.12699167071919634,3.7442837666719577e-06,0.09466920161772362,0.3563589071697189,2.8554060081964003,1.4852380922940476,0.4195498102270049
1742111931.5222306,0.13531424374923087,1.8851299564031235e-06,0.09546243547303115,0.36785084443185784,2.873926855314995,1.493546773771709,0.42331867152079766
1742111931.6330123,0.13852478856019235,1.4461319905357522e-06,0.09621507529600645,0.3721891838302026,2.8809369618069667,1.4967189886233478,0.4265768402181548
1742111931.726502,0.14712214155692946,7.091527270564021e-07,0.09812570636311693,0.38356504214660836,2.899399057834092,1.505157399792718,0.43129234248027026
1742111931.8257773,0.1561840114241343,3.324414664183903e-07,0.10014155121154926,0.39520122902659893,2.9184537979522993,1.51400311800164,0.4365758770070951
1742111931.922287,0.16543767823097422,1.5228304257447758e-07,0.1021331287345213,0.40674030809716194,2.9375466235684264,1.522946863208347,0.43876134091242996
1742111932.0219586,0.1782545308520992,5.124695502026679e-08,0.10478539212951715,0.42220200242549677,2.963423504694102,1.5350097759656711,0.4347085230909271
1742111932.1223085,0.18198542620265099,3.722725722080091e-08,0.10554414569298275,0.4265974990581297,2.9708595402936453,1.5384675553193412,0.43581186467036437
1742111932.2328062,0.19147160571524863,1.6370273059335258e-08,0.10733615773967226,0.4375746858711649,2.989647475158449,1.547226758387796,0.4372171633802338
1742111932.3220642,0.20091295231099363,7.11804686459002e-09,0.10917899191598533,0.4482331450383758,3.0082397461463017,1.5559264019710242,0.43811451130732726
1742111932.4219918,0.2140176622007632,2.1743547796841277e-09,0.1116736926486307,0.46262042994312647,3.033996971728371,1.5680062582386534,0.43909500771388243
1742111932.522784,0.2236632715530494,8.846939902760236e-10,0.11336668087766026,0.472930514508262,3.0530155824772223,1.5769294311807365,0.4382616751752777
1742111932.6217244,0.2330083992051432,3.6168301831795955e-10,0.11688679877990796,0.4827094355874383,3.0715446365748953,1.5855849999068778,0.4362730854116365
1742111932.7227921,0.2360150861117629,2.22789483103663e-10,0.1156309427804264,0.485813838946322,3.0802240377034114,1.5922663717805374,0.43894915898120307
1742111932.8223317,0.24475072741706155,9.14902813472056e-11,0.1170064180728234,0.4947228794153971,3.098072143234903,1.6006452850174684,0.4385369332579365
1742111932.922251,0.2537361737221974,3.5518755146282706e-11,0.1185881222819715,0.5037223180703804,3.1167040963744572,1.6093197188850485,0.4335784824637166
1742111933.0307627,0.2663141314337127,8.93193155947164e-12,0.12252724496626062,0.5160563258344119,3.1433309948096326,1.6215092328160563,0.42494576294696235
1742111933.1230078,0.2746965708988696,3.4449153613788354e-12,0.12200445124620364,0.5241150359404599,3.1613967628202975,1.629533225649686,0.41298507769381915
1742111933.2254896,0.2778227045858755,2.3993587327475873e-12,0.1225282358390649,0.5270888962839907,3.1681977020038357,1.6324903769075685,0.4073243053702106
1742111933.3224351,0.2862760565707744,8.819718001121209e-13,0.12393892670492573,0.5350477142935706,3.1868421603927874,1.6404535504606224,0.39973460753238116
1742111933.4232457,0.2947255141995997,3.0999702580057133e-13,0.12506793146918943,0.5428862810935635,3.2060287915433623,1.6484994604254437,0.3952115686682453
1742111933.5240645,0.3059807155023243,7.018855158855826e-14,0.12873930057335095,0.5531552363508134,3.2327779820440963,1.65951889954776,0.3856853159216634
1742111933.624037,0.3135244868850609,2.4463720556727858e-14,0.12999347112429416,0.5599325735167234,3.2514685694222845,1.6669723616620935,0.37547009308612256
1742111933.7218509,0.3203168171331725,9.058750849786453e-15,0.12892082108846192,0.5659653851015736,3.268889760023823,1.6737114731717608,0.3651374491003742
1742111933.8221557,0.32295637939703625,6.073374045593028e-15,0.12936433151158258,0.5682925121775195,3.2758466967550337,1.6763524197754616,0.36048089583194154
1742111933.9223263,0.3300960641775489,1.998839754410376e-15,0.1300955118513227,0.5745398717039131,3.2950671612441997,1.6834128751022597,0.3471393497732868
1742111934.0218277,0.339686502037663,3.98013173768493e-16,0.1316457893466181,0.5828263052039286,3.322574278600138,1.693160283195628,0.3353633793143025
1742111934.12395,0.34599875408909253,1.2415741047196254e-16,0.13217940318007582,0.5882165877371128,3.3421353133167973,1.699866853998249,0.32681720574176215
1742111934.2234266,0.3518817029303112,3.811166096118568e-17,0.1354781486269214,0.5931961757549615,3.3617316485144304,1.7063898253677259,0.31719510872638135
1742111934.3247728,0.34422105829986877,3.956282467809136e-17,0.13200270103534018,0.5867035523157064,3.357939513996488,1.7120583644775307,0.31585890603340583
1742111934.4291666,0.349321557734377,1.3055384205986693e-17,0.13284225879220168,0.5910343118080177,3.37619573821031,1.717873848772554,0.30357695174492333
1742111934.522481,0.35440754469703767,3.899586110293456e-18,0.13548804155081817,0.5953213793381166,3.3958895661363364,1.7239261709973448,0.29476541829384295
1742111934.6217697,0.36029382016308226,7.682219518751254e-19,0.13410624672172525,0.6002448001966216,3.4219761941658824,1.7317487009062416,0.28772306990898566
1742111934.7220478,0.36402510910696356,2.2717262261057577e-19,0.13652170076760994,0.6033449337708601,3.441270984912851,1.7373688837195194,0.2802274878052567
1742111934.8218195,0.36715421125633313,6.829325599023982e-20,0.13706264258835762,0.6059325137804813,3.460094779490394,1.7427036005826686,0.2734751756218764
1742111934.9262576,0.36821023869773034,4.2991266062255447e-20,0.13484087296674138,0.6068032948968969,3.4672875352939556,1.7447073877877495,0.2699152882126661
1742111935.0240967,0.3706640381516027,1.284234698473311e-20,0.13701171529611733,0.6088218443449633,3.4859565074802177,1.7497473053314936,0.2595329935578201
1742111935.1224463,0.3727200415815372,3.6684663819836404e-21,0.134984196903616,0.6105080192606296,3.5051423025546704,1.7547138487423157,0.24943012547768093
1742111935.2221432,0.37392617871844996,1.4314551628300144e-21,0.13522743178771357,0.6114950357267425,3.5194327939669954,1.7582884146584963,0.23935783458031126
1742111935.3217552,0.37573135408768177,1.7848140928661481e-22,0.1397717758722198,0.6129692929402596,3.550753167862844,1.7656303400253575,0.22157094431198554
1742111935.4220905,0.3759772272727656,1.0877360430940275e-22,0.13571923064792196,0.6131698192774704,3.5581402333129972,1.767274816274432,0.2165166790512892
1742111935.5362828,0.3764215371865035,3.2035733420010295e-23,0.13753818599745526,0.6135320180614077,3.5763267036533897,1.771068035859391,0.19744358015335534
1742111935.6285481,0.3766868106451855,8.83442934606314e-24,0.13595705072828176,0.6137481654923178,3.5954361968484783,1.7746284354523394,0.17613244605339487
1742111935.7287288,0.37671231446294473,3.295415962031892e-24,0.13600902780649451,0.6137689422436954,3.6100113420204245,1.777088214414872,0.15583572340286686
1742111935.8223913,0.37658835470818364,9.131836987133757e-25,0.1377587843156383,0.6136679515081293,3.628938956025195,1.7798953348810649,0.13558132005012954
1742111935.9222167,0.36174472146796693,4.38643882731028e-25,0.13393026886740125,0.6014521772077701,3.6338023883085953,1.7934012659325367,0.133109405642648
1742111936.0231185,0.36126947721016633,1.203114984806696e-25,0.13560795612577456,0.6010569666929803,3.6527671257136554,1.7957482469044233,0.11650644243349575
1742111936.123105,0.36044082727837035,3.04551779962543e-26,0.13786702061817213,0.6003672436753777,3.6727994706859803,1.7978959591167936,0.10022436082949189
1742111936.2277954,0.35886913278188154,4.961457103797626e-27,0.13360953848885943,0.5990568694054693,3.6990985506861627,1.800185168075989,0.07434187830080534
1742111936.324167,0.35749301595876426,1.33340753498424e-27,0.13341563665050218,0.5979071967778647,3.7180689369114965,1.801382648280724,0.05619557202448392
1742111936.4225507,0.35680198454210604,7.583063756352395e-28,0.13508087133071178,0.5973290421050245,3.726182130622899,1.8018154653485459,0.050398007041116036
1742111936.5228918,0.3547492411966486,1.8794464456415073e-28,0.13300893977050407,0.5956082951039623,3.7461043516687553,1.8027641956453606,0.04421998561014677
1742111936.6356788,0.3522988321097845,4.975798100157507e-29,0.1344205572333593,0.5935476662491266,3.7648932484738005,1.803561981664381,0.039326980715890233
1742111936.7259533,0.34783545997416304,6.776570839493074e-30,0.1319473407075365,0.5897757709283784,3.7927694000942545,1.804511055369388,0.029497429734368596
1742111936.8263152,0.3464999357251821,3.985400969425589e-30,0.1317432340696017,0.5886424515146543,3.8001320916166605,1.8047111405014853,0.024840280419488207
1742111936.9289532,0.3429361454397837,1.0619866216904147e-30,0.1329929310171379,0.5856075011812807,3.818376938684299,1.8050981476925454,0.015028730040688755
1742111937.023006,0.3386762629137864,2.484505215321097e-31,0.130515185900214,0.5819589873124964,3.8382698711743792,1.8053184372920654,0.006077885633607156
1742111937.1222143,0.334275704618185,6.191812571216593e-32,0.13161044368429936,0.5781658106617729,3.8571515920640884,1.8053424357212284,-0.0018745064676807238
1742111937.2232814,0.32692822021159157,7.413374920699258e-33,0.13263376526668866,0.5717763725545081,3.8857009200194277,1.8051002051592424,-0.01285891234288663
1742111937.323391,0.3388676910227293,1.2150301553230506e-32,0.13035954549346412,0.5821234328067625,3.8836878085694977,1.7943683419467416,-0.020756563907633932
1742111937.4250488,0.33676490494773154,6.880212481013467e-33,0.13222975698686193,0.5803144879698693,3.891304562215815,1.7942044547814935,-0.022270134454737817
1742111937.5230582,0.33071262178961774,1.4631672867611764e-33,0.13143745707927013,0.5750761878130738,3.911876608183473,1.7937270790806985,-0.024811050659190332
1742111937.6230047,0.3245334301450324,3.3319991651036976e-34,0.12862778814921616,0.569678356746184,3.931333576705107,1.7932072038243434,-0.027774727707873485
1742111937.7222536,0.3183199241611475,8.143607269535698e-35,0.1298976239567597,0.5641984794034344,3.949675823644654,1.7926655401818081,-0.03063727057553403
1742111937.8260713,0.30808804463460937,9.11383852664479e-36,0.12636871526919616,0.5550567940622017,3.977831983255154,1.7917579328772617,-0.03380884862519373
1742111937.921878,0.30075678727842015,2.0414378181621892e-36,0.1254551917697627,0.5484129714717004,3.9968285790709253,1.7910903428519207,-0.036043426757823176
1742111938.0234752,0.2924242084938537,3.915291430651389e-37,0.1262788579111031,0.540762617507769,4.017592623793011,1.7902747494072866,-0.041280871993075535
1742111938.1221743,0.28911516549365973,2.056146736939865e-37,0.123770203661408,0.5376943048737449,4.025634261247188,1.7899353078948694,-0.04309003687478176
1742111938.223527,0.2813639611829193,4.628892990723788e-38,0.12468838134997086,0.5304375186418465,4.04414192449569,1.7890801549158581,-0.04801387227154844
1742111938.3224163,9.191185111816475e-20,4.6010145154582856e-39,5.213058155080791e-06,3.031696738101698e-10,4.07247806193482,1.7876294423076269,-0.054290643697749344
1742111938.424508,8.974626146315213e-20,2.4629461766679437e-39,5.577581421616096e-06,2.995768039470882e-10,4.0800848572851365,1.78720699750652,-0.05666575468159789
1742111938.5233908,1.6159834600338407e-19,1.7758207201119777e-40,5.898024619144011e-06,4.019929676043899e-10,4.111794192215271,1.785329702151739,-0.06254327929593197
1742111938.6226983,1.8727382213362976e-19,9.084670289410679e-41,5.6669963135676635e-06,4.327514553801405e-10,4.1198016429317725,1.7848226657413218,-0.06392902768231502
1742111938.7236829,2.3696482559518387e-19,3.394875935688648e-41,6.415081999277835e-06,4.867903302194733e-10,4.1257413230205255,1.7998110671096172,-0.060929987387605695
1742111938.8270154,3.3113013315752144e-19,7.253079281474624e-42,6.425273286040459e-06,5.754390785804536e-10,4.144003843220338,1.7986465062555481,-0.06582709010119059
1742111938.9252257,4.712151300078362e-19,1.3889746071764856e-42,7.998977493728684e-06,6.864511126131534e-10,4.163397360553118,1.7973233688910606,-0.06906617041105846
1742111939.0334406,7.509660637718379e-19,1.502182679430482e-43,8.844110691560483e-06,8.665829814690788e-10,4.189222709051814,1.7954555678938304,-0.07386726494307137
1742111939.1241548,1.0086897081373584e-18,3.584776428662063e-44,8.811777460244523e-06,1.0043354559794046e-09,4.2057020019497156,1.7941894663273732,-0.08003782089228247
1742111939.2250488,1.2457238369284793e-18,1.270770718818738e-44,9.883902646316557e-06,1.1161199921730992e-09,4.217559294918628,1.7932303224778983,-0.08139194901461222
1742111939.3239417,1.7277132597582384e-18,2.496318483861631e-45,9.919797190998348e-06,1.3144250681412914e-09,4.23604570424178,1.7916631806192644,-0.08697285111422157
1742111939.4223418,2.7874616424116763e-18,2.2072326709885863e-46,1.0301674477581637e-05,1.669569298475411e-09,4.263342883198421,1.7891629826725717,-0.09355602021689031
1742111939.5273309,3.176771520676813e-18,1.1266682813284908e-46,1.211865253783089e-05,1.782349999488544e-09,4.270851831411557,1.7884514503703397,-0.09539562817091561
1742111939.623176,4.410793615755081e-18,2.0448124900587682e-47,1.218883967821232e-05,2.1001889476318746e-09,4.289796073171425,1.786609016765573,-0.09990071113581277
1742111939.7248642,6.2520709924116445e-18,3.235813556726286e-48,1.4032339574426479e-05,2.500414164175936e-09,4.310091640461549,1.784543465322635,-0.10340199972862811
1742111939.829141,8.700653385381178e-18,5.48236039289597e-49,1.4163929826491092e-05,2.9496869978662444e-09,4.329471746084986,1.7824840520446041,-0.10733230020279508
1742111939.9335382,1.2265638991267889e-17,8.405501001724024e-50,1.4317865461906016e-05,3.5022334290089644e-09,4.349772994495867,1.7802326509623285,-0.1126170342730961
1742111940.0253232,1.889639966501931e-17,7.583584939778131e-51,1.7879933224048466e-05,4.34699892627308e-09,4.375567467905183,1.777229363493235,-0.11892074699873544
1742111940.1225863,1.6502916420531133e-17,1.1514924922093115e-50,1.6288693403504923e-05,4.062378173007916e-09,4.3778844538705215,1.756080267590062,-0.13959159871330112
1742111940.2309904,1.8749670690467783e-17,5.570700154532355e-51,1.5729175906160492e-05,4.3300889933658154e-09,4.385652681288608,1.754976063394913,-0.14280392398824543
1742111940.3278987,2.538831611440426e-17,9.739366607008874e-52,1.792800530562455e-05,5.0386819818683e-09,4.404211313095647,1.7522677097679424,-0.14609623124589768
1742111940.4278905,3.445368581973832e-17,1.6345737147862e-52,1.9157095809897254e-05,5.869726213354275e-09,4.423058155124771,1.7494323438182704,-0.15181971510639045
1742111940.522859,5.225551612402999e-17,1.365676951387465e-53,2.232606431979937e-05,7.22879769560817e-09,4.449038071186504,1.7453561688140558,-0.15902790596475455
1742111940.6229217,6.994797199657528e-17,2.3222033898517426e-54,2.3769453495838008e-05,8.363490419470526e-09,4.467421762639912,1.74234511533396,-0.16447697749128187
1742111940.727227,9.05813274274793e-17,4.715832432166959e-55,2.3713533840688883e-05,9.517422310031182e-09,4.4838461134964405,1.7395864050434895,-0.16870086064328998
1742111940.8225439,1.0902219493978459e-16,1.4831233083998716e-55,2.6227872846858503e-05,1.0441369399642204e-08,4.495695892881546,1.7375553799974575,-0.17079572548856584
1742111940.9224532,1.6459011395842455e-16,1.085916870106375e-56,2.7055779093478382e-05,1.282926786525344e-08,4.522268712485889,1.7328790056965548,-0.17716482823481408
1742111941.0224469,2.2134781889694293e-16,1.5945345031306232e-57,2.7257720963372597e-05,1.4877762563535652e-08,4.541592180176917,1.729361109713207,-0.18189107050886003
1742111941.123372,2.9089429160251807e-16,2.639554942516657e-58,3.2484858287264525e-05,1.705562345980111e-08,4.55957835056013,1.7259886994294087,-0.18835635652532426
1742111941.2230573,3.843126997115719e-16,4.093911420639875e-59,3.2634754721952306e-05,1.960389501378672e-08,4.578090507637963,1.7224018060342159,-0.19255915080895275
1742111941.325594,4.3380479198220146e-16,1.8033473007993736e-59,3.547932203554482e-05,2.0827980986696752e-08,4.5861882405217465,1.720817380038255,-0.19388450106372682
1742111941.4223418,5.757132662294471e-16,2.595902849941666e-60,3.773617956919099e-05,2.3994025636175498e-08,4.605229139757803,1.7170332144296476,-0.1976632604538426
1742111941.5228755,7.31410427252116e-16,2.3515358997088878e-61,3.763160274528775e-05,2.7044600704246237e-08,4.634435240130214,1.6891729569430514,-0.2071683100170314
1742111941.622744,1.0739907358410444e-15,1.4768198108274238e-62,4.3268889359737215e-05,3.2771797873187315e-08,4.661040490937429,1.6834733769189902,-0.21530557523731586
1742111941.7280257,1.1928292275514643e-15,6.849236799611493e-63,4.1949549688892834e-05,3.4537359881025424e-08,4.668381337966055,1.6818543120547325,-0.21885479714040154
1742111941.8266222,1.5760977185328155e-15,8.68225121193073e-64,4.226061793983204e-05,3.970009721062173e-08,4.688014502052971,1.6774460142631076,-0.22333813744847175
1742111941.922605,2.038337446102347e-15,1.2478398400887076e-64,4.980605149059697e-05,4.514795063014873e-08,4.70631939539957,1.6732461442454116,-0.2267739596522271
1742111942.0240428,2.959603446643683e-15,7.082304824262507e-66,5.13248337930993e-05,5.4402237515047885e-08,4.733140800962937,1.6670047779710429,-0.23023696902458068
1742111942.1223822,3.842457983292323e-15,9.118142527525175e-67,5.725684387885379e-05,6.198756313400554e-08,4.752129897383048,1.6625068733308306,-0.23390123906795388
1742111942.223617,4.9182411159196586e-15,1.2711129920122007e-67,6.045747410185145e-05,7.013017265000606e-08,4.7702453972074945,1.6581645593931598,-0.23651515140448212
1742111942.3225887,5.4751098748737215e-15,5.345769590119002e-68,5.884587046716919e-05,7.399398539660992e-08,4.778167283220716,1.6562496467478136,-0.2378343810072958
1742111942.4229589,7.13338419040547e-15,6.14708111626595e-69,6.560147315301415e-05,8.445936413687631e-08,4.797839519699979,1.651453111588088,-0.2398697920820534
1742111942.5234997,9.119115180079807e-15,7.98775693475108e-70,6.589027331851132e-05,9.549405834961569e-08,4.8162521788127055,1.6469399624872942,-0.24067038129799515
1742111942.6380956,1.1820226745584842e-14,8.931123039744101e-71,7.332542534231187e-05,1.087208661922119e-07,4.835864361716121,1.6421110372171628,-0.24205150959681226
1742111942.7244518,1.6686737398189908e-14,4.57545453077127e-72,7.916026100139314e-05,1.2917715509404093e-07,4.8622182899645185,1.6355500286424733,-0.24511078286234733
1742111942.8229733,2.1493808640404002e-14,4.9316555298298376e-73,7.974402874333754e-05,1.4660766910500967e-07,4.8817999286052345,1.6305987345161015,-0.24915806071151492
1742111942.9271522,1.6928179056832035e-14,9.396909137562715e-73,7.936831585977851e-05,1.3010833584683203e-07,4.8815349935872785,1.6047232166390435,-0.27369997513236727
1742111943.0236545,2.139598641808752e-14,1.1098659468780327e-73,7.966975930718249e-05,1.4627366959944473e-07,4.900222024611294,1.5994628996778362,-0.2745306012475702
1742111943.123032,2.7348914386077417e-14,1.1426459175038582e-74,8.016914122725015e-05,1.6537507183997658e-07,4.919941566154089,1.5939474571125287,-0.2711279280738743
1742111943.2245085,3.745242660522219e-14,5.902052123695846e-76,9.461381785105223e-05,1.9352629435098008e-07,4.9453852049459694,1.5869096685256867,-0.26843217017816623
1742111943.328426,4.0969164153803176e-14,2.5066101904122698e-76,9.207003621293084e-05,2.0240840929616332e-07,4.952684472914575,1.5849112378360921,-0.26604055413557937
1742111943.4226155,5.179878264602191e-14,2.6152662260441383e-77,9.255766608857888e-05,2.2759345914595592e-07,4.971835267366517,1.5797136848907698,-0.2639044008938435
1742111943.53019,6.449493603754984e-14,3.0727792177202764e-78,0.00010667930856611716,2.539585321219782e-07,4.989829921266233,1.5748950490712028,-0.25983605117293335
1742111943.624302,8.864454556662215e-14,1.3106595803473133e-79,0.00010940837161594066,2.9773233879883144e-07,5.016076061445601,1.568014537006142,-0.25415589895786966
1742111943.7269156,1.1163815025733467e-13,1.2802550532101771e-80,0.000120437356656103,3.341229567948522e-07,5.035240193913191,1.5630650872464749,-0.252000738426468
1742111943.8270378,1.2188580285004158e-13,5.232843746300116e-81,0.00012278885993014207,3.4912147291457396e-07,5.042570647257923,1.5611842651232224,-0.2503166138449522
1742111943.9252303,1.5304203656933504e-13,5.0308042339828524e-82,0.00011814004212610244,3.912058749166927e-07,5.061653184017141,1.5563242034776494,-0.24745751314552755
1742111944.0256917,1.920604316043416e-13,4.707896065634549e-83,0.00013580108504308353,4.382469983974124e-07,5.080800487709974,1.5515137571482338,-0.2447221051225277
1742111944.1232924,2.382856314839471e-13,4.818021936587669e-84,0.00013642802907038316,4.881450926558077e-07,5.099080214095716,1.5469900929921039,-0.2409689869055363
1742111944.2227023,2.991381999627977e-13,4.20991815522499e-85,0.00014981140981723567,5.469352795009641e-07,5.118477888661415,1.542242850688433,-0.2393060508439156
1742111944.3245137,3.482684523079892e-13,6.953146336789373e-86,0.00015494461965534295,5.901427389267694e-07,5.133000184369077,1.5369020993218527,-0.24785304850263692
1742111944.4266658,3.81725957182418e-13,2.5275859559846363e-86,0.00015158922894733834,6.17839750406542e-07,5.14097579634554,1.5348880867808898,-0.24684758147521108
1742111944.5224588,4.781953418146853e-13,2.0462907205024857e-87,0.00016623754254700357,6.915166966998594e-07,5.160683773109156,1.5299201711416097,-0.24679184926970105
1742111944.6227727,5.898850476672068e-13,1.9010016660464754e-88,0.00016710690554781093,7.680397435466518e-07,5.179173796467062,1.525298236016542,-0.2437203399680386
1742111944.7226014,7.388790244231022e-13,1.4312278252962151e-89,0.00016859167889224065,8.595807259490538e-07,5.199148407863284,1.5203533434597085,-0.24211072398645972
1742111944.82424,9.11118235997953e-13,1.243674620583564e-90,0.00019187612504248811,9.545251363887454e-07,5.217876838994087,1.5157463606599617,-0.24090230314357372
1742111944.9222133,1.193132446065885e-12,5.070003659406452e-92,0.0001957096558106925,1.0923060221686433e-06,5.242212357050427,1.5097743556977694,-0.24068482069594954
1742111945.022533,1.298080202110019e-12,1.8388729344807646e-92,0.00020760025826419712,1.139333226984107e-06,5.249881000048813,1.5078892871427525,-0.24138739927036865
1742111945.1226947,1.5849745401908495e-12,1.6234027068345334e-93,0.00021703925821561608,1.258957719778885e-06,5.268146209618326,1.5034124918960707,-0.24000867678148843
1742111945.2231739,1.9364673702551896e-12,1.369289412868232e-94,0.00021825705428369299,1.3915701097160681e-06,5.2866321849929,1.4988795013119953,-0.24086836574895484
1742111945.322769,2.6038287288621336e-12,3.2804240869259455e-96,0.00022432344316935472,1.6136383513235342e-06,5.314303393773066,1.492057149768297,-0.24259289948566057
1742111945.4228227,2.8078434806040294e-12,1.2482159845983963e-96,0.00023725325862893306,1.6756621021566459e-06,5.32142660523974,1.49028601668612,-0.24480831099970438
1742111945.5242753,3.3980757845728513e-12,1.0508714632574464e-97,0.00024768006328402517,1.8433870414464921e-06,5.339593657162155,1.4857288793606152,-0.2476615201525221
1742111945.625179,4.132797213405842e-12,7.899493131616679e-99,0.00026869882805112793,2.03292823616719e-06,5.358478843849838,1.4809143644350458,-0.25060389785392384
1742111945.7225473,5.428507219492114e-12,1.6021838864401815e-100,0.0002751678363824701,2.329915710812757e-06,5.386923876986838,1.471764309613604,-0.25120292673556105
1742111945.8272498,7.129093958649683e-12,3.6211083766184335e-102,0.0003034969085839859,2.670036321597458e-06,5.414104073033933,1.4646540374711718,-0.25736348586825614
1742111945.9225373,8.603837285186122e-12,2.4957163008973764e-103,0.000316527901060053,2.9332298384521667e-06,5.433141450059782,1.4596199802702206,-0.25985524500457546
1742111946.033738,9.30532823908249e-12,8.049052247800419e-104,0.00031073181941213105,3.0504636105160296e-06,5.441161081438295,1.4574735550349271,-0.2631784153610278
1742111946.1322365,1.1223740817787075e-11,5.15320798946469e-105,0.0003359487074154724,3.3501851915658446e-06,5.460556469471566,1.4522109259064009,-0.26728394138364087
1742111946.2222545,1.3363370065751642e-11,3.7803972194539677e-106,0.000337141826817764,3.6555943519148347e-06,5.478881438626367,1.4471600021545692,-0.26955323596222297
1742111946.322471,1.605442264514908e-11,2.2838891835332245e-107,0.0003514169964064879,4.00679705564795e-06,5.49845169312702,1.4416746898671486,-0.27598517370380427
1742111946.4309485,2.0334151607158526e-11,5.62642403325062e-109,0.0003838588252014737,4.50934048472263e-06,5.5240899578523965,1.4343934646468073,-0.27854441862756363
1742111946.5281549,2.4190029507744963e-11,3.4606101584719833e-110,0.0003854651327613754,4.918336050713185e-06,5.5432565975649375,1.4288766153575736,-0.28126910864112864
1742111946.6354501,2.5925359853702428e-11,1.1185281200174904e-110,0.00037855143315506686,5.091695184680877e-06,5.550986304764983,1.4266327837938784,-0.2837747007116485
1742111946.7234144,3.033779411340001e-11,8.278158855463923e-112,0.00041993257026102967,5.50797550043571e-06,5.568735956320712,1.4214099807211014,-0.287804136748593
1742111946.8230762,3.810549697826378e-11,1.7223195808942186e-113,0.0004272458600521348,6.172965007049998e-06,5.594954207781349,1.413585712359938,-0.29062546579835913
1742111946.9221442,4.48374345336489e-11,1.0181222289987915e-114,0.00045826469579807194,6.6960760549480695e-06,5.613961735489916,1.407886463731498,-0.29203865094779025
1742111947.0246842,5.2132146542604836e-11,7.028667469670505e-116,0.00047396073155008456,7.220259451197363e-06,5.631820467660539,1.4024979150928636,-0.29349142382590065
1742111947.1249676,6.165935182529967e-11,1.041078510255386e-116,0.00046106978896317754,7.852346899195149e-06,5.6439063070569055,1.4054413655130982,-0.2954464058418141
1742111947.222848,7.243509698159666e-11,5.429565253553443e-118,0.0005099772047400382,8.510881093141687e-06,5.663460042198157,1.39945003730231,-0.29854963971565823
1742111947.322655,8.338689910698469e-11,3.8723273754748947e-119,0.0005108633771862398,9.13164273868534e-06,5.680842147268201,1.394060846623796,-0.3017938404370413
1742111947.4228587,1.0291106771199817e-10,6.753558969694811e-121,0.0005519303154434675,1.0144509239583656e-05,5.707313138796227,1.3857649301120412,-0.3046970765132771
1742111947.527268,1.0909010361414872e-10,2.152289699173712e-121,0.0005592864305013897,1.0444620798006441e-05,5.714749163721017,1.3834243452026116,-0.30519318273554896
1742111947.6247725,1.38377408086394e-10,1.841063394346198e-123,0.0005723442461135142,1.1763392711560471e-05,5.745522821523643,1.3737080165745286,-0.30737869506965726
1742111947.7248566,1.4695495552114652e-10,5.372869975076354e-124,0.0005991294436338558,1.2122497907656925e-05,5.7534347680745554,1.3711935125452168,-0.3080534270990954
1742111947.8286438,1.682294124324438e-10,3.2307630675550287e-125,0.0005981395435216228,1.2970328154385446e-05,5.771422321885499,1.3654516346080579,-0.30973306549976914
1742111947.9237053,1.9407189795422988e-10,1.5485130830928314e-126,0.0006003392508441327,1.393096902423625e-05,5.790748799291258,1.3592432897345632,-0.3111065651316509
1742111948.0241268,2.1618619633517132e-10,1.4947368865172037e-127,0.0006529449383020539,1.4703271620124934e-05,5.805542180973493,1.3544818696899266,-0.31157322852204894
1742111948.1241627,2.4555589327970803e-10,9.008388570482583e-129,0.0006531257925343247,1.567022314071207e-05,5.823225564998868,1.3487861133322108,-0.31157563878487204
1742111948.224093,2.814916896741637e-10,4.1618331435993e-130,0.000652915826556515,1.6777714077733107e-05,5.842471422790538,1.3425751336096479,-0.31314197061847315
1742111948.3286037,3.189463625482119e-10,2.3415522351873535e-131,0.0007122249585725125,1.7859069475989275e-05,5.860382130744842,1.3367597470991077,-0.3147449071545467
1742111948.438356,3.5868228695076484e-10,1.4675405887299686e-132,0.0007112534866074204,1.893890933899745e-05,5.8775310386049675,1.3311391056147968,-0.3180430444915161
1742111948.5226097,5.563051356855445e-10,4.686324329991426e-135,0.0007643573095309301,2.3586121675373943e-05,5.911514274181577,1.3401048105755093,-0.30088128474977155
1742111948.6223292,6.255085401483441e-10,2.7272933867829383e-136,0.0008295438249546115,2.5010168734903494e-05,5.928860337181515,1.3346849950195374,-0.30458538932230617
1742111948.7271185,6.570630551736631e-10,8.089142284687346e-137,0.0008178192144410642,2.563324121475205e-05,5.936246986136997,1.3323561483238116,-0.3062417316200985
1742111948.8228838,7.477602466469296e-10,3.1303138131730454e-138,0.0008639809212491891,2.7345205185679804e-05,5.955933354096139,1.3261099860092906,-0.3094715881111874
1742111948.9232357,8.413934403251137e-10,1.4823013926593225e-139,0.00086394860052296,2.9006782660700473e-05,5.9742966959840835,1.320213711082787,-0.31127269518997797
1742111949.02334,9.923019885337772e-10,1.7612861754370017e-141,0.0008972199184212948,3.1500825204012944e-05,6.000817179728152,1.3114929601189467,-0.3222653190555824
1742111949.1230175,1.1050911577633739e-09,8.684886009081673e-143,0.0009441789007180906,3.3242911391203e-05,6.018712150223422,1.3054687701018028,-0.3269979204001679
1742111949.2254703,1.2345519393041757e-09,3.510307053263158e-144,0.0009679943593675741,3.513619130332961e-05,6.037692128729567,1.2989404261989075,-0.33412854326393737
1742111949.322584,1.2918262121967952e-09,9.132010078396456e-145,0.000978134198311033,3.5941983976914726e-05,6.045627413300103,1.2961756200662526,-0.3364032800259842
1742111949.4233718,1.4373070986358817e-09,3.4975392701800045e-146,0.0010031547258372785,3.7911833227053025e-05,6.064781792737001,1.289379099850277,-0.3443845580282463
1742111949.522916,1.6564898175367074e-09,3.633554982327058e-148,0.001009381840208849,4.0699997758436145e-05,6.091428348607469,1.2796324641093004,-0.35657869232323314
1742111949.6254895,1.72432125179064e-09,9.417496761925729e-149,0.0010191089581587432,4.152494734241863e-05,6.099269752417211,1.2766827959568883,-0.3630060548844589
1742111949.7224498,1.8906157361494365e-09,3.8032285126583235e-150,0.0010667052793792325,4.348121130039314e-05,6.117840876980889,1.2695490485344398,-0.37259054136898656
1742111949.825568,2.060441598603818e-09,1.6140950389703e-151,0.0010612039311651779,4.53920874008215e-05,6.13603344019565,1.2623501896922147,-0.3831476862492814
1742111949.922351,3.0896744132438547e-09,1.5377032060073654e-153,0.0011932557287909016,5.558483977888085e-05,6.161473120042277,1.2789245850827793,-0.36945524489670684
1742111950.022446,3.3468646490289975e-09,7.2508091097486345e-155,0.001186734144045251,5.7852092866455554e-05,6.178875673008065,1.2721373577821888,-0.3740524468401043
1742111950.12228,3.7400619997874185e-09,7.765668292484862e-157,0.0012170398367096448,6.115604630604744e-05,6.204574112427888,1.2617595197206428,-0.39192926561623515
1742111950.2222755,4.009993951144769e-09,3.5631746103609044e-158,0.001207434984935025,6.332451303519648e-05,6.22193137266558,1.254456460094813,-0.40391678786068863
1742111950.3221655,4.113819492476762e-09,1.086061392126506e-158,0.001185444987532593,6.413906370127928e-05,6.228601987598193,1.2515805222611214,-0.4101948854902356
1742111950.433865,4.35959483416166e-09,6.245739800907207e-160,0.0011719796211884243,6.602722797574997e-05,6.244589177662807,1.2444885313001823,-0.421822648999986
1742111950.5229416,4.589157487318973e-09,4.0665554575416726e-161,0.0011863364957208644,6.7743320610367e-05,6.2598177625191695,1.2375000246203152,-0.4364424017646877
1742111950.6307695,4.873209654714658e-09,1.1587471850496238e-162,0.001173385427220903,6.980837811262096e-05,6.279561126022305,1.2280385103148783,-0.45532250082283926
1742111950.727318,4.946736856898661e-09,4.400613796204058e-163,0.001147634523113009,7.033304242600813e-05,6.28491544044374,1.2253905124726086,-0.4632402179220287
1742111950.8239913,5.11334050970343e-09,4.443888165485571e-164,0.0011569213046313442,7.150762553534714e-05,6.2975641724138285,1.218994435360506,-0.4748418894985288
1742111950.9226773,5.255285638665398e-09,5.134451740394536e-165,0.0011346753942479855,7.249334892709398e-05,6.309431862536439,1.212740796000128,-0.49181688999920775
1742111951.0221112,5.377861167751593e-09,6.566969081660095e-166,0.0011113280360103889,7.333390189913252e-05,6.320704512291723,1.2066089299884666,-0.5023325202444164
1742111951.1225014,5.5164149920897085e-09,4.62274453281585e-167,0.0010884982839217603,7.427257227328072e-05,6.33519729649494,1.1984552711920375,-0.5194819984415144
1742111951.2250655,5.549803771460799e-09,2.2489864993990745e-167,0.0010901323072355364,7.449700511739247e-05,6.339121951746851,1.1961917487089695,-0.5268063364008038
1742111951.3239887,5.621030238875963e-09,4.162257317295574e-168,0.0010935591978996572,7.497353025485703e-05,6.3482934673179905,1.190816794395672,-0.5349794743040175
1742111951.42598,5.6817080651368514e-09,7.986147528131253e-169,0.0010665726184484606,7.537710570947157e-05,6.35724438394616,1.1854666666101135,-0.5434142467954722
1742111951.5224233,5.728491657458345e-09,1.5957679095420886e-169,0.0010688075378019976,7.568679975701407e-05,6.3659528973026624,1.1801073851985497,-0.5566473720052808
1742111951.62335,5.7714774401904966e-09,2.0529074235974165e-170,0.001041069048465286,7.597024049054009e-05,6.377009491450355,1.1731085759819215,-0.5705978093126385
1742111951.7243059,7.51452477912495e-09,8.894630211052116e-171,0.0011129595105936207,8.668635866804506e-05,6.381010613939187,1.1938676742146548,-0.5568598473699592
1742111951.8345351,7.53031247217396e-09,5.240473133662796e-171,0.0011135922792069107,8.677737304259654e-05,6.38386219814633,1.1920786559051075,-0.563753720584681
1742111951.9241438,7.559997609375656e-09,1.4573707782389954e-171,0.0010838031152829348,8.69482467297395e-05,6.390750820343667,1.1876760818574836,-0.5760524535806678
1742111952.0309398,7.57786830548986e-09,4.144102230682474e-172,0.0010844211002017656,8.705095235257258e-05,6.39750615266208,1.1832538084056816,-0.5835920239122414
1742111952.1220927,7.586487272518235e-09,8.552967481725228e-173,0.001054270171116757,8.710044358393495e-05,6.405963062979927,1.177596222849135,-0.5961907470853829
1742111952.2280064,7.585139953282629e-09,5.5890110595707646e-173,0.0010541952539990461,8.709270895593172e-05,6.408239712704146,1.176037954228947,-0.6042452717454933
1742111952.3221848,7.576334204412008e-09,2.114089085595607e-173,0.0010538559234726187,8.704214039424816e-05,6.41343579655995,1.1724268579299966,-0.611522581640055
1742111952.4231808,7.56073725565774e-09,7.90264327644851e-174,0.0010532810911961284,8.695249999659436e-05,6.418686375209914,1.168717115236062,-0.619832422796061
1742111952.523533,7.538051758633969e-09,3.2498797847240098e-174,0.001022675162563363,8.682195435852599e-05,6.423420643530841,1.165286214379333,-0.6324343050153755
1742111952.6224813,7.508594291545601e-09,1.3752376260192293e-174,0.001021627095245987,8.665214533723675e-05,6.427995982764843,1.1618953342777405,-0.6407670045526527
1742111952.7235777,7.462989743173563e-09,4.5067138273240223e-175,0.0010200026505484269,8.638859729833308e-05,6.433920881546468,1.157435186590642,-0.6480746830137276
1742111952.8220916,7.427290444496679e-09,2.1186437346868185e-175,0.0010187342662329754,8.61817291802426e-05,6.437922574583135,1.1543764326814108,-0.6562038028867744
1742111952.922438,7.409874629854245e-09,1.5439289835738453e-175,0.0009878548190714312,8.60806286562444e-05,6.439598842265452,1.1530686032224966,-0.6689014697702429
1742111953.0285482,7.36937166475874e-09,8.14752743021989e-176,0.0009864321206753414,8.584504449738924e-05,6.442982291367569,1.1503695494910513,-0.6767081881197
1742111953.1315897,7.324931325209442e-09,4.296906566725061e-176,0.0009848881652721557,8.558581263976783e-05,6.446365054957299,1.1476292467906695,-0.6846929455431008
1742111953.2235682,7.28192536917868e-09,2.4797445587243437e-176,0.0009833509043468214,8.5334198122316e-05,6.449268605976426,1.14522260723139,-0.6968306267889045
1742111953.3279147,7.2066221351030065e-09,1.0672009429776498e-176,0.0009512876775855585,8.489182607944658e-05,6.453716297753152,1.1414276634168736,-0.7165206039579415
1742111953.4232004,7.1872815233865694e-09,8.780192969720081e-177,0.000950626826636908,8.477783627450378e-05,6.454744732898407,1.1405274408368582,-0.7215158308179879
1742111953.5225239,7.137988138516736e-09,5.395070348064484e-177,0.0009781683210988389,8.448661514415604e-05,6.457309776798299,1.1382699984532771,-0.7226031983526253
1742111953.6225107,7.091726818072365e-09,3.48039061987912e-177,0.0009473690266811089,8.421239111955178e-05,6.459616323810396,1.13621696609695,-0.7318051422269845
1742111953.7230434,7.0261208887989505e-09,2.003412330829037e-177,0.0009450132971114052,8.382195946647245e-05,6.462520095945548,1.1335414972325064,-0.7520052755506538
1742111953.8268535,6.206885096407045e-09,1.8898189093598782e-177,0.0009143566018599851,7.87837870148868e-05,6.462911165300257,1.122502541893545,-0.7737091881280236
1742111953.9223602,6.114996340818809e-09,9.456347845254419e-178,0.0009107683998723966,7.819844206132759e-05,6.466538649062963,1.1188995740662353,-0.7843881350999168
1742111954.0242884,6.062627176630918e-09,6.402611056143248e-178,0.0009087170194856554,7.786287418680946e-05,6.468579161016896,1.1168594886772296,-0.7858165008073146
1742111954.122407,6.044272107817731e-09,5.583567725668352e-178,0.0009079955774925798,7.774491692591697e-05,6.469294888835057,1.11614342789701,-0.7854449254517845
1742111954.223686,5.992509769224779e-09,3.792305354584659e-178,0.000905953462817534,7.741130259351523e-05,6.471316420993899,1.1141201576266826,-0.7863566977029136
1742111954.3272934,5.926539338232104e-09,2.3163188722687338e-178,0.0008751327479048694,7.69840200186513e-05,6.47388982205978,1.1115391253780702,-0.7872726422791775
1742111954.4259136,5.862204258036898e-09,1.4287430647534002e-178,0.0008725757455294738,7.65650328677321e-05,6.476408974878611,1.1090112310536209,-0.7862317067628198
1742111954.5240276,5.830381304974789e-09,1.1190571708610518e-178,0.0008713103204158639,7.635693357498576e-05,6.47768154583107,1.1077423809841846,-0.7824718457703883
1742111954.629885,5.816620554261645e-09,1.005595513476521e-178,0.0008707629250178323,7.626677228165386e-05,6.478238162868289,1.1071893676795415,-0.781829128885775
1742111954.725197,5.780504169995119e-09,7.575146535755704e-179,0.0008693266395596503,7.602962692263536e-05,6.479712433583641,1.1057285025869463,-0.780023763800173
1742111954.824154,5.7280577648130084e-09,4.9794271785441724e-179,0.0008672173070513229,7.56839333333899e-05,6.481893950598108,1.1035789780032057,-0.7774322730546289
1742111954.9225323,5.712534596162999e-09,4.3944181190470656e-179,0.0008665878197790054,7.558131115668078e-05,6.48254336251688,1.1029398209538166,-0.7774477106576256
1742111955.023042,5.672513145290639e-09,3.1813601377113286e-179,0.0008649626747285811,7.5316088223504e-05,6.484220947817066,1.101288602092641,-0.7775582176690393
1742111955.1228511,5.645003757812536e-09,2.547058392616609e-179,0.0008362935806981399,7.513324003270813e-05,6.485375033678304,1.1001518920507718,-0.7780719501023583
1742111955.2223709,5.613668550620359e-09,1.9762681277443796e-179,0.0008078475085639813,7.492441892080552e-05,6.486691119679966,1.0988550345395631,-0.7780299288277917
1742111955.325364,5.5923684698216865e-09,1.6534680401632272e-179,0.0008070201431213936,7.47821400457468e-05,6.487615653859303,1.0979542221403755,-0.7564518553262051
1742111955.4322822,5.590191908940921e-09,1.618192406077387e-179,0.0008069356544200184,7.4767585951005e-05,6.48772742200997,1.0978514087614473,-0.7309302193169886
1742111955.5231156,5.590577640197942e-09,1.6239587572176204e-179,0.0008069506337356939,7.47701654418254e-05,6.487708986230315,1.0978687782364158,-0.6995575231557183
1742111955.6248372,5.589200607807257e-09,1.5938566637299357e-179,0.0008068973179623312,7.476095643989085e-05,6.487805948019107,1.097787440457716,-0.6724168163781457
1742111955.7224994,5.591087306515003e-09,1.6500078601639514e-179,0.0008069701433934746,7.477357358395412e-05,6.487626524197255,1.097927790700071,-0.6435825926308925
1742111955.8221147,5.5905148349598144e-09,1.6241530805311165e-179,0.0008069481768326532,7.476974545201965e-05,6.487708366979076,1.0978681974217825,-0.6115254563336664
1742111955.9230142,5.591343314593283e-09,1.6840371927039754e-179,0.0008069796439779492,7.477528545310464e-05,6.487520740677839,1.0979973857845144,-0.5751767856126122
1742111956.0219898,5.5913141532485396e-09,1.642686101742033e-179,0.0008069791176010497,7.477509045964799e-05,6.487649565817611,1.097916975000631,-0.5486792427544884
1742111956.1234758,4.405322549592611e-09,3.2856416682746584e-178,0.0007562118241484441,6.637260390848479e-05,6.472100171819639,1.0871621278855388,-0.5559459291774854
1742111956.2225516,4.404948042254133e-09,3.512499766956537e-178,0.0007561938443503024,6.636978259911759e-05,6.471753462577565,1.0873713829396046,-0.5287396572906599
1742111956.32233,4.405520163404352e-09,3.3810827351359057e-178,0.0007562209239144374,6.637409256181474e-05,6.471951494895423,1.0872588072465699,-0.5099960528690443
1742111956.4333587,4.403367299903186e-09,3.6697688105481346e-178,0.000756119397262451,6.63578729308225e-05,6.471525945567683,1.0874828093639461,-0.4740961753208265
1742111956.5221107,4.4055469491738304e-09,3.4375292515467003e-178,0.0007562220900232819,6.63742943403079e-05,6.471865519549391,1.0873130215078377,-0.4542436264831648
1742111956.6238368,4.406056888313497e-09,3.39252079597515e-178,0.0007562461208640956,6.637813561944549e-05,6.471933975878583,1.0872801671536232,-0.44068510461636634
1742111956.7223163,4.402582997079946e-09,3.67372732544889e-178,0.0007560825307891409,6.635196302356054e-05,6.471520321004684,1.0874710870831477,-0.4238778911907301
1742111956.8228362,4.40501864091838e-09,3.497799888735966e-178,0.0007561971807701695,6.637031445547308e-05,6.471775243261513,1.0873591492380963,-0.4086275063831435
1742111956.9244578,4.406703380085107e-09,3.389674005918784e-178,0.000756276497530449,6.638300520528659e-05,6.471938356748575,1.087289979513543,-0.3869655691463576
1742111957.022007,4.400391745377161e-09,3.745818210799352e-178,0.0007559794706290663,6.633544863326969e-05,6.471419323957827,1.0874916041381213,-0.3577853478867635
1742111957.125498,3.4968982932499407e-09,4.149784218800022e-179,0.0007101755303965792,5.913457781408387e-05,6.48271542739141,1.060952282839016,-0.36054265442580524
1742111957.2246563,3.500955625944943e-09,3.8381781424470156e-179,0.0007104006246068117,5.916887379310969e-05,6.483118971245203,1.0608029756064061,-0.34711182805985746
1742111957.3224144,3.498292132086238e-09,4.0200135032449025e-179,0.0007102529764719072,5.914636195140187e-05,6.482879632410173,1.0608853164010439,-0.3274113306710179
1742111957.4300025,3.4955150354192774e-09,4.211067122275979e-179,0.000710099080413169,5.912288081123312e-05,6.48263951695173,1.0609653621404682,-0.31226604002804104
1742111957.5244558,3.5009551746103177e-09,3.871344456351181e-179,0.0007104003732929955,5.916886997915642e-05,6.48307457778745,1.0608301758007155,-0.28835496994942966
1742111957.624346,3.5019276505132823e-09,3.817158634298387e-179,0.0007104542038051856,5.9177087208760815e-05,6.483147490269319,1.060808975621823,-0.2775653576412851
1742111957.727418,3.499887468760023e-09,3.92670779768502e-179,0.000710341302128024,5.915984676078888e-05,6.483001109186061,1.0608494113466778,-0.26385028138101635
1742111957.8223813,3.4963277020470484e-09,4.1170046275806254e-179,0.0007101443329603826,5.912975310321402e-05,6.4827562408505575,1.0609134557192998,-0.2485398067095929
1742111957.9222105,3.500051355922804e-09,3.926068397100724e-179,0.0007103503174597652,5.916123186617064e-05,6.48300198068066,1.0608528377336865,-0.2373633723640495
1742111958.0230951,3.5039197932393924e-09,3.74347684044768e-179,0.0007105641018653756,5.919391686009123e-05,6.4832484361111025,1.0607952071769917,-0.21910600307673755
1742111958.133506,3.5039197932393924e-09,3.74347684044768e-179,0.0007105641018653756,5.919391686009123e-05,6.4832484361111025,1.0607952071769917,-0.21106700915188129
1742111958.2334638,3.501439351326247e-09,3.85252633838359e-179,0.000710427118157934,5.917296131956087e-05,6.483099811528673,1.060826405275562,-0.20128765645713145
1742111958.3225822,3.498014254067565e-09,4.003265057831666e-179,0.0007102377984867755,5.914401283365515e-05,6.482901121795935,1.0608654232899632,-0.18906863722295109
1742111958.4269788,3.5038163207950833e-09,3.760541552759681e-179,0.0007105583291893013,5.91930428411573e-05,6.483224950509404,1.0608071035245188,-0.1746529782125408
1742111958.5413852,3.509765612842563e-09,3.532171888093164e-179,0.0007108862891101082,5.9243274832191397e-05,6.483549310428037,1.0607518195069172,-0.1628741839835102
1742111958.6223543,3.643512622345956e-09,2.1280319485705666e-179,0.0007181571568466736,6.036151607063855e-05,6.486187409002104,1.0623004626589925,-0.1600027219492132
1742111958.728405,3.642050933332778e-09,2.1590941112509443e-179,0.0007180793082681017,6.0349407066952846e-05,6.4861124210953935,1.0623123996370252,-0.1557190180855924
1742111958.833148,3.638575009967918e-09,2.2334354131958876e-179,0.0007178941299738261,6.0320601870073533e-05,6.485937228549913,1.0623388247980405,-0.14566586772977652
1742111958.9283192,3.636568388776092e-09,2.2770872772769055e-179,0.0007177871974685082,6.030396660897268e-05,6.485837049263386,1.062353464216312,-0.13815191249429523
1742111959.027176,3.637080326010694e-09,2.2660821045370297e-179,0.0007178144822729911,6.030821109940747e-05,6.485862125411758,1.0623500264604733,-0.13685554127275287
1742111959.122986,3.63759160113509e-09,2.2551309352139864e-179,0.0007178417303524888,6.03124498021353e-05,6.485887199419084,1.0623465732010144,-0.1368638114172155
1742111959.223404,3.63759160113509e-09,2.2551309352139864e-179,0.0007178417303524888,6.03124498021353e-05,6.485887199419084,1.0623465732010144,-0.13684743504106345
1742111959.3303943,3.637591595598002e-09,2.2551309419432863e-179,0.0007178417300564214,6.031244975623194e-05,6.485887199402724,1.0623465730821988,-0.1368569121795827
1742111959.423038,3.637591595598002e-09,2.2551309419432863e-179,0.0007178417300564214,6.031244975623194e-05,6.485887199402724,1.0623465730821988,-0.1368653313356572
1742111959.5224857,3.637591595598002e-09,2.2551309419432863e-179,0.0007178417300564214,6.031244975623194e-05,6.485887199402724,1.0623465730821988,-0.13684709231435602
1742111959.6224692,3.637591595598002e-09,2.2551309419432863e-179,0.0007178417300564214,6.031244975623194e-05,6.485887199402724,1.0623465730821988,-0.13685662905752002
1742111959.723513,3.637591595598002e-09,2.2551309419432863e-179,0.0007178417300564214,6.031244975623194e-05,6.485887199402724,1.0623465730821988,-0.13685807447015588
1742111959.8246975,3.637591595598002e-09,2.2551309419432863e-179,0.0007178417300564214,6.031244975623194e-05,6.485887199402724,1.0623465730821988,-0.13685908774911704
1742111959.9234207,3.637591595598002e-09,2.2551309419432863e-179,0.0007178417300564214,6.031244975623194e-05,6.485887199402724,1.0623465730821988,-0.13685202459871115
1742111960.0228372,3.637591595598002e-09,2.2551309419432863e-179,0.0007178417300564214,6.031244975623194e-05,6.485887199402724,1.0623465730821988,-0.13686841587602439
1742111960.1221611,3.637591595598002e-09,2.2551309419432863e-179,0.0007178417300564214,6.031244975623194e-05,6.485887199402724,1.0623465730821988,-0.1368710831838781
1742111960.2225456,3.637591595598002e-09,2.2551309419432863e-179,0.0007178417300564214,6.031244975623194e-05,6.485887199402724,1.0623465730821988,-0.13686328987657365
1742111960.3256192,3.637591595598002e-09,2.2551309419432863e-179,0.0007178417300564214,6.031244975623194e-05,6.485887199402724,1.0623465730821988,-0.13685253123819174
1742111960.425749,3.637591595598002e-09,2.2551309419432863e-179,0.0007178417300564214,6.031244975623194e-05,6.485887199402724,1.0623465730821988,-0.13687495748578846
1742111960.5227592,3.6370803180891915e-09,2.2660821142136337e-179,0.0007178144818493998,6.030821103373231e-05,6.485862125388346,1.062350026290471,-0.1368536041217977
1742111960.6229663,3.6375916028589576e-09,2.2551309331186033e-179,0.0007178417304446643,6.031244981642644e-05,6.4858871994241785,1.0623465732380049,-0.13686737279474082
1742111960.723238,3.6375916028589576e-09,2.2551309331186033e-179,0.0007178417304446643,6.031244981642644e-05,6.4858871994241785,1.0623465732380049,-0.13687094907342734
1742111960.8225644,3.6375916028589576e-09,2.2551309331186033e-179,0.0007178417304446643,6.031244981642644e-05,6.4858871994241785,1.0623465732380049,-0.13686907152711694
1742111960.9281564,3.6375916028589576e-09,2.2551309331186033e-179,0.0007178417304446643,6.031244981642644e-05,6.4858871994241785,1.0623465732380049,-0.13687437634050198
1742111961.0228658,3.6375916028589576e-09,2.2551309331186033e-179,0.0007178417304446643,6.031244981642644e-05,6.4858871994241785,1.0623465732380049,-0.13686391572534384
1742111961.1239028,3.6375916028589576e-09,2.2551309331186033e-179,0.0007178417304446643,6.031244981642644e-05,6.4858871994241785,1.0623465732380049,-0.13688808540880024
1742111961.2235465,3.6375916028589576e-09,2.2551309331186033e-179,0.0007178417304446643,6.031244981642644e-05,6.4858871994241785,1.0623465732380049,-0.136871381207102
1742111961.32229,3.6375916028589576e-09,2.2551309331186033e-179,0.0007178417304446643,6.031244981642644e-05,6.4858871994241785,1.0623465732380049,-0.1368847773510152
1742111961.4223258,3.6375916028589576e-09,2.2551309331186033e-179,0.0007178417304446643,6.031244981642644e-05,6.4858871994241785,1.0623465732380049,-0.1368792192178899
1742111961.5242453,3.6375916028589576e-09,2.2551309331186033e-179,0.0007178417304446643,6.031244981642644e-05,6.4858871994241785,1.0623465732380049,-0.13688057522355856
1742111961.6223521,3.6375916028589576e-09,2.2551309331186033e-179,0.0007178417304446643,6.031244981642644e-05,6.4858871994241785,1.0623465732380049,-0.13685689727842157
1742111961.7229729,3.6375916028589576e-09,2.2551309331186033e-179,0.0007178417304446643,6.031244981642644e-05,6.4858871994241785,1.0623465732380049,-0.1368731097418005
1742111961.822428,3.6375916028589576e-09,2.2551309331186033e-179,0.0007178417304446643,6.031244981642644e-05,6.4858871994241785,1.0623465732380049,-0.1368761644798452
1742111961.9228864,3.6375916028589576e-09,2.2551309331186033e-179,0.0007178417304446643,6.031244981642644e-05,6.4858871994241785,1.0623465732380049,-0.13687415282308393
1742111962.0318198,3.6375916028589576e-09,2.2551309331186033e-179,0.0007178417304446643,6.031244981642644e-05,6.4858871994241785,1.0623465732380049,-0.13687433163701834
1742111962.1355946,3.6370803374141936e-09,2.266082090606414e-179,0.0007178144828827785,6.030821119395098e-05,6.485862125445463,1.062350026705202,-0.13687157492219745
1742111962.2219656,3.637591596712445e-09,2.2551309405887094e-179,0.0007178417301160102,6.031244976547085e-05,6.485887199406017,1.0623465731061121,-0.13687012950956165
1742111962.3235586,3.637591596712445e-09,2.2551309405887094e-179,0.0007178417301160102,6.031244976547085e-05,6.485887199406017,1.0623465731061121,-0.13687349717199146
1742111962.4269354,3.637591596712445e-09,2.2551309405887094e-179,0.0007178417301160102,6.031244976547085e-05,6.485887199406017,1.0623465731061121,-0.13687400381147205
1742111962.526386,3.637591596712445e-09,2.2551309405887094e-179,0.0007178417301160102,6.031244976547085e-05,6.485887199406017,1.0623465731061121,-0.1368703977304632
1742111962.625706,3.637591596712445e-09,2.2551309405887094e-179,0.0007178417301160102,6.031244976547085e-05,6.485887199406017,1.0623465731061121,-0.1368707404571706
1742111962.7231688,3.637591596712445e-09,2.2551309405887094e-179,0.0007178417301160102,6.031244976547085e-05,6.485887199406017,1.0623465731061121,-0.1368786976772481
1742111962.8256779,3.637591596712445e-09,2.2551309405887094e-179,0.0007178417301160102,6.031244976547085e-05,6.485887199406017,1.0623465731061121,-0.13688602904855549
1742111962.923246,3.637591596712445e-09,2.2551309405887094e-179,0.0007178417301160102,6.031244976547085e-05,6.485887199406017,1.0623465731061121,-0.1368697271782094
1742111963.0245798,3.637591596712445e-09,2.2551309405887094e-179,0.0007178417301160102,6.031244976547085e-05,6.485887199406017,1.0623465731061121,-0.1368824974733526
1742111963.1240544,3.637591596712445e-09,2.2551309405887094e-179,0.0007178417301160102,6.031244976547085e-05,6.485887199406017,1.0623465731061121,-0.13688531379281824
1742111963.2248313,3.637591596712445e-09,2.2551309405887094e-179,0.0007178417301160102,6.031244976547085e-05,6.485887199406017,1.0623465731061121,-0.13687501709043326
1742111963.3224163,3.637591596712445e-09,2.2551309405887094e-179,0.0007178417301160102,6.031244976547085e-05,6.485887199406017,1.0623465731061121,-0.1368808881479436
1742111963.4223466,3.637591596712445e-09,2.2551309405887094e-179,0.0007178417301160102,6.031244976547085e-05,6.485887199406017,1.0623465731061121,-0.13687857846795856
1742111963.5224082,3.637591596712445e-09,2.2551309405887094e-179,0.0007178417301160102,6.031244976547085e-05,6.485887199406017,1.0623465731061121,-0.13687397400914963
1742111963.6231682,3.637591596712445e-09,2.2551309405887094e-179,0.0007178417301160102,6.031244976547085e-05,6.485887199406017,1.0623465731061121,-0.13687254349767508
1742111963.72821,3.637591596712445e-09,2.2551309405887094e-179,0.0007178417301160102,6.031244976547085e-05,6.485887199406017,1.0623465731061121,-0.13689170639097034
1742111963.8222432,3.637591596712445e-09,2.2551309405887094e-179,0.0007178417301160102,6.031244976547085e-05,6.485887199406017,1.0623465731061121,-0.13686755160867511
1742111963.9318368,3.637591596712445e-09,2.2551309405887094e-179,0.0007178417301160102,6.031244976547085e-05,6.485887199406017,1.0623465731061121,-0.13687409321843927
1742111964.023588,3.637591596712445e-09,2.2551309405887094e-179,0.0007178417301160102,6.031244976547085e-05,6.485887199406017,1.0623465731061121,-0.1368703679281407
1742111964.1234138,3.637591596712445e-09,2.2551309405887094e-179,0.0007178417301160102,6.031244976547085e-05,6.485887199406017,1.0623465731061121,-0.13686689595758264
1742111964.2223854,3.6375915902610196e-09,2.2551309484330006e-179,0.0007178417297710537,6.0312449711987485e-05,6.485887199386946,1.0623465729676824,-0.13687793771802725
1742111964.322081,3.6375915902610196e-09,2.2551309484330006e-179,0.0007178417297710537,6.0312449711987485e-05,6.485887199386946,1.0623465729676824,-0.1368649588066273
1742111964.4228406,3.6375915902610196e-09,2.2551309484330006e-179,0.0007178417297710537,6.0312449711987485e-05,6.485887199386946,1.0623465729676824,-0.13688124577581226
1742111964.535571,3.6375915902610196e-09,2.2551309484330006e-179,0.0007178417297710537,6.0312449711987485e-05,6.485887199386946,1.0623465729676824,-0.13686862449228104
1742111964.627357,3.6375915902610196e-09,2.2551309484330006e-179,0.0007178417297710537,6.0312449711987485e-05,6.485887199386946,1.0623465729676824,-0.13688027720033466
1742111964.7241464,3.6375915902610196e-09,2.2551309484330006e-179,0.0007178417297710537,6.0312449711987485e-05,6.485887199386946,1.0623465729676824,-0.13686521212636768
1742111964.8237262,3.6375915902610196e-09,2.2551309484330006e-179,0.0007178417297710537,6.0312449711987485e-05,6.485887199386946,1.0623465729676824,-0.13687048713743033
1742111964.9220808,3.6375915902610196e-09,2.2551309484330006e-179,0.0007178417297710537,6.0312449711987485e-05,6.485887199386946,1.0623465729676824,-0.1368667171436483
1742111965.0243847,3.6375915902610196e-09,2.2551309484330006e-179,0.0007178417297710537,6.0312449711987485e-05,6.485887199386946,1.0623465729676824,-0.136881305380457
1742111965.1224282,3.6375915902610196e-09,2.2551309484330006e-179,0.0007178417297710537,6.0312449711987485e-05,6.485887199386946,1.0623465729676824,-0.13687805692731683
1742111965.2241616,3.6375915902610196e-09,2.2551309484330006e-179,0.0007178417297710537,6.0312449711987485e-05,6.485887199386946,1.0623465729676824,-0.13686926524221246
1742111965.322408,3.6375915902610196e-09,2.2551309484330006e-179,0.0007178417297710537,6.0312449711987485e-05,6.485887199386946,1.0623465729676824,-0.13687945763646905
1742111965.424743,3.6375915902610196e-09,2.2551309484330006e-179,0.0007178417297710537,6.0312449711987485e-05,6.485887199386946,1.0623465729676824,-0.1368682221609289
1742111965.5307896,3.6375915902610196e-09,2.2551309484330006e-179,0.0007178417297710537,6.0312449711987485e-05,6.485887199386946,1.0623465729676824,-0.136886759205454
1742111965.629194,3.6375915902610196e-09,2.2551309484330006e-179,0.0007178417297710537,6.0312449711987485e-05,6.485887199386946,1.0623465729676824,-0.136867849631899
1742111965.724953,3.6375915902610196e-09,2.2551309484330006e-179,0.0007178417297710537,6.0312449711987485e-05,6.485887199386946,1.0623465729676824,-0.13686105470239454
1742111965.8226502,3.6375915902610196e-09,2.2551309484330006e-179,0.0007178417297710537,6.0312449711987485e-05,6.485887199386946,1.0623465729676824,-0.13688547770559137
1742111965.9237986,3.6375915902610196e-09,2.2551309484330006e-179,0.0007178417297710537,6.0312449711987485e-05,6.485887199386946,1.0623465729676824,-0.1368819312292272
1742111966.022868,3.637591599071778e-09,2.2551309377216266e-179,0.0007178417302421639,6.0312449785030104e-05,6.485887199412987,1.0623465731567396,-0.1368657038646871
1742111966.1227705,3.637591599071778e-09,2.2551309377216266e-179,0.0007178417302421639,6.0312449785030104e-05,6.485887199412987,1.0623465731567396,-0.13687312464296164
1742111966.2277868,3.637591599071778e-09,2.2551309377216266e-179,0.0007178417302421639,6.0312449785030104e-05,6.485887199412987,1.0623465731567396,-0.1368729607301885
1742111966.3226647,3.637591599071778e-09,2.2551309377216266e-179,0.0007178417302421639,6.0312449785030104e-05,6.485887199412987,1.0623465731567396,-0.13687097887574973
1742111966.4247127,3.637591599071778e-09,2.2551309377216266e-179,0.0007178417302421639,6.0312449785030104e-05,6.485887199412987,1.0623465731567396,-0.1368547217088872
1742111966.5232587,3.637591599071778e-09,2.2551309377216266e-179,0.0007178417302421639,6.0312449785030104e-05,6.485887199412987,1.0623465731567396,-0.13686323027192893
1742111966.6253211,3.637591599071778e-09,2.2551309377216266e-179,0.0007178417302421639,6.0312449785030104e-05,6.485887199412987,1.0623465731567396,-0.13685618202268426
1742111966.7220743,3.637591599071778e-09,2.2551309377216266e-179,0.0007178417302421639,6.0312449785030104e-05,6.485887199412987,1.0623465731567396,-0.1368766860204869
1742111966.8224041,3.637591599071778e-09,2.2551309377216266e-179,0.0007178417302421639,6.0312449785030104e-05,6.485887199412987,1.0623465731567396,-0.13686807314931687
1742111966.9225452,3.637591599071778e-09,2.2551309377216266e-179,0.0007178417302421639,6.0312449785030104e-05,6.485887199412987,1.0623465731567396,-0.13686038415014087
1742111967.0223947,3.637591599071778e-09,2.2551309377216266e-179,0.0007178417302421639,6.0312449785030104e-05,6.485887199412987,1.0623465731567396,-0.13686676184713184
1742111967.1259153,3.638103073463667e-09,2.24423245846255e-179,0.0007178689876592229,6.0316689841731756e-05,6.485912273830587,1.06234312287758,-0.13672670583307092
1742111967.2230053,3.638103073463667e-09,2.24423245846255e-179,0.0007178689876592229,6.0316689841731756e-05,6.485912273830587,1.06234312287758,-0.13671658794462022
1742111967.3239796,3.638614620156917e-09,2.2333865697204346e-179,0.0007178962476241944,6.032093019969865e-05,6.485937348283295,1.0623396728536139,-0.1367487595516378
1742111967.4329357,3.6381030535770617e-09,2.2442324824909687e-179,0.0007178689865959629,6.0316689676880164e-05,6.485912273771882,1.0623431224508826,-0.13668253879129233
1742111967.5230315,3.6396383493858655e-09,2.211851053037624e-179,0.0007179507975909874,6.032941529126456e-05,6.485987498529569,1.0623327825558717,-0.13658483187734427
1742111967.622429,3.6401502500575082e-09,2.201161260652413e-179,0.0007179780725231216,6.0333657688370825e-05,6.486012573491449,1.062329336234514,-0.13661305467664545
1742111967.7233994,3.640150400644167e-09,2.2011610825710734e-179,0.0007179780805721445,6.033365893631984e-05,6.486012573935087,1.0623293394641564,-0.13635545830308737
1742111967.8234184,3.6396382891854216e-09,2.211851124558541e-179,0.0007179507943729801,6.032941479233345e-05,6.485987498352253,1.0623327812645282,-0.13637992600976767
1742111967.9224143,3.640150450868923e-09,2.2011610232299404e-179,0.0007179780832567142,6.033365935254485e-05,6.486012574082926,1.0623293405414076,-0.13634356717645468
1742111968.0224216,3.6396383185006533e-09,2.2118510897523038e-179,0.0007179507959400225,6.032941503529313e-05,6.485987498438549,1.0623327818933923,-0.13640348474561514
1742111968.124146,3.6396383185006533e-09,2.2118510897523038e-179,0.0007179507959400225,6.032941503529313e-05,6.485987498438549,1.0623327818933923,-0.13636244694768726
1742111968.2225845,3.6401506399237505e-09,2.201160799990016e-179,0.0007179780933619068,6.0333660919289085e-05,6.486012574639114,1.0623293445965567,-0.13607348362981625
1742111968.3276951,3.6396381543648057e-09,2.2118512843213585e-179,0.0007179507871661564,6.032941367496294e-05,6.4859874979561045,1.0623327783719425,-0.13600127260267078
1742111968.4225562,3.640150958153306e-09,2.2011604251942092e-179,0.0007179781103716417,6.0333663556536215e-05,6.486012575573037,1.0623293514238519,-0.13562358777105157
1742111968.5224998,3.6370780312427054e-09,2.2660848868683488e-179,0.0007178143595630825,6.0308192074068225e-05,6.485862118676975,1.0623499771836071,-0.1383674428898031
1742111968.6225355,3.63856987305203e-09,2.2334426033081774e-179,0.0007178938553493614,6.032055928994715e-05,6.485937211046172,1.0623387160253386,-0.18195901672422232
1742111968.7238286,3.63856987305203e-09,2.2334426033081774e-179,0.0007178938553493614,6.032055928994715e-05,6.485937211046172,1.0623387160253386,-0.2543396833452517
1742111968.821988,3.63856987305203e-09,2.2334426033081774e-179,0.0007178938553493614,6.032055928994715e-05,6.485937211046172,1.0623387160253386,-0.28666578094541373
1742111968.9294279,3.6378955645558185e-09,2.254547424406794e-179,0.0007178579810536253,6.0314969655598917e-05,6.485888587352358,1.0623527955503356,-0.2737414105895096
1742111969.0229223,3.6386070220881683e-09,2.2333555005615535e-179,0.0007178958410615883,6.0320867219297904e-05,6.485937418696347,1.0623394530160657,-0.2597116069036657
1742111969.1226342,3.637821329772665e-09,2.254708153042438e-179,0.0007178540124818511,6.0314354259766926e-05,6.48588820667584,1.062351301499029,-0.21544188494860478
1742111969.2226417,3.638203300948382e-09,2.2440079491265433e-179,0.0007178743454976722,6.031752067971944e-05,6.485912807364398,1.0623451278903286,-0.14464051882802784
1742111969.3228867,3.638181683036763e-09,2.2440315149158742e-179,0.0007178731896618876,6.0317341478523096e-05,6.485912749413496,1.0623446604667137,-0.1074223206478292
1742111969.4258752,3.638738292538559e-09,2.233140148638041e-179,0.000717902858538677,6.0321955310969146e-05,6.485937939033212,1.0623421878359314,-0.07242578129350481
1742111969.5256426,3.6381360176356685e-09,2.2440624050659676e-179,0.0007178707479130428,6.031696293444878e-05,6.4859126704135,1.0623436465004166,-0.04289887706815543
1742111969.6221857,3.638777756867697e-09,2.233127637970167e-179,0.0007179049686627086,6.0322282424222785e-05,6.485937974844896,1.0623430838319954,-0.01740763942777455
1742111969.723758,3.638129488244923e-09,2.2440631655652157e-179,0.0007178703987504859,6.0316908808765415e-05,6.485912667520809,1.0623434963750578,-0.01757143299161731
1742111969.8266585,3.6381294882450136e-09,2.2440631655639403e-179,0.0007178703987504909,6.031690880876617e-05,6.485912667520813,1.0623434963750578,-0.01936097304403135
1742111969.9220636,3.6381294882449748e-09,2.2440631655639403e-179,0.0007178703987504888,6.031690880876584e-05,6.485912667520813,1.0623434963750569,-0.040195851131074996
1742111970.0259044,3.6381659878803284e-09,2.244041821382453e-179,0.0007178723504339457,6.031721137354021e-05,6.485912722974687,1.062344311532152,-0.10475961725293934
1742111970.1241043,3.6381659878802767e-09,2.2440418213841114e-179,0.000717872350433943,6.0317211373539784e-05,6.485912722974684,1.062344311532153,-0.1562875644403631
1742111970.2265973,3.6377492303366537e-09,2.254796848370044e-179,0.0007178501574366443,6.0313756559649425e-05,6.485887991158231,1.0623497559875639,-0.20215972001730728
1742111970.322337,3.6381322496685694e-09,2.2441145296594983e-179,0.0007178705468718233,6.031693169971902e-05,6.485912549960117,1.0623436325821372,-0.25706254878147783
1742111970.424004,3.6381692021210816e-09,2.2440111466495642e-179,0.0007178725220509255,6.031723801800843e-05,6.485912794036862,1.0623443428038537,-0.3605278642016584
1742111970.5231597,3.638127130661118e-09,2.2441501995367153e-179,0.0007178702734373541,6.0316889265454645e-05,6.485912467087653,1.0623435642280592,-0.4272567913967307
1742111970.6253235,3.7285222546910245e-09,1.5483452830854755e-179,0.0007226690432598775,6.106162669542161e-05,6.48784170622462,1.0632406988784546,-0.4226872469207247
1742111970.7224448,3.728541030833311e-09,1.5482995482117754e-179,0.0007226700350048362,6.106178044270664e-05,6.487841861639437,1.0632410301958135,-0.4516047383567292
1742111970.8250146,3.728792062704856e-09,1.5347012662552915e-179,0.0007226831732682345,6.106383596454498e-05,6.487887384387294,1.063218889673264,-0.45096480798925953
1742111970.9324083,3.728543468348546e-09,1.5482934151664077e-179,0.0007226701637509731,6.106180040212167e-05,6.48784188246753,1.063241072808356,-0.4576662327071628
1742111971.026361,3.728660735285892e-09,1.5415000425013696e-179,0.0007226762969332444,6.106276062614507e-05,6.487864573189151,1.0632298583584259,-0.46009573292936884
1742111971.1239107,3.728674074164198e-09,1.5414667952713831e-179,0.000722677001463711,6.106286984874031e-05,6.487864686608274,1.0632300918798596,-0.43958195996489124
1742111971.2226472,3.728488025269224e-09,1.5484266214547577e-179,0.0007226672352564522,6.10613464089126e-05,6.487841429694962,1.0632400907161994,-0.4127912367602785
1742111971.3236883,3.728481568490128e-09,1.548441244599622e-179,0.0007226668942007451,6.106129353764238e-05,6.487841379931103,1.0632399745293326,-0.40280370366777973
1742111971.4224267,3.728489733283491e-09,1.548422508771087e-179,0.0007226673254737164,6.106136039496247e-05,6.487841443672918,1.0632401209533393,-0.41542263281550024
1742111971.5224993,3.728865871470295e-09,1.5345274680620536e-179,0.0007226870716886087,6.106444031898021e-05,6.487887980560279,1.0632202009709375,-0.39721351814474676
1742111971.6230533,3.728462987306878e-09,1.5484824427543354e-179,0.0007226659127079547,6.106114138555615e-05,6.487841239667636,1.0632396383661322,-0.3909837151786287
1742111971.723059,3.7286738083732765e-09,1.541468715998667e-179,0.0007226769874369321,6.106286767236924e-05,6.487864680139866,1.0632300898004878,-0.3850452448150119
1742111971.8224385,3.7286738083732765e-09,1.541468715998667e-179,0.0007226769874369321,6.106286767236924e-05,6.487864680139866,1.0632300898004878,-0.35859097492899505
1742111971.9236567,3.728363013569447e-09,1.5486797822088426e-179,0.000722660631641019,6.106032274373799e-05,6.487840566029577,1.0632377800884738,-0.29575037163700657
1742111972.031132,3.728363013569447e-09,1.5486797822088426e-179,0.000722660631641019,6.106032274373799e-05,6.487840566029577,1.0632377800884738,-0.26873828050698834
1742111972.122973,3.728363013569447e-09,1.5486797822088426e-179,0.000722660631641019,6.106032274373799e-05,6.487840566029577,1.0632377800884738,-0.2909463266750772
1742111972.224559,3.72836014602705e-09,1.54868460119671e-179,0.0007226604801555424,6.106029926250813e-05,6.487840549509601,1.0632377250730545,-0.2886768425723512
1742111972.323054,3.728724876171742e-09,1.5413845498491816e-179,0.0007226796851169254,6.106328582848896e-05,6.487864970151874,1.0632310720229823,-0.2562528247853716
1742111972.4280527,3.7287248761716495e-09,1.5413845498503206e-179,0.0007226796851169203,6.10632858284882e-05,6.48786497015187,1.0632310720229823,-0.23047862387280663
1742111972.5225542,3.727127928306557e-09,1.5709984016734456e-179,0.0007225955702428214,6.105020825768374e-05,6.487766589067027,1.0632549727399887,-0.23534495149757464
1742111972.6242633,3.768815729721656e-09,5.150430370954492e-176,0.0007247806455571024,6.139068113094736e-05,6.445748072460631,1.090419677608466,-0.035812094118282914
1742111972.7237904,3.773202044713997e-09,4.9784088225337495e-176,0.0007250104681174542,6.142639534201886e-05,6.445925737057902,1.0904062288577285,0.1279357082584642
1742111972.824703,3.3235257577325186e-09,1.5723359111006242e-172,0.000700289867504457,5.76500282543948e-05,6.403552289301576,1.1069402478254577,0.1459476526513557
1742111972.9277437,3.3242959631093603e-09,1.5648889369862296e-172,0.0007003346511785055,5.765670787609504e-05,6.403577361747555,1.1069437124029058,0.129768508268879
1742111973.0236087,3.3242959631093603e-09,1.5648889369862296e-172,0.0007003346511785055,5.765670787609504e-05,6.403577361747555,1.1069437124029058,0.040741133286045034
1742111973.1232433,3.323644293381256e-09,1.5724036601905582e-172,0.000700296706096666,5.765105630759298e-05,6.403552052128621,1.1069434799517484,-0.06213997046799856
1742111973.2241774,2.922806311044433e-09,1.304160144418479e-170,0.0006762828354359658,5.4062984666446536e-05,6.3801283292643465,1.1114140383298499,-0.21158738973850597
1742111973.3243778,2.9231516805680297e-09,1.2981585218583246e-170,0.0006763039655293564,5.4066178712463394e-05,6.3801528613118865,1.1114078086037154,-0.2857839448081538
1742111973.422883,2.5702900092441956e-09,1.0656536309531362e-170,0.0006535734643992719,5.069802766621396e-05,6.381232225352575,1.0995987471925308,-0.3500285698903454
1742111973.5221438,2.5702825786301065e-09,1.0656686574152388e-170,0.0006535729286043705,5.069795438309229e-05,6.381232150692215,1.0995985483895647,-0.3668088867200269
1742111973.624272,2.5700891018964996e-09,1.0704051398097476e-170,0.0006535589609043782,5.069604621562218e-05,6.381208583350032,1.0996077793822887,-0.38925574262269885
1742111973.7232287,2.5700891018964996e-09,1.0704051398097476e-170,0.0006535589609043782,5.069604621562218e-05,6.381208583350032,1.0996077793822887,-0.39122662980684175
1742111973.8229983,2.5700891018964996e-09,1.0704051398097476e-170,0.0006535589609043782,5.069604621562218e-05,6.381208583350032,1.0996077793822887,-0.353481243444766
1742111973.9227967,2.57033724883347e-09,1.065562655649143e-170,0.0006535768706415806,5.069849355585894e-05,6.381232677303801,1.0996000261741816,-0.30139983732828046
1742111974.026048,2.5703372488334243e-09,1.0655626556498697e-170,0.0006535768706415772,5.0698493555858484e-05,6.381232677303798,1.0996000261741825,-0.2788832886947049
1742111974.1278782,2.5700579287660457e-09,1.0704582023517362e-170,0.0006535567130669228,5.06957387633916e-05,6.3812083210817665,1.0996069113243236,-0.26890670050510307
1742111974.22255,2.5700579287660457e-09,1.0704582023517362e-170,0.0006535567130669228,5.06957387633916e-05,6.3812083210817665,1.0996069113243236,-0.24985214982756515
1742111974.323681,2.5703972581234237e-09,1.0654773965567274e-170,0.0006535811974914816,5.0699085377582734e-05,6.38123310026136,1.0996017515662935,-0.18238108706303974
1742111974.4226918,2.570432223796067e-09,1.065446195633217e-170,0.0006535837185278483,5.0699430211749583e-05,6.3812332545310735,1.0996028182971669,-0.09720680405029199
1742111974.5224519,3.3748273229793715e-09,2.9993833527033247e-175,0.000703347366167675,5.809326400693433e-05,6.436517161638772,1.0868589978831562,-0.07052562354671604
1742111974.622252,3.375401038730335e-09,2.984963557430328e-175,0.0007033799078203315,5.809820168241298e-05,6.43654242081093,1.0868573838613866,-0.046102873669740065
1742111974.723391,3.3760180583289113e-09,2.970588288520067e-175,0.0007034149067254141,5.810351158345691e-05,6.436567725553392,1.0868568353606929,-0.01460386036502966
1742111974.8234122,3.3753835819971724e-09,2.984966346044277e-175,0.0007033789162613704,5.809805144750702e-05,6.4365424151056345,1.086856945263041,0.02106209875476712
1742111974.9220028,3.375410884442324e-09,2.984997418459783e-175,0.000703380467181537,5.8098286415713885e-05,6.436542361875869,1.0868576709703455,0.09830077768695714
1742111975.0293741,4.134735593793862e-09,4.265528387150041e-177,0.0007433032634643437,6.430190972120395e-05,6.4587575470310625,1.0901116335982444,0.1081752356619778
1742111975.12497,4.135653811193178e-09,4.245039290869795e-177,0.0007433483168434758,6.43090492169895e-05,6.4587826580305965,1.0901148066955861,0.13072838154744526
1742111975.222986,4.134725833304883e-09,4.265504617427366e-177,0.0007433027852889689,6.430183382536522e-05,6.458757575854442,1.0901114132778926,0.14032157031011006
1742111975.326099,4.134725833304883e-09,4.265504617427366e-177,0.0007433027852889689,6.430183382536522e-05,6.458757575854442,1.0901114132778926,0.17486785617780118
1742111975.42695,4.134697813615413e-09,4.2653902957632885e-177,0.0007433014127198579,6.430161594871012e-05,6.458757714900997,1.0901107452782308,0.22878487673711206
1742111975.5260305,4.1357764557375246e-09,4.245543935853988e-177,0.0007433543239445027,6.431000276580249e-05,6.458782041292956,1.0901177350921167,0.2882625636191311
1742111975.6224723,5.617032225677237e-09,4.25830054403225e-181,0.0008079896750437364,7.494686268068355e-05,6.506519301391576,1.0867015867661236,0.29274537239275117
1742111975.7224123,5.617032225677237e-09,4.25830054403225e-181,0.0008079896750437364,7.494686268068355e-05,6.506519301391576,1.0867015867661236,0.32259025249681617
1742111975.8224182,5.617032225677237e-09,4.25830054403225e-181,0.0008079896750437364,7.494686268068355e-05,6.506519301391576,1.0867015867661236,0.3307745066662803
1742111975.9226341,5.617032225677237e-09,4.25830054403225e-181,0.0008079896750437364,7.494686268068355e-05,6.506519301391576,1.0867015867661236,0.35673578653536003
1742111976.0224838,5.615464449390504e-09,4.2776756097227934e-181,0.0008079278411841465,7.493640269849163e-05,6.50649587570374,1.0866920019868573,0.4006949273129478
1742111976.1255805,0.00013679114443416646,4.258415346335306e-181,0.013471596784748855,0.011695774640192348,6.506519162993181,1.0867019182863047,0.3818550315876976
1742111976.2222862,0.00013679114443416646,4.258415346335306e-181,0.013471596784748855,0.011695774640192348,6.506519162993181,1.0867019182863047,0.3685996142407431
1742111976.323864,0.1802761473691282,4.258415346335306e-181,0.13527642767176082,0.4245893867834289,6.506519162993181,1.0867019182863047,0.3857361880322471
1742111976.42221,0.1802760995369686,4.2585092414056855e-181,0.13527641318720432,0.42458933045587544,6.506519049800053,1.0867021883857633,0.40887745294771344
1742111976.5217876,0.1151342816696997,4.2772325714304244e-181,0.1153251431655559,0.33931442891468633,6.506496407691801,1.0866908761897704,0.4733370748539938
1742111976.6222725,0.022208230672276102,8.706404742856119e-183,0.06552207000082835,0.14902426202560476,6.526533225389041,1.088272326547251,0.42078084583465375
1742111976.7227376,0.010554680229302916,8.706404742856119e-183,0.05147876444914829,0.10273597339443918,6.526533225389041,1.088272326547251,0.4302073800105267
1742111976.832384,0.0020712965716697053,8.706404742856119e-183,0.030940101562882315,0.045511499334450686,6.526533225389041,1.088272326547251,0.446902760221403
1742111976.9220178,0.08863134283590365,3.361105100092268e-30,0.1059777411684964,0.2977101658255956,6.526533225389041,1.088272326547251,0.5006085717219524
1742111977.0226316,0.08863134283590365,3.361105100092268e-30,0.1059777411684964,0.2977101658255956,6.526533225389041,1.088272326547251,0.53338641758148
1742111977.1250896,0.016205084262027075,3.361105100092268e-30,0.05933171754822659,0.12729919191427366,6.526533225389041,1.088272326547251,0.5382890784281902
1742111977.2231767,7.439366590925138e-05,3.361105100092268e-30,0.011491070899667033,0.008625176282792798,6.526533225389041,1.088272326547251,0.5522861563700847
1742111977.3222756,0.0059087394002965326,3.353695802361369e-30,0.04290031187524958,0.07686832507799642,6.526511720637441,1.0882589782701046,0.558734902097624
1742111977.4297493,4.04801805896232e-07,3.361145631262004e-30,0.0026207634814464286,0.0006362403680184338,6.526533142741826,1.0882724587852208,0.56881863708679
1742111977.522227,4.752370917764636e-06,3.361145631262004e-30,0.005226089391362716,0.0021799933297523264,6.526533142741826,1.0882724587852208,0.5425918185252361
1742111977.6269178,4.752370917764636e-06,3.361145631262004e-30,0.005226089391362716,0.0021799933297523264,6.526533142741826,1.0882724587852208,0.512174555017393
1742111977.7233846,2.634696928698967e-08,3.361145631262004e-30,0.0012326795184956585,0.00016231749532009688,6.526533142741826,1.0882724587852208,0.4454303466815167
1742111977.8222587,2.6338247929456142e-08,3.354618316885718e-30,0.0012325674508105698,0.0001622906279778846,6.526510137364891,1.0882619049481828,0.4147914134997539
1742111977.9220786,1.0159375953901422e-05,3.361200356907874e-30,0.0064847484753906065,0.003187377598261841,6.526533098452568,1.0882726173934012,0.35017753477279473
1742111978.0231612,5.140703204074581e-09,2.7825746307541147e-83,0.0007888484298995945,7.169869736665081e-05,6.526533098452568,1.0882726173934012,0.27602417106811333
1742111978.1330357,5.601518998733399e-06,2.7825746307541147e-83,0.005476039133751061,0.0023667528385392083,6.526533098452568,1.0882726173934012,0.22042615051452447
1742111978.226885,5.027028443386319e-09,2.7825746307541147e-83,0.000783723580499999,7.090154048669407e-05,6.526533098452568,1.0882726173934012,0.20950127477828792
